solid ASCII
  facet normal -1.511793e-16 1.000000e+00 0.000000e+00
    outer loop
      vertex   -2.350000e+01 1.650000e+01 4.100000e+02
      vertex   -2.350000e+01 1.650000e+01 4.250000e+02
      vertex   2.350000e+01 1.650000e+01 4.100000e+02
    endloop
  endfacet
  facet normal -1.511793e-16 1.000000e+00 0.000000e+00
    outer loop
      vertex   2.350000e+01 1.650000e+01 4.100000e+02
      vertex   -2.350000e+01 1.650000e+01 4.250000e+02
      vertex   2.350000e+01 1.650000e+01 4.250000e+02
    endloop
  endfacet
  facet normal -0.000000e+00 0.000000e+00 1.000000e+00
    outer loop
      vertex   2.350000e+01 4.800000e+01 4.250000e+02
      vertex   2.350000e+01 1.650000e+01 4.250000e+02
      vertex   2.500000e+01 4.800000e+01 4.250000e+02
    endloop
  endfacet
  facet normal 0.000000e+00 0.000000e+00 1.000000e+00
    outer loop
      vertex   2.500000e+01 4.800000e+01 4.250000e+02
      vertex   2.350000e+01 1.650000e+01 4.250000e+02
      vertex   2.500000e+01 1.500000e+01 4.250000e+02
    endloop
  endfacet
  facet normal 0.000000e+00 0.000000e+00 1.000000e+00
    outer loop
      vertex   2.500000e+01 1.500000e+01 4.250000e+02
      vertex   2.350000e+01 1.650000e+01 4.250000e+02
      vertex   -2.350000e+01 1.650000e+01 4.250000e+02
    endloop
  endfacet
  facet normal 0.000000e+00 0.000000e+00 1.000000e+00
    outer loop
      vertex   2.500000e+01 1.500000e+01 4.250000e+02
      vertex   -2.350000e+01 1.650000e+01 4.250000e+02
      vertex   -2.500000e+01 1.500000e+01 4.250000e+02
    endloop
  endfacet
  facet normal 0.000000e+00 0.000000e+00 1.000000e+00
    outer loop
      vertex   -2.500000e+01 1.500000e+01 4.250000e+02
      vertex   -2.350000e+01 1.650000e+01 4.250000e+02
      vertex   -2.500000e+01 8.800000e+01 4.250000e+02
    endloop
  endfacet
  facet normal -0.000000e+00 0.000000e+00 1.000000e+00
    outer loop
      vertex   -2.500000e+01 8.800000e+01 4.250000e+02
      vertex   -2.350000e+01 1.650000e+01 4.250000e+02
      vertex   -2.350000e+01 8.800000e+01 4.250000e+02
    endloop
  endfacet
  facet normal 0.000000e+00 1.000000e+00 0.000000e+00
    outer loop
      vertex   2.300000e+01 1.004583e+02 4.100000e+02
      vertex   2.300000e+01 1.004583e+02 4.160000e+02
      vertex   2.350000e+01 1.004583e+02 4.100000e+02
    endloop
  endfacet
  facet normal 0.000000e+00 1.000000e+00 -0.000000e+00
    outer loop
      vertex   2.350000e+01 1.004583e+02 4.100000e+02
      vertex   2.300000e+01 1.004583e+02 4.160000e+02
      vertex   2.350000e+01 1.004583e+02 4.160000e+02
    endloop
  endfacet
  facet normal 0.000000e+00 -1.000000e+00 0.000000e+00
    outer loop
      vertex   2.300000e+01 9.948174e+01 4.160000e+02
      vertex   2.300000e+01 9.948174e+01 4.100000e+02
      vertex   2.350000e+01 9.948174e+01 4.160000e+02
    endloop
  endfacet
  facet normal 0.000000e+00 -1.000000e+00 -0.000000e+00
    outer loop
      vertex   2.350000e+01 9.948174e+01 4.160000e+02
      vertex   2.300000e+01 9.948174e+01 4.100000e+02
      vertex   2.350000e+01 9.948174e+01 4.100000e+02
    endloop
  endfacet
  facet normal -1.000000e+00 -0.000000e+00 -0.000000e+00
    outer loop
      vertex   2.350000e+01 4.800000e+01 4.250000e+02
      vertex   2.350000e+01 4.800000e+01 4.160000e+02
      vertex   2.350000e+01 1.650000e+01 4.250000e+02
    endloop
  endfacet
  facet normal -1.000000e+00 0.000000e+00 0.000000e+00
    outer loop
      vertex   2.350000e+01 1.650000e+01 4.250000e+02
      vertex   2.350000e+01 4.800000e+01 4.160000e+02
      vertex   2.350000e+01 1.650000e+01 4.100000e+02
    endloop
  endfacet
  facet normal -1.000000e+00 0.000000e+00 0.000000e+00
    outer loop
      vertex   2.350000e+01 1.650000e+01 4.100000e+02
      vertex   2.350000e+01 4.800000e+01 4.160000e+02
      vertex   2.350000e+01 5.800000e+01 4.160000e+02
    endloop
  endfacet
  facet normal -1.000000e+00 0.000000e+00 0.000000e+00
    outer loop
      vertex   2.350000e+01 1.650000e+01 4.100000e+02
      vertex   2.350000e+01 5.800000e+01 4.160000e+02
      vertex   2.350000e+01 9.948174e+01 4.100000e+02
    endloop
  endfacet
  facet normal -1.000000e+00 0.000000e+00 0.000000e+00
    outer loop
      vertex   2.350000e+01 9.948174e+01 4.100000e+02
      vertex   2.350000e+01 5.800000e+01 4.160000e+02
      vertex   2.350000e+01 8.800000e+01 4.160000e+02
    endloop
  endfacet
  facet normal -1.000000e+00 0.000000e+00 0.000000e+00
    outer loop
      vertex   2.350000e+01 9.948174e+01 4.100000e+02
      vertex   2.350000e+01 8.800000e+01 4.160000e+02
      vertex   2.350000e+01 9.500000e+01 4.160000e+02
    endloop
  endfacet
  facet normal -1.000000e+00 0.000000e+00 0.000000e+00
    outer loop
      vertex   2.350000e+01 5.800000e+01 4.250000e+02
      vertex   2.350000e+01 8.800000e+01 4.250000e+02
      vertex   2.350000e+01 5.800000e+01 4.160000e+02
    endloop
  endfacet
  facet normal -1.000000e+00 0.000000e+00 0.000000e+00
    outer loop
      vertex   2.350000e+01 5.800000e+01 4.160000e+02
      vertex   2.350000e+01 8.800000e+01 4.250000e+02
      vertex   2.350000e+01 8.800000e+01 4.160000e+02
    endloop
  endfacet
  facet normal -1.000000e+00 0.000000e+00 0.000000e+00
    outer loop
      vertex   2.350000e+01 9.948174e+01 4.100000e+02
      vertex   2.350000e+01 9.500000e+01 4.160000e+02
      vertex   2.350000e+01 9.948174e+01 4.160000e+02
    endloop
  endfacet
  facet normal -1.000000e+00 0.000000e+00 0.000000e+00
    outer loop
      vertex   2.350000e+01 9.948174e+01 4.160000e+02
      vertex   2.350000e+01 9.500000e+01 4.160000e+02
      vertex   2.350000e+01 9.500000e+01 4.250000e+02
    endloop
  endfacet
  facet normal -1.000000e+00 0.000000e+00 0.000000e+00
    outer loop
      vertex   2.350000e+01 9.948174e+01 4.160000e+02
      vertex   2.350000e+01 9.500000e+01 4.250000e+02
      vertex   2.350000e+01 1.035000e+02 4.250000e+02
    endloop
  endfacet
  facet normal -1.000000e+00 0.000000e+00 0.000000e+00
    outer loop
      vertex   2.350000e+01 9.948174e+01 4.160000e+02
      vertex   2.350000e+01 1.035000e+02 4.250000e+02
      vertex   2.350000e+01 1.004583e+02 4.160000e+02
    endloop
  endfacet
  facet normal -1.000000e+00 0.000000e+00 0.000000e+00
    outer loop
      vertex   2.350000e+01 1.004583e+02 4.160000e+02
      vertex   2.350000e+01 1.035000e+02 4.250000e+02
      vertex   2.350000e+01 1.035000e+02 4.100000e+02
    endloop
  endfacet
  facet normal -1.000000e+00 0.000000e+00 0.000000e+00
    outer loop
      vertex   2.350000e+01 1.004583e+02 4.160000e+02
      vertex   2.350000e+01 1.035000e+02 4.100000e+02
      vertex   2.350000e+01 1.004583e+02 4.100000e+02
    endloop
  endfacet
  facet normal 0.000000e+00 0.000000e+00 1.000000e+00
    outer loop
      vertex   1.400000e+01 1.035000e+02 4.250000e+02
      vertex   2.350000e+01 1.035000e+02 4.250000e+02
      vertex   1.400000e+01 1.050000e+02 4.250000e+02
    endloop
  endfacet
  facet normal -0.000000e+00 0.000000e+00 1.000000e+00
    outer loop
      vertex   1.400000e+01 1.050000e+02 4.250000e+02
      vertex   2.350000e+01 1.035000e+02 4.250000e+02
      vertex   2.500000e+01 1.050000e+02 4.250000e+02
    endloop
  endfacet
  facet normal 0.000000e+00 0.000000e+00 1.000000e+00
    outer loop
      vertex   2.500000e+01 1.050000e+02 4.250000e+02
      vertex   2.350000e+01 1.035000e+02 4.250000e+02
      vertex   2.500000e+01 9.500000e+01 4.250000e+02
    endloop
  endfacet
  facet normal 0.000000e+00 0.000000e+00 1.000000e+00
    outer loop
      vertex   2.500000e+01 9.500000e+01 4.250000e+02
      vertex   2.350000e+01 1.035000e+02 4.250000e+02
      vertex   2.350000e+01 9.500000e+01 4.250000e+02
    endloop
  endfacet
  facet normal 0.000000e+00 -1.000000e+00 0.000000e+00
    outer loop
      vertex   2.350000e+01 9.500000e+01 4.250000e+02
      vertex   2.350000e+01 9.500000e+01 4.160000e+02
      vertex   2.500000e+01 9.500000e+01 4.250000e+02
    endloop
  endfacet
  facet normal 0.000000e+00 -1.000000e+00 -0.000000e+00
    outer loop
      vertex   2.500000e+01 9.500000e+01 4.250000e+02
      vertex   2.350000e+01 9.500000e+01 4.160000e+02
      vertex   2.500000e+01 9.500000e+01 4.160000e+02
    endloop
  endfacet
  facet normal 0.000000e+00 0.000000e+00 1.000000e+00
    outer loop
      vertex   2.350000e+01 8.800000e+01 4.160000e+02
      vertex   2.500000e+01 8.800000e+01 4.160000e+02
      vertex   2.350000e+01 9.500000e+01 4.160000e+02
    endloop
  endfacet
  facet normal -0.000000e+00 0.000000e+00 1.000000e+00
    outer loop
      vertex   2.350000e+01 9.500000e+01 4.160000e+02
      vertex   2.500000e+01 8.800000e+01 4.160000e+02
      vertex   2.500000e+01 9.500000e+01 4.160000e+02
    endloop
  endfacet
  facet normal 0.000000e+00 1.000000e+00 0.000000e+00
    outer loop
      vertex   2.350000e+01 8.800000e+01 4.160000e+02
      vertex   2.350000e+01 8.800000e+01 4.250000e+02
      vertex   2.500000e+01 8.800000e+01 4.160000e+02
    endloop
  endfacet
  facet normal 0.000000e+00 1.000000e+00 -0.000000e+00
    outer loop
      vertex   2.500000e+01 8.800000e+01 4.160000e+02
      vertex   2.350000e+01 8.800000e+01 4.250000e+02
      vertex   2.500000e+01 8.800000e+01 4.250000e+02
    endloop
  endfacet
  facet normal 0.000000e+00 0.000000e+00 1.000000e+00
    outer loop
      vertex   2.350000e+01 5.800000e+01 4.250000e+02
      vertex   2.500000e+01 5.800000e+01 4.250000e+02
      vertex   2.350000e+01 8.800000e+01 4.250000e+02
    endloop
  endfacet
  facet normal -0.000000e+00 0.000000e+00 1.000000e+00
    outer loop
      vertex   2.350000e+01 8.800000e+01 4.250000e+02
      vertex   2.500000e+01 5.800000e+01 4.250000e+02
      vertex   2.500000e+01 8.800000e+01 4.250000e+02
    endloop
  endfacet
  facet normal 0.000000e+00 -1.000000e+00 0.000000e+00
    outer loop
      vertex   2.350000e+01 5.800000e+01 4.250000e+02
      vertex   2.350000e+01 5.800000e+01 4.160000e+02
      vertex   2.500000e+01 5.800000e+01 4.250000e+02
    endloop
  endfacet
  facet normal 0.000000e+00 -1.000000e+00 -0.000000e+00
    outer loop
      vertex   2.500000e+01 5.800000e+01 4.250000e+02
      vertex   2.350000e+01 5.800000e+01 4.160000e+02
      vertex   2.500000e+01 5.800000e+01 4.160000e+02
    endloop
  endfacet
  facet normal 0.000000e+00 0.000000e+00 1.000000e+00
    outer loop
      vertex   2.350000e+01 4.800000e+01 4.160000e+02
      vertex   2.500000e+01 4.800000e+01 4.160000e+02
      vertex   2.350000e+01 5.800000e+01 4.160000e+02
    endloop
  endfacet
  facet normal -0.000000e+00 0.000000e+00 1.000000e+00
    outer loop
      vertex   2.350000e+01 5.800000e+01 4.160000e+02
      vertex   2.500000e+01 4.800000e+01 4.160000e+02
      vertex   2.500000e+01 5.800000e+01 4.160000e+02
    endloop
  endfacet
  facet normal 0.000000e+00 1.000000e+00 0.000000e+00
    outer loop
      vertex   2.350000e+01 4.800000e+01 4.160000e+02
      vertex   2.350000e+01 4.800000e+01 4.250000e+02
      vertex   2.500000e+01 4.800000e+01 4.160000e+02
    endloop
  endfacet
  facet normal 0.000000e+00 1.000000e+00 -0.000000e+00
    outer loop
      vertex   2.500000e+01 4.800000e+01 4.160000e+02
      vertex   2.350000e+01 4.800000e+01 4.250000e+02
      vertex   2.500000e+01 4.800000e+01 4.250000e+02
    endloop
  endfacet
  facet normal -1.000000e+00 7.105427e-15 0.000000e+00
    outer loop
      vertex   -2.057545e+01 1.030000e+02 4.100000e+02
      vertex   -2.057545e+01 1.030000e+02 4.160000e+02
      vertex   -2.057545e+01 1.035000e+02 4.100000e+02
    endloop
  endfacet
  facet normal -1.000000e+00 7.105427e-15 0.000000e+00
    outer loop
      vertex   -2.057545e+01 1.035000e+02 4.100000e+02
      vertex   -2.057545e+01 1.030000e+02 4.160000e+02
      vertex   -2.057545e+01 1.035000e+02 4.160000e+02
    endloop
  endfacet
  facet normal 1.000000e+00 -0.000000e+00 0.000000e+00
    outer loop
      vertex   -1.948455e+01 1.030000e+02 4.160000e+02
      vertex   -1.948455e+01 1.030000e+02 4.100000e+02
      vertex   -1.948455e+01 1.035000e+02 4.160000e+02
    endloop
  endfacet
  facet normal 1.000000e+00 0.000000e+00 0.000000e+00
    outer loop
      vertex   -1.948455e+01 1.035000e+02 4.160000e+02
      vertex   -1.948455e+01 1.030000e+02 4.100000e+02
      vertex   -1.948455e+01 1.035000e+02 4.100000e+02
    endloop
  endfacet
  facet normal 0.000000e+00 -1.000000e+00 0.000000e+00
    outer loop
      vertex   1.400000e+01 1.035000e+02 4.250000e+02
      vertex   1.400000e+01 1.035000e+02 4.160000e+02
      vertex   2.350000e+01 1.035000e+02 4.250000e+02
    endloop
  endfacet
  facet normal 0.000000e+00 -1.000000e+00 -0.000000e+00
    outer loop
      vertex   2.350000e+01 1.035000e+02 4.250000e+02
      vertex   1.400000e+01 1.035000e+02 4.160000e+02
      vertex   2.350000e+01 1.035000e+02 4.100000e+02
    endloop
  endfacet
  facet normal 0.000000e+00 -1.000000e+00 0.000000e+00
    outer loop
      vertex   2.350000e+01 1.035000e+02 4.100000e+02
      vertex   1.400000e+01 1.035000e+02 4.160000e+02
      vertex   -1.948455e+01 1.035000e+02 4.100000e+02
    endloop
  endfacet
  facet normal 0.000000e+00 -1.000000e+00 0.000000e+00
    outer loop
      vertex   -1.948455e+01 1.035000e+02 4.100000e+02
      vertex   1.400000e+01 1.035000e+02 4.160000e+02
      vertex   -1.100000e+01 1.035000e+02 4.160000e+02
    endloop
  endfacet
  facet normal 0.000000e+00 -1.000000e+00 0.000000e+00
    outer loop
      vertex   -1.948455e+01 1.035000e+02 4.100000e+02
      vertex   -1.100000e+01 1.035000e+02 4.160000e+02
      vertex   -1.948455e+01 1.035000e+02 4.160000e+02
    endloop
  endfacet
  facet normal 0.000000e+00 -1.000000e+00 0.000000e+00
    outer loop
      vertex   -1.948455e+01 1.035000e+02 4.160000e+02
      vertex   -1.100000e+01 1.035000e+02 4.160000e+02
      vertex   -1.100000e+01 1.035000e+02 4.250000e+02
    endloop
  endfacet
  facet normal 0.000000e+00 -1.000000e+00 0.000000e+00
    outer loop
      vertex   -1.948455e+01 1.035000e+02 4.160000e+02
      vertex   -1.100000e+01 1.035000e+02 4.250000e+02
      vertex   -2.350000e+01 1.035000e+02 4.250000e+02
    endloop
  endfacet
  facet normal 0.000000e+00 -1.000000e+00 0.000000e+00
    outer loop
      vertex   -1.948455e+01 1.035000e+02 4.160000e+02
      vertex   -2.350000e+01 1.035000e+02 4.250000e+02
      vertex   -2.057545e+01 1.035000e+02 4.160000e+02
    endloop
  endfacet
  facet normal -0.000000e+00 -1.000000e+00 0.000000e+00
    outer loop
      vertex   -2.057545e+01 1.035000e+02 4.160000e+02
      vertex   -2.350000e+01 1.035000e+02 4.250000e+02
      vertex   -2.350000e+01 1.035000e+02 4.100000e+02
    endloop
  endfacet
  facet normal 0.000000e+00 -1.000000e+00 -0.000000e+00
    outer loop
      vertex   -2.057545e+01 1.035000e+02 4.160000e+02
      vertex   -2.350000e+01 1.035000e+02 4.100000e+02
      vertex   -2.057545e+01 1.035000e+02 4.100000e+02
    endloop
  endfacet
  facet normal 0.000000e+00 -0.000000e+00 1.000000e+00
    outer loop
      vertex   -2.350000e+01 9.500000e+01 4.250000e+02
      vertex   -2.350000e+01 1.035000e+02 4.250000e+02
      vertex   -2.500000e+01 9.500000e+01 4.250000e+02
    endloop
  endfacet
  facet normal 0.000000e+00 0.000000e+00 1.000000e+00
    outer loop
      vertex   -2.500000e+01 9.500000e+01 4.250000e+02
      vertex   -2.350000e+01 1.035000e+02 4.250000e+02
      vertex   -2.500000e+01 1.050000e+02 4.250000e+02
    endloop
  endfacet
  facet normal -0.000000e+00 0.000000e+00 1.000000e+00
    outer loop
      vertex   -2.500000e+01 1.050000e+02 4.250000e+02
      vertex   -2.350000e+01 1.035000e+02 4.250000e+02
      vertex   -1.100000e+01 1.050000e+02 4.250000e+02
    endloop
  endfacet
  facet normal 0.000000e+00 0.000000e+00 1.000000e+00
    outer loop
      vertex   -1.100000e+01 1.050000e+02 4.250000e+02
      vertex   -2.350000e+01 1.035000e+02 4.250000e+02
      vertex   -1.100000e+01 1.035000e+02 4.250000e+02
    endloop
  endfacet
  facet normal 1.000000e+00 -0.000000e+00 0.000000e+00
    outer loop
      vertex   -1.100000e+01 1.035000e+02 4.250000e+02
      vertex   -1.100000e+01 1.035000e+02 4.160000e+02
      vertex   -1.100000e+01 1.050000e+02 4.250000e+02
    endloop
  endfacet
  facet normal 1.000000e+00 0.000000e+00 0.000000e+00
    outer loop
      vertex   -1.100000e+01 1.050000e+02 4.250000e+02
      vertex   -1.100000e+01 1.035000e+02 4.160000e+02
      vertex   -1.100000e+01 1.050000e+02 4.160000e+02
    endloop
  endfacet
  facet normal 0.000000e+00 0.000000e+00 1.000000e+00
    outer loop
      vertex   -1.100000e+01 1.035000e+02 4.160000e+02
      vertex   1.400000e+01 1.035000e+02 4.160000e+02
      vertex   -1.100000e+01 1.050000e+02 4.160000e+02
    endloop
  endfacet
  facet normal -0.000000e+00 0.000000e+00 1.000000e+00
    outer loop
      vertex   -1.100000e+01 1.050000e+02 4.160000e+02
      vertex   1.400000e+01 1.035000e+02 4.160000e+02
      vertex   1.400000e+01 1.050000e+02 4.160000e+02
    endloop
  endfacet
  facet normal -1.000000e+00 0.000000e+00 0.000000e+00
    outer loop
      vertex   1.400000e+01 1.035000e+02 4.160000e+02
      vertex   1.400000e+01 1.035000e+02 4.250000e+02
      vertex   1.400000e+01 1.050000e+02 4.160000e+02
    endloop
  endfacet
  facet normal -1.000000e+00 0.000000e+00 0.000000e+00
    outer loop
      vertex   1.400000e+01 1.050000e+02 4.160000e+02
      vertex   1.400000e+01 1.035000e+02 4.250000e+02
      vertex   1.400000e+01 1.050000e+02 4.250000e+02
    endloop
  endfacet
  facet normal 0.000000e+00 -1.000000e+00 0.000000e+00
    outer loop
      vertex   -2.300000e+01 9.962680e+01 4.100000e+02
      vertex   -2.300000e+01 9.962680e+01 4.160000e+02
      vertex   -2.350000e+01 9.962680e+01 4.100000e+02
    endloop
  endfacet
  facet normal 0.000000e+00 -1.000000e+00 0.000000e+00
    outer loop
      vertex   -2.350000e+01 9.962680e+01 4.100000e+02
      vertex   -2.300000e+01 9.962680e+01 4.160000e+02
      vertex   -2.350000e+01 9.962680e+01 4.160000e+02
    endloop
  endfacet
  facet normal 0.000000e+00 1.000000e+00 0.000000e+00
    outer loop
      vertex   -2.300000e+01 1.004732e+02 4.160000e+02
      vertex   -2.300000e+01 1.004732e+02 4.100000e+02
      vertex   -2.350000e+01 1.004732e+02 4.160000e+02
    endloop
  endfacet
  facet normal 0.000000e+00 1.000000e+00 0.000000e+00
    outer loop
      vertex   -2.350000e+01 1.004732e+02 4.160000e+02
      vertex   -2.300000e+01 1.004732e+02 4.100000e+02
      vertex   -2.350000e+01 1.004732e+02 4.100000e+02
    endloop
  endfacet
  facet normal 1.000000e+00 0.000000e+00 0.000000e+00
    outer loop
      vertex   -2.350000e+01 8.800000e+01 4.250000e+02
      vertex   -2.350000e+01 1.650000e+01 4.250000e+02
      vertex   -2.350000e+01 8.800000e+01 4.160000e+02
    endloop
  endfacet
  facet normal 1.000000e+00 0.000000e+00 0.000000e+00
    outer loop
      vertex   -2.350000e+01 8.800000e+01 4.160000e+02
      vertex   -2.350000e+01 1.650000e+01 4.250000e+02
      vertex   -2.350000e+01 1.650000e+01 4.100000e+02
    endloop
  endfacet
  facet normal 1.000000e+00 0.000000e+00 0.000000e+00
    outer loop
      vertex   -2.350000e+01 8.800000e+01 4.160000e+02
      vertex   -2.350000e+01 1.650000e+01 4.100000e+02
      vertex   -2.350000e+01 9.962680e+01 4.100000e+02
    endloop
  endfacet
  facet normal 1.000000e+00 -0.000000e+00 0.000000e+00
    outer loop
      vertex   -2.350000e+01 8.800000e+01 4.160000e+02
      vertex   -2.350000e+01 9.962680e+01 4.100000e+02
      vertex   -2.350000e+01 9.500000e+01 4.160000e+02
    endloop
  endfacet
  facet normal 1.000000e+00 -0.000000e+00 0.000000e+00
    outer loop
      vertex   -2.350000e+01 9.500000e+01 4.160000e+02
      vertex   -2.350000e+01 9.962680e+01 4.100000e+02
      vertex   -2.350000e+01 9.962680e+01 4.160000e+02
    endloop
  endfacet
  facet normal 1.000000e+00 0.000000e+00 0.000000e+00
    outer loop
      vertex   -2.350000e+01 9.500000e+01 4.160000e+02
      vertex   -2.350000e+01 9.962680e+01 4.160000e+02
      vertex   -2.350000e+01 9.500000e+01 4.250000e+02
    endloop
  endfacet
  facet normal 1.000000e+00 -0.000000e+00 0.000000e+00
    outer loop
      vertex   -2.350000e+01 9.500000e+01 4.250000e+02
      vertex   -2.350000e+01 9.962680e+01 4.160000e+02
      vertex   -2.350000e+01 1.035000e+02 4.250000e+02
    endloop
  endfacet
  facet normal 1.000000e+00 0.000000e+00 0.000000e+00
    outer loop
      vertex   -2.350000e+01 1.035000e+02 4.250000e+02
      vertex   -2.350000e+01 9.962680e+01 4.160000e+02
      vertex   -2.350000e+01 1.004732e+02 4.160000e+02
    endloop
  endfacet
  facet normal 1.000000e+00 0.000000e+00 0.000000e+00
    outer loop
      vertex   -2.350000e+01 1.035000e+02 4.250000e+02
      vertex   -2.350000e+01 1.004732e+02 4.160000e+02
      vertex   -2.350000e+01 1.035000e+02 4.100000e+02
    endloop
  endfacet
  facet normal 1.000000e+00 0.000000e+00 0.000000e+00
    outer loop
      vertex   -2.350000e+01 1.035000e+02 4.100000e+02
      vertex   -2.350000e+01 1.004732e+02 4.160000e+02
      vertex   -2.350000e+01 1.004732e+02 4.100000e+02
    endloop
  endfacet
  facet normal 0.000000e+00 1.000000e+00 0.000000e+00
    outer loop
      vertex   -2.350000e+01 8.800000e+01 4.250000e+02
      vertex   -2.350000e+01 8.800000e+01 4.160000e+02
      vertex   -2.500000e+01 8.800000e+01 4.250000e+02
    endloop
  endfacet
  facet normal 0.000000e+00 1.000000e+00 0.000000e+00
    outer loop
      vertex   -2.500000e+01 8.800000e+01 4.250000e+02
      vertex   -2.350000e+01 8.800000e+01 4.160000e+02
      vertex   -2.500000e+01 8.800000e+01 4.160000e+02
    endloop
  endfacet
  facet normal 0.000000e+00 0.000000e+00 1.000000e+00
    outer loop
      vertex   -2.350000e+01 9.500000e+01 4.160000e+02
      vertex   -2.500000e+01 9.500000e+01 4.160000e+02
      vertex   -2.350000e+01 8.800000e+01 4.160000e+02
    endloop
  endfacet
  facet normal 0.000000e+00 0.000000e+00 1.000000e+00
    outer loop
      vertex   -2.350000e+01 8.800000e+01 4.160000e+02
      vertex   -2.500000e+01 9.500000e+01 4.160000e+02
      vertex   -2.500000e+01 8.800000e+01 4.160000e+02
    endloop
  endfacet
  facet normal 9.914449e-01 1.305262e-01 0.000000e+00
    outer loop
      vertex   -1.207407e+00 2.167648e+01 4.100000e+02
      vertex   -1.207407e+00 2.167648e+01 4.060000e+02
      vertex   -1.250000e+00 2.200000e+01 4.100000e+02
    endloop
  endfacet
  facet normal 9.914449e-01 1.305262e-01 0.000000e+00
    outer loop
      vertex   -1.250000e+00 2.200000e+01 4.100000e+02
      vertex   -1.207407e+00 2.167648e+01 4.060000e+02
      vertex   -1.250000e+00 2.200000e+01 4.060000e+02
    endloop
  endfacet
  facet normal 9.914449e-01 -1.305262e-01 0.000000e+00
    outer loop
      vertex   -1.250000e+00 2.200000e+01 4.100000e+02
      vertex   -1.250000e+00 2.200000e+01 4.060000e+02
      vertex   -1.207407e+00 2.232352e+01 4.100000e+02
    endloop
  endfacet
  facet normal 9.914449e-01 -1.305262e-01 0.000000e+00
    outer loop
      vertex   -1.207407e+00 2.232352e+01 4.100000e+02
      vertex   -1.250000e+00 2.200000e+01 4.060000e+02
      vertex   -1.207407e+00 2.232352e+01 4.060000e+02
    endloop
  endfacet
  facet normal 9.238795e-01 -3.826834e-01 0.000000e+00
    outer loop
      vertex   -1.207407e+00 2.232352e+01 4.100000e+02
      vertex   -1.207407e+00 2.232352e+01 4.060000e+02
      vertex   -1.082532e+00 2.262500e+01 4.100000e+02
    endloop
  endfacet
  facet normal 9.238795e-01 -3.826834e-01 5.128562e-17
    outer loop
      vertex   -1.082532e+00 2.262500e+01 4.100000e+02
      vertex   -1.207407e+00 2.232352e+01 4.060000e+02
      vertex   -1.082532e+00 2.262500e+01 4.060000e+02
    endloop
  endfacet
  facet normal 7.933533e-01 -6.087614e-01 4.403996e-17
    outer loop
      vertex   -1.082532e+00 2.262500e+01 4.100000e+02
      vertex   -1.082532e+00 2.262500e+01 4.060000e+02
      vertex   -8.838835e-01 2.288388e+01 4.100000e+02
    endloop
  endfacet
  facet normal 7.933533e-01 -6.087614e-01 0.000000e+00
    outer loop
      vertex   -8.838835e-01 2.288388e+01 4.100000e+02
      vertex   -1.082532e+00 2.262500e+01 4.060000e+02
      vertex   -8.838835e-01 2.288388e+01 4.060000e+02
    endloop
  endfacet
  facet normal 6.087614e-01 -7.933533e-01 0.000000e+00
    outer loop
      vertex   -8.838835e-01 2.288388e+01 4.100000e+02
      vertex   -8.838835e-01 2.288388e+01 4.060000e+02
      vertex   -6.250000e-01 2.308253e+01 4.100000e+02
    endloop
  endfacet
  facet normal 6.087614e-01 -7.933533e-01 -1.274106e-15
    outer loop
      vertex   -6.250000e-01 2.308253e+01 4.100000e+02
      vertex   -8.838835e-01 2.288388e+01 4.060000e+02
      vertex   -6.250000e-01 2.308253e+01 4.060000e+02
    endloop
  endfacet
  facet normal 3.826834e-01 -9.238795e-01 -1.556167e-15
    outer loop
      vertex   -6.250000e-01 2.308253e+01 4.100000e+02
      vertex   -6.250000e-01 2.308253e+01 4.060000e+02
      vertex   -3.235238e-01 2.320741e+01 4.100000e+02
    endloop
  endfacet
  facet normal 3.826834e-01 -9.238795e-01 5.310799e-17
    outer loop
      vertex   -3.235238e-01 2.320741e+01 4.100000e+02
      vertex   -6.250000e-01 2.308253e+01 4.060000e+02
      vertex   -3.235238e-01 2.320741e+01 4.060000e+02
    endloop
  endfacet
  facet normal 1.305262e-01 -9.914449e-01 1.811415e-17
    outer loop
      vertex   -3.235238e-01 2.320741e+01 4.100000e+02
      vertex   -3.235238e-01 2.320741e+01 4.060000e+02
      vertex   7.654042e-17 2.325000e+01 4.100000e+02
    endloop
  endfacet
  facet normal 1.305262e-01 -9.914449e-01 0.000000e+00
    outer loop
      vertex   7.654042e-17 2.325000e+01 4.100000e+02
      vertex   -3.235238e-01 2.320741e+01 4.060000e+02
      vertex   7.654042e-17 2.325000e+01 4.060000e+02
    endloop
  endfacet
  facet normal -1.305262e-01 -9.914449e-01 -0.000000e+00
    outer loop
      vertex   7.654042e-17 2.325000e+01 4.100000e+02
      vertex   7.654042e-17 2.325000e+01 4.060000e+02
      vertex   3.235238e-01 2.320741e+01 4.100000e+02
    endloop
  endfacet
  facet normal -1.305262e-01 -9.914449e-01 -2.717122e-17
    outer loop
      vertex   3.235238e-01 2.320741e+01 4.100000e+02
      vertex   7.654042e-17 2.325000e+01 4.060000e+02
      vertex   3.235238e-01 2.320741e+01 4.060000e+02
    endloop
  endfacet
  facet normal -3.826834e-01 -9.238795e-01 -7.966199e-17
    outer loop
      vertex   3.235238e-01 2.320741e+01 4.100000e+02
      vertex   3.235238e-01 2.320741e+01 4.060000e+02
      vertex   6.250000e-01 2.308253e+01 4.100000e+02
    endloop
  endfacet
  facet normal -3.826834e-01 -9.238795e-01 1.577410e-15
    outer loop
      vertex   6.250000e-01 2.308253e+01 4.100000e+02
      vertex   3.235238e-01 2.320741e+01 4.060000e+02
      vertex   6.250000e-01 2.308253e+01 4.060000e+02
    endloop
  endfacet
  facet normal -6.087614e-01 -7.933533e-01 1.307899e-15
    outer loop
      vertex   6.250000e-01 2.308253e+01 4.100000e+02
      vertex   6.250000e-01 2.308253e+01 4.060000e+02
      vertex   8.838835e-01 2.288388e+01 4.100000e+02
    endloop
  endfacet
  facet normal -6.087614e-01 -7.933533e-01 -5.068957e-17
    outer loop
      vertex   8.838835e-01 2.288388e+01 4.100000e+02
      vertex   6.250000e-01 2.308253e+01 4.060000e+02
      vertex   8.838835e-01 2.288388e+01 4.060000e+02
    endloop
  endfacet
  facet normal -7.933533e-01 -6.087614e-01 -6.605994e-17
    outer loop
      vertex   8.838835e-01 2.288388e+01 4.100000e+02
      vertex   8.838835e-01 2.288388e+01 4.060000e+02
      vertex   1.082532e+00 2.262500e+01 4.100000e+02
    endloop
  endfacet
  facet normal -7.933533e-01 -6.087614e-01 -4.403996e-17
    outer loop
      vertex   1.082532e+00 2.262500e+01 4.100000e+02
      vertex   8.838835e-01 2.288388e+01 4.060000e+02
      vertex   1.082532e+00 2.262500e+01 4.060000e+02
    endloop
  endfacet
  facet normal -9.238795e-01 -3.826834e-01 -5.128562e-17
    outer loop
      vertex   1.082532e+00 2.262500e+01 4.100000e+02
      vertex   1.082532e+00 2.262500e+01 4.060000e+02
      vertex   1.207407e+00 2.232352e+01 4.100000e+02
    endloop
  endfacet
  facet normal -9.238795e-01 -3.826834e-01 -5.128562e-17
    outer loop
      vertex   1.207407e+00 2.232352e+01 4.100000e+02
      vertex   1.082532e+00 2.262500e+01 4.060000e+02
      vertex   1.207407e+00 2.232352e+01 4.060000e+02
    endloop
  endfacet
  facet normal -9.914449e-01 -1.305262e-01 -5.503625e-17
    outer loop
      vertex   1.207407e+00 2.232352e+01 4.100000e+02
      vertex   1.207407e+00 2.232352e+01 4.060000e+02
      vertex   1.250000e+00 2.200000e+01 4.100000e+02
    endloop
  endfacet
  facet normal -9.914449e-01 -1.305262e-01 -0.000000e+00
    outer loop
      vertex   1.250000e+00 2.200000e+01 4.100000e+02
      vertex   1.207407e+00 2.232352e+01 4.060000e+02
      vertex   1.250000e+00 2.200000e+01 4.060000e+02
    endloop
  endfacet
  facet normal -9.914449e-01 1.305262e-01 0.000000e+00
    outer loop
      vertex   1.250000e+00 2.200000e+01 4.100000e+02
      vertex   1.250000e+00 2.200000e+01 4.060000e+02
      vertex   1.207407e+00 2.167648e+01 4.100000e+02
    endloop
  endfacet
  facet normal -9.914449e-01 1.305262e-01 5.503625e-17
    outer loop
      vertex   1.207407e+00 2.167648e+01 4.100000e+02
      vertex   1.250000e+00 2.200000e+01 4.060000e+02
      vertex   1.207407e+00 2.167648e+01 4.060000e+02
    endloop
  endfacet
  facet normal -9.238795e-01 3.826834e-01 5.128562e-17
    outer loop
      vertex   1.207407e+00 2.167648e+01 4.100000e+02
      vertex   1.207407e+00 2.167648e+01 4.060000e+02
      vertex   1.082532e+00 2.137500e+01 4.100000e+02
    endloop
  endfacet
  facet normal -9.238795e-01 3.826834e-01 5.128562e-17
    outer loop
      vertex   1.082532e+00 2.137500e+01 4.100000e+02
      vertex   1.207407e+00 2.167648e+01 4.060000e+02
      vertex   1.082532e+00 2.137500e+01 4.060000e+02
    endloop
  endfacet
  facet normal -7.933533e-01 6.087614e-01 4.403996e-17
    outer loop
      vertex   1.082532e+00 2.137500e+01 4.100000e+02
      vertex   1.082532e+00 2.137500e+01 4.060000e+02
      vertex   8.838835e-01 2.111612e+01 4.100000e+02
    endloop
  endfacet
  facet normal -7.933533e-01 6.087614e-01 6.605994e-17
    outer loop
      vertex   8.838835e-01 2.111612e+01 4.100000e+02
      vertex   1.082532e+00 2.137500e+01 4.060000e+02
      vertex   8.838835e-01 2.111612e+01 4.060000e+02
    endloop
  endfacet
  facet normal -6.087614e-01 7.933533e-01 5.068957e-17
    outer loop
      vertex   8.838835e-01 2.111612e+01 4.100000e+02
      vertex   8.838835e-01 2.111612e+01 4.060000e+02
      vertex   6.250000e-01 2.091747e+01 4.100000e+02
    endloop
  endfacet
  facet normal -6.087614e-01 7.933533e-01 -1.307899e-15
    outer loop
      vertex   6.250000e-01 2.091747e+01 4.100000e+02
      vertex   8.838835e-01 2.111612e+01 4.060000e+02
      vertex   6.250000e-01 2.091747e+01 4.060000e+02
    endloop
  endfacet
  facet normal -3.826834e-01 9.238795e-01 -1.577410e-15
    outer loop
      vertex   6.250000e-01 2.091747e+01 4.100000e+02
      vertex   6.250000e-01 2.091747e+01 4.060000e+02
      vertex   3.235238e-01 2.079259e+01 4.100000e+02
    endloop
  endfacet
  facet normal -3.826834e-01 9.238795e-01 7.966199e-17
    outer loop
      vertex   3.235238e-01 2.079259e+01 4.100000e+02
      vertex   6.250000e-01 2.091747e+01 4.060000e+02
      vertex   3.235238e-01 2.079259e+01 4.060000e+02
    endloop
  endfacet
  facet normal -1.305262e-01 9.914449e-01 2.717122e-17
    outer loop
      vertex   3.235238e-01 2.079259e+01 4.100000e+02
      vertex   3.235238e-01 2.079259e+01 4.060000e+02
      vertex   7.654042e-17 2.075000e+01 4.100000e+02
    endloop
  endfacet
  facet normal -1.305262e-01 9.914449e-01 0.000000e+00
    outer loop
      vertex   7.654042e-17 2.075000e+01 4.100000e+02
      vertex   3.235238e-01 2.079259e+01 4.060000e+02
      vertex   7.654042e-17 2.075000e+01 4.060000e+02
    endloop
  endfacet
  facet normal 1.305262e-01 9.914449e-01 0.000000e+00
    outer loop
      vertex   7.654042e-17 2.075000e+01 4.100000e+02
      vertex   7.654042e-17 2.075000e+01 4.060000e+02
      vertex   -3.235238e-01 2.079259e+01 4.100000e+02
    endloop
  endfacet
  facet normal 1.305262e-01 9.914449e-01 -1.811415e-17
    outer loop
      vertex   -3.235238e-01 2.079259e+01 4.100000e+02
      vertex   7.654042e-17 2.075000e+01 4.060000e+02
      vertex   -3.235238e-01 2.079259e+01 4.060000e+02
    endloop
  endfacet
  facet normal 3.826834e-01 9.238795e-01 -5.310799e-17
    outer loop
      vertex   -3.235238e-01 2.079259e+01 4.100000e+02
      vertex   -3.235238e-01 2.079259e+01 4.060000e+02
      vertex   -6.250000e-01 2.091747e+01 4.100000e+02
    endloop
  endfacet
  facet normal 3.826834e-01 9.238795e-01 1.556167e-15
    outer loop
      vertex   -6.250000e-01 2.091747e+01 4.100000e+02
      vertex   -3.235238e-01 2.079259e+01 4.060000e+02
      vertex   -6.250000e-01 2.091747e+01 4.060000e+02
    endloop
  endfacet
  facet normal 6.087614e-01 7.933533e-01 1.274106e-15
    outer loop
      vertex   -6.250000e-01 2.091747e+01 4.100000e+02
      vertex   -6.250000e-01 2.091747e+01 4.060000e+02
      vertex   -8.838835e-01 2.111612e+01 4.100000e+02
    endloop
  endfacet
  facet normal 6.087614e-01 7.933533e-01 0.000000e+00
    outer loop
      vertex   -8.838835e-01 2.111612e+01 4.100000e+02
      vertex   -6.250000e-01 2.091747e+01 4.060000e+02
      vertex   -8.838835e-01 2.111612e+01 4.060000e+02
    endloop
  endfacet
  facet normal 7.933533e-01 6.087614e-01 0.000000e+00
    outer loop
      vertex   -8.838835e-01 2.111612e+01 4.100000e+02
      vertex   -8.838835e-01 2.111612e+01 4.060000e+02
      vertex   -1.082532e+00 2.137500e+01 4.100000e+02
    endloop
  endfacet
  facet normal 7.933533e-01 6.087614e-01 -4.403996e-17
    outer loop
      vertex   -1.082532e+00 2.137500e+01 4.100000e+02
      vertex   -8.838835e-01 2.111612e+01 4.060000e+02
      vertex   -1.082532e+00 2.137500e+01 4.060000e+02
    endloop
  endfacet
  facet normal 9.238795e-01 3.826834e-01 -5.128562e-17
    outer loop
      vertex   -1.082532e+00 2.137500e+01 4.100000e+02
      vertex   -1.082532e+00 2.137500e+01 4.060000e+02
      vertex   -1.207407e+00 2.167648e+01 4.100000e+02
    endloop
  endfacet
  facet normal 9.238795e-01 3.826834e-01 0.000000e+00
    outer loop
      vertex   -1.207407e+00 2.167648e+01 4.100000e+02
      vertex   -1.082532e+00 2.137500e+01 4.060000e+02
      vertex   -1.207407e+00 2.167648e+01 4.060000e+02
    endloop
  endfacet
  facet normal 0.000000e+00 0.000000e+00 1.000000e+00
    outer loop
      vertex   -1.207407e+00 2.232352e+01 4.100000e+02
      vertex   -2.851016e+00 2.896980e+01 4.100000e+02
      vertex   -1.250000e+00 2.200000e+01 4.100000e+02
    endloop
  endfacet
  facet normal 0.000000e+00 0.000000e+00 1.000000e+00
    outer loop
      vertex   -1.250000e+00 2.200000e+01 4.100000e+02
      vertex   -2.851016e+00 2.896980e+01 4.100000e+02
      vertex   -1.206556e+01 2.537627e+01 4.100000e+02
    endloop
  endfacet
  facet normal 0.000000e+00 0.000000e+00 1.000000e+00
    outer loop
      vertex   -1.250000e+00 2.200000e+01 4.100000e+02
      vertex   -1.206556e+01 2.537627e+01 4.100000e+02
      vertex   -1.225936e+01 2.477979e+01 4.100000e+02
    endloop
  endfacet
  facet normal 0.000000e+00 0.000000e+00 1.000000e+00
    outer loop
      vertex   -1.082532e+00 2.262500e+01 4.100000e+02
      vertex   -1.892243e+00 2.805561e+01 4.100000e+02
      vertex   -1.207407e+00 2.232352e+01 4.100000e+02
    endloop
  endfacet
  facet normal 0.000000e+00 0.000000e+00 1.000000e+00
    outer loop
      vertex   -1.207407e+00 2.232352e+01 4.100000e+02
      vertex   -1.892243e+00 2.805561e+01 4.100000e+02
      vertex   -2.415277e+00 2.846693e+01 4.100000e+02
    endloop
  endfacet
  facet normal 0.000000e+00 0.000000e+00 1.000000e+00
    outer loop
      vertex   -1.207407e+00 2.232352e+01 4.100000e+02
      vertex   -2.415277e+00 2.846693e+01 4.100000e+02
      vertex   -2.851016e+00 2.896980e+01 4.100000e+02
    endloop
  endfacet
  facet normal 0.000000e+00 0.000000e+00 1.000000e+00
    outer loop
      vertex   -1.892243e+00 2.805561e+01 4.100000e+02
      vertex   -1.082532e+00 2.262500e+01 4.100000e+02
      vertex   -1.300819e+00 2.775071e+01 4.100000e+02
    endloop
  endfacet
  facet normal 0.000000e+00 0.000000e+00 1.000000e+00
    outer loop
      vertex   -1.300819e+00 2.775071e+01 4.100000e+02
      vertex   -1.082532e+00 2.262500e+01 4.100000e+02
      vertex   -8.838835e-01 2.288388e+01 4.100000e+02
    endloop
  endfacet
  facet normal 0.000000e+00 0.000000e+00 1.000000e+00
    outer loop
      vertex   -1.300819e+00 2.775071e+01 4.100000e+02
      vertex   -8.838835e-01 2.288388e+01 4.100000e+02
      vertex   -6.250000e-01 2.308253e+01 4.100000e+02
    endloop
  endfacet
  facet normal 0.000000e+00 0.000000e+00 1.000000e+00
    outer loop
      vertex   -1.300819e+00 2.775071e+01 4.100000e+02
      vertex   -6.250000e-01 2.308253e+01 4.100000e+02
      vertex   -6.623794e-01 2.756325e+01 4.100000e+02
    endloop
  endfacet
  facet normal 0.000000e+00 0.000000e+00 1.000000e+00
    outer loop
      vertex   -6.623794e-01 2.756325e+01 4.100000e+02
      vertex   -6.250000e-01 2.308253e+01 4.100000e+02
      vertex   -3.235238e-01 2.320741e+01 4.100000e+02
    endloop
  endfacet
  facet normal 0.000000e+00 0.000000e+00 1.000000e+00
    outer loop
      vertex   -6.623794e-01 2.756325e+01 4.100000e+02
      vertex   -3.235238e-01 2.320741e+01 4.100000e+02
      vertex   0.000000e+00 2.750000e+01 4.100000e+02
    endloop
  endfacet
  facet normal 0.000000e+00 0.000000e+00 1.000000e+00
    outer loop
      vertex   0.000000e+00 2.750000e+01 4.100000e+02
      vertex   -3.235238e-01 2.320741e+01 4.100000e+02
      vertex   7.654042e-17 2.325000e+01 4.100000e+02
    endloop
  endfacet
  facet normal 0.000000e+00 0.000000e+00 1.000000e+00
    outer loop
      vertex   0.000000e+00 2.750000e+01 4.100000e+02
      vertex   7.654042e-17 2.325000e+01 4.100000e+02
      vertex   3.235238e-01 2.320741e+01 4.100000e+02
    endloop
  endfacet
  facet normal -0.000000e+00 0.000000e+00 1.000000e+00
    outer loop
      vertex   0.000000e+00 2.750000e+01 4.100000e+02
      vertex   3.235238e-01 2.320741e+01 4.100000e+02
      vertex   6.623794e-01 2.756325e+01 4.100000e+02
    endloop
  endfacet
  facet normal 0.000000e+00 0.000000e+00 1.000000e+00
    outer loop
      vertex   6.623794e-01 2.756325e+01 4.100000e+02
      vertex   3.235238e-01 2.320741e+01 4.100000e+02
      vertex   6.250000e-01 2.308253e+01 4.100000e+02
    endloop
  endfacet
  facet normal -0.000000e+00 0.000000e+00 1.000000e+00
    outer loop
      vertex   6.623794e-01 2.756325e+01 4.100000e+02
      vertex   6.250000e-01 2.308253e+01 4.100000e+02
      vertex   1.300819e+00 2.775071e+01 4.100000e+02
    endloop
  endfacet
  facet normal 0.000000e+00 0.000000e+00 1.000000e+00
    outer loop
      vertex   1.300819e+00 2.775071e+01 4.100000e+02
      vertex   6.250000e-01 2.308253e+01 4.100000e+02
      vertex   8.838835e-01 2.288388e+01 4.100000e+02
    endloop
  endfacet
  facet normal 0.000000e+00 0.000000e+00 1.000000e+00
    outer loop
      vertex   1.300819e+00 2.775071e+01 4.100000e+02
      vertex   8.838835e-01 2.288388e+01 4.100000e+02
      vertex   1.082532e+00 2.262500e+01 4.100000e+02
    endloop
  endfacet
  facet normal -0.000000e+00 0.000000e+00 1.000000e+00
    outer loop
      vertex   1.300819e+00 2.775071e+01 4.100000e+02
      vertex   1.082532e+00 2.262500e+01 4.100000e+02
      vertex   1.892243e+00 2.805561e+01 4.100000e+02
    endloop
  endfacet
  facet normal 0.000000e+00 0.000000e+00 1.000000e+00
    outer loop
      vertex   1.892243e+00 2.805561e+01 4.100000e+02
      vertex   1.082532e+00 2.262500e+01 4.100000e+02
      vertex   1.207407e+00 2.232352e+01 4.100000e+02
    endloop
  endfacet
  facet normal -0.000000e+00 0.000000e+00 1.000000e+00
    outer loop
      vertex   1.892243e+00 2.805561e+01 4.100000e+02
      vertex   1.207407e+00 2.232352e+01 4.100000e+02
      vertex   2.415277e+00 2.846693e+01 4.100000e+02
    endloop
  endfacet
  facet normal -0.000000e+00 0.000000e+00 1.000000e+00
    outer loop
      vertex   2.415277e+00 2.846693e+01 4.100000e+02
      vertex   1.207407e+00 2.232352e+01 4.100000e+02
      vertex   2.851016e+00 2.896980e+01 4.100000e+02
    endloop
  endfacet
  facet normal 0.000000e+00 0.000000e+00 1.000000e+00
    outer loop
      vertex   2.851016e+00 2.896980e+01 4.100000e+02
      vertex   1.207407e+00 2.232352e+01 4.100000e+02
      vertex   1.250000e+00 2.200000e+01 4.100000e+02
    endloop
  endfacet
  facet normal 0.000000e+00 0.000000e+00 1.000000e+00
    outer loop
      vertex   2.851016e+00 2.896980e+01 4.100000e+02
      vertex   1.250000e+00 2.200000e+01 4.100000e+02
      vertex   1.206556e+01 2.537627e+01 4.100000e+02
    endloop
  endfacet
  facet normal 0.000000e+00 0.000000e+00 1.000000e+00
    outer loop
      vertex   1.206556e+01 2.537627e+01 4.100000e+02
      vertex   1.250000e+00 2.200000e+01 4.100000e+02
      vertex   1.225936e+01 2.477979e+01 4.100000e+02
    endloop
  endfacet
  facet normal 0.000000e+00 0.000000e+00 1.000000e+00
    outer loop
      vertex   1.225936e+01 2.477979e+01 4.100000e+02
      vertex   1.250000e+00 2.200000e+01 4.100000e+02
      vertex   1.207407e+00 2.167648e+01 4.100000e+02
    endloop
  endfacet
  facet normal 0.000000e+00 0.000000e+00 1.000000e+00
    outer loop
      vertex   1.225936e+01 2.477979e+01 4.100000e+02
      vertex   1.207407e+00 2.167648e+01 4.100000e+02
      vertex   1.257295e+01 2.423664e+01 4.100000e+02
    endloop
  endfacet
  facet normal 0.000000e+00 0.000000e+00 1.000000e+00
    outer loop
      vertex   1.257295e+01 2.423664e+01 4.100000e+02
      vertex   1.207407e+00 2.167648e+01 4.100000e+02
      vertex   1.082532e+00 2.137500e+01 4.100000e+02
    endloop
  endfacet
  facet normal 0.000000e+00 0.000000e+00 1.000000e+00
    outer loop
      vertex   1.257295e+01 2.423664e+01 4.100000e+02
      vertex   1.082532e+00 2.137500e+01 4.100000e+02
      vertex   1.299261e+01 2.377057e+01 4.100000e+02
    endloop
  endfacet
  facet normal 0.000000e+00 0.000000e+00 1.000000e+00
    outer loop
      vertex   1.299261e+01 2.377057e+01 4.100000e+02
      vertex   1.082532e+00 2.137500e+01 4.100000e+02
      vertex   8.838835e-01 2.111612e+01 4.100000e+02
    endloop
  endfacet
  facet normal 0.000000e+00 0.000000e+00 1.000000e+00
    outer loop
      vertex   1.299261e+01 2.377057e+01 4.100000e+02
      vertex   8.838835e-01 2.111612e+01 4.100000e+02
      vertex   1.350000e+01 2.340192e+01 4.100000e+02
    endloop
  endfacet
  facet normal 0.000000e+00 0.000000e+00 1.000000e+00
    outer loop
      vertex   1.350000e+01 2.340192e+01 4.100000e+02
      vertex   8.838835e-01 2.111612e+01 4.100000e+02
      vertex   1.407295e+01 2.314683e+01 4.100000e+02
    endloop
  endfacet
  facet normal 0.000000e+00 0.000000e+00 1.000000e+00
    outer loop
      vertex   1.407295e+01 2.314683e+01 4.100000e+02
      vertex   8.838835e-01 2.111612e+01 4.100000e+02
      vertex   6.250000e-01 2.091747e+01 4.100000e+02
    endloop
  endfacet
  facet normal 0.000000e+00 0.000000e+00 1.000000e+00
    outer loop
      vertex   1.407295e+01 2.314683e+01 4.100000e+02
      vertex   6.250000e-01 2.091747e+01 4.100000e+02
      vertex   2.350000e+01 1.650000e+01 4.100000e+02
    endloop
  endfacet
  facet normal 0.000000e+00 0.000000e+00 1.000000e+00
    outer loop
      vertex   2.350000e+01 1.650000e+01 4.100000e+02
      vertex   6.250000e-01 2.091747e+01 4.100000e+02
      vertex   3.235238e-01 2.079259e+01 4.100000e+02
    endloop
  endfacet
  facet normal 0.000000e+00 0.000000e+00 1.000000e+00
    outer loop
      vertex   2.350000e+01 1.650000e+01 4.100000e+02
      vertex   3.235238e-01 2.079259e+01 4.100000e+02
      vertex   7.654042e-17 2.075000e+01 4.100000e+02
    endloop
  endfacet
  facet normal 0.000000e+00 0.000000e+00 1.000000e+00
    outer loop
      vertex   2.350000e+01 1.650000e+01 4.100000e+02
      vertex   7.654042e-17 2.075000e+01 4.100000e+02
      vertex   -2.350000e+01 1.650000e+01 4.100000e+02
    endloop
  endfacet
  facet normal 0.000000e+00 0.000000e+00 1.000000e+00
    outer loop
      vertex   -2.350000e+01 1.650000e+01 4.100000e+02
      vertex   7.654042e-17 2.075000e+01 4.100000e+02
      vertex   -3.235238e-01 2.079259e+01 4.100000e+02
    endloop
  endfacet
  facet normal 0.000000e+00 0.000000e+00 1.000000e+00
    outer loop
      vertex   -2.350000e+01 1.650000e+01 4.100000e+02
      vertex   -3.235238e-01 2.079259e+01 4.100000e+02
      vertex   -6.250000e-01 2.091747e+01 4.100000e+02
    endloop
  endfacet
  facet normal 0.000000e+00 0.000000e+00 1.000000e+00
    outer loop
      vertex   -2.350000e+01 1.650000e+01 4.100000e+02
      vertex   -6.250000e-01 2.091747e+01 4.100000e+02
      vertex   -1.407295e+01 2.314683e+01 4.100000e+02
    endloop
  endfacet
  facet normal 0.000000e+00 0.000000e+00 1.000000e+00
    outer loop
      vertex   -1.407295e+01 2.314683e+01 4.100000e+02
      vertex   -6.250000e-01 2.091747e+01 4.100000e+02
      vertex   -8.838835e-01 2.111612e+01 4.100000e+02
    endloop
  endfacet
  facet normal -0.000000e+00 0.000000e+00 1.000000e+00
    outer loop
      vertex   -1.407295e+01 2.314683e+01 4.100000e+02
      vertex   -8.838835e-01 2.111612e+01 4.100000e+02
      vertex   -1.350000e+01 2.340192e+01 4.100000e+02
    endloop
  endfacet
  facet normal -0.000000e+00 0.000000e+00 1.000000e+00
    outer loop
      vertex   -1.350000e+01 2.340192e+01 4.100000e+02
      vertex   -8.838835e-01 2.111612e+01 4.100000e+02
      vertex   -1.299261e+01 2.377057e+01 4.100000e+02
    endloop
  endfacet
  facet normal 0.000000e+00 0.000000e+00 1.000000e+00
    outer loop
      vertex   -1.299261e+01 2.377057e+01 4.100000e+02
      vertex   -8.838835e-01 2.111612e+01 4.100000e+02
      vertex   -1.082532e+00 2.137500e+01 4.100000e+02
    endloop
  endfacet
  facet normal -0.000000e+00 0.000000e+00 1.000000e+00
    outer loop
      vertex   -1.299261e+01 2.377057e+01 4.100000e+02
      vertex   -1.082532e+00 2.137500e+01 4.100000e+02
      vertex   -1.257295e+01 2.423664e+01 4.100000e+02
    endloop
  endfacet
  facet normal 0.000000e+00 0.000000e+00 1.000000e+00
    outer loop
      vertex   -1.257295e+01 2.423664e+01 4.100000e+02
      vertex   -1.082532e+00 2.137500e+01 4.100000e+02
      vertex   -1.207407e+00 2.167648e+01 4.100000e+02
    endloop
  endfacet
  facet normal -0.000000e+00 0.000000e+00 1.000000e+00
    outer loop
      vertex   -1.257295e+01 2.423664e+01 4.100000e+02
      vertex   -1.207407e+00 2.167648e+01 4.100000e+02
      vertex   -1.225936e+01 2.477979e+01 4.100000e+02
    endloop
  endfacet
  facet normal 0.000000e+00 0.000000e+00 1.000000e+00
    outer loop
      vertex   -1.225936e+01 2.477979e+01 4.100000e+02
      vertex   -1.207407e+00 2.167648e+01 4.100000e+02
      vertex   -1.250000e+00 2.200000e+01 4.100000e+02
    endloop
  endfacet
  facet normal -0.000000e+00 0.000000e+00 1.000000e+00
    outer loop
      vertex   -1.948455e+01 1.030000e+02 4.100000e+02
      vertex   -1.888448e+01 1.028227e+02 4.100000e+02
      vertex   -1.948455e+01 1.035000e+02 4.100000e+02
    endloop
  endfacet
  facet normal 0.000000e+00 0.000000e+00 1.000000e+00
    outer loop
      vertex   -1.948455e+01 1.035000e+02 4.100000e+02
      vertex   -1.888448e+01 1.028227e+02 4.100000e+02
      vertex   -1.833424e+01 1.025248e+02 4.100000e+02
    endloop
  endfacet
  facet normal 0.000000e+00 0.000000e+00 1.000000e+00
    outer loop
      vertex   -1.948455e+01 1.035000e+02 4.100000e+02
      vertex   -1.833424e+01 1.025248e+02 4.100000e+02
      vertex   1.823268e+01 1.023645e+02 4.100000e+02
    endloop
  endfacet
  facet normal 0.000000e+00 0.000000e+00 1.000000e+00
    outer loop
      vertex   1.823268e+01 1.023645e+02 4.100000e+02
      vertex   -1.833424e+01 1.025248e+02 4.100000e+02
      vertex   -1.785777e+01 1.021192e+02 4.100000e+02
    endloop
  endfacet
  facet normal 0.000000e+00 0.000000e+00 1.000000e+00
    outer loop
      vertex   1.823268e+01 1.023645e+02 4.100000e+02
      vertex   -1.785777e+01 1.021192e+02 4.100000e+02
      vertex   1.778232e+01 1.019456e+02 4.100000e+02
    endloop
  endfacet
  facet normal 0.000000e+00 0.000000e+00 1.000000e+00
    outer loop
      vertex   1.778232e+01 1.019456e+02 4.100000e+02
      vertex   -1.785777e+01 1.021192e+02 4.100000e+02
      vertex   -1.747580e+01 1.016236e+02 4.100000e+02
    endloop
  endfacet
  facet normal 0.000000e+00 0.000000e+00 1.000000e+00
    outer loop
      vertex   1.778232e+01 1.019456e+02 4.100000e+02
      vertex   -1.747580e+01 1.016236e+02 4.100000e+02
      vertex   1.742686e+01 1.014436e+02 4.100000e+02
    endloop
  endfacet
  facet normal 0.000000e+00 0.000000e+00 1.000000e+00
    outer loop
      vertex   1.742686e+01 1.014436e+02 4.100000e+02
      vertex   -1.747580e+01 1.016236e+02 4.100000e+02
      vertex   -1.720495e+01 1.010595e+02 4.100000e+02
    endloop
  endfacet
  facet normal 0.000000e+00 0.000000e+00 1.000000e+00
    outer loop
      vertex   1.742686e+01 1.014436e+02 4.100000e+02
      vertex   -1.720495e+01 1.010595e+02 4.100000e+02
      vertex   1.718125e+01 1.008797e+02 4.100000e+02
    endloop
  endfacet
  facet normal 0.000000e+00 0.000000e+00 1.000000e+00
    outer loop
      vertex   1.718125e+01 1.008797e+02 4.100000e+02
      vertex   -1.720495e+01 1.010595e+02 4.100000e+02
      vertex   -1.705699e+01 1.004515e+02 4.100000e+02
    endloop
  endfacet
  facet normal 0.000000e+00 0.000000e+00 1.000000e+00
    outer loop
      vertex   1.718125e+01 1.008797e+02 4.100000e+02
      vertex   -1.705699e+01 1.004515e+02 4.100000e+02
      vertex   1.705581e+01 1.002775e+02 4.100000e+02
    endloop
  endfacet
  facet normal 0.000000e+00 0.000000e+00 1.000000e+00
    outer loop
      vertex   1.705581e+01 1.002775e+02 4.100000e+02
      vertex   -1.705699e+01 1.004515e+02 4.100000e+02
      vertex   -1.703837e+01 9.982608e+01 4.100000e+02
    endloop
  endfacet
  facet normal 0.000000e+00 0.000000e+00 1.000000e+00
    outer loop
      vertex   1.705581e+01 1.002775e+02 4.100000e+02
      vertex   -1.703837e+01 9.982608e+01 4.100000e+02
      vertex   1.705581e+01 9.966247e+01 4.100000e+02
    endloop
  endfacet
  facet normal 0.000000e+00 0.000000e+00 1.000000e+00
    outer loop
      vertex   1.705581e+01 9.966247e+01 4.100000e+02
      vertex   -1.703837e+01 9.982608e+01 4.100000e+02
      vertex   -1.714989e+01 9.921038e+01 4.100000e+02
    endloop
  endfacet
  facet normal 0.000000e+00 0.000000e+00 1.000000e+00
    outer loop
      vertex   1.705581e+01 9.966247e+01 4.100000e+02
      vertex   -1.714989e+01 9.921038e+01 4.100000e+02
      vertex   1.718125e+01 9.906031e+01 4.100000e+02
    endloop
  endfacet
  facet normal 0.000000e+00 0.000000e+00 1.000000e+00
    outer loop
      vertex   1.718125e+01 9.906031e+01 4.100000e+02
      vertex   -1.714989e+01 9.921038e+01 4.100000e+02
      vertex   -1.738670e+01 9.863121e+01 4.100000e+02
    endloop
  endfacet
  facet normal 0.000000e+00 0.000000e+00 1.000000e+00
    outer loop
      vertex   1.718125e+01 9.906031e+01 4.100000e+02
      vertex   -1.738670e+01 9.863121e+01 4.100000e+02
      vertex   -3.326962e-01 3.448415e+01 4.100000e+02
    endloop
  endfacet
  facet normal 0.000000e+00 0.000000e+00 1.000000e+00
    outer loop
      vertex   -3.326962e-01 3.448415e+01 4.100000e+02
      vertex   -1.738670e+01 9.863121e+01 4.100000e+02
      vertex   -9.860639e-01 3.435823e+01 4.100000e+02
    endloop
  endfacet
  facet normal 0.000000e+00 0.000000e+00 1.000000e+00
    outer loop
      vertex   -9.860639e-01 3.435823e+01 4.100000e+02
      vertex   -1.738670e+01 9.863121e+01 4.100000e+02
      vertex   -1.773851e+01 9.811376e+01 4.100000e+02
    endloop
  endfacet
  facet normal 0.000000e+00 0.000000e+00 1.000000e+00
    outer loop
      vertex   -9.860639e-01 3.435823e+01 4.100000e+02
      vertex   -1.773851e+01 9.811376e+01 4.100000e+02
      vertex   -1.603793e+00 3.411092e+01 4.100000e+02
    endloop
  endfacet
  facet normal 0.000000e+00 0.000000e+00 1.000000e+00
    outer loop
      vertex   -1.603793e+00 3.411092e+01 4.100000e+02
      vertex   -1.773851e+01 9.811376e+01 4.100000e+02
      vertex   -2.163556e+00 3.375119e+01 4.100000e+02
    endloop
  endfacet
  facet normal 0.000000e+00 0.000000e+00 1.000000e+00
    outer loop
      vertex   -2.163556e+00 3.375119e+01 4.100000e+02
      vertex   -1.773851e+01 9.811376e+01 4.100000e+02
      vertex   -1.819000e+01 9.768053e+01 4.100000e+02
    endloop
  endfacet
  facet normal 0.000000e+00 0.000000e+00 1.000000e+00
    outer loop
      vertex   -2.163556e+00 3.375119e+01 4.100000e+02
      vertex   -1.819000e+01 9.768053e+01 4.100000e+02
      vertex   -2.645124e+00 3.329201e+01 4.100000e+02
    endloop
  endfacet
  facet normal 0.000000e+00 0.000000e+00 1.000000e+00
    outer loop
      vertex   -2.645124e+00 3.329201e+01 4.100000e+02
      vertex   -1.819000e+01 9.768053e+01 4.100000e+02
      vertex   -1.407295e+01 2.885317e+01 4.100000e+02
    endloop
  endfacet
  facet normal 0.000000e+00 0.000000e+00 1.000000e+00
    outer loop
      vertex   -2.645124e+00 3.329201e+01 4.100000e+02
      vertex   -1.407295e+01 2.885317e+01 4.100000e+02
      vertex   -3.031089e+00 3.275000e+01 4.100000e+02
    endloop
  endfacet
  facet normal 0.000000e+00 0.000000e+00 1.000000e+00
    outer loop
      vertex   -3.031089e+00 3.275000e+01 4.100000e+02
      vertex   -1.407295e+01 2.885317e+01 4.100000e+02
      vertex   -1.350000e+01 2.859808e+01 4.100000e+02
    endloop
  endfacet
  facet normal 0.000000e+00 0.000000e+00 1.000000e+00
    outer loop
      vertex   -3.031089e+00 3.275000e+01 4.100000e+02
      vertex   -1.350000e+01 2.859808e+01 4.100000e+02
      vertex   -1.299261e+01 2.822943e+01 4.100000e+02
    endloop
  endfacet
  facet normal 0.000000e+00 0.000000e+00 1.000000e+00
    outer loop
      vertex   -1.407295e+01 2.885317e+01 4.100000e+02
      vertex   -1.819000e+01 9.768053e+01 4.100000e+02
      vertex   -1.468641e+01 2.898357e+01 4.100000e+02
    endloop
  endfacet
  facet normal 0.000000e+00 0.000000e+00 1.000000e+00
    outer loop
      vertex   -1.468641e+01 2.898357e+01 4.100000e+02
      vertex   -1.819000e+01 9.768053e+01 4.100000e+02
      vertex   -1.872153e+01 9.735039e+01 4.100000e+02
    endloop
  endfacet
  facet normal 0.000000e+00 0.000000e+00 1.000000e+00
    outer loop
      vertex   -1.468641e+01 2.898357e+01 4.100000e+02
      vertex   -1.872153e+01 9.735039e+01 4.100000e+02
      vertex   -1.531359e+01 2.898357e+01 4.100000e+02
    endloop
  endfacet
  facet normal 0.000000e+00 0.000000e+00 1.000000e+00
    outer loop
      vertex   -1.531359e+01 2.898357e+01 4.100000e+02
      vertex   -1.872153e+01 9.735039e+01 4.100000e+02
      vertex   -1.930999e+01 9.713769e+01 4.100000e+02
    endloop
  endfacet
  facet normal 0.000000e+00 0.000000e+00 1.000000e+00
    outer loop
      vertex   -1.531359e+01 2.898357e+01 4.100000e+02
      vertex   -1.930999e+01 9.713769e+01 4.100000e+02
      vertex   -1.592705e+01 2.885317e+01 4.100000e+02
    endloop
  endfacet
  facet normal 0.000000e+00 0.000000e+00 1.000000e+00
    outer loop
      vertex   -1.592705e+01 2.885317e+01 4.100000e+02
      vertex   -1.930999e+01 9.713769e+01 4.100000e+02
      vertex   -1.992977e+01 9.705168e+01 4.100000e+02
    endloop
  endfacet
  facet normal 0.000000e+00 0.000000e+00 1.000000e+00
    outer loop
      vertex   -1.592705e+01 2.885317e+01 4.100000e+02
      vertex   -1.992977e+01 9.705168e+01 4.100000e+02
      vertex   -1.650000e+01 2.859808e+01 4.100000e+02
    endloop
  endfacet
  facet normal 0.000000e+00 0.000000e+00 1.000000e+00
    outer loop
      vertex   -1.650000e+01 2.859808e+01 4.100000e+02
      vertex   -1.992977e+01 9.705168e+01 4.100000e+02
      vertex   -2.055391e+01 9.709611e+01 4.100000e+02
    endloop
  endfacet
  facet normal 0.000000e+00 0.000000e+00 1.000000e+00
    outer loop
      vertex   -1.650000e+01 2.859808e+01 4.100000e+02
      vertex   -2.055391e+01 9.709611e+01 4.100000e+02
      vertex   -2.115526e+01 9.726904e+01 4.100000e+02
    endloop
  endfacet
  facet normal 0.000000e+00 0.000000e+00 1.000000e+00
    outer loop
      vertex   -1.650000e+01 2.859808e+01 4.100000e+02
      vertex   -2.115526e+01 9.726904e+01 4.100000e+02
      vertex   -1.700739e+01 2.822943e+01 4.100000e+02
    endloop
  endfacet
  facet normal 0.000000e+00 0.000000e+00 1.000000e+00
    outer loop
      vertex   -1.700739e+01 2.822943e+01 4.100000e+02
      vertex   -2.115526e+01 9.726904e+01 4.100000e+02
      vertex   -2.170766e+01 9.756294e+01 4.100000e+02
    endloop
  endfacet
  facet normal 0.000000e+00 0.000000e+00 1.000000e+00
    outer loop
      vertex   -1.700739e+01 2.822943e+01 4.100000e+02
      vertex   -2.170766e+01 9.756294e+01 4.100000e+02
      vertex   -1.742705e+01 2.776336e+01 4.100000e+02
    endloop
  endfacet
  facet normal 0.000000e+00 0.000000e+00 1.000000e+00
    outer loop
      vertex   -1.742705e+01 2.776336e+01 4.100000e+02
      vertex   -2.170766e+01 9.756294e+01 4.100000e+02
      vertex   -2.218707e+01 9.796505e+01 4.100000e+02
    endloop
  endfacet
  facet normal 0.000000e+00 0.000000e+00 1.000000e+00
    outer loop
      vertex   -1.742705e+01 2.776336e+01 4.100000e+02
      vertex   -2.218707e+01 9.796505e+01 4.100000e+02
      vertex   -1.774064e+01 2.722021e+01 4.100000e+02
    endloop
  endfacet
  facet normal 0.000000e+00 0.000000e+00 1.000000e+00
    outer loop
      vertex   -1.774064e+01 2.722021e+01 4.100000e+02
      vertex   -2.218707e+01 9.796505e+01 4.100000e+02
      vertex   -2.257265e+01 9.845785e+01 4.100000e+02
    endloop
  endfacet
  facet normal 0.000000e+00 0.000000e+00 1.000000e+00
    outer loop
      vertex   -1.774064e+01 2.722021e+01 4.100000e+02
      vertex   -2.257265e+01 9.845785e+01 4.100000e+02
      vertex   -2.350000e+01 9.962680e+01 4.100000e+02
    endloop
  endfacet
  facet normal 0.000000e+00 0.000000e+00 1.000000e+00
    outer loop
      vertex   -2.350000e+01 9.962680e+01 4.100000e+02
      vertex   -2.257265e+01 9.845785e+01 4.100000e+02
      vertex   -2.284761e+01 9.901992e+01 4.100000e+02
    endloop
  endfacet
  facet normal -0.000000e+00 0.000000e+00 1.000000e+00
    outer loop
      vertex   -2.350000e+01 9.962680e+01 4.100000e+02
      vertex   -2.284761e+01 9.901992e+01 4.100000e+02
      vertex   -2.300000e+01 9.962680e+01 4.100000e+02
    endloop
  endfacet
  facet normal 0.000000e+00 0.000000e+00 1.000000e+00
    outer loop
      vertex   -2.350000e+01 9.962680e+01 4.100000e+02
      vertex   -2.350000e+01 1.650000e+01 4.100000e+02
      vertex   -1.774064e+01 2.722021e+01 4.100000e+02
    endloop
  endfacet
  facet normal 0.000000e+00 0.000000e+00 1.000000e+00
    outer loop
      vertex   -1.774064e+01 2.722021e+01 4.100000e+02
      vertex   -2.350000e+01 1.650000e+01 4.100000e+02
      vertex   -1.793444e+01 2.662374e+01 4.100000e+02
    endloop
  endfacet
  facet normal 0.000000e+00 0.000000e+00 1.000000e+00
    outer loop
      vertex   -1.793444e+01 2.662374e+01 4.100000e+02
      vertex   -2.350000e+01 1.650000e+01 4.100000e+02
      vertex   -1.800000e+01 2.600000e+01 4.100000e+02
    endloop
  endfacet
  facet normal 0.000000e+00 0.000000e+00 1.000000e+00
    outer loop
      vertex   -1.800000e+01 2.600000e+01 4.100000e+02
      vertex   -2.350000e+01 1.650000e+01 4.100000e+02
      vertex   -1.793444e+01 2.537627e+01 4.100000e+02
    endloop
  endfacet
  facet normal 0.000000e+00 0.000000e+00 1.000000e+00
    outer loop
      vertex   -1.793444e+01 2.537627e+01 4.100000e+02
      vertex   -2.350000e+01 1.650000e+01 4.100000e+02
      vertex   -1.774064e+01 2.477979e+01 4.100000e+02
    endloop
  endfacet
  facet normal 0.000000e+00 0.000000e+00 1.000000e+00
    outer loop
      vertex   -1.774064e+01 2.477979e+01 4.100000e+02
      vertex   -2.350000e+01 1.650000e+01 4.100000e+02
      vertex   -1.742705e+01 2.423664e+01 4.100000e+02
    endloop
  endfacet
  facet normal 0.000000e+00 0.000000e+00 1.000000e+00
    outer loop
      vertex   -1.742705e+01 2.423664e+01 4.100000e+02
      vertex   -2.350000e+01 1.650000e+01 4.100000e+02
      vertex   -1.700739e+01 2.377057e+01 4.100000e+02
    endloop
  endfacet
  facet normal 0.000000e+00 0.000000e+00 1.000000e+00
    outer loop
      vertex   -1.700739e+01 2.377057e+01 4.100000e+02
      vertex   -2.350000e+01 1.650000e+01 4.100000e+02
      vertex   -1.650000e+01 2.340192e+01 4.100000e+02
    endloop
  endfacet
  facet normal 0.000000e+00 0.000000e+00 1.000000e+00
    outer loop
      vertex   -1.650000e+01 2.340192e+01 4.100000e+02
      vertex   -2.350000e+01 1.650000e+01 4.100000e+02
      vertex   -1.592705e+01 2.314683e+01 4.100000e+02
    endloop
  endfacet
  facet normal 0.000000e+00 0.000000e+00 1.000000e+00
    outer loop
      vertex   -1.592705e+01 2.314683e+01 4.100000e+02
      vertex   -2.350000e+01 1.650000e+01 4.100000e+02
      vertex   -1.531359e+01 2.301643e+01 4.100000e+02
    endloop
  endfacet
  facet normal -0.000000e+00 0.000000e+00 1.000000e+00
    outer loop
      vertex   -1.531359e+01 2.301643e+01 4.100000e+02
      vertex   -2.350000e+01 1.650000e+01 4.100000e+02
      vertex   -1.468641e+01 2.301643e+01 4.100000e+02
    endloop
  endfacet
  facet normal -0.000000e+00 0.000000e+00 1.000000e+00
    outer loop
      vertex   -1.468641e+01 2.301643e+01 4.100000e+02
      vertex   -2.350000e+01 1.650000e+01 4.100000e+02
      vertex   -1.407295e+01 2.314683e+01 4.100000e+02
    endloop
  endfacet
  facet normal 0.000000e+00 0.000000e+00 1.000000e+00
    outer loop
      vertex   2.350000e+01 9.948174e+01 4.100000e+02
      vertex   1.774064e+01 2.722021e+01 4.100000e+02
      vertex   2.350000e+01 1.650000e+01 4.100000e+02
    endloop
  endfacet
  facet normal 0.000000e+00 0.000000e+00 1.000000e+00
    outer loop
      vertex   2.350000e+01 1.650000e+01 4.100000e+02
      vertex   1.774064e+01 2.722021e+01 4.100000e+02
      vertex   1.793444e+01 2.662374e+01 4.100000e+02
    endloop
  endfacet
  facet normal 0.000000e+00 0.000000e+00 1.000000e+00
    outer loop
      vertex   2.350000e+01 1.650000e+01 4.100000e+02
      vertex   1.793444e+01 2.662374e+01 4.100000e+02
      vertex   1.800000e+01 2.600000e+01 4.100000e+02
    endloop
  endfacet
  facet normal -0.000000e+00 0.000000e+00 1.000000e+00
    outer loop
      vertex   2.300000e+01 9.948174e+01 4.100000e+02
      vertex   2.283821e+01 9.888832e+01 4.100000e+02
      vertex   2.350000e+01 9.948174e+01 4.100000e+02
    endloop
  endfacet
  facet normal 0.000000e+00 0.000000e+00 1.000000e+00
    outer loop
      vertex   2.350000e+01 9.948174e+01 4.100000e+02
      vertex   2.283821e+01 9.888832e+01 4.100000e+02
      vertex   2.255879e+01 9.834037e+01 4.100000e+02
    endloop
  endfacet
  facet normal 0.000000e+00 0.000000e+00 1.000000e+00
    outer loop
      vertex   2.350000e+01 9.948174e+01 4.100000e+02
      vertex   2.255879e+01 9.834037e+01 4.100000e+02
      vertex   1.774064e+01 2.722021e+01 4.100000e+02
    endloop
  endfacet
  facet normal 0.000000e+00 0.000000e+00 1.000000e+00
    outer loop
      vertex   1.774064e+01 2.722021e+01 4.100000e+02
      vertex   2.255879e+01 9.834037e+01 4.100000e+02
      vertex   2.217349e+01 9.786093e+01 4.100000e+02
    endloop
  endfacet
  facet normal 0.000000e+00 -0.000000e+00 1.000000e+00
    outer loop
      vertex   1.774064e+01 2.722021e+01 4.100000e+02
      vertex   2.217349e+01 9.786093e+01 4.100000e+02
      vertex   1.742705e+01 2.776336e+01 4.100000e+02
    endloop
  endfacet
  facet normal 0.000000e+00 0.000000e+00 1.000000e+00
    outer loop
      vertex   1.742705e+01 2.776336e+01 4.100000e+02
      vertex   2.217349e+01 9.786093e+01 4.100000e+02
      vertex   2.169851e+01 9.747014e+01 4.100000e+02
    endloop
  endfacet
  facet normal 0.000000e+00 -0.000000e+00 1.000000e+00
    outer loop
      vertex   1.742705e+01 2.776336e+01 4.100000e+02
      vertex   2.169851e+01 9.747014e+01 4.100000e+02
      vertex   1.700739e+01 2.822943e+01 4.100000e+02
    endloop
  endfacet
  facet normal 0.000000e+00 0.000000e+00 1.000000e+00
    outer loop
      vertex   1.700739e+01 2.822943e+01 4.100000e+02
      vertex   2.169851e+01 9.747014e+01 4.100000e+02
      vertex   2.115382e+01 9.718443e+01 4.100000e+02
    endloop
  endfacet
  facet normal 0.000000e+00 -0.000000e+00 1.000000e+00
    outer loop
      vertex   1.700739e+01 2.822943e+01 4.100000e+02
      vertex   2.115382e+01 9.718443e+01 4.100000e+02
      vertex   1.650000e+01 2.859808e+01 4.100000e+02
    endloop
  endfacet
  facet normal 0.000000e+00 0.000000e+00 1.000000e+00
    outer loop
      vertex   1.650000e+01 2.859808e+01 4.100000e+02
      vertex   2.115382e+01 9.718443e+01 4.100000e+02
      vertex   2.056230e+01 9.701582e+01 4.100000e+02
    endloop
  endfacet
  facet normal 0.000000e+00 0.000000e+00 1.000000e+00
    outer loop
      vertex   1.650000e+01 2.859808e+01 4.100000e+02
      vertex   2.056230e+01 9.701582e+01 4.100000e+02
      vertex   1.994883e+01 9.697139e+01 4.100000e+02
    endloop
  endfacet
  facet normal 0.000000e+00 -0.000000e+00 1.000000e+00
    outer loop
      vertex   1.650000e+01 2.859808e+01 4.100000e+02
      vertex   1.994883e+01 9.697139e+01 4.100000e+02
      vertex   1.592705e+01 2.885317e+01 4.100000e+02
    endloop
  endfacet
  facet normal 0.000000e+00 0.000000e+00 1.000000e+00
    outer loop
      vertex   1.592705e+01 2.885317e+01 4.100000e+02
      vertex   1.994883e+01 9.697139e+01 4.100000e+02
      vertex   1.933919e+01 9.705301e+01 4.100000e+02
    endloop
  endfacet
  facet normal 0.000000e+00 -0.000000e+00 1.000000e+00
    outer loop
      vertex   1.592705e+01 2.885317e+01 4.100000e+02
      vertex   1.933919e+01 9.705301e+01 4.100000e+02
      vertex   1.531359e+01 2.898357e+01 4.100000e+02
    endloop
  endfacet
  facet normal 0.000000e+00 0.000000e+00 1.000000e+00
    outer loop
      vertex   1.531359e+01 2.898357e+01 4.100000e+02
      vertex   1.933919e+01 9.705301e+01 4.100000e+02
      vertex   1.875901e+01 9.725724e+01 4.100000e+02
    endloop
  endfacet
  facet normal 0.000000e+00 -0.000000e+00 1.000000e+00
    outer loop
      vertex   1.531359e+01 2.898357e+01 4.100000e+02
      vertex   1.875901e+01 9.725724e+01 4.100000e+02
      vertex   1.468641e+01 2.898357e+01 4.100000e+02
    endloop
  endfacet
  facet normal 0.000000e+00 0.000000e+00 1.000000e+00
    outer loop
      vertex   1.468641e+01 2.898357e+01 4.100000e+02
      vertex   1.875901e+01 9.725724e+01 4.100000e+02
      vertex   1.823268e+01 9.757551e+01 4.100000e+02
    endloop
  endfacet
  facet normal 0.000000e+00 -0.000000e+00 1.000000e+00
    outer loop
      vertex   1.468641e+01 2.898357e+01 4.100000e+02
      vertex   1.823268e+01 9.757551e+01 4.100000e+02
      vertex   1.407295e+01 2.885317e+01 4.100000e+02
    endloop
  endfacet
  facet normal 0.000000e+00 -0.000000e+00 1.000000e+00
    outer loop
      vertex   1.407295e+01 2.885317e+01 4.100000e+02
      vertex   1.823268e+01 9.757551e+01 4.100000e+02
      vertex   2.645124e+00 3.329201e+01 4.100000e+02
    endloop
  endfacet
  facet normal 0.000000e+00 0.000000e+00 1.000000e+00
    outer loop
      vertex   1.407295e+01 2.885317e+01 4.100000e+02
      vertex   2.645124e+00 3.329201e+01 4.100000e+02
      vertex   3.031089e+00 3.275000e+01 4.100000e+02
    endloop
  endfacet
  facet normal 0.000000e+00 -0.000000e+00 1.000000e+00
    outer loop
      vertex   2.645124e+00 3.329201e+01 4.100000e+02
      vertex   1.823268e+01 9.757551e+01 4.100000e+02
      vertex   2.163556e+00 3.375119e+01 4.100000e+02
    endloop
  endfacet
  facet normal 0.000000e+00 0.000000e+00 1.000000e+00
    outer loop
      vertex   2.163556e+00 3.375119e+01 4.100000e+02
      vertex   1.823268e+01 9.757551e+01 4.100000e+02
      vertex   1.778232e+01 9.799444e+01 4.100000e+02
    endloop
  endfacet
  facet normal 0.000000e+00 -0.000000e+00 1.000000e+00
    outer loop
      vertex   2.163556e+00 3.375119e+01 4.100000e+02
      vertex   1.778232e+01 9.799444e+01 4.100000e+02
      vertex   1.603793e+00 3.411092e+01 4.100000e+02
    endloop
  endfacet
  facet normal 0.000000e+00 0.000000e+00 1.000000e+00
    outer loop
      vertex   1.603793e+00 3.411092e+01 4.100000e+02
      vertex   1.778232e+01 9.799444e+01 4.100000e+02
      vertex   1.742686e+01 9.849640e+01 4.100000e+02
    endloop
  endfacet
  facet normal 0.000000e+00 -0.000000e+00 1.000000e+00
    outer loop
      vertex   1.603793e+00 3.411092e+01 4.100000e+02
      vertex   1.742686e+01 9.849640e+01 4.100000e+02
      vertex   9.860639e-01 3.435823e+01 4.100000e+02
    endloop
  endfacet
  facet normal 0.000000e+00 -0.000000e+00 1.000000e+00
    outer loop
      vertex   9.860639e-01 3.435823e+01 4.100000e+02
      vertex   1.742686e+01 9.849640e+01 4.100000e+02
      vertex   3.326962e-01 3.448415e+01 4.100000e+02
    endloop
  endfacet
  facet normal 0.000000e+00 0.000000e+00 1.000000e+00
    outer loop
      vertex   3.326962e-01 3.448415e+01 4.100000e+02
      vertex   1.742686e+01 9.849640e+01 4.100000e+02
      vertex   1.718125e+01 9.906031e+01 4.100000e+02
    endloop
  endfacet
  facet normal 0.000000e+00 -0.000000e+00 1.000000e+00
    outer loop
      vertex   3.326962e-01 3.448415e+01 4.100000e+02
      vertex   1.718125e+01 9.906031e+01 4.100000e+02
      vertex   -3.326962e-01 3.448415e+01 4.100000e+02
    endloop
  endfacet
  facet normal 0.000000e+00 -0.000000e+00 1.000000e+00
    outer loop
      vertex   1.823268e+01 1.023645e+02 4.100000e+02
      vertex   1.875901e+01 1.026828e+02 4.100000e+02
      vertex   -1.948455e+01 1.035000e+02 4.100000e+02
    endloop
  endfacet
  facet normal 0.000000e+00 0.000000e+00 1.000000e+00
    outer loop
      vertex   -1.948455e+01 1.035000e+02 4.100000e+02
      vertex   1.875901e+01 1.026828e+02 4.100000e+02
      vertex   1.933919e+01 1.028870e+02 4.100000e+02
    endloop
  endfacet
  facet normal 0.000000e+00 0.000000e+00 1.000000e+00
    outer loop
      vertex   -1.948455e+01 1.035000e+02 4.100000e+02
      vertex   1.933919e+01 1.028870e+02 4.100000e+02
      vertex   1.994883e+01 1.029686e+02 4.100000e+02
    endloop
  endfacet
  facet normal -0.000000e+00 0.000000e+00 1.000000e+00
    outer loop
      vertex   -1.948455e+01 1.035000e+02 4.100000e+02
      vertex   1.994883e+01 1.029686e+02 4.100000e+02
      vertex   2.350000e+01 1.035000e+02 4.100000e+02
    endloop
  endfacet
  facet normal 0.000000e+00 0.000000e+00 1.000000e+00
    outer loop
      vertex   2.350000e+01 1.035000e+02 4.100000e+02
      vertex   1.994883e+01 1.029686e+02 4.100000e+02
      vertex   2.056230e+01 1.029242e+02 4.100000e+02
    endloop
  endfacet
  facet normal 0.000000e+00 0.000000e+00 1.000000e+00
    outer loop
      vertex   2.350000e+01 1.035000e+02 4.100000e+02
      vertex   2.056230e+01 1.029242e+02 4.100000e+02
      vertex   2.115382e+01 1.027556e+02 4.100000e+02
    endloop
  endfacet
  facet normal -0.000000e+00 0.000000e+00 1.000000e+00
    outer loop
      vertex   2.115382e+01 1.027556e+02 4.100000e+02
      vertex   2.169851e+01 1.024699e+02 4.100000e+02
      vertex   2.350000e+01 1.035000e+02 4.100000e+02
    endloop
  endfacet
  facet normal 0.000000e+00 0.000000e+00 1.000000e+00
    outer loop
      vertex   2.350000e+01 1.035000e+02 4.100000e+02
      vertex   2.169851e+01 1.024699e+02 4.100000e+02
      vertex   2.217349e+01 1.020791e+02 4.100000e+02
    endloop
  endfacet
  facet normal 0.000000e+00 0.000000e+00 1.000000e+00
    outer loop
      vertex   2.350000e+01 1.035000e+02 4.100000e+02
      vertex   2.217349e+01 1.020791e+02 4.100000e+02
      vertex   2.255879e+01 1.015996e+02 4.100000e+02
    endloop
  endfacet
  facet normal -0.000000e+00 0.000000e+00 1.000000e+00
    outer loop
      vertex   2.255879e+01 1.015996e+02 4.100000e+02
      vertex   2.283821e+01 1.010517e+02 4.100000e+02
      vertex   2.350000e+01 1.035000e+02 4.100000e+02
    endloop
  endfacet
  facet normal 0.000000e+00 0.000000e+00 1.000000e+00
    outer loop
      vertex   2.350000e+01 1.035000e+02 4.100000e+02
      vertex   2.283821e+01 1.010517e+02 4.100000e+02
      vertex   2.350000e+01 1.004583e+02 4.100000e+02
    endloop
  endfacet
  facet normal 0.000000e+00 0.000000e+00 1.000000e+00
    outer loop
      vertex   2.350000e+01 1.004583e+02 4.100000e+02
      vertex   2.283821e+01 1.010517e+02 4.100000e+02
      vertex   2.300000e+01 1.004583e+02 4.100000e+02
    endloop
  endfacet
  facet normal 0.000000e+00 0.000000e+00 1.000000e+00
    outer loop
      vertex   -2.851016e+00 2.896980e+01 4.100000e+02
      vertex   -3.183712e+00 2.954605e+01 4.100000e+02
      vertex   -1.206556e+01 2.537627e+01 4.100000e+02
    endloop
  endfacet
  facet normal 0.000000e+00 0.000000e+00 1.000000e+00
    outer loop
      vertex   -1.206556e+01 2.537627e+01 4.100000e+02
      vertex   -3.183712e+00 2.954605e+01 4.100000e+02
      vertex   -1.200000e+01 2.600000e+01 4.100000e+02
    endloop
  endfacet
  facet normal 0.000000e+00 0.000000e+00 1.000000e+00
    outer loop
      vertex   -1.200000e+01 2.600000e+01 4.100000e+02
      vertex   -3.183712e+00 2.954605e+01 4.100000e+02
      vertex   -3.401340e+00 3.017484e+01 4.100000e+02
    endloop
  endfacet
  facet normal 0.000000e+00 -0.000000e+00 1.000000e+00
    outer loop
      vertex   -1.200000e+01 2.600000e+01 4.100000e+02
      vertex   -3.401340e+00 3.017484e+01 4.100000e+02
      vertex   -1.206556e+01 2.662374e+01 4.100000e+02
    endloop
  endfacet
  facet normal 0.000000e+00 0.000000e+00 1.000000e+00
    outer loop
      vertex   -1.206556e+01 2.662374e+01 4.100000e+02
      vertex   -3.401340e+00 3.017484e+01 4.100000e+02
      vertex   -3.496036e+00 3.083346e+01 4.100000e+02
    endloop
  endfacet
  facet normal 0.000000e+00 -0.000000e+00 1.000000e+00
    outer loop
      vertex   -1.206556e+01 2.662374e+01 4.100000e+02
      vertex   -3.496036e+00 3.083346e+01 4.100000e+02
      vertex   -1.225936e+01 2.722021e+01 4.100000e+02
    endloop
  endfacet
  facet normal 0.000000e+00 0.000000e+00 1.000000e+00
    outer loop
      vertex   -1.225936e+01 2.722021e+01 4.100000e+02
      vertex   -3.496036e+00 3.083346e+01 4.100000e+02
      vertex   -3.464375e+00 3.149810e+01 4.100000e+02
    endloop
  endfacet
  facet normal 0.000000e+00 -0.000000e+00 1.000000e+00
    outer loop
      vertex   -1.225936e+01 2.722021e+01 4.100000e+02
      vertex   -3.464375e+00 3.149810e+01 4.100000e+02
      vertex   -1.257295e+01 2.776336e+01 4.100000e+02
    endloop
  endfacet
  facet normal 0.000000e+00 0.000000e+00 1.000000e+00
    outer loop
      vertex   -1.257295e+01 2.776336e+01 4.100000e+02
      vertex   -3.464375e+00 3.149810e+01 4.100000e+02
      vertex   -3.307503e+00 3.214474e+01 4.100000e+02
    endloop
  endfacet
  facet normal 0.000000e+00 -0.000000e+00 1.000000e+00
    outer loop
      vertex   -1.257295e+01 2.776336e+01 4.100000e+02
      vertex   -3.307503e+00 3.214474e+01 4.100000e+02
      vertex   -1.299261e+01 2.822943e+01 4.100000e+02
    endloop
  endfacet
  facet normal 0.000000e+00 0.000000e+00 1.000000e+00
    outer loop
      vertex   -1.299261e+01 2.822943e+01 4.100000e+02
      vertex   -3.307503e+00 3.214474e+01 4.100000e+02
      vertex   -3.031089e+00 3.275000e+01 4.100000e+02
    endloop
  endfacet
  facet normal -0.000000e+00 -0.000000e+00 1.000000e+00
    outer loop
      vertex   3.307503e+00 3.214474e+01 4.100000e+02
      vertex   1.299261e+01 2.822943e+01 4.100000e+02
      vertex   3.031089e+00 3.275000e+01 4.100000e+02
    endloop
  endfacet
  facet normal 0.000000e+00 0.000000e+00 1.000000e+00
    outer loop
      vertex   3.031089e+00 3.275000e+01 4.100000e+02
      vertex   1.299261e+01 2.822943e+01 4.100000e+02
      vertex   1.350000e+01 2.859808e+01 4.100000e+02
    endloop
  endfacet
  facet normal 0.000000e+00 0.000000e+00 1.000000e+00
    outer loop
      vertex   3.031089e+00 3.275000e+01 4.100000e+02
      vertex   1.350000e+01 2.859808e+01 4.100000e+02
      vertex   1.407295e+01 2.885317e+01 4.100000e+02
    endloop
  endfacet
  facet normal 0.000000e+00 0.000000e+00 1.000000e+00
    outer loop
      vertex   1.299261e+01 2.822943e+01 4.100000e+02
      vertex   3.307503e+00 3.214474e+01 4.100000e+02
      vertex   1.257295e+01 2.776336e+01 4.100000e+02
    endloop
  endfacet
  facet normal 0.000000e+00 0.000000e+00 1.000000e+00
    outer loop
      vertex   1.257295e+01 2.776336e+01 4.100000e+02
      vertex   3.307503e+00 3.214474e+01 4.100000e+02
      vertex   3.464375e+00 3.149810e+01 4.100000e+02
    endloop
  endfacet
  facet normal 0.000000e+00 0.000000e+00 1.000000e+00
    outer loop
      vertex   1.257295e+01 2.776336e+01 4.100000e+02
      vertex   3.464375e+00 3.149810e+01 4.100000e+02
      vertex   1.225936e+01 2.722021e+01 4.100000e+02
    endloop
  endfacet
  facet normal 0.000000e+00 0.000000e+00 1.000000e+00
    outer loop
      vertex   1.225936e+01 2.722021e+01 4.100000e+02
      vertex   3.464375e+00 3.149810e+01 4.100000e+02
      vertex   3.496036e+00 3.083346e+01 4.100000e+02
    endloop
  endfacet
  facet normal 0.000000e+00 0.000000e+00 1.000000e+00
    outer loop
      vertex   1.225936e+01 2.722021e+01 4.100000e+02
      vertex   3.496036e+00 3.083346e+01 4.100000e+02
      vertex   1.206556e+01 2.662374e+01 4.100000e+02
    endloop
  endfacet
  facet normal 0.000000e+00 0.000000e+00 1.000000e+00
    outer loop
      vertex   1.206556e+01 2.662374e+01 4.100000e+02
      vertex   3.496036e+00 3.083346e+01 4.100000e+02
      vertex   3.401340e+00 3.017484e+01 4.100000e+02
    endloop
  endfacet
  facet normal 0.000000e+00 0.000000e+00 1.000000e+00
    outer loop
      vertex   1.206556e+01 2.662374e+01 4.100000e+02
      vertex   3.401340e+00 3.017484e+01 4.100000e+02
      vertex   1.200000e+01 2.600000e+01 4.100000e+02
    endloop
  endfacet
  facet normal 0.000000e+00 0.000000e+00 1.000000e+00
    outer loop
      vertex   1.200000e+01 2.600000e+01 4.100000e+02
      vertex   3.401340e+00 3.017484e+01 4.100000e+02
      vertex   3.183712e+00 2.954605e+01 4.100000e+02
    endloop
  endfacet
  facet normal 0.000000e+00 0.000000e+00 1.000000e+00
    outer loop
      vertex   1.200000e+01 2.600000e+01 4.100000e+02
      vertex   3.183712e+00 2.954605e+01 4.100000e+02
      vertex   1.206556e+01 2.537627e+01 4.100000e+02
    endloop
  endfacet
  facet normal 0.000000e+00 0.000000e+00 1.000000e+00
    outer loop
      vertex   1.206556e+01 2.537627e+01 4.100000e+02
      vertex   3.183712e+00 2.954605e+01 4.100000e+02
      vertex   2.851016e+00 2.896980e+01 4.100000e+02
    endloop
  endfacet
  facet normal 0.000000e+00 0.000000e+00 1.000000e+00
    outer loop
      vertex   1.800000e+01 2.600000e+01 4.100000e+02
      vertex   1.793444e+01 2.537627e+01 4.100000e+02
      vertex   2.350000e+01 1.650000e+01 4.100000e+02
    endloop
  endfacet
  facet normal 0.000000e+00 0.000000e+00 1.000000e+00
    outer loop
      vertex   2.350000e+01 1.650000e+01 4.100000e+02
      vertex   1.793444e+01 2.537627e+01 4.100000e+02
      vertex   1.774064e+01 2.477979e+01 4.100000e+02
    endloop
  endfacet
  facet normal 0.000000e+00 0.000000e+00 1.000000e+00
    outer loop
      vertex   2.350000e+01 1.650000e+01 4.100000e+02
      vertex   1.774064e+01 2.477979e+01 4.100000e+02
      vertex   1.742705e+01 2.423664e+01 4.100000e+02
    endloop
  endfacet
  facet normal 0.000000e+00 0.000000e+00 1.000000e+00
    outer loop
      vertex   1.742705e+01 2.423664e+01 4.100000e+02
      vertex   1.700739e+01 2.377057e+01 4.100000e+02
      vertex   2.350000e+01 1.650000e+01 4.100000e+02
    endloop
  endfacet
  facet normal 0.000000e+00 0.000000e+00 1.000000e+00
    outer loop
      vertex   2.350000e+01 1.650000e+01 4.100000e+02
      vertex   1.700739e+01 2.377057e+01 4.100000e+02
      vertex   1.650000e+01 2.340192e+01 4.100000e+02
    endloop
  endfacet
  facet normal 0.000000e+00 0.000000e+00 1.000000e+00
    outer loop
      vertex   2.350000e+01 1.650000e+01 4.100000e+02
      vertex   1.650000e+01 2.340192e+01 4.100000e+02
      vertex   1.592705e+01 2.314683e+01 4.100000e+02
    endloop
  endfacet
  facet normal 0.000000e+00 0.000000e+00 1.000000e+00
    outer loop
      vertex   1.592705e+01 2.314683e+01 4.100000e+02
      vertex   1.531359e+01 2.301643e+01 4.100000e+02
      vertex   2.350000e+01 1.650000e+01 4.100000e+02
    endloop
  endfacet
  facet normal 0.000000e+00 0.000000e+00 1.000000e+00
    outer loop
      vertex   2.350000e+01 1.650000e+01 4.100000e+02
      vertex   1.531359e+01 2.301643e+01 4.100000e+02
      vertex   1.468641e+01 2.301643e+01 4.100000e+02
    endloop
  endfacet
  facet normal 0.000000e+00 0.000000e+00 1.000000e+00
    outer loop
      vertex   2.350000e+01 1.650000e+01 4.100000e+02
      vertex   1.468641e+01 2.301643e+01 4.100000e+02
      vertex   1.407295e+01 2.314683e+01 4.100000e+02
    endloop
  endfacet
  facet normal -9.945219e-01 1.045285e-01 0.000000e+00
    outer loop
      vertex   1.206556e+01 2.662374e+01 4.160000e+02
      vertex   1.206556e+01 2.662374e+01 4.100000e+02
      vertex   1.200000e+01 2.600000e+01 4.160000e+02
    endloop
  endfacet
  facet normal -9.945219e-01 1.045285e-01 0.000000e+00
    outer loop
      vertex   1.200000e+01 2.600000e+01 4.160000e+02
      vertex   1.206556e+01 2.662374e+01 4.100000e+02
      vertex   1.200000e+01 2.600000e+01 4.100000e+02
    endloop
  endfacet
  facet normal -9.945219e-01 -1.045285e-01 -0.000000e+00
    outer loop
      vertex   1.200000e+01 2.600000e+01 4.160000e+02
      vertex   1.200000e+01 2.600000e+01 4.100000e+02
      vertex   1.206556e+01 2.537627e+01 4.160000e+02
    endloop
  endfacet
  facet normal -9.945219e-01 -1.045285e-01 -0.000000e+00
    outer loop
      vertex   1.206556e+01 2.537627e+01 4.160000e+02
      vertex   1.200000e+01 2.600000e+01 4.100000e+02
      vertex   1.206556e+01 2.537627e+01 4.100000e+02
    endloop
  endfacet
  facet normal -9.510565e-01 -3.090170e-01 -0.000000e+00
    outer loop
      vertex   1.206556e+01 2.537627e+01 4.160000e+02
      vertex   1.206556e+01 2.537627e+01 4.100000e+02
      vertex   1.225936e+01 2.477979e+01 4.160000e+02
    endloop
  endfacet
  facet normal -9.510565e-01 -3.090170e-01 1.829748e-16
    outer loop
      vertex   1.225936e+01 2.477979e+01 4.160000e+02
      vertex   1.206556e+01 2.537627e+01 4.100000e+02
      vertex   1.225936e+01 2.477979e+01 4.100000e+02
    endloop
  endfacet
  facet normal -8.660254e-01 -5.000000e-01 2.960595e-16
    outer loop
      vertex   1.225936e+01 2.477979e+01 4.160000e+02
      vertex   1.225936e+01 2.477979e+01 4.100000e+02
      vertex   1.257295e+01 2.423664e+01 4.160000e+02
    endloop
  endfacet
  facet normal -8.660254e-01 -5.000000e-01 -0.000000e+00
    outer loop
      vertex   1.257295e+01 2.423664e+01 4.160000e+02
      vertex   1.225936e+01 2.477979e+01 4.100000e+02
      vertex   1.257295e+01 2.423664e+01 4.100000e+02
    endloop
  endfacet
  facet normal -7.431448e-01 -6.691306e-01 -0.000000e+00
    outer loop
      vertex   1.257295e+01 2.423664e+01 4.160000e+02
      vertex   1.257295e+01 2.423664e+01 4.100000e+02
      vertex   1.299261e+01 2.377057e+01 4.160000e+02
    endloop
  endfacet
  facet normal -7.431448e-01 -6.691306e-01 -0.000000e+00
    outer loop
      vertex   1.299261e+01 2.377057e+01 4.160000e+02
      vertex   1.257295e+01 2.423664e+01 4.100000e+02
      vertex   1.299261e+01 2.377057e+01 4.100000e+02
    endloop
  endfacet
  facet normal -5.877853e-01 -8.090170e-01 -0.000000e+00
    outer loop
      vertex   1.299261e+01 2.377057e+01 4.160000e+02
      vertex   1.299261e+01 2.377057e+01 4.100000e+02
      vertex   1.350000e+01 2.340192e+01 4.160000e+02
    endloop
  endfacet
  facet normal -5.877853e-01 -8.090170e-01 3.050149e-16
    outer loop
      vertex   1.350000e+01 2.340192e+01 4.160000e+02
      vertex   1.299261e+01 2.377057e+01 4.100000e+02
      vertex   1.350000e+01 2.340192e+01 4.100000e+02
    endloop
  endfacet
  facet normal -4.067366e-01 -9.135455e-01 4.205093e-16
    outer loop
      vertex   1.350000e+01 2.340192e+01 4.160000e+02
      vertex   1.350000e+01 2.340192e+01 4.100000e+02
      vertex   1.407295e+01 2.314683e+01 4.160000e+02
    endloop
  endfacet
  facet normal -4.067366e-01 -9.135455e-01 -0.000000e+00
    outer loop
      vertex   1.407295e+01 2.314683e+01 4.160000e+02
      vertex   1.350000e+01 2.340192e+01 4.100000e+02
      vertex   1.407295e+01 2.314683e+01 4.100000e+02
    endloop
  endfacet
  facet normal -2.079117e-01 -9.781476e-01 -0.000000e+00
    outer loop
      vertex   1.407295e+01 2.314683e+01 4.160000e+02
      vertex   1.407295e+01 2.314683e+01 4.100000e+02
      vertex   1.468641e+01 2.301643e+01 4.160000e+02
    endloop
  endfacet
  facet normal -2.079117e-01 -9.781476e-01 -6.155423e-17
    outer loop
      vertex   1.468641e+01 2.301643e+01 4.160000e+02
      vertex   1.407295e+01 2.314683e+01 4.100000e+02
      vertex   1.468641e+01 2.301643e+01 4.100000e+02
    endloop
  endfacet
  facet normal 0.000000e+00 -1.000000e+00 0.000000e+00
    outer loop
      vertex   1.468641e+01 2.301643e+01 4.160000e+02
      vertex   1.468641e+01 2.301643e+01 4.100000e+02
      vertex   1.531359e+01 2.301643e+01 4.160000e+02
    endloop
  endfacet
  facet normal 0.000000e+00 -1.000000e+00 -0.000000e+00
    outer loop
      vertex   1.531359e+01 2.301643e+01 4.160000e+02
      vertex   1.468641e+01 2.301643e+01 4.100000e+02
      vertex   1.531359e+01 2.301643e+01 4.100000e+02
    endloop
  endfacet
  facet normal 2.079117e-01 -9.781476e-01 6.155423e-17
    outer loop
      vertex   1.531359e+01 2.301643e+01 4.160000e+02
      vertex   1.531359e+01 2.301643e+01 4.100000e+02
      vertex   1.592705e+01 2.314683e+01 4.160000e+02
    endloop
  endfacet
  facet normal 2.079117e-01 -9.781476e-01 0.000000e+00
    outer loop
      vertex   1.592705e+01 2.314683e+01 4.160000e+02
      vertex   1.531359e+01 2.301643e+01 4.100000e+02
      vertex   1.592705e+01 2.314683e+01 4.100000e+02
    endloop
  endfacet
  facet normal 4.067366e-01 -9.135455e-01 0.000000e+00
    outer loop
      vertex   1.592705e+01 2.314683e+01 4.160000e+02
      vertex   1.592705e+01 2.314683e+01 4.100000e+02
      vertex   1.650000e+01 2.340192e+01 4.160000e+02
    endloop
  endfacet
  facet normal 4.067366e-01 -9.135455e-01 0.000000e+00
    outer loop
      vertex   1.650000e+01 2.340192e+01 4.160000e+02
      vertex   1.592705e+01 2.314683e+01 4.100000e+02
      vertex   1.650000e+01 2.340192e+01 4.100000e+02
    endloop
  endfacet
  facet normal 5.877853e-01 -8.090170e-01 0.000000e+00
    outer loop
      vertex   1.650000e+01 2.340192e+01 4.160000e+02
      vertex   1.650000e+01 2.340192e+01 4.100000e+02
      vertex   1.700739e+01 2.377057e+01 4.160000e+02
    endloop
  endfacet
  facet normal 5.877853e-01 -8.090170e-01 3.480388e-16
    outer loop
      vertex   1.700739e+01 2.377057e+01 4.160000e+02
      vertex   1.650000e+01 2.340192e+01 4.100000e+02
      vertex   1.700739e+01 2.377057e+01 4.100000e+02
    endloop
  endfacet
  facet normal 7.431448e-01 -6.691306e-01 4.400301e-16
    outer loop
      vertex   1.700739e+01 2.377057e+01 4.160000e+02
      vertex   1.700739e+01 2.377057e+01 4.100000e+02
      vertex   1.742705e+01 2.423664e+01 4.160000e+02
    endloop
  endfacet
  facet normal 7.431448e-01 -6.691306e-01 0.000000e+00
    outer loop
      vertex   1.742705e+01 2.423664e+01 4.160000e+02
      vertex   1.700739e+01 2.377057e+01 4.100000e+02
      vertex   1.742705e+01 2.423664e+01 4.100000e+02
    endloop
  endfacet
  facet normal 8.660254e-01 -5.000000e-01 0.000000e+00
    outer loop
      vertex   1.742705e+01 2.423664e+01 4.160000e+02
      vertex   1.742705e+01 2.423664e+01 4.100000e+02
      vertex   1.774064e+01 2.477979e+01 4.160000e+02
    endloop
  endfacet
  facet normal 8.660254e-01 -5.000000e-01 0.000000e+00
    outer loop
      vertex   1.774064e+01 2.477979e+01 4.160000e+02
      vertex   1.742705e+01 2.423664e+01 4.100000e+02
      vertex   1.774064e+01 2.477979e+01 4.100000e+02
    endloop
  endfacet
  facet normal 9.510565e-01 -3.090170e-01 0.000000e+00
    outer loop
      vertex   1.774064e+01 2.477979e+01 4.160000e+02
      vertex   1.774064e+01 2.477979e+01 4.100000e+02
      vertex   1.793444e+01 2.537627e+01 4.160000e+02
    endloop
  endfacet
  facet normal 9.510565e-01 -3.090170e-01 0.000000e+00
    outer loop
      vertex   1.793444e+01 2.537627e+01 4.160000e+02
      vertex   1.774064e+01 2.477979e+01 4.100000e+02
      vertex   1.793444e+01 2.537627e+01 4.100000e+02
    endloop
  endfacet
  facet normal 9.945219e-01 -1.045285e-01 0.000000e+00
    outer loop
      vertex   1.793444e+01 2.537627e+01 4.160000e+02
      vertex   1.793444e+01 2.537627e+01 4.100000e+02
      vertex   1.800000e+01 2.600000e+01 4.160000e+02
    endloop
  endfacet
  facet normal 9.945219e-01 -1.045285e-01 0.000000e+00
    outer loop
      vertex   1.800000e+01 2.600000e+01 4.160000e+02
      vertex   1.793444e+01 2.537627e+01 4.100000e+02
      vertex   1.800000e+01 2.600000e+01 4.100000e+02
    endloop
  endfacet
  facet normal 9.945219e-01 1.045285e-01 0.000000e+00
    outer loop
      vertex   1.800000e+01 2.600000e+01 4.160000e+02
      vertex   1.800000e+01 2.600000e+01 4.100000e+02
      vertex   1.793444e+01 2.662374e+01 4.160000e+02
    endloop
  endfacet
  facet normal 9.945219e-01 1.045285e-01 0.000000e+00
    outer loop
      vertex   1.793444e+01 2.662374e+01 4.160000e+02
      vertex   1.800000e+01 2.600000e+01 4.100000e+02
      vertex   1.793444e+01 2.662374e+01 4.100000e+02
    endloop
  endfacet
  facet normal 9.510565e-01 3.090170e-01 0.000000e+00
    outer loop
      vertex   1.793444e+01 2.662374e+01 4.160000e+02
      vertex   1.793444e+01 2.662374e+01 4.100000e+02
      vertex   1.774064e+01 2.722021e+01 4.160000e+02
    endloop
  endfacet
  facet normal 9.510565e-01 3.090170e-01 0.000000e+00
    outer loop
      vertex   1.774064e+01 2.722021e+01 4.160000e+02
      vertex   1.793444e+01 2.662374e+01 4.100000e+02
      vertex   1.774064e+01 2.722021e+01 4.100000e+02
    endloop
  endfacet
  facet normal 8.660254e-01 5.000000e-01 0.000000e+00
    outer loop
      vertex   1.774064e+01 2.722021e+01 4.160000e+02
      vertex   1.774064e+01 2.722021e+01 4.100000e+02
      vertex   1.742705e+01 2.776336e+01 4.160000e+02
    endloop
  endfacet
  facet normal 8.660254e-01 5.000000e-01 0.000000e+00
    outer loop
      vertex   1.742705e+01 2.776336e+01 4.160000e+02
      vertex   1.774064e+01 2.722021e+01 4.100000e+02
      vertex   1.742705e+01 2.776336e+01 4.100000e+02
    endloop
  endfacet
  facet normal 7.431448e-01 6.691306e-01 0.000000e+00
    outer loop
      vertex   1.742705e+01 2.776336e+01 4.160000e+02
      vertex   1.742705e+01 2.776336e+01 4.100000e+02
      vertex   1.700739e+01 2.822943e+01 4.160000e+02
    endloop
  endfacet
  facet normal 7.431448e-01 6.691306e-01 -4.400301e-16
    outer loop
      vertex   1.700739e+01 2.822943e+01 4.160000e+02
      vertex   1.742705e+01 2.776336e+01 4.100000e+02
      vertex   1.700739e+01 2.822943e+01 4.100000e+02
    endloop
  endfacet
  facet normal 5.877853e-01 8.090170e-01 -3.480388e-16
    outer loop
      vertex   1.700739e+01 2.822943e+01 4.160000e+02
      vertex   1.700739e+01 2.822943e+01 4.100000e+02
      vertex   1.650000e+01 2.859808e+01 4.160000e+02
    endloop
  endfacet
  facet normal 5.877853e-01 8.090170e-01 0.000000e+00
    outer loop
      vertex   1.650000e+01 2.859808e+01 4.160000e+02
      vertex   1.700739e+01 2.822943e+01 4.100000e+02
      vertex   1.650000e+01 2.859808e+01 4.100000e+02
    endloop
  endfacet
  facet normal 4.067366e-01 9.135455e-01 0.000000e+00
    outer loop
      vertex   1.650000e+01 2.859808e+01 4.160000e+02
      vertex   1.650000e+01 2.859808e+01 4.100000e+02
      vertex   1.592705e+01 2.885317e+01 4.160000e+02
    endloop
  endfacet
  facet normal 4.067366e-01 9.135455e-01 0.000000e+00
    outer loop
      vertex   1.592705e+01 2.885317e+01 4.160000e+02
      vertex   1.650000e+01 2.859808e+01 4.100000e+02
      vertex   1.592705e+01 2.885317e+01 4.100000e+02
    endloop
  endfacet
  facet normal 2.079117e-01 9.781476e-01 0.000000e+00
    outer loop
      vertex   1.592705e+01 2.885317e+01 4.160000e+02
      vertex   1.592705e+01 2.885317e+01 4.100000e+02
      vertex   1.531359e+01 2.898357e+01 4.160000e+02
    endloop
  endfacet
  facet normal 2.079117e-01 9.781476e-01 -6.155423e-17
    outer loop
      vertex   1.531359e+01 2.898357e+01 4.160000e+02
      vertex   1.592705e+01 2.885317e+01 4.100000e+02
      vertex   1.531359e+01 2.898357e+01 4.100000e+02
    endloop
  endfacet
  facet normal 0.000000e+00 1.000000e+00 0.000000e+00
    outer loop
      vertex   1.531359e+01 2.898357e+01 4.160000e+02
      vertex   1.531359e+01 2.898357e+01 4.100000e+02
      vertex   1.468641e+01 2.898357e+01 4.160000e+02
    endloop
  endfacet
  facet normal 0.000000e+00 1.000000e+00 0.000000e+00
    outer loop
      vertex   1.468641e+01 2.898357e+01 4.160000e+02
      vertex   1.531359e+01 2.898357e+01 4.100000e+02
      vertex   1.468641e+01 2.898357e+01 4.100000e+02
    endloop
  endfacet
  facet normal -2.079117e-01 9.781476e-01 6.155423e-17
    outer loop
      vertex   1.468641e+01 2.898357e+01 4.160000e+02
      vertex   1.468641e+01 2.898357e+01 4.100000e+02
      vertex   1.407295e+01 2.885317e+01 4.160000e+02
    endloop
  endfacet
  facet normal -2.079117e-01 9.781476e-01 0.000000e+00
    outer loop
      vertex   1.407295e+01 2.885317e+01 4.160000e+02
      vertex   1.468641e+01 2.898357e+01 4.100000e+02
      vertex   1.407295e+01 2.885317e+01 4.100000e+02
    endloop
  endfacet
  facet normal -4.067366e-01 9.135455e-01 0.000000e+00
    outer loop
      vertex   1.407295e+01 2.885317e+01 4.160000e+02
      vertex   1.407295e+01 2.885317e+01 4.100000e+02
      vertex   1.350000e+01 2.859808e+01 4.160000e+02
    endloop
  endfacet
  facet normal -4.067366e-01 9.135455e-01 -4.205093e-16
    outer loop
      vertex   1.350000e+01 2.859808e+01 4.160000e+02
      vertex   1.407295e+01 2.885317e+01 4.100000e+02
      vertex   1.350000e+01 2.859808e+01 4.100000e+02
    endloop
  endfacet
  facet normal -5.877853e-01 8.090170e-01 -3.050149e-16
    outer loop
      vertex   1.350000e+01 2.859808e+01 4.160000e+02
      vertex   1.350000e+01 2.859808e+01 4.100000e+02
      vertex   1.299261e+01 2.822943e+01 4.160000e+02
    endloop
  endfacet
  facet normal -5.877853e-01 8.090170e-01 0.000000e+00
    outer loop
      vertex   1.299261e+01 2.822943e+01 4.160000e+02
      vertex   1.350000e+01 2.859808e+01 4.100000e+02
      vertex   1.299261e+01 2.822943e+01 4.100000e+02
    endloop
  endfacet
  facet normal -7.431448e-01 6.691306e-01 0.000000e+00
    outer loop
      vertex   1.299261e+01 2.822943e+01 4.160000e+02
      vertex   1.299261e+01 2.822943e+01 4.100000e+02
      vertex   1.257295e+01 2.776336e+01 4.160000e+02
    endloop
  endfacet
  facet normal -7.431448e-01 6.691306e-01 0.000000e+00
    outer loop
      vertex   1.257295e+01 2.776336e+01 4.160000e+02
      vertex   1.299261e+01 2.822943e+01 4.100000e+02
      vertex   1.257295e+01 2.776336e+01 4.100000e+02
    endloop
  endfacet
  facet normal -8.660254e-01 5.000000e-01 0.000000e+00
    outer loop
      vertex   1.257295e+01 2.776336e+01 4.160000e+02
      vertex   1.257295e+01 2.776336e+01 4.100000e+02
      vertex   1.225936e+01 2.722021e+01 4.160000e+02
    endloop
  endfacet
  facet normal -8.660254e-01 5.000000e-01 -2.960595e-16
    outer loop
      vertex   1.225936e+01 2.722021e+01 4.160000e+02
      vertex   1.257295e+01 2.776336e+01 4.100000e+02
      vertex   1.225936e+01 2.722021e+01 4.100000e+02
    endloop
  endfacet
  facet normal -9.510565e-01 3.090170e-01 -1.829748e-16
    outer loop
      vertex   1.225936e+01 2.722021e+01 4.160000e+02
      vertex   1.225936e+01 2.722021e+01 4.100000e+02
      vertex   1.206556e+01 2.662374e+01 4.160000e+02
    endloop
  endfacet
  facet normal -9.510565e-01 3.090170e-01 0.000000e+00
    outer loop
      vertex   1.206556e+01 2.662374e+01 4.160000e+02
      vertex   1.225936e+01 2.722021e+01 4.100000e+02
      vertex   1.206556e+01 2.662374e+01 4.100000e+02
    endloop
  endfacet
  facet normal -9.945219e-01 1.045285e-01 0.000000e+00
    outer loop
      vertex   -1.793444e+01 2.662374e+01 4.160000e+02
      vertex   -1.793444e+01 2.662374e+01 4.100000e+02
      vertex   -1.800000e+01 2.600000e+01 4.160000e+02
    endloop
  endfacet
  facet normal -9.945219e-01 1.045285e-01 0.000000e+00
    outer loop
      vertex   -1.800000e+01 2.600000e+01 4.160000e+02
      vertex   -1.793444e+01 2.662374e+01 4.100000e+02
      vertex   -1.800000e+01 2.600000e+01 4.100000e+02
    endloop
  endfacet
  facet normal -9.945219e-01 -1.045285e-01 -0.000000e+00
    outer loop
      vertex   -1.800000e+01 2.600000e+01 4.160000e+02
      vertex   -1.800000e+01 2.600000e+01 4.100000e+02
      vertex   -1.793444e+01 2.537627e+01 4.160000e+02
    endloop
  endfacet
  facet normal -9.945219e-01 -1.045285e-01 -0.000000e+00
    outer loop
      vertex   -1.793444e+01 2.537627e+01 4.160000e+02
      vertex   -1.800000e+01 2.600000e+01 4.100000e+02
      vertex   -1.793444e+01 2.537627e+01 4.100000e+02
    endloop
  endfacet
  facet normal -9.510565e-01 -3.090170e-01 -0.000000e+00
    outer loop
      vertex   -1.793444e+01 2.537627e+01 4.160000e+02
      vertex   -1.793444e+01 2.537627e+01 4.100000e+02
      vertex   -1.774064e+01 2.477979e+01 4.160000e+02
    endloop
  endfacet
  facet normal -9.510565e-01 -3.090170e-01 1.829748e-16
    outer loop
      vertex   -1.774064e+01 2.477979e+01 4.160000e+02
      vertex   -1.793444e+01 2.537627e+01 4.100000e+02
      vertex   -1.774064e+01 2.477979e+01 4.100000e+02
    endloop
  endfacet
  facet normal -8.660254e-01 -5.000000e-01 2.960595e-16
    outer loop
      vertex   -1.774064e+01 2.477979e+01 4.160000e+02
      vertex   -1.774064e+01 2.477979e+01 4.100000e+02
      vertex   -1.742705e+01 2.423664e+01 4.160000e+02
    endloop
  endfacet
  facet normal -8.660254e-01 -5.000000e-01 -0.000000e+00
    outer loop
      vertex   -1.742705e+01 2.423664e+01 4.160000e+02
      vertex   -1.774064e+01 2.477979e+01 4.100000e+02
      vertex   -1.742705e+01 2.423664e+01 4.100000e+02
    endloop
  endfacet
  facet normal -7.431448e-01 -6.691306e-01 -0.000000e+00
    outer loop
      vertex   -1.742705e+01 2.423664e+01 4.160000e+02
      vertex   -1.742705e+01 2.423664e+01 4.100000e+02
      vertex   -1.700739e+01 2.377057e+01 4.160000e+02
    endloop
  endfacet
  facet normal -7.431448e-01 -6.691306e-01 -0.000000e+00
    outer loop
      vertex   -1.700739e+01 2.377057e+01 4.160000e+02
      vertex   -1.742705e+01 2.423664e+01 4.100000e+02
      vertex   -1.700739e+01 2.377057e+01 4.100000e+02
    endloop
  endfacet
  facet normal -5.877853e-01 -8.090170e-01 -0.000000e+00
    outer loop
      vertex   -1.700739e+01 2.377057e+01 4.160000e+02
      vertex   -1.700739e+01 2.377057e+01 4.100000e+02
      vertex   -1.650000e+01 2.340192e+01 4.160000e+02
    endloop
  endfacet
  facet normal -5.877853e-01 -8.090170e-01 4.790343e-16
    outer loop
      vertex   -1.650000e+01 2.340192e+01 4.160000e+02
      vertex   -1.700739e+01 2.377057e+01 4.100000e+02
      vertex   -1.650000e+01 2.340192e+01 4.100000e+02
    endloop
  endfacet
  facet normal -4.067366e-01 -9.135455e-01 5.409276e-16
    outer loop
      vertex   -1.650000e+01 2.340192e+01 4.160000e+02
      vertex   -1.650000e+01 2.340192e+01 4.100000e+02
      vertex   -1.592705e+01 2.314683e+01 4.160000e+02
    endloop
  endfacet
  facet normal -4.067366e-01 -9.135455e-01 -0.000000e+00
    outer loop
      vertex   -1.592705e+01 2.314683e+01 4.160000e+02
      vertex   -1.650000e+01 2.340192e+01 4.100000e+02
      vertex   -1.592705e+01 2.314683e+01 4.100000e+02
    endloop
  endfacet
  facet normal -2.079117e-01 -9.781476e-01 -0.000000e+00
    outer loop
      vertex   -1.592705e+01 2.314683e+01 4.160000e+02
      vertex   -1.592705e+01 2.314683e+01 4.100000e+02
      vertex   -1.531359e+01 2.301643e+01 4.160000e+02
    endloop
  endfacet
  facet normal -2.079117e-01 -9.781476e-01 -6.155423e-17
    outer loop
      vertex   -1.531359e+01 2.301643e+01 4.160000e+02
      vertex   -1.592705e+01 2.314683e+01 4.100000e+02
      vertex   -1.531359e+01 2.301643e+01 4.100000e+02
    endloop
  endfacet
  facet normal 0.000000e+00 -1.000000e+00 0.000000e+00
    outer loop
      vertex   -1.531359e+01 2.301643e+01 4.160000e+02
      vertex   -1.531359e+01 2.301643e+01 4.100000e+02
      vertex   -1.468641e+01 2.301643e+01 4.160000e+02
    endloop
  endfacet
  facet normal 0.000000e+00 -1.000000e+00 -0.000000e+00
    outer loop
      vertex   -1.468641e+01 2.301643e+01 4.160000e+02
      vertex   -1.531359e+01 2.301643e+01 4.100000e+02
      vertex   -1.468641e+01 2.301643e+01 4.100000e+02
    endloop
  endfacet
  facet normal 2.079117e-01 -9.781476e-01 6.155423e-17
    outer loop
      vertex   -1.468641e+01 2.301643e+01 4.160000e+02
      vertex   -1.468641e+01 2.301643e+01 4.100000e+02
      vertex   -1.407295e+01 2.314683e+01 4.160000e+02
    endloop
  endfacet
  facet normal 2.079117e-01 -9.781476e-01 0.000000e+00
    outer loop
      vertex   -1.407295e+01 2.314683e+01 4.160000e+02
      vertex   -1.468641e+01 2.301643e+01 4.100000e+02
      vertex   -1.407295e+01 2.314683e+01 4.100000e+02
    endloop
  endfacet
  facet normal 4.067366e-01 -9.135455e-01 0.000000e+00
    outer loop
      vertex   -1.407295e+01 2.314683e+01 4.160000e+02
      vertex   -1.407295e+01 2.314683e+01 4.100000e+02
      vertex   -1.350000e+01 2.340192e+01 4.160000e+02
    endloop
  endfacet
  facet normal 4.067366e-01 -9.135455e-01 1.204182e-16
    outer loop
      vertex   -1.350000e+01 2.340192e+01 4.160000e+02
      vertex   -1.407295e+01 2.314683e+01 4.100000e+02
      vertex   -1.350000e+01 2.340192e+01 4.100000e+02
    endloop
  endfacet
  facet normal 5.877853e-01 -8.090170e-01 1.740194e-16
    outer loop
      vertex   -1.350000e+01 2.340192e+01 4.160000e+02
      vertex   -1.350000e+01 2.340192e+01 4.100000e+02
      vertex   -1.299261e+01 2.377057e+01 4.160000e+02
    endloop
  endfacet
  facet normal 5.877853e-01 -8.090170e-01 1.740194e-16
    outer loop
      vertex   -1.299261e+01 2.377057e+01 4.160000e+02
      vertex   -1.350000e+01 2.340192e+01 4.100000e+02
      vertex   -1.299261e+01 2.377057e+01 4.100000e+02
    endloop
  endfacet
  facet normal 7.431448e-01 -6.691306e-01 2.200151e-16
    outer loop
      vertex   -1.299261e+01 2.377057e+01 4.160000e+02
      vertex   -1.299261e+01 2.377057e+01 4.100000e+02
      vertex   -1.257295e+01 2.423664e+01 4.160000e+02
    endloop
  endfacet
  facet normal 7.431448e-01 -6.691306e-01 0.000000e+00
    outer loop
      vertex   -1.257295e+01 2.423664e+01 4.160000e+02
      vertex   -1.299261e+01 2.377057e+01 4.100000e+02
      vertex   -1.257295e+01 2.423664e+01 4.100000e+02
    endloop
  endfacet
  facet normal 8.660254e-01 -5.000000e-01 0.000000e+00
    outer loop
      vertex   -1.257295e+01 2.423664e+01 4.160000e+02
      vertex   -1.257295e+01 2.423664e+01 4.100000e+02
      vertex   -1.225936e+01 2.477979e+01 4.160000e+02
    endloop
  endfacet
  facet normal 8.660254e-01 -5.000000e-01 0.000000e+00
    outer loop
      vertex   -1.225936e+01 2.477979e+01 4.160000e+02
      vertex   -1.257295e+01 2.423664e+01 4.100000e+02
      vertex   -1.225936e+01 2.477979e+01 4.100000e+02
    endloop
  endfacet
  facet normal 9.510565e-01 -3.090170e-01 0.000000e+00
    outer loop
      vertex   -1.225936e+01 2.477979e+01 4.160000e+02
      vertex   -1.225936e+01 2.477979e+01 4.100000e+02
      vertex   -1.206556e+01 2.537627e+01 4.160000e+02
    endloop
  endfacet
  facet normal 9.510565e-01 -3.090170e-01 0.000000e+00
    outer loop
      vertex   -1.206556e+01 2.537627e+01 4.160000e+02
      vertex   -1.225936e+01 2.477979e+01 4.100000e+02
      vertex   -1.206556e+01 2.537627e+01 4.100000e+02
    endloop
  endfacet
  facet normal 9.945219e-01 -1.045285e-01 0.000000e+00
    outer loop
      vertex   -1.206556e+01 2.537627e+01 4.160000e+02
      vertex   -1.206556e+01 2.537627e+01 4.100000e+02
      vertex   -1.200000e+01 2.600000e+01 4.160000e+02
    endloop
  endfacet
  facet normal 9.945219e-01 -1.045285e-01 0.000000e+00
    outer loop
      vertex   -1.200000e+01 2.600000e+01 4.160000e+02
      vertex   -1.206556e+01 2.537627e+01 4.100000e+02
      vertex   -1.200000e+01 2.600000e+01 4.100000e+02
    endloop
  endfacet
  facet normal 9.945219e-01 1.045285e-01 0.000000e+00
    outer loop
      vertex   -1.200000e+01 2.600000e+01 4.160000e+02
      vertex   -1.200000e+01 2.600000e+01 4.100000e+02
      vertex   -1.206556e+01 2.662374e+01 4.160000e+02
    endloop
  endfacet
  facet normal 9.945219e-01 1.045285e-01 0.000000e+00
    outer loop
      vertex   -1.206556e+01 2.662374e+01 4.160000e+02
      vertex   -1.200000e+01 2.600000e+01 4.100000e+02
      vertex   -1.206556e+01 2.662374e+01 4.100000e+02
    endloop
  endfacet
  facet normal 9.510565e-01 3.090170e-01 0.000000e+00
    outer loop
      vertex   -1.206556e+01 2.662374e+01 4.160000e+02
      vertex   -1.206556e+01 2.662374e+01 4.100000e+02
      vertex   -1.225936e+01 2.722021e+01 4.160000e+02
    endloop
  endfacet
  facet normal 9.510565e-01 3.090170e-01 0.000000e+00
    outer loop
      vertex   -1.225936e+01 2.722021e+01 4.160000e+02
      vertex   -1.206556e+01 2.662374e+01 4.100000e+02
      vertex   -1.225936e+01 2.722021e+01 4.100000e+02
    endloop
  endfacet
  facet normal 8.660254e-01 5.000000e-01 0.000000e+00
    outer loop
      vertex   -1.225936e+01 2.722021e+01 4.160000e+02
      vertex   -1.225936e+01 2.722021e+01 4.100000e+02
      vertex   -1.257295e+01 2.776336e+01 4.160000e+02
    endloop
  endfacet
  facet normal 8.660254e-01 5.000000e-01 0.000000e+00
    outer loop
      vertex   -1.257295e+01 2.776336e+01 4.160000e+02
      vertex   -1.225936e+01 2.722021e+01 4.100000e+02
      vertex   -1.257295e+01 2.776336e+01 4.100000e+02
    endloop
  endfacet
  facet normal 7.431448e-01 6.691306e-01 0.000000e+00
    outer loop
      vertex   -1.257295e+01 2.776336e+01 4.160000e+02
      vertex   -1.257295e+01 2.776336e+01 4.100000e+02
      vertex   -1.299261e+01 2.822943e+01 4.160000e+02
    endloop
  endfacet
  facet normal 7.431448e-01 6.691306e-01 -2.200151e-16
    outer loop
      vertex   -1.299261e+01 2.822943e+01 4.160000e+02
      vertex   -1.257295e+01 2.776336e+01 4.100000e+02
      vertex   -1.299261e+01 2.822943e+01 4.100000e+02
    endloop
  endfacet
  facet normal 5.877853e-01 8.090170e-01 -1.740194e-16
    outer loop
      vertex   -1.299261e+01 2.822943e+01 4.160000e+02
      vertex   -1.299261e+01 2.822943e+01 4.100000e+02
      vertex   -1.350000e+01 2.859808e+01 4.160000e+02
    endloop
  endfacet
  facet normal 5.877853e-01 8.090170e-01 -1.740194e-16
    outer loop
      vertex   -1.350000e+01 2.859808e+01 4.160000e+02
      vertex   -1.299261e+01 2.822943e+01 4.100000e+02
      vertex   -1.350000e+01 2.859808e+01 4.100000e+02
    endloop
  endfacet
  facet normal 4.067366e-01 9.135455e-01 -1.204182e-16
    outer loop
      vertex   -1.350000e+01 2.859808e+01 4.160000e+02
      vertex   -1.350000e+01 2.859808e+01 4.100000e+02
      vertex   -1.407295e+01 2.885317e+01 4.160000e+02
    endloop
  endfacet
  facet normal 4.067366e-01 9.135455e-01 0.000000e+00
    outer loop
      vertex   -1.407295e+01 2.885317e+01 4.160000e+02
      vertex   -1.350000e+01 2.859808e+01 4.100000e+02
      vertex   -1.407295e+01 2.885317e+01 4.100000e+02
    endloop
  endfacet
  facet normal 2.079117e-01 9.781476e-01 0.000000e+00
    outer loop
      vertex   -1.407295e+01 2.885317e+01 4.160000e+02
      vertex   -1.407295e+01 2.885317e+01 4.100000e+02
      vertex   -1.468641e+01 2.898357e+01 4.160000e+02
    endloop
  endfacet
  facet normal 2.079117e-01 9.781476e-01 -6.155423e-17
    outer loop
      vertex   -1.468641e+01 2.898357e+01 4.160000e+02
      vertex   -1.407295e+01 2.885317e+01 4.100000e+02
      vertex   -1.468641e+01 2.898357e+01 4.100000e+02
    endloop
  endfacet
  facet normal 0.000000e+00 1.000000e+00 0.000000e+00
    outer loop
      vertex   -1.468641e+01 2.898357e+01 4.160000e+02
      vertex   -1.468641e+01 2.898357e+01 4.100000e+02
      vertex   -1.531359e+01 2.898357e+01 4.160000e+02
    endloop
  endfacet
  facet normal 0.000000e+00 1.000000e+00 0.000000e+00
    outer loop
      vertex   -1.531359e+01 2.898357e+01 4.160000e+02
      vertex   -1.468641e+01 2.898357e+01 4.100000e+02
      vertex   -1.531359e+01 2.898357e+01 4.100000e+02
    endloop
  endfacet
  facet normal -2.079117e-01 9.781476e-01 6.155423e-17
    outer loop
      vertex   -1.531359e+01 2.898357e+01 4.160000e+02
      vertex   -1.531359e+01 2.898357e+01 4.100000e+02
      vertex   -1.592705e+01 2.885317e+01 4.160000e+02
    endloop
  endfacet
  facet normal -2.079117e-01 9.781476e-01 0.000000e+00
    outer loop
      vertex   -1.592705e+01 2.885317e+01 4.160000e+02
      vertex   -1.531359e+01 2.898357e+01 4.100000e+02
      vertex   -1.592705e+01 2.885317e+01 4.100000e+02
    endloop
  endfacet
  facet normal -4.067366e-01 9.135455e-01 0.000000e+00
    outer loop
      vertex   -1.592705e+01 2.885317e+01 4.160000e+02
      vertex   -1.592705e+01 2.885317e+01 4.100000e+02
      vertex   -1.650000e+01 2.859808e+01 4.160000e+02
    endloop
  endfacet
  facet normal -4.067366e-01 9.135455e-01 -5.409276e-16
    outer loop
      vertex   -1.650000e+01 2.859808e+01 4.160000e+02
      vertex   -1.592705e+01 2.885317e+01 4.100000e+02
      vertex   -1.650000e+01 2.859808e+01 4.100000e+02
    endloop
  endfacet
  facet normal -5.877853e-01 8.090170e-01 -4.790343e-16
    outer loop
      vertex   -1.650000e+01 2.859808e+01 4.160000e+02
      vertex   -1.650000e+01 2.859808e+01 4.100000e+02
      vertex   -1.700739e+01 2.822943e+01 4.160000e+02
    endloop
  endfacet
  facet normal -5.877853e-01 8.090170e-01 0.000000e+00
    outer loop
      vertex   -1.700739e+01 2.822943e+01 4.160000e+02
      vertex   -1.650000e+01 2.859808e+01 4.100000e+02
      vertex   -1.700739e+01 2.822943e+01 4.100000e+02
    endloop
  endfacet
  facet normal -7.431448e-01 6.691306e-01 0.000000e+00
    outer loop
      vertex   -1.700739e+01 2.822943e+01 4.160000e+02
      vertex   -1.700739e+01 2.822943e+01 4.100000e+02
      vertex   -1.742705e+01 2.776336e+01 4.160000e+02
    endloop
  endfacet
  facet normal -7.431448e-01 6.691306e-01 0.000000e+00
    outer loop
      vertex   -1.742705e+01 2.776336e+01 4.160000e+02
      vertex   -1.700739e+01 2.822943e+01 4.100000e+02
      vertex   -1.742705e+01 2.776336e+01 4.100000e+02
    endloop
  endfacet
  facet normal -8.660254e-01 5.000000e-01 0.000000e+00
    outer loop
      vertex   -1.742705e+01 2.776336e+01 4.160000e+02
      vertex   -1.742705e+01 2.776336e+01 4.100000e+02
      vertex   -1.774064e+01 2.722021e+01 4.160000e+02
    endloop
  endfacet
  facet normal -8.660254e-01 5.000000e-01 -2.960595e-16
    outer loop
      vertex   -1.774064e+01 2.722021e+01 4.160000e+02
      vertex   -1.742705e+01 2.776336e+01 4.100000e+02
      vertex   -1.774064e+01 2.722021e+01 4.100000e+02
    endloop
  endfacet
  facet normal -9.510565e-01 3.090170e-01 -1.829748e-16
    outer loop
      vertex   -1.774064e+01 2.722021e+01 4.160000e+02
      vertex   -1.774064e+01 2.722021e+01 4.100000e+02
      vertex   -1.793444e+01 2.662374e+01 4.160000e+02
    endloop
  endfacet
  facet normal -9.510565e-01 3.090170e-01 0.000000e+00
    outer loop
      vertex   -1.793444e+01 2.662374e+01 4.160000e+02
      vertex   -1.774064e+01 2.722021e+01 4.100000e+02
      vertex   -1.793444e+01 2.662374e+01 4.100000e+02
    endloop
  endfacet
  facet normal 0.000000e+00 -1.000000e+00 0.000000e+00
    outer loop
      vertex   -2.350000e+01 9.500000e+01 4.160000e+02
      vertex   -2.350000e+01 9.500000e+01 4.250000e+02
      vertex   -2.500000e+01 9.500000e+01 4.160000e+02
    endloop
  endfacet
  facet normal 0.000000e+00 -1.000000e+00 0.000000e+00
    outer loop
      vertex   -2.500000e+01 9.500000e+01 4.160000e+02
      vertex   -2.350000e+01 9.500000e+01 4.250000e+02
      vertex   -2.500000e+01 9.500000e+01 4.250000e+02
    endloop
  endfacet
  facet normal -2.827913e-01 9.591815e-01 0.000000e+00
    outer loop
      vertex   -2.057545e+01 1.030000e+02 4.160000e+02
      vertex   -2.057545e+01 1.030000e+02 4.100000e+02
      vertex   -2.117215e+01 1.028241e+02 4.160000e+02
    endloop
  endfacet
  facet normal -2.827913e-01 9.591815e-01 0.000000e+00
    outer loop
      vertex   -2.117215e+01 1.028241e+02 4.160000e+02
      vertex   -2.057545e+01 1.030000e+02 4.100000e+02
      vertex   -2.117215e+01 1.028241e+02 4.100000e+02
    endloop
  endfacet
  facet normal -4.745386e-01 8.802347e-01 0.000000e+00
    outer loop
      vertex   -2.117215e+01 1.028241e+02 4.160000e+02
      vertex   -2.117215e+01 1.028241e+02 4.100000e+02
      vertex   -2.171974e+01 1.025289e+02 4.160000e+02
    endloop
  endfacet
  facet normal -4.745386e-01 8.802347e-01 0.000000e+00
    outer loop
      vertex   -2.171974e+01 1.025289e+02 4.160000e+02
      vertex   -2.117215e+01 1.028241e+02 4.100000e+02
      vertex   -2.171974e+01 1.025289e+02 4.100000e+02
    endloop
  endfacet
  facet normal -6.458809e-01 7.634382e-01 0.000000e+00
    outer loop
      vertex   -2.171974e+01 1.025289e+02 4.160000e+02
      vertex   -2.171974e+01 1.025289e+02 4.100000e+02
      vertex   -2.219466e+01 1.021271e+02 4.160000e+02
    endloop
  endfacet
  facet normal -6.458809e-01 7.634382e-01 0.000000e+00
    outer loop
      vertex   -2.219466e+01 1.021271e+02 4.160000e+02
      vertex   -2.171974e+01 1.025289e+02 4.100000e+02
      vertex   -2.219466e+01 1.021271e+02 4.100000e+02
    endloop
  endfacet
  facet normal -7.894506e-01 6.138141e-01 0.000000e+00
    outer loop
      vertex   -2.219466e+01 1.021271e+02 4.160000e+02
      vertex   -2.219466e+01 1.021271e+02 4.100000e+02
      vertex   -2.257651e+01 1.016360e+02 4.160000e+02
    endloop
  endfacet
  facet normal -7.894506e-01 6.138141e-01 0.000000e+00
    outer loop
      vertex   -2.257651e+01 1.016360e+02 4.160000e+02
      vertex   -2.219466e+01 1.021271e+02 4.100000e+02
      vertex   -2.257651e+01 1.016360e+02 4.100000e+02
    endloop
  endfacet
  facet normal -8.990742e-01 4.377962e-01 0.000000e+00
    outer loop
      vertex   -2.257651e+01 1.016360e+02 4.160000e+02
      vertex   -2.257651e+01 1.016360e+02 4.100000e+02
      vertex   -2.284886e+01 1.010767e+02 4.160000e+02
    endloop
  endfacet
  facet normal -8.990742e-01 4.377962e-01 0.000000e+00
    outer loop
      vertex   -2.284886e+01 1.010767e+02 4.160000e+02
      vertex   -2.257651e+01 1.016360e+02 4.100000e+02
      vertex   -2.284886e+01 1.010767e+02 4.100000e+02
    endloop
  endfacet
  facet normal -9.700380e-01 2.429533e-01 0.000000e+00
    outer loop
      vertex   -2.284886e+01 1.010767e+02 4.160000e+02
      vertex   -2.284886e+01 1.010767e+02 4.100000e+02
      vertex   -2.300000e+01 1.004732e+02 4.160000e+02
    endloop
  endfacet
  facet normal -9.700380e-01 2.429533e-01 0.000000e+00
    outer loop
      vertex   -2.300000e+01 1.004732e+02 4.160000e+02
      vertex   -2.284886e+01 1.010767e+02 4.100000e+02
      vertex   -2.300000e+01 1.004732e+02 4.100000e+02
    endloop
  endfacet
  facet normal -9.698901e-01 -2.435432e-01 -0.000000e+00
    outer loop
      vertex   -2.300000e+01 9.962680e+01 4.160000e+02
      vertex   -2.300000e+01 9.962680e+01 4.100000e+02
      vertex   -2.284761e+01 9.901992e+01 4.160000e+02
    endloop
  endfacet
  facet normal -9.698901e-01 -2.435432e-01 -0.000000e+00
    outer loop
      vertex   -2.284761e+01 9.901992e+01 4.160000e+02
      vertex   -2.300000e+01 9.962680e+01 4.100000e+02
      vertex   -2.284761e+01 9.901992e+01 4.100000e+02
    endloop
  endfacet
  facet normal -8.982740e-01 -4.394357e-01 -0.000000e+00
    outer loop
      vertex   -2.284761e+01 9.901992e+01 4.160000e+02
      vertex   -2.284761e+01 9.901992e+01 4.100000e+02
      vertex   -2.257265e+01 9.845785e+01 4.160000e+02
    endloop
  endfacet
  facet normal -8.982740e-01 -4.394357e-01 -1.040793e-15
    outer loop
      vertex   -2.257265e+01 9.845785e+01 4.160000e+02
      vertex   -2.284761e+01 9.901992e+01 4.100000e+02
      vertex   -2.257265e+01 9.845785e+01 4.100000e+02
    endloop
  endfacet
  facet normal -7.875806e-01 -6.162116e-01 -1.459482e-15
    outer loop
      vertex   -2.257265e+01 9.845785e+01 4.160000e+02
      vertex   -2.257265e+01 9.845785e+01 4.100000e+02
      vertex   -2.218707e+01 9.796505e+01 4.160000e+02
    endloop
  endfacet
  facet normal -7.875806e-01 -6.162116e-01 -5.267994e-16
    outer loop
      vertex   -2.218707e+01 9.796505e+01 4.160000e+02
      vertex   -2.257265e+01 9.845785e+01 4.100000e+02
      vertex   -2.218707e+01 9.796505e+01 4.100000e+02
    endloop
  endfacet
  facet normal -6.426253e-01 -7.661806e-01 -1.053659e-15
    outer loop
      vertex   -2.218707e+01 9.796505e+01 4.160000e+02
      vertex   -2.218707e+01 9.796505e+01 4.100000e+02
      vertex   -2.170766e+01 9.756294e+01 4.160000e+02
    endloop
  endfacet
  facet normal -6.426253e-01 -7.661806e-01 -0.000000e+00
    outer loop
      vertex   -2.170766e+01 9.756294e+01 4.160000e+02
      vertex   -2.218707e+01 9.796505e+01 4.100000e+02
      vertex   -2.170766e+01 9.756294e+01 4.100000e+02
    endloop
  endfacet
  facet normal -4.697141e-01 -8.828186e-01 -0.000000e+00
    outer loop
      vertex   -2.170766e+01 9.756294e+01 4.160000e+02
      vertex   -2.170766e+01 9.756294e+01 4.100000e+02
      vertex   -2.115526e+01 9.726904e+01 4.160000e+02
    endloop
  endfacet
  facet normal -4.697141e-01 -8.828186e-01 -0.000000e+00
    outer loop
      vertex   -2.115526e+01 9.726904e+01 4.160000e+02
      vertex   -2.170766e+01 9.756294e+01 4.100000e+02
      vertex   -2.115526e+01 9.726904e+01 4.100000e+02
    endloop
  endfacet
  facet normal -2.763689e-01 -9.610516e-01 -0.000000e+00
    outer loop
      vertex   -2.115526e+01 9.726904e+01 4.160000e+02
      vertex   -2.115526e+01 9.726904e+01 4.100000e+02
      vertex   -2.055391e+01 9.709611e+01 4.160000e+02
    endloop
  endfacet
  facet normal -2.763689e-01 -9.610516e-01 -0.000000e+00
    outer loop
      vertex   -2.055391e+01 9.709611e+01 4.160000e+02
      vertex   -2.115526e+01 9.726904e+01 4.100000e+02
      vertex   -2.055391e+01 9.709611e+01 4.100000e+02
    endloop
  endfacet
  facet normal -7.100102e-02 -9.974762e-01 -0.000000e+00
    outer loop
      vertex   -2.055391e+01 9.709611e+01 4.160000e+02
      vertex   -2.055391e+01 9.709611e+01 4.100000e+02
      vertex   -1.992977e+01 9.705168e+01 4.160000e+02
    endloop
  endfacet
  facet normal -7.100102e-02 -9.974762e-01 4.204105e-17
    outer loop
      vertex   -1.992977e+01 9.705168e+01 4.160000e+02
      vertex   -2.055391e+01 9.709611e+01 4.100000e+02
      vertex   -1.992977e+01 9.705168e+01 4.100000e+02
    endloop
  endfacet
  facet normal 1.374556e-01 -9.905079e-01 -8.139009e-17
    outer loop
      vertex   -1.992977e+01 9.705168e+01 4.160000e+02
      vertex   -1.992977e+01 9.705168e+01 4.100000e+02
      vertex   -1.930999e+01 9.713769e+01 4.160000e+02
    endloop
  endfacet
  facet normal 1.374556e-01 -9.905079e-01 0.000000e+00
    outer loop
      vertex   -1.930999e+01 9.713769e+01 4.160000e+02
      vertex   -1.992977e+01 9.705168e+01 4.100000e+02
      vertex   -1.930999e+01 9.713769e+01 4.100000e+02
    endloop
  endfacet
  facet normal 3.399326e-01 -9.404498e-01 0.000000e+00
    outer loop
      vertex   -1.930999e+01 9.713769e+01 4.160000e+02
      vertex   -1.930999e+01 9.713769e+01 4.100000e+02
      vertex   -1.872153e+01 9.735039e+01 4.160000e+02
    endloop
  endfacet
  facet normal 3.399326e-01 -9.404498e-01 0.000000e+00
    outer loop
      vertex   -1.872153e+01 9.735039e+01 4.160000e+02
      vertex   -1.930999e+01 9.713769e+01 4.100000e+02
      vertex   -1.872153e+01 9.735039e+01 4.100000e+02
    endloop
  endfacet
  facet normal 5.276216e-01 -8.494795e-01 0.000000e+00
    outer loop
      vertex   -1.872153e+01 9.735039e+01 4.160000e+02
      vertex   -1.872153e+01 9.735039e+01 4.100000e+02
      vertex   -1.819000e+01 9.768053e+01 4.160000e+02
    endloop
  endfacet
  facet normal 5.276216e-01 -8.494795e-01 0.000000e+00
    outer loop
      vertex   -1.819000e+01 9.768053e+01 4.160000e+02
      vertex   -1.872153e+01 9.735039e+01 4.100000e+02
      vertex   -1.819000e+01 9.768053e+01 4.100000e+02
    endloop
  endfacet
  facet normal 6.923576e-01 -7.215546e-01 0.000000e+00
    outer loop
      vertex   -1.819000e+01 9.768053e+01 4.160000e+02
      vertex   -1.819000e+01 9.768053e+01 4.100000e+02
      vertex   -1.773851e+01 9.811376e+01 4.160000e+02
    endloop
  endfacet
  facet normal 6.923576e-01 -7.215546e-01 0.000000e+00
    outer loop
      vertex   -1.773851e+01 9.811376e+01 4.160000e+02
      vertex   -1.819000e+01 9.768053e+01 4.100000e+02
      vertex   -1.773851e+01 9.811376e+01 4.100000e+02
    endloop
  endfacet
  facet normal 8.269741e-01 -5.622400e-01 0.000000e+00
    outer loop
      vertex   -1.773851e+01 9.811376e+01 4.160000e+02
      vertex   -1.773851e+01 9.811376e+01 4.100000e+02
      vertex   -1.738670e+01 9.863121e+01 4.160000e+02
    endloop
  endfacet
  facet normal 8.269741e-01 -5.622400e-01 0.000000e+00
    outer loop
      vertex   -1.738670e+01 9.863121e+01 4.160000e+02
      vertex   -1.773851e+01 9.811376e+01 4.100000e+02
      vertex   -1.738670e+01 9.863121e+01 4.100000e+02
    endloop
  endfacet
  facet normal 9.256150e-01 -3.784665e-01 0.000000e+00
    outer loop
      vertex   -1.738670e+01 9.863121e+01 4.160000e+02
      vertex   -1.738670e+01 9.863121e+01 4.100000e+02
      vertex   -1.714989e+01 9.921038e+01 4.160000e+02
    endloop
  endfacet
  facet normal 9.256150e-01 -3.784665e-01 -5.480742e-16
    outer loop
      vertex   -1.714989e+01 9.921038e+01 4.160000e+02
      vertex   -1.738670e+01 9.863121e+01 4.100000e+02
      vertex   -1.714989e+01 9.921038e+01 4.100000e+02
    endloop
  endfacet
  facet normal 9.839891e-01 -1.782286e-01 -5.826386e-16
    outer loop
      vertex   -1.714989e+01 9.921038e+01 4.160000e+02
      vertex   -1.714989e+01 9.921038e+01 4.100000e+02
      vertex   -1.703837e+01 9.982608e+01 4.160000e+02
    endloop
  endfacet
  facet normal 9.839891e-01 -1.782286e-01 0.000000e+00
    outer loop
      vertex   -1.703837e+01 9.982608e+01 4.160000e+02
      vertex   -1.714989e+01 9.921038e+01 4.100000e+02
      vertex   -1.703837e+01 9.982608e+01 4.100000e+02
    endloop
  endfacet
  facet normal 9.995570e-01 2.976269e-02 0.000000e+00
    outer loop
      vertex   -1.703837e+01 9.982608e+01 4.160000e+02
      vertex   -1.703837e+01 9.982608e+01 4.100000e+02
      vertex   -1.705699e+01 1.004515e+02 4.160000e+02
    endloop
  endfacet
  facet normal 9.995570e-01 2.976269e-02 0.000000e+00
    outer loop
      vertex   -1.705699e+01 1.004515e+02 4.160000e+02
      vertex   -1.703837e+01 9.982608e+01 4.100000e+02
      vertex   -1.705699e+01 1.004515e+02 4.100000e+02
    endloop
  endfacet
  facet normal 9.716414e-01 2.364592e-01 0.000000e+00
    outer loop
      vertex   -1.705699e+01 1.004515e+02 4.160000e+02
      vertex   -1.705699e+01 1.004515e+02 4.100000e+02
      vertex   -1.720495e+01 1.010595e+02 4.160000e+02
    endloop
  endfacet
  facet normal 9.716414e-01 2.364592e-01 0.000000e+00
    outer loop
      vertex   -1.720495e+01 1.010595e+02 4.160000e+02
      vertex   -1.705699e+01 1.004515e+02 4.100000e+02
      vertex   -1.720495e+01 1.010595e+02 4.100000e+02
    endloop
  endfacet
  facet normal 9.014568e-01 4.328691e-01 0.000000e+00
    outer loop
      vertex   -1.720495e+01 1.010595e+02 4.160000e+02
      vertex   -1.720495e+01 1.010595e+02 4.100000e+02
      vertex   -1.747580e+01 1.016236e+02 4.160000e+02
    endloop
  endfacet
  facet normal 9.014568e-01 4.328691e-01 0.000000e+00
    outer loop
      vertex   -1.747580e+01 1.016236e+02 4.160000e+02
      vertex   -1.720495e+01 1.010595e+02 4.100000e+02
      vertex   -1.747580e+01 1.016236e+02 4.100000e+02
    endloop
  endfacet
  facet normal 7.920563e-01 6.104481e-01 0.000000e+00
    outer loop
      vertex   -1.747580e+01 1.016236e+02 4.160000e+02
      vertex   -1.747580e+01 1.016236e+02 4.100000e+02
      vertex   -1.785777e+01 1.021192e+02 4.160000e+02
    endloop
  endfacet
  facet normal 7.920563e-01 6.104481e-01 0.000000e+00
    outer loop
      vertex   -1.785777e+01 1.021192e+02 4.160000e+02
      vertex   -1.747580e+01 1.016236e+02 4.100000e+02
      vertex   -1.785777e+01 1.021192e+02 4.100000e+02
    endloop
  endfacet
  facet normal 6.481992e-01 7.614708e-01 0.000000e+00
    outer loop
      vertex   -1.785777e+01 1.021192e+02 4.160000e+02
      vertex   -1.785777e+01 1.021192e+02 4.100000e+02
      vertex   -1.833424e+01 1.025248e+02 4.160000e+02
    endloop
  endfacet
  facet normal 6.481992e-01 7.614708e-01 0.000000e+00
    outer loop
      vertex   -1.833424e+01 1.025248e+02 4.160000e+02
      vertex   -1.785777e+01 1.021192e+02 4.100000e+02
      vertex   -1.833424e+01 1.025248e+02 4.100000e+02
    endloop
  endfacet
  facet normal 4.761436e-01 8.793675e-01 0.000000e+00
    outer loop
      vertex   -1.833424e+01 1.025248e+02 4.160000e+02
      vertex   -1.833424e+01 1.025248e+02 4.100000e+02
      vertex   -1.888448e+01 1.028227e+02 4.160000e+02
    endloop
  endfacet
  facet normal 4.761436e-01 8.793675e-01 0.000000e+00
    outer loop
      vertex   -1.888448e+01 1.028227e+02 4.160000e+02
      vertex   -1.833424e+01 1.025248e+02 4.100000e+02
      vertex   -1.888448e+01 1.028227e+02 4.100000e+02
    endloop
  endfacet
  facet normal 2.833745e-01 9.590093e-01 0.000000e+00
    outer loop
      vertex   -1.888448e+01 1.028227e+02 4.160000e+02
      vertex   -1.888448e+01 1.028227e+02 4.100000e+02
      vertex   -1.948455e+01 1.030000e+02 4.160000e+02
    endloop
  endfacet
  facet normal 2.833745e-01 9.590093e-01 0.000000e+00
    outer loop
      vertex   -1.948455e+01 1.030000e+02 4.160000e+02
      vertex   -1.888448e+01 1.028227e+02 4.100000e+02
      vertex   -1.948455e+01 1.030000e+02 4.100000e+02
    endloop
  endfacet
  facet normal 0.000000e+00 -0.000000e+00 1.000000e+00
    outer loop
      vertex   -2.300000e+01 1.004732e+02 4.100000e+02
      vertex   -2.284886e+01 1.010767e+02 4.100000e+02
      vertex   -2.350000e+01 1.004732e+02 4.100000e+02
    endloop
  endfacet
  facet normal 0.000000e+00 0.000000e+00 1.000000e+00
    outer loop
      vertex   -2.350000e+01 1.004732e+02 4.100000e+02
      vertex   -2.284886e+01 1.010767e+02 4.100000e+02
      vertex   -2.350000e+01 1.035000e+02 4.100000e+02
    endloop
  endfacet
  facet normal 0.000000e+00 0.000000e+00 1.000000e+00
    outer loop
      vertex   -2.350000e+01 1.035000e+02 4.100000e+02
      vertex   -2.284886e+01 1.010767e+02 4.100000e+02
      vertex   -2.257651e+01 1.016360e+02 4.100000e+02
    endloop
  endfacet
  facet normal 0.000000e+00 0.000000e+00 1.000000e+00
    outer loop
      vertex   -2.350000e+01 1.035000e+02 4.100000e+02
      vertex   -2.257651e+01 1.016360e+02 4.100000e+02
      vertex   -2.219466e+01 1.021271e+02 4.100000e+02
    endloop
  endfacet
  facet normal 0.000000e+00 -0.000000e+00 1.000000e+00
    outer loop
      vertex   -2.219466e+01 1.021271e+02 4.100000e+02
      vertex   -2.171974e+01 1.025289e+02 4.100000e+02
      vertex   -2.350000e+01 1.035000e+02 4.100000e+02
    endloop
  endfacet
  facet normal 0.000000e+00 0.000000e+00 1.000000e+00
    outer loop
      vertex   -2.350000e+01 1.035000e+02 4.100000e+02
      vertex   -2.171974e+01 1.025289e+02 4.100000e+02
      vertex   -2.117215e+01 1.028241e+02 4.100000e+02
    endloop
  endfacet
  facet normal -0.000000e+00 0.000000e+00 1.000000e+00
    outer loop
      vertex   -2.350000e+01 1.035000e+02 4.100000e+02
      vertex   -2.117215e+01 1.028241e+02 4.100000e+02
      vertex   -2.057545e+01 1.035000e+02 4.100000e+02
    endloop
  endfacet
  facet normal 0.000000e+00 0.000000e+00 1.000000e+00
    outer loop
      vertex   -2.057545e+01 1.035000e+02 4.100000e+02
      vertex   -2.117215e+01 1.028241e+02 4.100000e+02
      vertex   -2.057545e+01 1.030000e+02 4.100000e+02
    endloop
  endfacet
  facet normal 9.647838e-01 2.630440e-01 0.000000e+00
    outer loop
      vertex   2.300000e+01 1.004583e+02 4.160000e+02
      vertex   2.300000e+01 1.004583e+02 4.100000e+02
      vertex   2.283821e+01 1.010517e+02 4.160000e+02
    endloop
  endfacet
  facet normal 9.647838e-01 2.630440e-01 0.000000e+00
    outer loop
      vertex   2.283821e+01 1.010517e+02 4.160000e+02
      vertex   2.300000e+01 1.004583e+02 4.100000e+02
      vertex   2.283821e+01 1.010517e+02 4.100000e+02
    endloop
  endfacet
  facet normal 8.908594e-01 4.542791e-01 0.000000e+00
    outer loop
      vertex   2.283821e+01 1.010517e+02 4.160000e+02
      vertex   2.283821e+01 1.010517e+02 4.100000e+02
      vertex   2.255879e+01 1.015996e+02 4.160000e+02
    endloop
  endfacet
  facet normal 8.908594e-01 4.542791e-01 5.274947e-16
    outer loop
      vertex   2.255879e+01 1.015996e+02 4.160000e+02
      vertex   2.283821e+01 1.010517e+02 4.100000e+02
      vertex   2.255879e+01 1.015996e+02 4.100000e+02
    endloop
  endfacet
  facet normal 7.794871e-01 6.264183e-01 4.615491e-16
    outer loop
      vertex   2.255879e+01 1.015996e+02 4.160000e+02
      vertex   2.255879e+01 1.015996e+02 4.100000e+02
      vertex   2.217349e+01 1.020791e+02 4.160000e+02
    endloop
  endfacet
  facet normal 7.794871e-01 6.264183e-01 9.230981e-16
    outer loop
      vertex   2.217349e+01 1.020791e+02 4.160000e+02
      vertex   2.255879e+01 1.015996e+02 4.100000e+02
      vertex   2.217349e+01 1.020791e+02 4.100000e+02
    endloop
  endfacet
  facet normal 6.353484e-01 7.722256e-01 7.524037e-16
    outer loop
      vertex   2.217349e+01 1.020791e+02 4.160000e+02
      vertex   2.217349e+01 1.020791e+02 4.100000e+02
      vertex   2.169851e+01 1.024699e+02 4.160000e+02
    endloop
  endfacet
  facet normal 6.353484e-01 7.722256e-01 3.762019e-16
    outer loop
      vertex   2.169851e+01 1.024699e+02 4.160000e+02
      vertex   2.217349e+01 1.020791e+02 4.100000e+02
      vertex   2.169851e+01 1.024699e+02 4.100000e+02
    endloop
  endfacet
  facet normal 4.645025e-01 8.855718e-01 2.750407e-16
    outer loop
      vertex   2.169851e+01 1.024699e+02 4.160000e+02
      vertex   2.169851e+01 1.024699e+02 4.100000e+02
      vertex   2.115382e+01 1.027556e+02 4.160000e+02
    endloop
  endfacet
  facet normal 4.645025e-01 8.855718e-01 0.000000e+00
    outer loop
      vertex   2.115382e+01 1.027556e+02 4.160000e+02
      vertex   2.169851e+01 1.024699e+02 4.100000e+02
      vertex   2.115382e+01 1.027556e+02 4.100000e+02
    endloop
  endfacet
  facet normal 2.741309e-01 9.616924e-01 0.000000e+00
    outer loop
      vertex   2.115382e+01 1.027556e+02 4.160000e+02
      vertex   2.115382e+01 1.027556e+02 4.100000e+02
      vertex   2.056230e+01 1.029242e+02 4.160000e+02
    endloop
  endfacet
  facet normal 2.741309e-01 9.616924e-01 0.000000e+00
    outer loop
      vertex   2.056230e+01 1.029242e+02 4.160000e+02
      vertex   2.115382e+01 1.027556e+02 4.100000e+02
      vertex   2.056230e+01 1.029242e+02 4.100000e+02
    endloop
  endfacet
  facet normal 7.223596e-02 9.973876e-01 0.000000e+00
    outer loop
      vertex   2.056230e+01 1.029242e+02 4.160000e+02
      vertex   2.056230e+01 1.029242e+02 4.100000e+02
      vertex   1.994883e+01 1.029686e+02 4.160000e+02
    endloop
  endfacet
  facet normal 7.223596e-02 9.973876e-01 0.000000e+00
    outer loop
      vertex   1.994883e+01 1.029686e+02 4.160000e+02
      vertex   2.056230e+01 1.029242e+02 4.100000e+02
      vertex   1.994883e+01 1.029686e+02 4.100000e+02
    endloop
  endfacet
  facet normal -1.326954e-01 9.911569e-01 0.000000e+00
    outer loop
      vertex   1.994883e+01 1.029686e+02 4.160000e+02
      vertex   1.994883e+01 1.029686e+02 4.100000e+02
      vertex   1.933919e+01 1.028870e+02 4.160000e+02
    endloop
  endfacet
  facet normal -1.326954e-01 9.911569e-01 -7.857148e-17
    outer loop
      vertex   1.933919e+01 1.028870e+02 4.160000e+02
      vertex   1.994883e+01 1.029686e+02 4.100000e+02
      vertex   1.933919e+01 1.028870e+02 4.100000e+02
    endloop
  endfacet
  facet normal -3.320489e-01 9.432622e-01 -1.966124e-16
    outer loop
      vertex   1.933919e+01 1.028870e+02 4.160000e+02
      vertex   1.933919e+01 1.028870e+02 4.100000e+02
      vertex   1.875901e+01 1.026828e+02 4.160000e+02
    endloop
  endfacet
  facet normal -3.320489e-01 9.432622e-01 0.000000e+00
    outer loop
      vertex   1.875901e+01 1.026828e+02 4.160000e+02
      vertex   1.933919e+01 1.028870e+02 4.100000e+02
      vertex   1.875901e+01 1.026828e+02 4.100000e+02
    endloop
  endfacet
  facet normal -5.174444e-01 8.557168e-01 0.000000e+00
    outer loop
      vertex   1.875901e+01 1.026828e+02 4.160000e+02
      vertex   1.875901e+01 1.026828e+02 4.100000e+02
      vertex   1.823268e+01 1.023645e+02 4.160000e+02
    endloop
  endfacet
  facet normal -5.174444e-01 8.557168e-01 0.000000e+00
    outer loop
      vertex   1.823268e+01 1.023645e+02 4.160000e+02
      vertex   1.875901e+01 1.026828e+02 4.100000e+02
      vertex   1.823268e+01 1.023645e+02 4.100000e+02
    endloop
  endfacet
  facet normal -6.810888e-01 7.322008e-01 0.000000e+00
    outer loop
      vertex   1.823268e+01 1.023645e+02 4.160000e+02
      vertex   1.823268e+01 1.023645e+02 4.100000e+02
      vertex   1.778232e+01 1.019456e+02 4.160000e+02
    endloop
  endfacet
  facet normal -6.810888e-01 7.322008e-01 -4.032856e-16
    outer loop
      vertex   1.778232e+01 1.019456e+02 4.160000e+02
      vertex   1.823268e+01 1.023645e+02 4.100000e+02
      vertex   1.778232e+01 1.019456e+02 4.100000e+02
    endloop
  endfacet
  facet normal -8.161032e-01 5.779062e-01 -4.832302e-16
    outer loop
      vertex   1.778232e+01 1.019456e+02 4.160000e+02
      vertex   1.778232e+01 1.019456e+02 4.100000e+02
      vertex   1.742686e+01 1.014436e+02 4.160000e+02
    endloop
  endfacet
  facet normal -8.161032e-01 5.779062e-01 0.000000e+00
    outer loop
      vertex   1.742686e+01 1.014436e+02 4.160000e+02
      vertex   1.778232e+01 1.019456e+02 4.100000e+02
      vertex   1.742686e+01 1.014436e+02 4.100000e+02
    endloop
  endfacet
  facet normal -9.168121e-01 3.993189e-01 0.000000e+00
    outer loop
      vertex   1.742686e+01 1.014436e+02 4.160000e+02
      vertex   1.742686e+01 1.014436e+02 4.100000e+02
      vertex   1.718125e+01 1.008797e+02 4.160000e+02
    endloop
  endfacet
  facet normal -9.168121e-01 3.993189e-01 0.000000e+00
    outer loop
      vertex   1.718125e+01 1.008797e+02 4.160000e+02
      vertex   1.742686e+01 1.014436e+02 4.100000e+02
      vertex   1.718125e+01 1.008797e+02 4.100000e+02
    endloop
  endfacet
  facet normal -9.789821e-01 2.039460e-01 0.000000e+00
    outer loop
      vertex   1.718125e+01 1.008797e+02 4.160000e+02
      vertex   1.718125e+01 1.008797e+02 4.100000e+02
      vertex   1.705581e+01 1.002775e+02 4.160000e+02
    endloop
  endfacet
  facet normal -9.789821e-01 2.039460e-01 0.000000e+00
    outer loop
      vertex   1.705581e+01 1.002775e+02 4.160000e+02
      vertex   1.718125e+01 1.008797e+02 4.100000e+02
      vertex   1.705581e+01 1.002775e+02 4.100000e+02
    endloop
  endfacet
  facet normal -1.000000e+00 -0.000000e+00 -0.000000e+00
    outer loop
      vertex   1.705581e+01 1.002775e+02 4.160000e+02
      vertex   1.705581e+01 1.002775e+02 4.100000e+02
      vertex   1.705581e+01 9.966247e+01 4.160000e+02
    endloop
  endfacet
  facet normal -1.000000e+00 0.000000e+00 0.000000e+00
    outer loop
      vertex   1.705581e+01 9.966247e+01 4.160000e+02
      vertex   1.705581e+01 1.002775e+02 4.100000e+02
      vertex   1.705581e+01 9.966247e+01 4.100000e+02
    endloop
  endfacet
  facet normal -9.789821e-01 -2.039460e-01 -0.000000e+00
    outer loop
      vertex   1.705581e+01 9.966247e+01 4.160000e+02
      vertex   1.705581e+01 9.966247e+01 4.100000e+02
      vertex   1.718125e+01 9.906031e+01 4.160000e+02
    endloop
  endfacet
  facet normal -9.789821e-01 -2.039460e-01 -0.000000e+00
    outer loop
      vertex   1.718125e+01 9.906031e+01 4.160000e+02
      vertex   1.705581e+01 9.966247e+01 4.100000e+02
      vertex   1.718125e+01 9.906031e+01 4.100000e+02
    endloop
  endfacet
  facet normal -9.168121e-01 -3.993189e-01 -0.000000e+00
    outer loop
      vertex   1.718125e+01 9.906031e+01 4.160000e+02
      vertex   1.718125e+01 9.906031e+01 4.100000e+02
      vertex   1.742686e+01 9.849640e+01 4.160000e+02
    endloop
  endfacet
  facet normal -9.168121e-01 -3.993189e-01 -0.000000e+00
    outer loop
      vertex   1.742686e+01 9.849640e+01 4.160000e+02
      vertex   1.718125e+01 9.906031e+01 4.100000e+02
      vertex   1.742686e+01 9.849640e+01 4.100000e+02
    endloop
  endfacet
  facet normal -8.161032e-01 -5.779062e-01 -0.000000e+00
    outer loop
      vertex   1.742686e+01 9.849640e+01 4.160000e+02
      vertex   1.742686e+01 9.849640e+01 4.100000e+02
      vertex   1.778232e+01 9.799444e+01 4.160000e+02
    endloop
  endfacet
  facet normal -8.161032e-01 -5.779062e-01 -0.000000e+00
    outer loop
      vertex   1.778232e+01 9.799444e+01 4.160000e+02
      vertex   1.742686e+01 9.849640e+01 4.100000e+02
      vertex   1.778232e+01 9.799444e+01 4.100000e+02
    endloop
  endfacet
  facet normal -6.810888e-01 -7.322008e-01 -0.000000e+00
    outer loop
      vertex   1.778232e+01 9.799444e+01 4.160000e+02
      vertex   1.778232e+01 9.799444e+01 4.100000e+02
      vertex   1.823268e+01 9.757551e+01 4.160000e+02
    endloop
  endfacet
  facet normal -6.810888e-01 -7.322008e-01 -0.000000e+00
    outer loop
      vertex   1.823268e+01 9.757551e+01 4.160000e+02
      vertex   1.778232e+01 9.799444e+01 4.100000e+02
      vertex   1.823268e+01 9.757551e+01 4.100000e+02
    endloop
  endfacet
  facet normal -5.174444e-01 -8.557168e-01 -0.000000e+00
    outer loop
      vertex   1.823268e+01 9.757551e+01 4.160000e+02
      vertex   1.823268e+01 9.757551e+01 4.100000e+02
      vertex   1.875901e+01 9.725724e+01 4.160000e+02
    endloop
  endfacet
  facet normal -5.174444e-01 -8.557168e-01 -0.000000e+00
    outer loop
      vertex   1.875901e+01 9.725724e+01 4.160000e+02
      vertex   1.823268e+01 9.757551e+01 4.100000e+02
      vertex   1.875901e+01 9.725724e+01 4.100000e+02
    endloop
  endfacet
  facet normal -3.320489e-01 -9.432622e-01 -0.000000e+00
    outer loop
      vertex   1.875901e+01 9.725724e+01 4.160000e+02
      vertex   1.875901e+01 9.725724e+01 4.100000e+02
      vertex   1.933919e+01 9.705301e+01 4.160000e+02
    endloop
  endfacet
  facet normal -3.320489e-01 -9.432622e-01 -1.966124e-16
    outer loop
      vertex   1.933919e+01 9.705301e+01 4.160000e+02
      vertex   1.875901e+01 9.725724e+01 4.100000e+02
      vertex   1.933919e+01 9.705301e+01 4.100000e+02
    endloop
  endfacet
  facet normal -1.326954e-01 -9.911569e-01 -7.857148e-17
    outer loop
      vertex   1.933919e+01 9.705301e+01 4.160000e+02
      vertex   1.933919e+01 9.705301e+01 4.100000e+02
      vertex   1.994883e+01 9.697139e+01 4.160000e+02
    endloop
  endfacet
  facet normal -1.326954e-01 -9.911569e-01 -0.000000e+00
    outer loop
      vertex   1.994883e+01 9.697139e+01 4.160000e+02
      vertex   1.933919e+01 9.705301e+01 4.100000e+02
      vertex   1.994883e+01 9.697139e+01 4.100000e+02
    endloop
  endfacet
  facet normal 7.223596e-02 -9.973876e-01 0.000000e+00
    outer loop
      vertex   1.994883e+01 9.697139e+01 4.160000e+02
      vertex   1.994883e+01 9.697139e+01 4.100000e+02
      vertex   2.056230e+01 9.701582e+01 4.160000e+02
    endloop
  endfacet
  facet normal 7.223596e-02 -9.973876e-01 0.000000e+00
    outer loop
      vertex   2.056230e+01 9.701582e+01 4.160000e+02
      vertex   1.994883e+01 9.697139e+01 4.100000e+02
      vertex   2.056230e+01 9.701582e+01 4.100000e+02
    endloop
  endfacet
  facet normal 2.741309e-01 -9.616924e-01 0.000000e+00
    outer loop
      vertex   2.056230e+01 9.701582e+01 4.160000e+02
      vertex   2.056230e+01 9.701582e+01 4.100000e+02
      vertex   2.115382e+01 9.718443e+01 4.160000e+02
    endloop
  endfacet
  facet normal 2.741309e-01 -9.616924e-01 0.000000e+00
    outer loop
      vertex   2.115382e+01 9.718443e+01 4.160000e+02
      vertex   2.056230e+01 9.701582e+01 4.100000e+02
      vertex   2.115382e+01 9.718443e+01 4.100000e+02
    endloop
  endfacet
  facet normal 4.645025e-01 -8.855718e-01 0.000000e+00
    outer loop
      vertex   2.115382e+01 9.718443e+01 4.160000e+02
      vertex   2.115382e+01 9.718443e+01 4.100000e+02
      vertex   2.169851e+01 9.747014e+01 4.160000e+02
    endloop
  endfacet
  facet normal 4.645025e-01 -8.855718e-01 2.750407e-16
    outer loop
      vertex   2.169851e+01 9.747014e+01 4.160000e+02
      vertex   2.115382e+01 9.718443e+01 4.100000e+02
      vertex   2.169851e+01 9.747014e+01 4.100000e+02
    endloop
  endfacet
  facet normal 6.353484e-01 -7.722256e-01 3.762019e-16
    outer loop
      vertex   2.169851e+01 9.747014e+01 4.160000e+02
      vertex   2.169851e+01 9.747014e+01 4.100000e+02
      vertex   2.217349e+01 9.786093e+01 4.160000e+02
    endloop
  endfacet
  facet normal 6.353484e-01 -7.722256e-01 -2.905591e-15
    outer loop
      vertex   2.217349e+01 9.786093e+01 4.160000e+02
      vertex   2.169851e+01 9.747014e+01 4.100000e+02
      vertex   2.217349e+01 9.786093e+01 4.100000e+02
    endloop
  endfacet
  facet normal 7.794871e-01 -6.264183e-01 -2.044215e-15
    outer loop
      vertex   2.217349e+01 9.786093e+01 4.160000e+02
      vertex   2.217349e+01 9.786093e+01 4.100000e+02
      vertex   2.255879e+01 9.834037e+01 4.160000e+02
    endloop
  endfacet
  facet normal 7.794871e-01 -6.264183e-01 4.615491e-16
    outer loop
      vertex   2.255879e+01 9.834037e+01 4.160000e+02
      vertex   2.217349e+01 9.786093e+01 4.100000e+02
      vertex   2.255879e+01 9.834037e+01 4.100000e+02
    endloop
  endfacet
  facet normal 8.908594e-01 -4.542791e-01 5.274947e-16
    outer loop
      vertex   2.255879e+01 9.834037e+01 4.160000e+02
      vertex   2.255879e+01 9.834037e+01 4.100000e+02
      vertex   2.283821e+01 9.888832e+01 4.160000e+02
    endloop
  endfacet
  facet normal 8.908594e-01 -4.542791e-01 0.000000e+00
    outer loop
      vertex   2.283821e+01 9.888832e+01 4.160000e+02
      vertex   2.255879e+01 9.834037e+01 4.100000e+02
      vertex   2.283821e+01 9.888832e+01 4.100000e+02
    endloop
  endfacet
  facet normal 9.647838e-01 -2.630440e-01 0.000000e+00
    outer loop
      vertex   2.283821e+01 9.888832e+01 4.160000e+02
      vertex   2.283821e+01 9.888832e+01 4.100000e+02
      vertex   2.300000e+01 9.948174e+01 4.160000e+02
    endloop
  endfacet
  facet normal 9.647838e-01 -2.630440e-01 0.000000e+00
    outer loop
      vertex   2.300000e+01 9.948174e+01 4.160000e+02
      vertex   2.283821e+01 9.888832e+01 4.100000e+02
      vertex   2.300000e+01 9.948174e+01 4.100000e+02
    endloop
  endfacet
  facet normal 1.000000e+00 0.000000e+00 0.000000e+00
    outer loop
      vertex   2.500000e+01 4.800000e+01 4.250000e+02
      vertex   2.500000e+01 1.500000e+01 4.250000e+02
      vertex   2.500000e+01 4.800000e+01 4.160000e+02
    endloop
  endfacet
  facet normal 1.000000e+00 0.000000e+00 0.000000e+00
    outer loop
      vertex   2.500000e+01 4.800000e+01 4.160000e+02
      vertex   2.500000e+01 1.500000e+01 4.250000e+02
      vertex   2.500000e+01 1.500000e+01 4.060000e+02
    endloop
  endfacet
  facet normal 1.000000e+00 -0.000000e+00 0.000000e+00
    outer loop
      vertex   2.500000e+01 4.800000e+01 4.160000e+02
      vertex   2.500000e+01 1.500000e+01 4.060000e+02
      vertex   2.500000e+01 5.800000e+01 4.160000e+02
    endloop
  endfacet
  facet normal 1.000000e+00 0.000000e+00 0.000000e+00
    outer loop
      vertex   2.500000e+01 5.800000e+01 4.160000e+02
      vertex   2.500000e+01 1.500000e+01 4.060000e+02
      vertex   2.500000e+01 1.050000e+02 4.060000e+02
    endloop
  endfacet
  facet normal 1.000000e+00 0.000000e+00 0.000000e+00
    outer loop
      vertex   2.500000e+01 5.800000e+01 4.160000e+02
      vertex   2.500000e+01 1.050000e+02 4.060000e+02
      vertex   2.500000e+01 8.800000e+01 4.160000e+02
    endloop
  endfacet
  facet normal 1.000000e+00 -0.000000e+00 0.000000e+00
    outer loop
      vertex   2.500000e+01 8.800000e+01 4.160000e+02
      vertex   2.500000e+01 1.050000e+02 4.060000e+02
      vertex   2.500000e+01 9.500000e+01 4.160000e+02
    endloop
  endfacet
  facet normal 1.000000e+00 -0.000000e+00 0.000000e+00
    outer loop
      vertex   2.500000e+01 9.500000e+01 4.160000e+02
      vertex   2.500000e+01 1.050000e+02 4.060000e+02
      vertex   2.500000e+01 1.050000e+02 4.250000e+02
    endloop
  endfacet
  facet normal 1.000000e+00 0.000000e+00 0.000000e+00
    outer loop
      vertex   2.500000e+01 9.500000e+01 4.160000e+02
      vertex   2.500000e+01 1.050000e+02 4.250000e+02
      vertex   2.500000e+01 9.500000e+01 4.250000e+02
    endloop
  endfacet
  facet normal 1.000000e+00 0.000000e+00 -0.000000e+00
    outer loop
      vertex   2.500000e+01 8.800000e+01 4.160000e+02
      vertex   2.500000e+01 8.800000e+01 4.250000e+02
      vertex   2.500000e+01 5.800000e+01 4.160000e+02
    endloop
  endfacet
  facet normal 1.000000e+00 0.000000e+00 0.000000e+00
    outer loop
      vertex   2.500000e+01 5.800000e+01 4.160000e+02
      vertex   2.500000e+01 8.800000e+01 4.250000e+02
      vertex   2.500000e+01 5.800000e+01 4.250000e+02
    endloop
  endfacet
  facet normal 9.094947e-14 -9.559175e-15 1.000000e+00
    outer loop
      vertex   1.206556e+01 2.662374e+01 4.160000e+02
      vertex   1.200000e+01 2.600000e+01 4.160000e+02
      vertex   1.325000e+01 2.600000e+01 4.160000e+02
    endloop
  endfacet
  facet normal 9.094947e-14 9.559175e-15 1.000000e+00
    outer loop
      vertex   1.325000e+01 2.600000e+01 4.160000e+02
      vertex   1.200000e+01 2.600000e+01 4.160000e+02
      vertex   1.206556e+01 2.537627e+01 4.160000e+02
    endloop
  endfacet
  facet normal 8.976039e-14 1.181718e-14 1.000000e+00
    outer loop
      vertex   1.325000e+01 2.600000e+01 4.160000e+02
      vertex   1.206556e+01 2.537627e+01 4.160000e+02
      vertex   1.330963e+01 2.554707e+01 4.160000e+02
    endloop
  endfacet
  facet normal 8.748039e-14 2.842410e-14 1.000000e+00
    outer loop
      vertex   1.330963e+01 2.554707e+01 4.160000e+02
      vertex   1.206556e+01 2.537627e+01 4.160000e+02
      vertex   1.225936e+01 2.477979e+01 4.160000e+02
    endloop
  endfacet
  facet normal 8.309940e-14 3.442090e-14 1.000000e+00
    outer loop
      vertex   1.330963e+01 2.554707e+01 4.160000e+02
      vertex   1.225936e+01 2.477979e+01 4.160000e+02
      vertex   1.348446e+01 2.512500e+01 4.160000e+02
    endloop
  endfacet
  facet normal 7.981390e-14 4.608058e-14 1.000000e+00
    outer loop
      vertex   1.348446e+01 2.512500e+01 4.160000e+02
      vertex   1.225936e+01 2.477979e+01 4.160000e+02
      vertex   1.257295e+01 2.423664e+01 4.160000e+02
    endloop
  endfacet
  facet normal 7.135907e-14 5.475574e-14 1.000000e+00
    outer loop
      vertex   1.348446e+01 2.512500e+01 4.160000e+02
      vertex   1.257295e+01 2.423664e+01 4.160000e+02
      vertex   1.376256e+01 2.476256e+01 4.160000e+02
    endloop
  endfacet
  facet normal 6.835619e-14 6.154819e-14 1.000000e+00
    outer loop
      vertex   1.376256e+01 2.476256e+01 4.160000e+02
      vertex   1.257295e+01 2.423664e+01 4.160000e+02
      vertex   1.299261e+01 2.377057e+01 4.160000e+02
    endloop
  endfacet
  facet normal 5.511417e-14 7.182619e-14 1.000000e+00
    outer loop
      vertex   1.376256e+01 2.476256e+01 4.160000e+02
      vertex   1.299261e+01 2.377057e+01 4.160000e+02
      vertex   1.412500e+01 2.448446e+01 4.160000e+02
    endloop
  endfacet
  facet normal 5.375322e-14 7.398496e-14 1.000000e+00
    outer loop
      vertex   1.412500e+01 2.448446e+01 4.160000e+02
      vertex   1.299261e+01 2.377057e+01 4.160000e+02
      vertex   1.350000e+01 2.340192e+01 4.160000e+02
    endloop
  endfacet
  facet normal 3.719625e-14 8.354414e-14 1.000000e+00
    outer loop
      vertex   1.412500e+01 2.448446e+01 4.160000e+02
      vertex   1.350000e+01 2.340192e+01 4.160000e+02
      vertex   1.407295e+01 2.314683e+01 4.160000e+02
    endloop
  endfacet
  facet normal 3.464622e-14 8.364337e-14 1.000000e+00
    outer loop
      vertex   1.412500e+01 2.448446e+01 4.160000e+02
      vertex   1.407295e+01 2.314683e+01 4.160000e+02
      vertex   1.454707e+01 2.430963e+01 4.160000e+02
    endloop
  endfacet
  facet normal 1.912420e-14 8.997229e-14 1.000000e+00
    outer loop
      vertex   1.454707e+01 2.430963e+01 4.160000e+02
      vertex   1.407295e+01 2.314683e+01 4.160000e+02
      vertex   1.468641e+01 2.301643e+01 4.160000e+02
    endloop
  endfacet
  facet normal 1.174033e-14 8.917664e-14 1.000000e+00
    outer loop
      vertex   1.454707e+01 2.430963e+01 4.160000e+02
      vertex   1.468641e+01 2.301643e+01 4.160000e+02
      vertex   1.500000e+01 2.425000e+01 4.160000e+02
    endloop
  endfacet
  facet normal 0.000000e+00 9.216115e-14 1.000000e+00
    outer loop
      vertex   1.500000e+01 2.425000e+01 4.160000e+02
      vertex   1.468641e+01 2.301643e+01 4.160000e+02
      vertex   1.531359e+01 2.301643e+01 4.160000e+02
    endloop
  endfacet
  facet normal -1.174033e-14 8.917664e-14 1.000000e+00
    outer loop
      vertex   1.500000e+01 2.425000e+01 4.160000e+02
      vertex   1.531359e+01 2.301643e+01 4.160000e+02
      vertex   1.545293e+01 2.430963e+01 4.160000e+02
    endloop
  endfacet
  facet normal -1.912420e-14 8.997229e-14 1.000000e+00
    outer loop
      vertex   1.545293e+01 2.430963e+01 4.160000e+02
      vertex   1.531359e+01 2.301643e+01 4.160000e+02
      vertex   1.592705e+01 2.314683e+01 4.160000e+02
    endloop
  endfacet
  facet normal -3.464622e-14 8.364337e-14 1.000000e+00
    outer loop
      vertex   1.545293e+01 2.430963e+01 4.160000e+02
      vertex   1.592705e+01 2.314683e+01 4.160000e+02
      vertex   1.587500e+01 2.448446e+01 4.160000e+02
    endloop
  endfacet
  facet normal -3.719625e-14 8.354414e-14 1.000000e+00
    outer loop
      vertex   1.587500e+01 2.448446e+01 4.160000e+02
      vertex   1.592705e+01 2.314683e+01 4.160000e+02
      vertex   1.650000e+01 2.340192e+01 4.160000e+02
    endloop
  endfacet
  facet normal -5.375322e-14 7.398496e-14 1.000000e+00
    outer loop
      vertex   1.587500e+01 2.448446e+01 4.160000e+02
      vertex   1.650000e+01 2.340192e+01 4.160000e+02
      vertex   1.700739e+01 2.377057e+01 4.160000e+02
    endloop
  endfacet
  facet normal -5.511417e-14 7.182619e-14 1.000000e+00
    outer loop
      vertex   1.587500e+01 2.448446e+01 4.160000e+02
      vertex   1.700739e+01 2.377057e+01 4.160000e+02
      vertex   1.623744e+01 2.476256e+01 4.160000e+02
    endloop
  endfacet
  facet normal -6.835619e-14 6.154819e-14 1.000000e+00
    outer loop
      vertex   1.623744e+01 2.476256e+01 4.160000e+02
      vertex   1.700739e+01 2.377057e+01 4.160000e+02
      vertex   1.742705e+01 2.423664e+01 4.160000e+02
    endloop
  endfacet
  facet normal -7.135907e-14 5.475574e-14 1.000000e+00
    outer loop
      vertex   1.623744e+01 2.476256e+01 4.160000e+02
      vertex   1.742705e+01 2.423664e+01 4.160000e+02
      vertex   1.651554e+01 2.512500e+01 4.160000e+02
    endloop
  endfacet
  facet normal -7.981390e-14 4.608058e-14 1.000000e+00
    outer loop
      vertex   1.651554e+01 2.512500e+01 4.160000e+02
      vertex   1.742705e+01 2.423664e+01 4.160000e+02
      vertex   1.774064e+01 2.477979e+01 4.160000e+02
    endloop
  endfacet
  facet normal -8.309940e-14 3.442090e-14 1.000000e+00
    outer loop
      vertex   1.651554e+01 2.512500e+01 4.160000e+02
      vertex   1.774064e+01 2.477979e+01 4.160000e+02
      vertex   1.669037e+01 2.554707e+01 4.160000e+02
    endloop
  endfacet
  facet normal -8.748039e-14 2.842410e-14 1.000000e+00
    outer loop
      vertex   1.669037e+01 2.554707e+01 4.160000e+02
      vertex   1.774064e+01 2.477979e+01 4.160000e+02
      vertex   1.793444e+01 2.537627e+01 4.160000e+02
    endloop
  endfacet
  facet normal -8.976039e-14 1.181718e-14 1.000000e+00
    outer loop
      vertex   1.669037e+01 2.554707e+01 4.160000e+02
      vertex   1.793444e+01 2.537627e+01 4.160000e+02
      vertex   1.675000e+01 2.600000e+01 4.160000e+02
    endloop
  endfacet
  facet normal -9.094947e-14 9.559175e-15 1.000000e+00
    outer loop
      vertex   1.675000e+01 2.600000e+01 4.160000e+02
      vertex   1.793444e+01 2.537627e+01 4.160000e+02
      vertex   1.800000e+01 2.600000e+01 4.160000e+02
    endloop
  endfacet
  facet normal -9.094947e-14 -9.559175e-15 1.000000e+00
    outer loop
      vertex   1.675000e+01 2.600000e+01 4.160000e+02
      vertex   1.800000e+01 2.600000e+01 4.160000e+02
      vertex   1.793444e+01 2.662374e+01 4.160000e+02
    endloop
  endfacet
  facet normal -8.976039e-14 -1.181718e-14 1.000000e+00
    outer loop
      vertex   1.675000e+01 2.600000e+01 4.160000e+02
      vertex   1.793444e+01 2.662374e+01 4.160000e+02
      vertex   1.669037e+01 2.645293e+01 4.160000e+02
    endloop
  endfacet
  facet normal -8.748039e-14 -2.842410e-14 1.000000e+00
    outer loop
      vertex   1.669037e+01 2.645293e+01 4.160000e+02
      vertex   1.793444e+01 2.662374e+01 4.160000e+02
      vertex   1.774064e+01 2.722021e+01 4.160000e+02
    endloop
  endfacet
  facet normal -8.309940e-14 -3.442090e-14 1.000000e+00
    outer loop
      vertex   1.669037e+01 2.645293e+01 4.160000e+02
      vertex   1.774064e+01 2.722021e+01 4.160000e+02
      vertex   1.651554e+01 2.687500e+01 4.160000e+02
    endloop
  endfacet
  facet normal -7.981390e-14 -4.608058e-14 1.000000e+00
    outer loop
      vertex   1.651554e+01 2.687500e+01 4.160000e+02
      vertex   1.774064e+01 2.722021e+01 4.160000e+02
      vertex   1.742705e+01 2.776336e+01 4.160000e+02
    endloop
  endfacet
  facet normal -7.135907e-14 -5.475574e-14 1.000000e+00
    outer loop
      vertex   1.651554e+01 2.687500e+01 4.160000e+02
      vertex   1.742705e+01 2.776336e+01 4.160000e+02
      vertex   1.623744e+01 2.723744e+01 4.160000e+02
    endloop
  endfacet
  facet normal -6.835619e-14 -6.154819e-14 1.000000e+00
    outer loop
      vertex   1.623744e+01 2.723744e+01 4.160000e+02
      vertex   1.742705e+01 2.776336e+01 4.160000e+02
      vertex   1.700739e+01 2.822943e+01 4.160000e+02
    endloop
  endfacet
  facet normal -5.511417e-14 -7.182619e-14 1.000000e+00
    outer loop
      vertex   1.623744e+01 2.723744e+01 4.160000e+02
      vertex   1.700739e+01 2.822943e+01 4.160000e+02
      vertex   1.587500e+01 2.751554e+01 4.160000e+02
    endloop
  endfacet
  facet normal -5.375322e-14 -7.398496e-14 1.000000e+00
    outer loop
      vertex   1.587500e+01 2.751554e+01 4.160000e+02
      vertex   1.700739e+01 2.822943e+01 4.160000e+02
      vertex   1.650000e+01 2.859808e+01 4.160000e+02
    endloop
  endfacet
  facet normal -3.719625e-14 -8.354414e-14 1.000000e+00
    outer loop
      vertex   1.587500e+01 2.751554e+01 4.160000e+02
      vertex   1.650000e+01 2.859808e+01 4.160000e+02
      vertex   1.592705e+01 2.885317e+01 4.160000e+02
    endloop
  endfacet
  facet normal -3.464622e-14 -8.364337e-14 1.000000e+00
    outer loop
      vertex   1.587500e+01 2.751554e+01 4.160000e+02
      vertex   1.592705e+01 2.885317e+01 4.160000e+02
      vertex   1.545293e+01 2.769037e+01 4.160000e+02
    endloop
  endfacet
  facet normal -1.912420e-14 -8.997229e-14 1.000000e+00
    outer loop
      vertex   1.545293e+01 2.769037e+01 4.160000e+02
      vertex   1.592705e+01 2.885317e+01 4.160000e+02
      vertex   1.531359e+01 2.898357e+01 4.160000e+02
    endloop
  endfacet
  facet normal -1.174033e-14 -8.917664e-14 1.000000e+00
    outer loop
      vertex   1.545293e+01 2.769037e+01 4.160000e+02
      vertex   1.531359e+01 2.898357e+01 4.160000e+02
      vertex   1.500000e+01 2.775000e+01 4.160000e+02
    endloop
  endfacet
  facet normal 0.000000e+00 -9.216115e-14 1.000000e+00
    outer loop
      vertex   1.500000e+01 2.775000e+01 4.160000e+02
      vertex   1.531359e+01 2.898357e+01 4.160000e+02
      vertex   1.468641e+01 2.898357e+01 4.160000e+02
    endloop
  endfacet
  facet normal 1.174033e-14 -8.917664e-14 1.000000e+00
    outer loop
      vertex   1.500000e+01 2.775000e+01 4.160000e+02
      vertex   1.468641e+01 2.898357e+01 4.160000e+02
      vertex   1.454707e+01 2.769037e+01 4.160000e+02
    endloop
  endfacet
  facet normal 1.912420e-14 -8.997229e-14 1.000000e+00
    outer loop
      vertex   1.454707e+01 2.769037e+01 4.160000e+02
      vertex   1.468641e+01 2.898357e+01 4.160000e+02
      vertex   1.407295e+01 2.885317e+01 4.160000e+02
    endloop
  endfacet
  facet normal 3.464622e-14 -8.364337e-14 1.000000e+00
    outer loop
      vertex   1.454707e+01 2.769037e+01 4.160000e+02
      vertex   1.407295e+01 2.885317e+01 4.160000e+02
      vertex   1.412500e+01 2.751554e+01 4.160000e+02
    endloop
  endfacet
  facet normal 3.719625e-14 -8.354414e-14 1.000000e+00
    outer loop
      vertex   1.412500e+01 2.751554e+01 4.160000e+02
      vertex   1.407295e+01 2.885317e+01 4.160000e+02
      vertex   1.350000e+01 2.859808e+01 4.160000e+02
    endloop
  endfacet
  facet normal 5.375322e-14 -7.398496e-14 1.000000e+00
    outer loop
      vertex   1.412500e+01 2.751554e+01 4.160000e+02
      vertex   1.350000e+01 2.859808e+01 4.160000e+02
      vertex   1.299261e+01 2.822943e+01 4.160000e+02
    endloop
  endfacet
  facet normal 5.511417e-14 -7.182619e-14 1.000000e+00
    outer loop
      vertex   1.412500e+01 2.751554e+01 4.160000e+02
      vertex   1.299261e+01 2.822943e+01 4.160000e+02
      vertex   1.376256e+01 2.723744e+01 4.160000e+02
    endloop
  endfacet
  facet normal 6.835619e-14 -6.154819e-14 1.000000e+00
    outer loop
      vertex   1.376256e+01 2.723744e+01 4.160000e+02
      vertex   1.299261e+01 2.822943e+01 4.160000e+02
      vertex   1.257295e+01 2.776336e+01 4.160000e+02
    endloop
  endfacet
  facet normal 7.135907e-14 -5.475574e-14 1.000000e+00
    outer loop
      vertex   1.376256e+01 2.723744e+01 4.160000e+02
      vertex   1.257295e+01 2.776336e+01 4.160000e+02
      vertex   1.348446e+01 2.687500e+01 4.160000e+02
    endloop
  endfacet
  facet normal 7.981390e-14 -4.608058e-14 1.000000e+00
    outer loop
      vertex   1.348446e+01 2.687500e+01 4.160000e+02
      vertex   1.257295e+01 2.776336e+01 4.160000e+02
      vertex   1.225936e+01 2.722021e+01 4.160000e+02
    endloop
  endfacet
  facet normal 8.309940e-14 -3.442090e-14 1.000000e+00
    outer loop
      vertex   1.348446e+01 2.687500e+01 4.160000e+02
      vertex   1.225936e+01 2.722021e+01 4.160000e+02
      vertex   1.330963e+01 2.645293e+01 4.160000e+02
    endloop
  endfacet
  facet normal 8.748039e-14 -2.842410e-14 1.000000e+00
    outer loop
      vertex   1.330963e+01 2.645293e+01 4.160000e+02
      vertex   1.225936e+01 2.722021e+01 4.160000e+02
      vertex   1.206556e+01 2.662374e+01 4.160000e+02
    endloop
  endfacet
  facet normal 8.976039e-14 -1.181718e-14 1.000000e+00
    outer loop
      vertex   1.330963e+01 2.645293e+01 4.160000e+02
      vertex   1.206556e+01 2.662374e+01 4.160000e+02
      vertex   1.325000e+01 2.600000e+01 4.160000e+02
    endloop
  endfacet
  facet normal 8.936488e-14 2.243987e-14 1.000000e+00
    outer loop
      vertex   -2.284761e+01 9.901992e+01 4.160000e+02
      vertex   -2.172037e+01 9.959707e+01 4.160000e+02
      vertex   -2.300000e+01 9.962680e+01 4.160000e+02
    endloop
  endfacet
  facet normal 8.911613e-14 1.173236e-14 1.000000e+00
    outer loop
      vertex   -2.300000e+01 9.962680e+01 4.160000e+02
      vertex   -2.172037e+01 9.959707e+01 4.160000e+02
      vertex   -2.178000e+01 1.000500e+02 4.160000e+02
    endloop
  endfacet
  facet normal 9.318598e-14 -0.000000e+00 1.000000e+00
    outer loop
      vertex   -2.300000e+01 9.962680e+01 4.160000e+02
      vertex   -2.178000e+01 1.000500e+02 4.160000e+02
      vertex   -2.300000e+01 1.004732e+02 4.160000e+02
    endloop
  endfacet
  facet normal 8.911613e-14 -1.173236e-14 1.000000e+00
    outer loop
      vertex   -2.300000e+01 1.004732e+02 4.160000e+02
      vertex   -2.178000e+01 1.000500e+02 4.160000e+02
      vertex   -2.172037e+01 1.005029e+02 4.160000e+02
    endloop
  endfacet
  facet normal 8.936353e-14 -2.238177e-14 1.000000e+00
    outer loop
      vertex   -2.300000e+01 1.004732e+02 4.160000e+02
      vertex   -2.172037e+01 1.005029e+02 4.160000e+02
      vertex   -2.284886e+01 1.010767e+02 4.160000e+02
    endloop
  endfacet
  facet normal 8.321789e-14 -3.446998e-14 1.000000e+00
    outer loop
      vertex   -2.284886e+01 1.010767e+02 4.160000e+02
      vertex   -2.172037e+01 1.005029e+02 4.160000e+02
      vertex   -2.154555e+01 1.009250e+02 4.160000e+02
    endloop
  endfacet
  facet normal 8.255140e-14 -4.019767e-14 1.000000e+00
    outer loop
      vertex   -2.284886e+01 1.010767e+02 4.160000e+02
      vertex   -2.154555e+01 1.009250e+02 4.160000e+02
      vertex   -2.257651e+01 1.016360e+02 4.160000e+02
    endloop
  endfacet
  facet normal 7.211306e-14 -5.533430e-14 1.000000e+00
    outer loop
      vertex   -2.257651e+01 1.016360e+02 4.160000e+02
      vertex   -2.154555e+01 1.009250e+02 4.160000e+02
      vertex   -2.126744e+01 1.012874e+02 4.160000e+02
    endloop
  endfacet
  facet normal 7.195092e-14 -5.594332e-14 1.000000e+00
    outer loop
      vertex   -2.257651e+01 1.016360e+02 4.160000e+02
      vertex   -2.126744e+01 1.012874e+02 4.160000e+02
      vertex   -2.219466e+01 1.021271e+02 4.160000e+02
    endloop
  endfacet
  facet normal 5.922160e-14 -7.000056e-14 1.000000e+00
    outer loop
      vertex   -2.219466e+01 1.021271e+02 4.160000e+02
      vertex   -2.126744e+01 1.012874e+02 4.160000e+02
      vertex   -2.171974e+01 1.025289e+02 4.160000e+02
    endloop
  endfacet
  facet normal 5.491680e-14 -7.156896e-14 1.000000e+00
    outer loop
      vertex   -2.171974e+01 1.025289e+02 4.160000e+02
      vertex   -2.126744e+01 1.012874e+02 4.160000e+02
      vertex   -2.090500e+01 1.015655e+02 4.160000e+02
    endloop
  endfacet
  facet normal 4.369825e-14 -8.105709e-14 1.000000e+00
    outer loop
      vertex   -2.171974e+01 1.025289e+02 4.160000e+02
      vertex   -2.090500e+01 1.015655e+02 4.160000e+02
      vertex   -2.117215e+01 1.028241e+02 4.160000e+02
    endloop
  endfacet
  facet normal 3.439311e-14 -8.303231e-14 1.000000e+00
    outer loop
      vertex   -2.117215e+01 1.028241e+02 4.160000e+02
      vertex   -2.090500e+01 1.015655e+02 4.160000e+02
      vertex   -2.048293e+01 1.017404e+02 4.160000e+02
    endloop
  endfacet
  facet normal 2.604530e-14 -8.834137e-14 1.000000e+00
    outer loop
      vertex   -2.117215e+01 1.028241e+02 4.160000e+02
      vertex   -2.048293e+01 1.017404e+02 4.160000e+02
      vertex   -2.057545e+01 1.030000e+02 4.160000e+02
    endloop
  endfacet
  facet normal 1.176842e-14 -8.939000e-14 1.000000e+00
    outer loop
      vertex   -2.057545e+01 1.030000e+02 4.160000e+02
      vertex   -2.048293e+01 1.017404e+02 4.160000e+02
      vertex   -2.003000e+01 1.018000e+02 4.160000e+02
    endloop
  endfacet
  facet normal 0.000000e+00 -9.473928e-14 1.000000e+00
    outer loop
      vertex   -2.057545e+01 1.030000e+02 4.160000e+02
      vertex   -2.003000e+01 1.018000e+02 4.160000e+02
      vertex   -1.948455e+01 1.030000e+02 4.160000e+02
    endloop
  endfacet
  facet normal -1.176842e-14 -8.939000e-14 1.000000e+00
    outer loop
      vertex   -1.948455e+01 1.030000e+02 4.160000e+02
      vertex   -2.003000e+01 1.018000e+02 4.160000e+02
      vertex   -1.957707e+01 1.017404e+02 4.160000e+02
    endloop
  endfacet
  facet normal -2.610246e-14 -8.833717e-14 1.000000e+00
    outer loop
      vertex   -1.948455e+01 1.030000e+02 4.160000e+02
      vertex   -1.957707e+01 1.017404e+02 4.160000e+02
      vertex   -1.888448e+01 1.028227e+02 4.160000e+02
    endloop
  endfacet
  facet normal -3.439296e-14 -8.303195e-14 1.000000e+00
    outer loop
      vertex   -1.888448e+01 1.028227e+02 4.160000e+02
      vertex   -1.957707e+01 1.017404e+02 4.160000e+02
      vertex   -1.915500e+01 1.015655e+02 4.160000e+02
    endloop
  endfacet
  facet normal -4.385600e-14 -8.099560e-14 1.000000e+00
    outer loop
      vertex   -1.888448e+01 1.028227e+02 4.160000e+02
      vertex   -1.915500e+01 1.015655e+02 4.160000e+02
      vertex   -1.833424e+01 1.025248e+02 4.160000e+02
    endloop
  endfacet
  facet normal -5.489933e-14 -7.154620e-14 1.000000e+00
    outer loop
      vertex   -1.833424e+01 1.025248e+02 4.160000e+02
      vertex   -1.915500e+01 1.015655e+02 4.160000e+02
      vertex   -1.879256e+01 1.012874e+02 4.160000e+02
    endloop
  endfacet
  facet normal -5.946409e-14 -6.985533e-14 1.000000e+00
    outer loop
      vertex   -1.833424e+01 1.025248e+02 4.160000e+02
      vertex   -1.879256e+01 1.012874e+02 4.160000e+02
      vertex   -1.785777e+01 1.021192e+02 4.160000e+02
    endloop
  endfacet
  facet normal -7.214495e-14 -5.560305e-14 1.000000e+00
    outer loop
      vertex   -1.785777e+01 1.021192e+02 4.160000e+02
      vertex   -1.879256e+01 1.012874e+02 4.160000e+02
      vertex   -1.747580e+01 1.016236e+02 4.160000e+02
    endloop
  endfacet
  facet normal -7.219710e-14 -5.539878e-14 1.000000e+00
    outer loop
      vertex   -1.747580e+01 1.016236e+02 4.160000e+02
      vertex   -1.879256e+01 1.012874e+02 4.160000e+02
      vertex   -1.851446e+01 1.009250e+02 4.160000e+02
    endloop
  endfacet
  facet normal -8.273604e-14 -3.972889e-14 1.000000e+00
    outer loop
      vertex   -1.747580e+01 1.016236e+02 4.160000e+02
      vertex   -1.851446e+01 1.009250e+02 4.160000e+02
      vertex   -1.720495e+01 1.010595e+02 4.160000e+02
    endloop
  endfacet
  facet normal -8.327379e-14 -3.449313e-14 1.000000e+00
    outer loop
      vertex   -1.720495e+01 1.010595e+02 4.160000e+02
      vertex   -1.851446e+01 1.009250e+02 4.160000e+02
      vertex   -1.833963e+01 1.005029e+02 4.160000e+02
    endloop
  endfacet
  facet normal -8.950825e-14 -2.178278e-14 1.000000e+00
    outer loop
      vertex   -1.720495e+01 1.010595e+02 4.160000e+02
      vertex   -1.833963e+01 1.005029e+02 4.160000e+02
      vertex   -1.705699e+01 1.004515e+02 4.160000e+02
    endloop
  endfacet
  facet normal -8.910535e-14 -1.173094e-14 1.000000e+00
    outer loop
      vertex   -1.705699e+01 1.004515e+02 4.160000e+02
      vertex   -1.833963e+01 1.005029e+02 4.160000e+02
      vertex   -1.828000e+01 1.000500e+02 4.160000e+02
    endloop
  endfacet
  facet normal -9.205679e-14 -2.741072e-15 1.000000e+00
    outer loop
      vertex   -1.705699e+01 1.004515e+02 4.160000e+02
      vertex   -1.828000e+01 1.000500e+02 4.160000e+02
      vertex   -1.703837e+01 9.982608e+01 4.160000e+02
    endloop
  endfacet
  facet normal -8.943894e-14 1.177486e-14 1.000000e+00
    outer loop
      vertex   -1.703837e+01 9.982608e+01 4.160000e+02
      vertex   -1.828000e+01 1.000500e+02 4.160000e+02
      vertex   -1.833963e+01 9.959707e+01 4.160000e+02
    endloop
  endfacet
  facet normal -9.024337e-14 1.634566e-14 1.000000e+00
    outer loop
      vertex   -1.703837e+01 9.982608e+01 4.160000e+02
      vertex   -1.833963e+01 9.959707e+01 4.160000e+02
      vertex   -1.714989e+01 9.921038e+01 4.160000e+02
    endloop
  endfacet
  facet normal -8.434683e-14 3.448782e-14 1.000000e+00
    outer loop
      vertex   -1.714989e+01 9.921038e+01 4.160000e+02
      vertex   -1.833963e+01 9.959707e+01 4.160000e+02
      vertex   -1.738670e+01 9.863121e+01 4.160000e+02
    endloop
  endfacet
  facet normal -8.402575e-14 3.480460e-14 1.000000e+00
    outer loop
      vertex   -1.738670e+01 9.863121e+01 4.160000e+02
      vertex   -1.833963e+01 9.959707e+01 4.160000e+02
      vertex   -1.851446e+01 9.917500e+01 4.160000e+02
    endloop
  endfacet
  facet normal -7.591946e-14 5.161584e-14 1.000000e+00
    outer loop
      vertex   -1.738670e+01 9.863121e+01 4.160000e+02
      vertex   -1.851446e+01 9.917500e+01 4.160000e+02
      vertex   -1.773851e+01 9.811376e+01 4.160000e+02
    endloop
  endfacet
  facet normal -7.148886e-14 5.485533e-14 1.000000e+00
    outer loop
      vertex   -1.773851e+01 9.811376e+01 4.160000e+02
      vertex   -1.851446e+01 9.917500e+01 4.160000e+02
      vertex   -1.879256e+01 9.881257e+01 4.160000e+02
    endloop
  endfacet
  facet normal -6.378525e-14 6.647510e-14 1.000000e+00
    outer loop
      vertex   -1.773851e+01 9.811376e+01 4.160000e+02
      vertex   -1.879256e+01 9.881257e+01 4.160000e+02
      vertex   -1.819000e+01 9.768053e+01 4.160000e+02
    endloop
  endfacet
  facet normal -5.471341e-14 7.130390e-14 1.000000e+00
    outer loop
      vertex   -1.819000e+01 9.768053e+01 4.160000e+02
      vertex   -1.879256e+01 9.881257e+01 4.160000e+02
      vertex   -1.915500e+01 9.853446e+01 4.160000e+02
    endloop
  endfacet
  facet normal -4.858748e-14 7.822666e-14 1.000000e+00
    outer loop
      vertex   -1.819000e+01 9.768053e+01 4.160000e+02
      vertex   -1.915500e+01 9.853446e+01 4.160000e+02
      vertex   -1.872153e+01 9.735039e+01 4.160000e+02
    endloop
  endfacet
  facet normal -3.453361e-14 8.337152e-14 1.000000e+00
    outer loop
      vertex   -1.872153e+01 9.735039e+01 4.160000e+02
      vertex   -1.915500e+01 9.853446e+01 4.160000e+02
      vertex   -1.957707e+01 9.835963e+01 4.160000e+02
    endloop
  endfacet
  facet normal -3.116686e-14 8.622551e-14 1.000000e+00
    outer loop
      vertex   -1.872153e+01 9.735039e+01 4.160000e+02
      vertex   -1.957707e+01 9.835963e+01 4.160000e+02
      vertex   -1.930999e+01 9.713769e+01 4.160000e+02
    endloop
  endfacet
  facet normal -1.253101e-14 9.029866e-14 1.000000e+00
    outer loop
      vertex   -1.930999e+01 9.713769e+01 4.160000e+02
      vertex   -1.957707e+01 9.835963e+01 4.160000e+02
      vertex   -1.992977e+01 9.705168e+01 4.160000e+02
    endloop
  endfacet
  facet normal -1.186438e-14 9.011889e-14 1.000000e+00
    outer loop
      vertex   -1.992977e+01 9.705168e+01 4.160000e+02
      vertex   -1.957707e+01 9.835963e+01 4.160000e+02
      vertex   -2.003000e+01 9.830000e+01 4.160000e+02
    endloop
  endfacet
  facet normal 6.519790e-15 9.159496e-14 1.000000e+00
    outer loop
      vertex   -1.992977e+01 9.705168e+01 4.160000e+02
      vertex   -2.003000e+01 9.830000e+01 4.160000e+02
      vertex   -2.055391e+01 9.709611e+01 4.160000e+02
    endloop
  endfacet
  facet normal 1.175856e-14 8.931516e-14 1.000000e+00
    outer loop
      vertex   -2.055391e+01 9.709611e+01 4.160000e+02
      vertex   -2.003000e+01 9.830000e+01 4.160000e+02
      vertex   -2.048293e+01 9.835963e+01 4.160000e+02
    endloop
  endfacet
  facet normal 2.546292e-14 8.854532e-14 1.000000e+00
    outer loop
      vertex   -2.055391e+01 9.709611e+01 4.160000e+02
      vertex   -2.048293e+01 9.835963e+01 4.160000e+02
      vertex   -2.115526e+01 9.726904e+01 4.160000e+02
    endloop
  endfacet
  facet normal 3.439567e-14 8.303850e-14 1.000000e+00
    outer loop
      vertex   -2.115526e+01 9.726904e+01 4.160000e+02
      vertex   -2.048293e+01 9.835963e+01 4.160000e+02
      vertex   -2.090500e+01 9.853446e+01 4.160000e+02
    endloop
  endfacet
  facet normal 4.324993e-14 8.128741e-14 1.000000e+00
    outer loop
      vertex   -2.115526e+01 9.726904e+01 4.160000e+02
      vertex   -2.090500e+01 9.853446e+01 4.160000e+02
      vertex   -2.170766e+01 9.756294e+01 4.160000e+02
    endloop
  endfacet
  facet normal 5.495408e-14 7.161755e-14 1.000000e+00
    outer loop
      vertex   -2.170766e+01 9.756294e+01 4.160000e+02
      vertex   -2.090500e+01 9.853446e+01 4.160000e+02
      vertex   -2.126744e+01 9.881257e+01 4.160000e+02
    endloop
  endfacet
  facet normal 5.890193e-14 7.022680e-14 1.000000e+00
    outer loop
      vertex   -2.170766e+01 9.756294e+01 4.160000e+02
      vertex   -2.126744e+01 9.881257e+01 4.160000e+02
      vertex   -2.218707e+01 9.796505e+01 4.160000e+02
    endloop
  endfacet
  facet normal 7.182900e-14 5.619979e-14 1.000000e+00
    outer loop
      vertex   -2.218707e+01 9.796505e+01 4.160000e+02
      vertex   -2.126744e+01 9.881257e+01 4.160000e+02
      vertex   -2.257265e+01 9.845785e+01 4.160000e+02
    endloop
  endfacet
  facet normal 7.207264e-14 5.530329e-14 1.000000e+00
    outer loop
      vertex   -2.257265e+01 9.845785e+01 4.160000e+02
      vertex   -2.126744e+01 9.881257e+01 4.160000e+02
      vertex   -2.154555e+01 9.917500e+01 4.160000e+02
    endloop
  endfacet
  facet normal 8.250535e-14 4.036162e-14 1.000000e+00
    outer loop
      vertex   -2.257265e+01 9.845785e+01 4.160000e+02
      vertex   -2.154555e+01 9.917500e+01 4.160000e+02
      vertex   -2.284761e+01 9.901992e+01 4.160000e+02
    endloop
  endfacet
  facet normal 8.320759e-14 3.446571e-14 1.000000e+00
    outer loop
      vertex   -2.284761e+01 9.901992e+01 4.160000e+02
      vertex   -2.154555e+01 9.917500e+01 4.160000e+02
      vertex   -2.172037e+01 9.959707e+01 4.160000e+02
    endloop
  endfacet
  facet normal 0.000000e+00 0.000000e+00 1.000000e+00
    outer loop
      vertex   -1.948455e+01 1.035000e+02 4.160000e+02
      vertex   -2.057545e+01 1.035000e+02 4.160000e+02
      vertex   -1.948455e+01 1.030000e+02 4.160000e+02
    endloop
  endfacet
  facet normal 0.000000e+00 0.000000e+00 1.000000e+00
    outer loop
      vertex   -1.948455e+01 1.030000e+02 4.160000e+02
      vertex   -2.057545e+01 1.035000e+02 4.160000e+02
      vertex   -2.057545e+01 1.030000e+02 4.160000e+02
    endloop
  endfacet
  facet normal -0.000000e+00 0.000000e+00 1.000000e+00
    outer loop
      vertex   -2.350000e+01 1.004732e+02 4.160000e+02
      vertex   -2.350000e+01 9.962680e+01 4.160000e+02
      vertex   -2.300000e+01 1.004732e+02 4.160000e+02
    endloop
  endfacet
  facet normal 0.000000e+00 0.000000e+00 1.000000e+00
    outer loop
      vertex   -2.300000e+01 1.004732e+02 4.160000e+02
      vertex   -2.350000e+01 9.962680e+01 4.160000e+02
      vertex   -2.300000e+01 9.962680e+01 4.160000e+02
    endloop
  endfacet
  facet normal -8.886905e-14 -2.422975e-14 1.000000e+00
    outer loop
      vertex   2.283821e+01 1.010517e+02 4.160000e+02
      vertex   2.173037e+01 1.004229e+02 4.160000e+02
      vertex   2.300000e+01 1.004583e+02 4.160000e+02
    endloop
  endfacet
  facet normal -8.921647e-14 -1.174557e-14 1.000000e+00
    outer loop
      vertex   2.300000e+01 1.004583e+02 4.160000e+02
      vertex   2.173037e+01 1.004229e+02 4.160000e+02
      vertex   2.179000e+01 9.997000e+01 4.160000e+02
    endloop
  endfacet
  facet normal -9.395611e-14 0.000000e+00 1.000000e+00
    outer loop
      vertex   2.300000e+01 1.004583e+02 4.160000e+02
      vertex   2.179000e+01 9.997000e+01 4.160000e+02
      vertex   2.300000e+01 9.948174e+01 4.160000e+02
    endloop
  endfacet
  facet normal -8.921647e-14 1.174557e-14 1.000000e+00
    outer loop
      vertex   2.300000e+01 9.948174e+01 4.160000e+02
      vertex   2.179000e+01 9.997000e+01 4.160000e+02
      vertex   2.173037e+01 9.951707e+01 4.160000e+02
    endloop
  endfacet
  facet normal -8.886905e-14 2.422975e-14 1.000000e+00
    outer loop
      vertex   2.300000e+01 9.948174e+01 4.160000e+02
      vertex   2.173037e+01 9.951707e+01 4.160000e+02
      vertex   2.283821e+01 9.888832e+01 4.160000e+02
    endloop
  endfacet
  facet normal -8.308781e-14 3.441610e-14 1.000000e+00
    outer loop
      vertex   2.283821e+01 9.888832e+01 4.160000e+02
      vertex   2.173037e+01 9.951707e+01 4.160000e+02
      vertex   2.155555e+01 9.909500e+01 4.160000e+02
    endloop
  endfacet
  facet normal -8.190357e-14 4.176538e-14 1.000000e+00
    outer loop
      vertex   2.283821e+01 9.888832e+01 4.160000e+02
      vertex   2.155555e+01 9.909500e+01 4.160000e+02
      vertex   2.255879e+01 9.834037e+01 4.160000e+02
    endloop
  endfacet
  facet normal -7.184936e-14 5.513196e-14 1.000000e+00
    outer loop
      vertex   2.255879e+01 9.834037e+01 4.160000e+02
      vertex   2.155555e+01 9.909500e+01 4.160000e+02
      vertex   2.127744e+01 9.873257e+01 4.160000e+02
    endloop
  endfacet
  facet normal -7.120863e-14 5.722531e-14 1.000000e+00
    outer loop
      vertex   2.255879e+01 9.834037e+01 4.160000e+02
      vertex   2.127744e+01 9.873257e+01 4.160000e+02
      vertex   2.217349e+01 9.786093e+01 4.160000e+02
    endloop
  endfacet
  facet normal -5.594824e-14 7.291317e-14 1.000000e+00
    outer loop
      vertex   2.217349e+01 9.786093e+01 4.160000e+02
      vertex   2.127744e+01 9.873257e+01 4.160000e+02
      vertex   2.091500e+01 9.845446e+01 4.160000e+02
    endloop
  endfacet
  facet normal -5.742065e-14 6.979115e-14 1.000000e+00
    outer loop
      vertex   2.217349e+01 9.786093e+01 4.160000e+02
      vertex   2.091500e+01 9.845446e+01 4.160000e+02
      vertex   2.169851e+01 9.747014e+01 4.160000e+02
    endloop
  endfacet
  facet normal -4.273750e-14 8.147885e-14 1.000000e+00
    outer loop
      vertex   2.169851e+01 9.747014e+01 4.160000e+02
      vertex   2.091500e+01 9.845446e+01 4.160000e+02
      vertex   2.115382e+01 9.718443e+01 4.160000e+02
    endloop
  endfacet
  facet normal -3.439912e-14 8.304681e-14 1.000000e+00
    outer loop
      vertex   2.115382e+01 9.718443e+01 4.160000e+02
      vertex   2.091500e+01 9.845446e+01 4.160000e+02
      vertex   2.049293e+01 9.827963e+01 4.160000e+02
    endloop
  endfacet
  facet normal -2.524682e-14 8.856964e-14 1.000000e+00
    outer loop
      vertex   2.115382e+01 9.718443e+01 4.160000e+02
      vertex   2.049293e+01 9.827963e+01 4.160000e+02
      vertex   2.056230e+01 9.701582e+01 4.160000e+02
    endloop
  endfacet
  facet normal -1.175789e-14 8.931003e-14 1.000000e+00
    outer loop
      vertex   2.056230e+01 9.701582e+01 4.160000e+02
      vertex   2.049293e+01 9.827963e+01 4.160000e+02
      vertex   2.004000e+01 9.822000e+01 4.160000e+02
    endloop
  endfacet
  facet normal -6.629399e-15 9.153446e-14 1.000000e+00
    outer loop
      vertex   2.056230e+01 9.701582e+01 4.160000e+02
      vertex   2.004000e+01 9.822000e+01 4.160000e+02
      vertex   1.994883e+01 9.697139e+01 4.160000e+02
    endloop
  endfacet
  facet normal 1.207176e-14 9.016896e-14 1.000000e+00
    outer loop
      vertex   1.994883e+01 9.697139e+01 4.160000e+02
      vertex   2.004000e+01 9.822000e+01 4.160000e+02
      vertex   1.933919e+01 9.705301e+01 4.160000e+02
    endloop
  endfacet
  facet normal 1.188568e-14 9.028071e-14 1.000000e+00
    outer loop
      vertex   1.933919e+01 9.705301e+01 4.160000e+02
      vertex   2.004000e+01 9.822000e+01 4.160000e+02
      vertex   1.958707e+01 9.827963e+01 4.160000e+02
    endloop
  endfacet
  facet normal 3.045951e-14 8.652733e-14 1.000000e+00
    outer loop
      vertex   1.933919e+01 9.705301e+01 4.160000e+02
      vertex   1.958707e+01 9.827963e+01 4.160000e+02
      vertex   1.875901e+01 9.725724e+01 4.160000e+02
    endloop
  endfacet
  facet normal 3.448898e-14 8.326377e-14 1.000000e+00
    outer loop
      vertex   1.875901e+01 9.725724e+01 4.160000e+02
      vertex   1.958707e+01 9.827963e+01 4.160000e+02
      vertex   1.916500e+01 9.845446e+01 4.160000e+02
    endloop
  endfacet
  facet normal 4.765009e-14 7.880070e-14 1.000000e+00
    outer loop
      vertex   1.875901e+01 9.725724e+01 4.160000e+02
      vertex   1.916500e+01 9.845446e+01 4.160000e+02
      vertex   1.823268e+01 9.757551e+01 4.160000e+02
    endloop
  endfacet
  facet normal 5.471534e-14 7.130641e-14 1.000000e+00
    outer loop
      vertex   1.823268e+01 9.757551e+01 4.160000e+02
      vertex   1.916500e+01 9.845446e+01 4.160000e+02
      vertex   1.880256e+01 9.873257e+01 4.160000e+02
    endloop
  endfacet
  facet normal 6.267986e-14 6.738364e-14 1.000000e+00
    outer loop
      vertex   1.823268e+01 9.757551e+01 4.160000e+02
      vertex   1.880256e+01 9.873257e+01 4.160000e+02
      vertex   1.778232e+01 9.799444e+01 4.160000e+02
    endloop
  endfacet
  facet normal 7.165286e-14 5.498117e-14 1.000000e+00
    outer loop
      vertex   1.778232e+01 9.799444e+01 4.160000e+02
      vertex   1.880256e+01 9.873257e+01 4.160000e+02
      vertex   1.852446e+01 9.909500e+01 4.160000e+02
    endloop
  endfacet
  facet normal 7.472112e-14 5.291217e-14 1.000000e+00
    outer loop
      vertex   1.778232e+01 9.799444e+01 4.160000e+02
      vertex   1.852446e+01 9.909500e+01 4.160000e+02
      vertex   1.742686e+01 9.849640e+01 4.160000e+02
    endloop
  endfacet
  facet normal 8.369684e-14 3.645428e-14 1.000000e+00
    outer loop
      vertex   1.742686e+01 9.849640e+01 4.160000e+02
      vertex   1.852446e+01 9.909500e+01 4.160000e+02
      vertex   1.718125e+01 9.906031e+01 4.160000e+02
    endloop
  endfacet
  facet normal 8.374247e-14 3.468727e-14 1.000000e+00
    outer loop
      vertex   1.718125e+01 9.906031e+01 4.160000e+02
      vertex   1.852446e+01 9.909500e+01 4.160000e+02
      vertex   1.834963e+01 9.951707e+01 4.160000e+02
    endloop
  endfacet
  facet normal 8.997517e-14 1.874403e-14 1.000000e+00
    outer loop
      vertex   1.718125e+01 9.906031e+01 4.160000e+02
      vertex   1.834963e+01 9.951707e+01 4.160000e+02
      vertex   1.705581e+01 9.966247e+01 4.160000e+02
    endloop
  endfacet
  facet normal 8.918830e-14 1.174186e-14 1.000000e+00
    outer loop
      vertex   1.705581e+01 9.966247e+01 4.160000e+02
      vertex   1.834963e+01 9.951707e+01 4.160000e+02
      vertex   1.829000e+01 9.997000e+01 4.160000e+02
    endloop
  endfacet
  facet normal 9.211416e-14 -0.000000e+00 1.000000e+00
    outer loop
      vertex   1.705581e+01 9.966247e+01 4.160000e+02
      vertex   1.829000e+01 9.997000e+01 4.160000e+02
      vertex   1.705581e+01 1.002775e+02 4.160000e+02
    endloop
  endfacet
  facet normal 8.918830e-14 -1.174186e-14 1.000000e+00
    outer loop
      vertex   1.705581e+01 1.002775e+02 4.160000e+02
      vertex   1.829000e+01 9.997000e+01 4.160000e+02
      vertex   1.834963e+01 1.004229e+02 4.160000e+02
    endloop
  endfacet
  facet normal 8.997517e-14 -1.874403e-14 1.000000e+00
    outer loop
      vertex   1.705581e+01 1.002775e+02 4.160000e+02
      vertex   1.834963e+01 1.004229e+02 4.160000e+02
      vertex   1.718125e+01 1.008797e+02 4.160000e+02
    endloop
  endfacet
  facet normal 8.374247e-14 -3.468727e-14 1.000000e+00
    outer loop
      vertex   1.718125e+01 1.008797e+02 4.160000e+02
      vertex   1.834963e+01 1.004229e+02 4.160000e+02
      vertex   1.852446e+01 1.008450e+02 4.160000e+02
    endloop
  endfacet
  facet normal 8.369684e-14 -3.645428e-14 1.000000e+00
    outer loop
      vertex   1.718125e+01 1.008797e+02 4.160000e+02
      vertex   1.852446e+01 1.008450e+02 4.160000e+02
      vertex   1.742686e+01 1.014436e+02 4.160000e+02
    endloop
  endfacet
  facet normal 7.472112e-14 -5.291217e-14 1.000000e+00
    outer loop
      vertex   1.742686e+01 1.014436e+02 4.160000e+02
      vertex   1.852446e+01 1.008450e+02 4.160000e+02
      vertex   1.778232e+01 1.019456e+02 4.160000e+02
    endloop
  endfacet
  facet normal 7.165286e-14 -5.498117e-14 1.000000e+00
    outer loop
      vertex   1.778232e+01 1.019456e+02 4.160000e+02
      vertex   1.852446e+01 1.008450e+02 4.160000e+02
      vertex   1.880256e+01 1.012074e+02 4.160000e+02
    endloop
  endfacet
  facet normal 6.267986e-14 -6.738364e-14 1.000000e+00
    outer loop
      vertex   1.778232e+01 1.019456e+02 4.160000e+02
      vertex   1.880256e+01 1.012074e+02 4.160000e+02
      vertex   1.823268e+01 1.023645e+02 4.160000e+02
    endloop
  endfacet
  facet normal 5.471534e-14 -7.130641e-14 1.000000e+00
    outer loop
      vertex   1.823268e+01 1.023645e+02 4.160000e+02
      vertex   1.880256e+01 1.012074e+02 4.160000e+02
      vertex   1.916500e+01 1.014855e+02 4.160000e+02
    endloop
  endfacet
  facet normal 4.765009e-14 -7.880070e-14 1.000000e+00
    outer loop
      vertex   1.823268e+01 1.023645e+02 4.160000e+02
      vertex   1.916500e+01 1.014855e+02 4.160000e+02
      vertex   1.875901e+01 1.026828e+02 4.160000e+02
    endloop
  endfacet
  facet normal 3.448898e-14 -8.326377e-14 1.000000e+00
    outer loop
      vertex   1.875901e+01 1.026828e+02 4.160000e+02
      vertex   1.916500e+01 1.014855e+02 4.160000e+02
      vertex   1.958707e+01 1.016604e+02 4.160000e+02
    endloop
  endfacet
  facet normal 3.045951e-14 -8.652733e-14 1.000000e+00
    outer loop
      vertex   1.875901e+01 1.026828e+02 4.160000e+02
      vertex   1.958707e+01 1.016604e+02 4.160000e+02
      vertex   1.933919e+01 1.028870e+02 4.160000e+02
    endloop
  endfacet
  facet normal 1.188568e-14 -9.028071e-14 1.000000e+00
    outer loop
      vertex   1.933919e+01 1.028870e+02 4.160000e+02
      vertex   1.958707e+01 1.016604e+02 4.160000e+02
      vertex   2.004000e+01 1.017200e+02 4.160000e+02
    endloop
  endfacet
  facet normal 1.207176e-14 -9.016896e-14 1.000000e+00
    outer loop
      vertex   1.933919e+01 1.028870e+02 4.160000e+02
      vertex   2.004000e+01 1.017200e+02 4.160000e+02
      vertex   1.994883e+01 1.029686e+02 4.160000e+02
    endloop
  endfacet
  facet normal -6.629399e-15 -9.153446e-14 1.000000e+00
    outer loop
      vertex   1.994883e+01 1.029686e+02 4.160000e+02
      vertex   2.004000e+01 1.017200e+02 4.160000e+02
      vertex   2.056230e+01 1.029242e+02 4.160000e+02
    endloop
  endfacet
  facet normal -1.175789e-14 -8.931003e-14 1.000000e+00
    outer loop
      vertex   2.056230e+01 1.029242e+02 4.160000e+02
      vertex   2.004000e+01 1.017200e+02 4.160000e+02
      vertex   2.049293e+01 1.016604e+02 4.160000e+02
    endloop
  endfacet
  facet normal -2.524682e-14 -8.856964e-14 1.000000e+00
    outer loop
      vertex   2.056230e+01 1.029242e+02 4.160000e+02
      vertex   2.049293e+01 1.016604e+02 4.160000e+02
      vertex   2.115382e+01 1.027556e+02 4.160000e+02
    endloop
  endfacet
  facet normal -3.439912e-14 -8.304681e-14 1.000000e+00
    outer loop
      vertex   2.115382e+01 1.027556e+02 4.160000e+02
      vertex   2.049293e+01 1.016604e+02 4.160000e+02
      vertex   2.091500e+01 1.014855e+02 4.160000e+02
    endloop
  endfacet
  facet normal -4.273750e-14 -8.147885e-14 1.000000e+00
    outer loop
      vertex   2.115382e+01 1.027556e+02 4.160000e+02
      vertex   2.091500e+01 1.014855e+02 4.160000e+02
      vertex   2.169851e+01 1.024699e+02 4.160000e+02
    endloop
  endfacet
  facet normal -5.742065e-14 -6.979115e-14 1.000000e+00
    outer loop
      vertex   2.169851e+01 1.024699e+02 4.160000e+02
      vertex   2.091500e+01 1.014855e+02 4.160000e+02
      vertex   2.217349e+01 1.020791e+02 4.160000e+02
    endloop
  endfacet
  facet normal -5.594824e-14 -7.291317e-14 1.000000e+00
    outer loop
      vertex   2.217349e+01 1.020791e+02 4.160000e+02
      vertex   2.091500e+01 1.014855e+02 4.160000e+02
      vertex   2.127744e+01 1.012074e+02 4.160000e+02
    endloop
  endfacet
  facet normal -7.120863e-14 -5.722531e-14 1.000000e+00
    outer loop
      vertex   2.217349e+01 1.020791e+02 4.160000e+02
      vertex   2.127744e+01 1.012074e+02 4.160000e+02
      vertex   2.255879e+01 1.015996e+02 4.160000e+02
    endloop
  endfacet
  facet normal -7.184936e-14 -5.513196e-14 1.000000e+00
    outer loop
      vertex   2.255879e+01 1.015996e+02 4.160000e+02
      vertex   2.127744e+01 1.012074e+02 4.160000e+02
      vertex   2.155555e+01 1.008450e+02 4.160000e+02
    endloop
  endfacet
  facet normal -8.190357e-14 -4.176538e-14 1.000000e+00
    outer loop
      vertex   2.255879e+01 1.015996e+02 4.160000e+02
      vertex   2.155555e+01 1.008450e+02 4.160000e+02
      vertex   2.283821e+01 1.010517e+02 4.160000e+02
    endloop
  endfacet
  facet normal -8.308781e-14 -3.441610e-14 1.000000e+00
    outer loop
      vertex   2.283821e+01 1.010517e+02 4.160000e+02
      vertex   2.155555e+01 1.008450e+02 4.160000e+02
      vertex   2.173037e+01 1.004229e+02 4.160000e+02
    endloop
  endfacet
  facet normal 0.000000e+00 0.000000e+00 1.000000e+00
    outer loop
      vertex   2.300000e+01 9.948174e+01 4.160000e+02
      vertex   2.350000e+01 9.948174e+01 4.160000e+02
      vertex   2.300000e+01 1.004583e+02 4.160000e+02
    endloop
  endfacet
  facet normal -0.000000e+00 0.000000e+00 1.000000e+00
    outer loop
      vertex   2.300000e+01 1.004583e+02 4.160000e+02
      vertex   2.350000e+01 9.948174e+01 4.160000e+02
      vertex   2.350000e+01 1.004583e+02 4.160000e+02
    endloop
  endfacet
  facet normal 9.094947e-14 -9.559175e-15 1.000000e+00
    outer loop
      vertex   -1.793444e+01 2.662374e+01 4.160000e+02
      vertex   -1.800000e+01 2.600000e+01 4.160000e+02
      vertex   -1.675000e+01 2.600000e+01 4.160000e+02
    endloop
  endfacet
  facet normal 9.094947e-14 9.559175e-15 1.000000e+00
    outer loop
      vertex   -1.675000e+01 2.600000e+01 4.160000e+02
      vertex   -1.800000e+01 2.600000e+01 4.160000e+02
      vertex   -1.793444e+01 2.537627e+01 4.160000e+02
    endloop
  endfacet
  facet normal 8.976039e-14 1.181718e-14 1.000000e+00
    outer loop
      vertex   -1.675000e+01 2.600000e+01 4.160000e+02
      vertex   -1.793444e+01 2.537627e+01 4.160000e+02
      vertex   -1.669037e+01 2.554707e+01 4.160000e+02
    endloop
  endfacet
  facet normal 8.748039e-14 2.842410e-14 1.000000e+00
    outer loop
      vertex   -1.669037e+01 2.554707e+01 4.160000e+02
      vertex   -1.793444e+01 2.537627e+01 4.160000e+02
      vertex   -1.774064e+01 2.477979e+01 4.160000e+02
    endloop
  endfacet
  facet normal 8.309940e-14 3.442090e-14 1.000000e+00
    outer loop
      vertex   -1.669037e+01 2.554707e+01 4.160000e+02
      vertex   -1.774064e+01 2.477979e+01 4.160000e+02
      vertex   -1.651554e+01 2.512500e+01 4.160000e+02
    endloop
  endfacet
  facet normal 7.981390e-14 4.608058e-14 1.000000e+00
    outer loop
      vertex   -1.651554e+01 2.512500e+01 4.160000e+02
      vertex   -1.774064e+01 2.477979e+01 4.160000e+02
      vertex   -1.742705e+01 2.423664e+01 4.160000e+02
    endloop
  endfacet
  facet normal 7.135907e-14 5.475574e-14 1.000000e+00
    outer loop
      vertex   -1.651554e+01 2.512500e+01 4.160000e+02
      vertex   -1.742705e+01 2.423664e+01 4.160000e+02
      vertex   -1.623744e+01 2.476256e+01 4.160000e+02
    endloop
  endfacet
  facet normal 6.835619e-14 6.154819e-14 1.000000e+00
    outer loop
      vertex   -1.623744e+01 2.476256e+01 4.160000e+02
      vertex   -1.742705e+01 2.423664e+01 4.160000e+02
      vertex   -1.700739e+01 2.377057e+01 4.160000e+02
    endloop
  endfacet
  facet normal 5.511417e-14 7.182619e-14 1.000000e+00
    outer loop
      vertex   -1.623744e+01 2.476256e+01 4.160000e+02
      vertex   -1.700739e+01 2.377057e+01 4.160000e+02
      vertex   -1.587500e+01 2.448446e+01 4.160000e+02
    endloop
  endfacet
  facet normal 5.375322e-14 7.398496e-14 1.000000e+00
    outer loop
      vertex   -1.587500e+01 2.448446e+01 4.160000e+02
      vertex   -1.700739e+01 2.377057e+01 4.160000e+02
      vertex   -1.650000e+01 2.340192e+01 4.160000e+02
    endloop
  endfacet
  facet normal 3.719625e-14 8.354414e-14 1.000000e+00
    outer loop
      vertex   -1.587500e+01 2.448446e+01 4.160000e+02
      vertex   -1.650000e+01 2.340192e+01 4.160000e+02
      vertex   -1.592705e+01 2.314683e+01 4.160000e+02
    endloop
  endfacet
  facet normal 3.464622e-14 8.364337e-14 1.000000e+00
    outer loop
      vertex   -1.587500e+01 2.448446e+01 4.160000e+02
      vertex   -1.592705e+01 2.314683e+01 4.160000e+02
      vertex   -1.545293e+01 2.430963e+01 4.160000e+02
    endloop
  endfacet
  facet normal 1.912420e-14 8.997229e-14 1.000000e+00
    outer loop
      vertex   -1.545293e+01 2.430963e+01 4.160000e+02
      vertex   -1.592705e+01 2.314683e+01 4.160000e+02
      vertex   -1.531359e+01 2.301643e+01 4.160000e+02
    endloop
  endfacet
  facet normal 1.174033e-14 8.917664e-14 1.000000e+00
    outer loop
      vertex   -1.545293e+01 2.430963e+01 4.160000e+02
      vertex   -1.531359e+01 2.301643e+01 4.160000e+02
      vertex   -1.500000e+01 2.425000e+01 4.160000e+02
    endloop
  endfacet
  facet normal 0.000000e+00 9.216115e-14 1.000000e+00
    outer loop
      vertex   -1.500000e+01 2.425000e+01 4.160000e+02
      vertex   -1.531359e+01 2.301643e+01 4.160000e+02
      vertex   -1.468641e+01 2.301643e+01 4.160000e+02
    endloop
  endfacet
  facet normal -1.174033e-14 8.917664e-14 1.000000e+00
    outer loop
      vertex   -1.500000e+01 2.425000e+01 4.160000e+02
      vertex   -1.468641e+01 2.301643e+01 4.160000e+02
      vertex   -1.454707e+01 2.430963e+01 4.160000e+02
    endloop
  endfacet
  facet normal -1.912420e-14 8.997229e-14 1.000000e+00
    outer loop
      vertex   -1.454707e+01 2.430963e+01 4.160000e+02
      vertex   -1.468641e+01 2.301643e+01 4.160000e+02
      vertex   -1.407295e+01 2.314683e+01 4.160000e+02
    endloop
  endfacet
  facet normal -3.464622e-14 8.364337e-14 1.000000e+00
    outer loop
      vertex   -1.454707e+01 2.430963e+01 4.160000e+02
      vertex   -1.407295e+01 2.314683e+01 4.160000e+02
      vertex   -1.412500e+01 2.448446e+01 4.160000e+02
    endloop
  endfacet
  facet normal -3.719625e-14 8.354414e-14 1.000000e+00
    outer loop
      vertex   -1.412500e+01 2.448446e+01 4.160000e+02
      vertex   -1.407295e+01 2.314683e+01 4.160000e+02
      vertex   -1.350000e+01 2.340192e+01 4.160000e+02
    endloop
  endfacet
  facet normal -5.375322e-14 7.398496e-14 1.000000e+00
    outer loop
      vertex   -1.412500e+01 2.448446e+01 4.160000e+02
      vertex   -1.350000e+01 2.340192e+01 4.160000e+02
      vertex   -1.299261e+01 2.377057e+01 4.160000e+02
    endloop
  endfacet
  facet normal -5.511417e-14 7.182619e-14 1.000000e+00
    outer loop
      vertex   -1.412500e+01 2.448446e+01 4.160000e+02
      vertex   -1.299261e+01 2.377057e+01 4.160000e+02
      vertex   -1.376256e+01 2.476256e+01 4.160000e+02
    endloop
  endfacet
  facet normal -6.835619e-14 6.154819e-14 1.000000e+00
    outer loop
      vertex   -1.376256e+01 2.476256e+01 4.160000e+02
      vertex   -1.299261e+01 2.377057e+01 4.160000e+02
      vertex   -1.257295e+01 2.423664e+01 4.160000e+02
    endloop
  endfacet
  facet normal -7.135907e-14 5.475574e-14 1.000000e+00
    outer loop
      vertex   -1.376256e+01 2.476256e+01 4.160000e+02
      vertex   -1.257295e+01 2.423664e+01 4.160000e+02
      vertex   -1.348446e+01 2.512500e+01 4.160000e+02
    endloop
  endfacet
  facet normal -7.981390e-14 4.608058e-14 1.000000e+00
    outer loop
      vertex   -1.348446e+01 2.512500e+01 4.160000e+02
      vertex   -1.257295e+01 2.423664e+01 4.160000e+02
      vertex   -1.225936e+01 2.477979e+01 4.160000e+02
    endloop
  endfacet
  facet normal -8.309940e-14 3.442090e-14 1.000000e+00
    outer loop
      vertex   -1.348446e+01 2.512500e+01 4.160000e+02
      vertex   -1.225936e+01 2.477979e+01 4.160000e+02
      vertex   -1.330963e+01 2.554707e+01 4.160000e+02
    endloop
  endfacet
  facet normal -8.748039e-14 2.842410e-14 1.000000e+00
    outer loop
      vertex   -1.330963e+01 2.554707e+01 4.160000e+02
      vertex   -1.225936e+01 2.477979e+01 4.160000e+02
      vertex   -1.206556e+01 2.537627e+01 4.160000e+02
    endloop
  endfacet
  facet normal -8.976039e-14 1.181718e-14 1.000000e+00
    outer loop
      vertex   -1.330963e+01 2.554707e+01 4.160000e+02
      vertex   -1.206556e+01 2.537627e+01 4.160000e+02
      vertex   -1.325000e+01 2.600000e+01 4.160000e+02
    endloop
  endfacet
  facet normal -9.094947e-14 9.559175e-15 1.000000e+00
    outer loop
      vertex   -1.325000e+01 2.600000e+01 4.160000e+02
      vertex   -1.206556e+01 2.537627e+01 4.160000e+02
      vertex   -1.200000e+01 2.600000e+01 4.160000e+02
    endloop
  endfacet
  facet normal -9.094947e-14 -9.559175e-15 1.000000e+00
    outer loop
      vertex   -1.325000e+01 2.600000e+01 4.160000e+02
      vertex   -1.200000e+01 2.600000e+01 4.160000e+02
      vertex   -1.206556e+01 2.662374e+01 4.160000e+02
    endloop
  endfacet
  facet normal -8.976039e-14 -1.181718e-14 1.000000e+00
    outer loop
      vertex   -1.325000e+01 2.600000e+01 4.160000e+02
      vertex   -1.206556e+01 2.662374e+01 4.160000e+02
      vertex   -1.330963e+01 2.645293e+01 4.160000e+02
    endloop
  endfacet
  facet normal -8.748039e-14 -2.842410e-14 1.000000e+00
    outer loop
      vertex   -1.330963e+01 2.645293e+01 4.160000e+02
      vertex   -1.206556e+01 2.662374e+01 4.160000e+02
      vertex   -1.225936e+01 2.722021e+01 4.160000e+02
    endloop
  endfacet
  facet normal -8.309940e-14 -3.442090e-14 1.000000e+00
    outer loop
      vertex   -1.330963e+01 2.645293e+01 4.160000e+02
      vertex   -1.225936e+01 2.722021e+01 4.160000e+02
      vertex   -1.348446e+01 2.687500e+01 4.160000e+02
    endloop
  endfacet
  facet normal -7.981390e-14 -4.608058e-14 1.000000e+00
    outer loop
      vertex   -1.348446e+01 2.687500e+01 4.160000e+02
      vertex   -1.225936e+01 2.722021e+01 4.160000e+02
      vertex   -1.257295e+01 2.776336e+01 4.160000e+02
    endloop
  endfacet
  facet normal -7.135907e-14 -5.475574e-14 1.000000e+00
    outer loop
      vertex   -1.348446e+01 2.687500e+01 4.160000e+02
      vertex   -1.257295e+01 2.776336e+01 4.160000e+02
      vertex   -1.376256e+01 2.723744e+01 4.160000e+02
    endloop
  endfacet
  facet normal -6.835619e-14 -6.154819e-14 1.000000e+00
    outer loop
      vertex   -1.376256e+01 2.723744e+01 4.160000e+02
      vertex   -1.257295e+01 2.776336e+01 4.160000e+02
      vertex   -1.299261e+01 2.822943e+01 4.160000e+02
    endloop
  endfacet
  facet normal -5.511417e-14 -7.182619e-14 1.000000e+00
    outer loop
      vertex   -1.376256e+01 2.723744e+01 4.160000e+02
      vertex   -1.299261e+01 2.822943e+01 4.160000e+02
      vertex   -1.412500e+01 2.751554e+01 4.160000e+02
    endloop
  endfacet
  facet normal -5.375322e-14 -7.398496e-14 1.000000e+00
    outer loop
      vertex   -1.412500e+01 2.751554e+01 4.160000e+02
      vertex   -1.299261e+01 2.822943e+01 4.160000e+02
      vertex   -1.350000e+01 2.859808e+01 4.160000e+02
    endloop
  endfacet
  facet normal -3.719625e-14 -8.354414e-14 1.000000e+00
    outer loop
      vertex   -1.412500e+01 2.751554e+01 4.160000e+02
      vertex   -1.350000e+01 2.859808e+01 4.160000e+02
      vertex   -1.407295e+01 2.885317e+01 4.160000e+02
    endloop
  endfacet
  facet normal -3.464622e-14 -8.364337e-14 1.000000e+00
    outer loop
      vertex   -1.412500e+01 2.751554e+01 4.160000e+02
      vertex   -1.407295e+01 2.885317e+01 4.160000e+02
      vertex   -1.454707e+01 2.769037e+01 4.160000e+02
    endloop
  endfacet
  facet normal -1.912420e-14 -8.997229e-14 1.000000e+00
    outer loop
      vertex   -1.454707e+01 2.769037e+01 4.160000e+02
      vertex   -1.407295e+01 2.885317e+01 4.160000e+02
      vertex   -1.468641e+01 2.898357e+01 4.160000e+02
    endloop
  endfacet
  facet normal -1.174033e-14 -8.917664e-14 1.000000e+00
    outer loop
      vertex   -1.454707e+01 2.769037e+01 4.160000e+02
      vertex   -1.468641e+01 2.898357e+01 4.160000e+02
      vertex   -1.500000e+01 2.775000e+01 4.160000e+02
    endloop
  endfacet
  facet normal 0.000000e+00 -9.216115e-14 1.000000e+00
    outer loop
      vertex   -1.500000e+01 2.775000e+01 4.160000e+02
      vertex   -1.468641e+01 2.898357e+01 4.160000e+02
      vertex   -1.531359e+01 2.898357e+01 4.160000e+02
    endloop
  endfacet
  facet normal 1.174033e-14 -8.917664e-14 1.000000e+00
    outer loop
      vertex   -1.500000e+01 2.775000e+01 4.160000e+02
      vertex   -1.531359e+01 2.898357e+01 4.160000e+02
      vertex   -1.545293e+01 2.769037e+01 4.160000e+02
    endloop
  endfacet
  facet normal 1.912420e-14 -8.997229e-14 1.000000e+00
    outer loop
      vertex   -1.545293e+01 2.769037e+01 4.160000e+02
      vertex   -1.531359e+01 2.898357e+01 4.160000e+02
      vertex   -1.592705e+01 2.885317e+01 4.160000e+02
    endloop
  endfacet
  facet normal 3.464622e-14 -8.364337e-14 1.000000e+00
    outer loop
      vertex   -1.545293e+01 2.769037e+01 4.160000e+02
      vertex   -1.592705e+01 2.885317e+01 4.160000e+02
      vertex   -1.587500e+01 2.751554e+01 4.160000e+02
    endloop
  endfacet
  facet normal 3.719625e-14 -8.354414e-14 1.000000e+00
    outer loop
      vertex   -1.587500e+01 2.751554e+01 4.160000e+02
      vertex   -1.592705e+01 2.885317e+01 4.160000e+02
      vertex   -1.650000e+01 2.859808e+01 4.160000e+02
    endloop
  endfacet
  facet normal 5.375322e-14 -7.398496e-14 1.000000e+00
    outer loop
      vertex   -1.587500e+01 2.751554e+01 4.160000e+02
      vertex   -1.650000e+01 2.859808e+01 4.160000e+02
      vertex   -1.700739e+01 2.822943e+01 4.160000e+02
    endloop
  endfacet
  facet normal 5.511417e-14 -7.182619e-14 1.000000e+00
    outer loop
      vertex   -1.587500e+01 2.751554e+01 4.160000e+02
      vertex   -1.700739e+01 2.822943e+01 4.160000e+02
      vertex   -1.623744e+01 2.723744e+01 4.160000e+02
    endloop
  endfacet
  facet normal 6.835619e-14 -6.154819e-14 1.000000e+00
    outer loop
      vertex   -1.623744e+01 2.723744e+01 4.160000e+02
      vertex   -1.700739e+01 2.822943e+01 4.160000e+02
      vertex   -1.742705e+01 2.776336e+01 4.160000e+02
    endloop
  endfacet
  facet normal 7.135907e-14 -5.475574e-14 1.000000e+00
    outer loop
      vertex   -1.623744e+01 2.723744e+01 4.160000e+02
      vertex   -1.742705e+01 2.776336e+01 4.160000e+02
      vertex   -1.651554e+01 2.687500e+01 4.160000e+02
    endloop
  endfacet
  facet normal 7.981390e-14 -4.608058e-14 1.000000e+00
    outer loop
      vertex   -1.651554e+01 2.687500e+01 4.160000e+02
      vertex   -1.742705e+01 2.776336e+01 4.160000e+02
      vertex   -1.774064e+01 2.722021e+01 4.160000e+02
    endloop
  endfacet
  facet normal 8.309940e-14 -3.442090e-14 1.000000e+00
    outer loop
      vertex   -1.651554e+01 2.687500e+01 4.160000e+02
      vertex   -1.774064e+01 2.722021e+01 4.160000e+02
      vertex   -1.669037e+01 2.645293e+01 4.160000e+02
    endloop
  endfacet
  facet normal 8.748039e-14 -2.842410e-14 1.000000e+00
    outer loop
      vertex   -1.669037e+01 2.645293e+01 4.160000e+02
      vertex   -1.774064e+01 2.722021e+01 4.160000e+02
      vertex   -1.793444e+01 2.662374e+01 4.160000e+02
    endloop
  endfacet
  facet normal 8.976039e-14 -1.181718e-14 1.000000e+00
    outer loop
      vertex   -1.669037e+01 2.645293e+01 4.160000e+02
      vertex   -1.793444e+01 2.662374e+01 4.160000e+02
      vertex   -1.675000e+01 2.600000e+01 4.160000e+02
    endloop
  endfacet
  facet normal -0.000000e+00 1.000000e+00 0.000000e+00
    outer loop
      vertex   1.400000e+01 1.050000e+02 4.250000e+02
      vertex   2.500000e+01 1.050000e+02 4.250000e+02
      vertex   1.400000e+01 1.050000e+02 4.160000e+02
    endloop
  endfacet
  facet normal -0.000000e+00 1.000000e+00 0.000000e+00
    outer loop
      vertex   1.400000e+01 1.050000e+02 4.160000e+02
      vertex   2.500000e+01 1.050000e+02 4.250000e+02
      vertex   2.500000e+01 1.050000e+02 4.060000e+02
    endloop
  endfacet
  facet normal 0.000000e+00 1.000000e+00 0.000000e+00
    outer loop
      vertex   1.400000e+01 1.050000e+02 4.160000e+02
      vertex   2.500000e+01 1.050000e+02 4.060000e+02
      vertex   -1.100000e+01 1.050000e+02 4.160000e+02
    endloop
  endfacet
  facet normal 0.000000e+00 1.000000e+00 0.000000e+00
    outer loop
      vertex   -1.100000e+01 1.050000e+02 4.160000e+02
      vertex   2.500000e+01 1.050000e+02 4.060000e+02
      vertex   -2.500000e+01 1.050000e+02 4.060000e+02
    endloop
  endfacet
  facet normal 0.000000e+00 1.000000e+00 0.000000e+00
    outer loop
      vertex   -1.100000e+01 1.050000e+02 4.160000e+02
      vertex   -2.500000e+01 1.050000e+02 4.060000e+02
      vertex   -2.500000e+01 1.050000e+02 4.250000e+02
    endloop
  endfacet
  facet normal -0.000000e+00 1.000000e+00 0.000000e+00
    outer loop
      vertex   -2.500000e+01 1.050000e+02 4.250000e+02
      vertex   -1.100000e+01 1.050000e+02 4.250000e+02
      vertex   -1.100000e+01 1.050000e+02 4.160000e+02
    endloop
  endfacet
  facet normal 9.914449e-01 -1.305262e-01 0.000000e+00
    outer loop
      vertex   1.330963e+01 2.645293e+01 4.060000e+02
      vertex   1.330963e+01 2.645293e+01 4.160000e+02
      vertex   1.325000e+01 2.600000e+01 4.060000e+02
    endloop
  endfacet
  facet normal 9.914449e-01 -1.305262e-01 0.000000e+00
    outer loop
      vertex   1.325000e+01 2.600000e+01 4.060000e+02
      vertex   1.330963e+01 2.645293e+01 4.160000e+02
      vertex   1.325000e+01 2.600000e+01 4.160000e+02
    endloop
  endfacet
  facet normal 9.914449e-01 1.305262e-01 -0.000000e+00
    outer loop
      vertex   1.325000e+01 2.600000e+01 4.060000e+02
      vertex   1.325000e+01 2.600000e+01 4.160000e+02
      vertex   1.330963e+01 2.554707e+01 4.060000e+02
    endloop
  endfacet
  facet normal 9.914449e-01 1.305262e-01 -0.000000e+00
    outer loop
      vertex   1.330963e+01 2.554707e+01 4.060000e+02
      vertex   1.325000e+01 2.600000e+01 4.160000e+02
      vertex   1.330963e+01 2.554707e+01 4.160000e+02
    endloop
  endfacet
  facet normal 9.238795e-01 3.826834e-01 -0.000000e+00
    outer loop
      vertex   1.330963e+01 2.554707e+01 4.060000e+02
      vertex   1.330963e+01 2.554707e+01 4.160000e+02
      vertex   1.348446e+01 2.512500e+01 4.060000e+02
    endloop
  endfacet
  facet normal 9.238795e-01 3.826834e-01 -0.000000e+00
    outer loop
      vertex   1.348446e+01 2.512500e+01 4.060000e+02
      vertex   1.330963e+01 2.554707e+01 4.160000e+02
      vertex   1.348446e+01 2.512500e+01 4.160000e+02
    endloop
  endfacet
  facet normal 7.933533e-01 6.087614e-01 -0.000000e+00
    outer loop
      vertex   1.348446e+01 2.512500e+01 4.060000e+02
      vertex   1.348446e+01 2.512500e+01 4.160000e+02
      vertex   1.376256e+01 2.476256e+01 4.060000e+02
    endloop
  endfacet
  facet normal 7.933533e-01 6.087614e-01 -0.000000e+00
    outer loop
      vertex   1.376256e+01 2.476256e+01 4.060000e+02
      vertex   1.348446e+01 2.512500e+01 4.160000e+02
      vertex   1.376256e+01 2.476256e+01 4.160000e+02
    endloop
  endfacet
  facet normal 6.087614e-01 7.933533e-01 -0.000000e+00
    outer loop
      vertex   1.376256e+01 2.476256e+01 4.060000e+02
      vertex   1.376256e+01 2.476256e+01 4.160000e+02
      vertex   1.412500e+01 2.448446e+01 4.060000e+02
    endloop
  endfacet
  facet normal 6.087614e-01 7.933533e-01 -1.081378e-16
    outer loop
      vertex   1.412500e+01 2.448446e+01 4.060000e+02
      vertex   1.376256e+01 2.476256e+01 4.160000e+02
      vertex   1.412500e+01 2.448446e+01 4.160000e+02
    endloop
  endfacet
  facet normal 3.826834e-01 9.238795e-01 -6.797823e-17
    outer loop
      vertex   1.412500e+01 2.448446e+01 4.060000e+02
      vertex   1.412500e+01 2.448446e+01 4.160000e+02
      vertex   1.454707e+01 2.430963e+01 4.060000e+02
    endloop
  endfacet
  facet normal 3.826834e-01 9.238795e-01 -6.797823e-17
    outer loop
      vertex   1.454707e+01 2.430963e+01 4.060000e+02
      vertex   1.412500e+01 2.448446e+01 4.160000e+02
      vertex   1.454707e+01 2.430963e+01 4.160000e+02
    endloop
  endfacet
  facet normal 1.305262e-01 9.914449e-01 -2.318611e-17
    outer loop
      vertex   1.454707e+01 2.430963e+01 4.060000e+02
      vertex   1.454707e+01 2.430963e+01 4.160000e+02
      vertex   1.500000e+01 2.425000e+01 4.060000e+02
    endloop
  endfacet
  facet normal 1.305262e-01 9.914449e-01 -0.000000e+00
    outer loop
      vertex   1.500000e+01 2.425000e+01 4.060000e+02
      vertex   1.454707e+01 2.430963e+01 4.160000e+02
      vertex   1.500000e+01 2.425000e+01 4.160000e+02
    endloop
  endfacet
  facet normal -1.305262e-01 9.914449e-01 0.000000e+00
    outer loop
      vertex   1.500000e+01 2.425000e+01 4.060000e+02
      vertex   1.500000e+01 2.425000e+01 4.160000e+02
      vertex   1.545293e+01 2.430963e+01 4.060000e+02
    endloop
  endfacet
  facet normal -1.305262e-01 9.914449e-01 0.000000e+00
    outer loop
      vertex   1.545293e+01 2.430963e+01 4.060000e+02
      vertex   1.500000e+01 2.425000e+01 4.160000e+02
      vertex   1.545293e+01 2.430963e+01 4.160000e+02
    endloop
  endfacet
  facet normal -3.826834e-01 9.238795e-01 0.000000e+00
    outer loop
      vertex   1.545293e+01 2.430963e+01 4.060000e+02
      vertex   1.545293e+01 2.430963e+01 4.160000e+02
      vertex   1.587500e+01 2.448446e+01 4.060000e+02
    endloop
  endfacet
  facet normal -3.826834e-01 9.238795e-01 6.797823e-17
    outer loop
      vertex   1.587500e+01 2.448446e+01 4.060000e+02
      vertex   1.545293e+01 2.430963e+01 4.160000e+02
      vertex   1.587500e+01 2.448446e+01 4.160000e+02
    endloop
  endfacet
  facet normal -6.087614e-01 7.933533e-01 1.081378e-16
    outer loop
      vertex   1.587500e+01 2.448446e+01 4.060000e+02
      vertex   1.587500e+01 2.448446e+01 4.160000e+02
      vertex   1.623744e+01 2.476256e+01 4.060000e+02
    endloop
  endfacet
  facet normal -6.087614e-01 7.933533e-01 -5.637115e-16
    outer loop
      vertex   1.623744e+01 2.476256e+01 4.060000e+02
      vertex   1.587500e+01 2.448446e+01 4.160000e+02
      vertex   1.623744e+01 2.476256e+01 4.160000e+02
    endloop
  endfacet
  facet normal -7.933533e-01 6.087614e-01 -4.325510e-16
    outer loop
      vertex   1.623744e+01 2.476256e+01 4.060000e+02
      vertex   1.623744e+01 2.476256e+01 4.160000e+02
      vertex   1.651554e+01 2.512500e+01 4.060000e+02
    endloop
  endfacet
  facet normal -7.933533e-01 6.087614e-01 0.000000e+00
    outer loop
      vertex   1.651554e+01 2.512500e+01 4.060000e+02
      vertex   1.623744e+01 2.476256e+01 4.160000e+02
      vertex   1.651554e+01 2.512500e+01 4.160000e+02
    endloop
  endfacet
  facet normal -9.238795e-01 3.826834e-01 0.000000e+00
    outer loop
      vertex   1.651554e+01 2.512500e+01 4.060000e+02
      vertex   1.651554e+01 2.512500e+01 4.160000e+02
      vertex   1.669037e+01 2.554707e+01 4.060000e+02
    endloop
  endfacet
  facet normal -9.238795e-01 3.826834e-01 0.000000e+00
    outer loop
      vertex   1.669037e+01 2.554707e+01 4.060000e+02
      vertex   1.651554e+01 2.512500e+01 4.160000e+02
      vertex   1.669037e+01 2.554707e+01 4.160000e+02
    endloop
  endfacet
  facet normal -9.914449e-01 1.305262e-01 0.000000e+00
    outer loop
      vertex   1.669037e+01 2.554707e+01 4.060000e+02
      vertex   1.669037e+01 2.554707e+01 4.160000e+02
      vertex   1.675000e+01 2.600000e+01 4.060000e+02
    endloop
  endfacet
  facet normal -9.914449e-01 1.305262e-01 0.000000e+00
    outer loop
      vertex   1.675000e+01 2.600000e+01 4.060000e+02
      vertex   1.669037e+01 2.554707e+01 4.160000e+02
      vertex   1.675000e+01 2.600000e+01 4.160000e+02
    endloop
  endfacet
  facet normal -9.914449e-01 -1.305262e-01 0.000000e+00
    outer loop
      vertex   1.675000e+01 2.600000e+01 4.060000e+02
      vertex   1.675000e+01 2.600000e+01 4.160000e+02
      vertex   1.669037e+01 2.645293e+01 4.060000e+02
    endloop
  endfacet
  facet normal -9.914449e-01 -1.305262e-01 0.000000e+00
    outer loop
      vertex   1.669037e+01 2.645293e+01 4.060000e+02
      vertex   1.675000e+01 2.600000e+01 4.160000e+02
      vertex   1.669037e+01 2.645293e+01 4.160000e+02
    endloop
  endfacet
  facet normal -9.238795e-01 -3.826834e-01 0.000000e+00
    outer loop
      vertex   1.669037e+01 2.645293e+01 4.060000e+02
      vertex   1.669037e+01 2.645293e+01 4.160000e+02
      vertex   1.651554e+01 2.687500e+01 4.060000e+02
    endloop
  endfacet
  facet normal -9.238795e-01 -3.826834e-01 0.000000e+00
    outer loop
      vertex   1.651554e+01 2.687500e+01 4.060000e+02
      vertex   1.669037e+01 2.645293e+01 4.160000e+02
      vertex   1.651554e+01 2.687500e+01 4.160000e+02
    endloop
  endfacet
  facet normal -7.933533e-01 -6.087614e-01 0.000000e+00
    outer loop
      vertex   1.651554e+01 2.687500e+01 4.060000e+02
      vertex   1.651554e+01 2.687500e+01 4.160000e+02
      vertex   1.623744e+01 2.723744e+01 4.060000e+02
    endloop
  endfacet
  facet normal -7.933533e-01 -6.087614e-01 4.325510e-16
    outer loop
      vertex   1.623744e+01 2.723744e+01 4.060000e+02
      vertex   1.651554e+01 2.687500e+01 4.160000e+02
      vertex   1.623744e+01 2.723744e+01 4.160000e+02
    endloop
  endfacet
  facet normal -6.087614e-01 -7.933533e-01 5.637115e-16
    outer loop
      vertex   1.623744e+01 2.723744e+01 4.060000e+02
      vertex   1.623744e+01 2.723744e+01 4.160000e+02
      vertex   1.587500e+01 2.751554e+01 4.060000e+02
    endloop
  endfacet
  facet normal -6.087614e-01 -7.933533e-01 -1.081378e-16
    outer loop
      vertex   1.587500e+01 2.751554e+01 4.060000e+02
      vertex   1.623744e+01 2.723744e+01 4.160000e+02
      vertex   1.587500e+01 2.751554e+01 4.160000e+02
    endloop
  endfacet
  facet normal -3.826834e-01 -9.238795e-01 -6.797823e-17
    outer loop
      vertex   1.587500e+01 2.751554e+01 4.060000e+02
      vertex   1.587500e+01 2.751554e+01 4.160000e+02
      vertex   1.545293e+01 2.769037e+01 4.060000e+02
    endloop
  endfacet
  facet normal -3.826834e-01 -9.238795e-01 0.000000e+00
    outer loop
      vertex   1.545293e+01 2.769037e+01 4.060000e+02
      vertex   1.587500e+01 2.751554e+01 4.160000e+02
      vertex   1.545293e+01 2.769037e+01 4.160000e+02
    endloop
  endfacet
  facet normal -1.305262e-01 -9.914449e-01 0.000000e+00
    outer loop
      vertex   1.545293e+01 2.769037e+01 4.060000e+02
      vertex   1.545293e+01 2.769037e+01 4.160000e+02
      vertex   1.500000e+01 2.775000e+01 4.060000e+02
    endloop
  endfacet
  facet normal -1.305262e-01 -9.914449e-01 0.000000e+00
    outer loop
      vertex   1.500000e+01 2.775000e+01 4.060000e+02
      vertex   1.545293e+01 2.769037e+01 4.160000e+02
      vertex   1.500000e+01 2.775000e+01 4.160000e+02
    endloop
  endfacet
  facet normal 1.305262e-01 -9.914449e-01 0.000000e+00
    outer loop
      vertex   1.500000e+01 2.775000e+01 4.060000e+02
      vertex   1.500000e+01 2.775000e+01 4.160000e+02
      vertex   1.454707e+01 2.769037e+01 4.060000e+02
    endloop
  endfacet
  facet normal 1.305262e-01 -9.914449e-01 2.318611e-17
    outer loop
      vertex   1.454707e+01 2.769037e+01 4.060000e+02
      vertex   1.500000e+01 2.775000e+01 4.160000e+02
      vertex   1.454707e+01 2.769037e+01 4.160000e+02
    endloop
  endfacet
  facet normal 3.826834e-01 -9.238795e-01 6.797823e-17
    outer loop
      vertex   1.454707e+01 2.769037e+01 4.060000e+02
      vertex   1.454707e+01 2.769037e+01 4.160000e+02
      vertex   1.412500e+01 2.751554e+01 4.060000e+02
    endloop
  endfacet
  facet normal 3.826834e-01 -9.238795e-01 6.797823e-17
    outer loop
      vertex   1.412500e+01 2.751554e+01 4.060000e+02
      vertex   1.454707e+01 2.769037e+01 4.160000e+02
      vertex   1.412500e+01 2.751554e+01 4.160000e+02
    endloop
  endfacet
  facet normal 6.087614e-01 -7.933533e-01 1.081378e-16
    outer loop
      vertex   1.412500e+01 2.751554e+01 4.060000e+02
      vertex   1.412500e+01 2.751554e+01 4.160000e+02
      vertex   1.376256e+01 2.723744e+01 4.060000e+02
    endloop
  endfacet
  facet normal 6.087614e-01 -7.933533e-01 0.000000e+00
    outer loop
      vertex   1.376256e+01 2.723744e+01 4.060000e+02
      vertex   1.412500e+01 2.751554e+01 4.160000e+02
      vertex   1.376256e+01 2.723744e+01 4.160000e+02
    endloop
  endfacet
  facet normal 7.933533e-01 -6.087614e-01 0.000000e+00
    outer loop
      vertex   1.376256e+01 2.723744e+01 4.060000e+02
      vertex   1.376256e+01 2.723744e+01 4.160000e+02
      vertex   1.348446e+01 2.687500e+01 4.060000e+02
    endloop
  endfacet
  facet normal 7.933533e-01 -6.087614e-01 0.000000e+00
    outer loop
      vertex   1.348446e+01 2.687500e+01 4.060000e+02
      vertex   1.376256e+01 2.723744e+01 4.160000e+02
      vertex   1.348446e+01 2.687500e+01 4.160000e+02
    endloop
  endfacet
  facet normal 9.238795e-01 -3.826834e-01 0.000000e+00
    outer loop
      vertex   1.348446e+01 2.687500e+01 4.060000e+02
      vertex   1.348446e+01 2.687500e+01 4.160000e+02
      vertex   1.330963e+01 2.645293e+01 4.060000e+02
    endloop
  endfacet
  facet normal 9.238795e-01 -3.826834e-01 0.000000e+00
    outer loop
      vertex   1.330963e+01 2.645293e+01 4.060000e+02
      vertex   1.348446e+01 2.687500e+01 4.160000e+02
      vertex   1.330963e+01 2.645293e+01 4.160000e+02
    endloop
  endfacet
  facet normal 9.914449e-01 -1.305262e-01 0.000000e+00
    outer loop
      vertex   -1.669037e+01 2.645293e+01 4.060000e+02
      vertex   -1.669037e+01 2.645293e+01 4.160000e+02
      vertex   -1.675000e+01 2.600000e+01 4.060000e+02
    endloop
  endfacet
  facet normal 9.914449e-01 -1.305262e-01 0.000000e+00
    outer loop
      vertex   -1.675000e+01 2.600000e+01 4.060000e+02
      vertex   -1.669037e+01 2.645293e+01 4.160000e+02
      vertex   -1.675000e+01 2.600000e+01 4.160000e+02
    endloop
  endfacet
  facet normal 9.914449e-01 1.305262e-01 -0.000000e+00
    outer loop
      vertex   -1.675000e+01 2.600000e+01 4.060000e+02
      vertex   -1.675000e+01 2.600000e+01 4.160000e+02
      vertex   -1.669037e+01 2.554707e+01 4.060000e+02
    endloop
  endfacet
  facet normal 9.914449e-01 1.305262e-01 -0.000000e+00
    outer loop
      vertex   -1.669037e+01 2.554707e+01 4.060000e+02
      vertex   -1.675000e+01 2.600000e+01 4.160000e+02
      vertex   -1.669037e+01 2.554707e+01 4.160000e+02
    endloop
  endfacet
  facet normal 9.238795e-01 3.826834e-01 -0.000000e+00
    outer loop
      vertex   -1.669037e+01 2.554707e+01 4.060000e+02
      vertex   -1.669037e+01 2.554707e+01 4.160000e+02
      vertex   -1.651554e+01 2.512500e+01 4.060000e+02
    endloop
  endfacet
  facet normal 9.238795e-01 3.826834e-01 -0.000000e+00
    outer loop
      vertex   -1.651554e+01 2.512500e+01 4.060000e+02
      vertex   -1.669037e+01 2.554707e+01 4.160000e+02
      vertex   -1.651554e+01 2.512500e+01 4.160000e+02
    endloop
  endfacet
  facet normal 7.933533e-01 6.087614e-01 -0.000000e+00
    outer loop
      vertex   -1.651554e+01 2.512500e+01 4.060000e+02
      vertex   -1.651554e+01 2.512500e+01 4.160000e+02
      vertex   -1.623744e+01 2.476256e+01 4.060000e+02
    endloop
  endfacet
  facet normal 7.933533e-01 6.087614e-01 -0.000000e+00
    outer loop
      vertex   -1.623744e+01 2.476256e+01 4.060000e+02
      vertex   -1.651554e+01 2.512500e+01 4.160000e+02
      vertex   -1.623744e+01 2.476256e+01 4.160000e+02
    endloop
  endfacet
  facet normal 6.087614e-01 7.933533e-01 -0.000000e+00
    outer loop
      vertex   -1.623744e+01 2.476256e+01 4.060000e+02
      vertex   -1.623744e+01 2.476256e+01 4.160000e+02
      vertex   -1.587500e+01 2.448446e+01 4.060000e+02
    endloop
  endfacet
  facet normal 6.087614e-01 7.933533e-01 -0.000000e+00
    outer loop
      vertex   -1.587500e+01 2.448446e+01 4.060000e+02
      vertex   -1.623744e+01 2.476256e+01 4.160000e+02
      vertex   -1.587500e+01 2.448446e+01 4.160000e+02
    endloop
  endfacet
  facet normal 3.826834e-01 9.238795e-01 -0.000000e+00
    outer loop
      vertex   -1.587500e+01 2.448446e+01 4.060000e+02
      vertex   -1.587500e+01 2.448446e+01 4.160000e+02
      vertex   -1.545293e+01 2.430963e+01 4.060000e+02
    endloop
  endfacet
  facet normal 3.826834e-01 9.238795e-01 -0.000000e+00
    outer loop
      vertex   -1.545293e+01 2.430963e+01 4.060000e+02
      vertex   -1.587500e+01 2.448446e+01 4.160000e+02
      vertex   -1.545293e+01 2.430963e+01 4.160000e+02
    endloop
  endfacet
  facet normal 1.305262e-01 9.914449e-01 -0.000000e+00
    outer loop
      vertex   -1.545293e+01 2.430963e+01 4.060000e+02
      vertex   -1.545293e+01 2.430963e+01 4.160000e+02
      vertex   -1.500000e+01 2.425000e+01 4.060000e+02
    endloop
  endfacet
  facet normal 1.305262e-01 9.914449e-01 -0.000000e+00
    outer loop
      vertex   -1.500000e+01 2.425000e+01 4.060000e+02
      vertex   -1.545293e+01 2.430963e+01 4.160000e+02
      vertex   -1.500000e+01 2.425000e+01 4.160000e+02
    endloop
  endfacet
  facet normal -1.305262e-01 9.914449e-01 0.000000e+00
    outer loop
      vertex   -1.500000e+01 2.425000e+01 4.060000e+02
      vertex   -1.500000e+01 2.425000e+01 4.160000e+02
      vertex   -1.454707e+01 2.430963e+01 4.060000e+02
    endloop
  endfacet
  facet normal -1.305262e-01 9.914449e-01 2.318611e-17
    outer loop
      vertex   -1.454707e+01 2.430963e+01 4.060000e+02
      vertex   -1.500000e+01 2.425000e+01 4.160000e+02
      vertex   -1.454707e+01 2.430963e+01 4.160000e+02
    endloop
  endfacet
  facet normal -3.826834e-01 9.238795e-01 6.797823e-17
    outer loop
      vertex   -1.454707e+01 2.430963e+01 4.060000e+02
      vertex   -1.454707e+01 2.430963e+01 4.160000e+02
      vertex   -1.412500e+01 2.448446e+01 4.060000e+02
    endloop
  endfacet
  facet normal -3.826834e-01 9.238795e-01 -6.564559e-16
    outer loop
      vertex   -1.412500e+01 2.448446e+01 4.060000e+02
      vertex   -1.454707e+01 2.430963e+01 4.160000e+02
      vertex   -1.412500e+01 2.448446e+01 4.160000e+02
    endloop
  endfacet
  facet normal -6.087614e-01 7.933533e-01 -5.637115e-16
    outer loop
      vertex   -1.412500e+01 2.448446e+01 4.060000e+02
      vertex   -1.412500e+01 2.448446e+01 4.160000e+02
      vertex   -1.376256e+01 2.476256e+01 4.060000e+02
    endloop
  endfacet
  facet normal -6.087614e-01 7.933533e-01 0.000000e+00
    outer loop
      vertex   -1.376256e+01 2.476256e+01 4.060000e+02
      vertex   -1.412500e+01 2.448446e+01 4.160000e+02
      vertex   -1.376256e+01 2.476256e+01 4.160000e+02
    endloop
  endfacet
  facet normal -7.933533e-01 6.087614e-01 0.000000e+00
    outer loop
      vertex   -1.376256e+01 2.476256e+01 4.060000e+02
      vertex   -1.376256e+01 2.476256e+01 4.160000e+02
      vertex   -1.348446e+01 2.512500e+01 4.060000e+02
    endloop
  endfacet
  facet normal -7.933533e-01 6.087614e-01 0.000000e+00
    outer loop
      vertex   -1.348446e+01 2.512500e+01 4.060000e+02
      vertex   -1.376256e+01 2.476256e+01 4.160000e+02
      vertex   -1.348446e+01 2.512500e+01 4.160000e+02
    endloop
  endfacet
  facet normal -9.238795e-01 3.826834e-01 0.000000e+00
    outer loop
      vertex   -1.348446e+01 2.512500e+01 4.060000e+02
      vertex   -1.348446e+01 2.512500e+01 4.160000e+02
      vertex   -1.330963e+01 2.554707e+01 4.060000e+02
    endloop
  endfacet
  facet normal -9.238795e-01 3.826834e-01 0.000000e+00
    outer loop
      vertex   -1.330963e+01 2.554707e+01 4.060000e+02
      vertex   -1.348446e+01 2.512500e+01 4.160000e+02
      vertex   -1.330963e+01 2.554707e+01 4.160000e+02
    endloop
  endfacet
  facet normal -9.914449e-01 1.305262e-01 0.000000e+00
    outer loop
      vertex   -1.330963e+01 2.554707e+01 4.060000e+02
      vertex   -1.330963e+01 2.554707e+01 4.160000e+02
      vertex   -1.325000e+01 2.600000e+01 4.060000e+02
    endloop
  endfacet
  facet normal -9.914449e-01 1.305262e-01 0.000000e+00
    outer loop
      vertex   -1.325000e+01 2.600000e+01 4.060000e+02
      vertex   -1.330963e+01 2.554707e+01 4.160000e+02
      vertex   -1.325000e+01 2.600000e+01 4.160000e+02
    endloop
  endfacet
  facet normal -9.914449e-01 -1.305262e-01 0.000000e+00
    outer loop
      vertex   -1.325000e+01 2.600000e+01 4.060000e+02
      vertex   -1.325000e+01 2.600000e+01 4.160000e+02
      vertex   -1.330963e+01 2.645293e+01 4.060000e+02
    endloop
  endfacet
  facet normal -9.914449e-01 -1.305262e-01 0.000000e+00
    outer loop
      vertex   -1.330963e+01 2.645293e+01 4.060000e+02
      vertex   -1.325000e+01 2.600000e+01 4.160000e+02
      vertex   -1.330963e+01 2.645293e+01 4.160000e+02
    endloop
  endfacet
  facet normal -9.238795e-01 -3.826834e-01 0.000000e+00
    outer loop
      vertex   -1.330963e+01 2.645293e+01 4.060000e+02
      vertex   -1.330963e+01 2.645293e+01 4.160000e+02
      vertex   -1.348446e+01 2.687500e+01 4.060000e+02
    endloop
  endfacet
  facet normal -9.238795e-01 -3.826834e-01 0.000000e+00
    outer loop
      vertex   -1.348446e+01 2.687500e+01 4.060000e+02
      vertex   -1.330963e+01 2.645293e+01 4.160000e+02
      vertex   -1.348446e+01 2.687500e+01 4.160000e+02
    endloop
  endfacet
  facet normal -7.933533e-01 -6.087614e-01 0.000000e+00
    outer loop
      vertex   -1.348446e+01 2.687500e+01 4.060000e+02
      vertex   -1.348446e+01 2.687500e+01 4.160000e+02
      vertex   -1.376256e+01 2.723744e+01 4.060000e+02
    endloop
  endfacet
  facet normal -7.933533e-01 -6.087614e-01 0.000000e+00
    outer loop
      vertex   -1.376256e+01 2.723744e+01 4.060000e+02
      vertex   -1.348446e+01 2.687500e+01 4.160000e+02
      vertex   -1.376256e+01 2.723744e+01 4.160000e+02
    endloop
  endfacet
  facet normal -6.087614e-01 -7.933533e-01 0.000000e+00
    outer loop
      vertex   -1.376256e+01 2.723744e+01 4.060000e+02
      vertex   -1.376256e+01 2.723744e+01 4.160000e+02
      vertex   -1.412500e+01 2.751554e+01 4.060000e+02
    endloop
  endfacet
  facet normal -6.087614e-01 -7.933533e-01 5.637115e-16
    outer loop
      vertex   -1.412500e+01 2.751554e+01 4.060000e+02
      vertex   -1.376256e+01 2.723744e+01 4.160000e+02
      vertex   -1.412500e+01 2.751554e+01 4.160000e+02
    endloop
  endfacet
  facet normal -3.826834e-01 -9.238795e-01 6.564559e-16
    outer loop
      vertex   -1.412500e+01 2.751554e+01 4.060000e+02
      vertex   -1.412500e+01 2.751554e+01 4.160000e+02
      vertex   -1.454707e+01 2.769037e+01 4.060000e+02
    endloop
  endfacet
  facet normal -3.826834e-01 -9.238795e-01 -6.797823e-17
    outer loop
      vertex   -1.454707e+01 2.769037e+01 4.060000e+02
      vertex   -1.412500e+01 2.751554e+01 4.160000e+02
      vertex   -1.454707e+01 2.769037e+01 4.160000e+02
    endloop
  endfacet
  facet normal -1.305262e-01 -9.914449e-01 -2.318611e-17
    outer loop
      vertex   -1.454707e+01 2.769037e+01 4.060000e+02
      vertex   -1.454707e+01 2.769037e+01 4.160000e+02
      vertex   -1.500000e+01 2.775000e+01 4.060000e+02
    endloop
  endfacet
  facet normal -1.305262e-01 -9.914449e-01 0.000000e+00
    outer loop
      vertex   -1.500000e+01 2.775000e+01 4.060000e+02
      vertex   -1.454707e+01 2.769037e+01 4.160000e+02
      vertex   -1.500000e+01 2.775000e+01 4.160000e+02
    endloop
  endfacet
  facet normal 1.305262e-01 -9.914449e-01 0.000000e+00
    outer loop
      vertex   -1.500000e+01 2.775000e+01 4.060000e+02
      vertex   -1.500000e+01 2.775000e+01 4.160000e+02
      vertex   -1.545293e+01 2.769037e+01 4.060000e+02
    endloop
  endfacet
  facet normal 1.305262e-01 -9.914449e-01 0.000000e+00
    outer loop
      vertex   -1.545293e+01 2.769037e+01 4.060000e+02
      vertex   -1.500000e+01 2.775000e+01 4.160000e+02
      vertex   -1.545293e+01 2.769037e+01 4.160000e+02
    endloop
  endfacet
  facet normal 3.826834e-01 -9.238795e-01 0.000000e+00
    outer loop
      vertex   -1.545293e+01 2.769037e+01 4.060000e+02
      vertex   -1.545293e+01 2.769037e+01 4.160000e+02
      vertex   -1.587500e+01 2.751554e+01 4.060000e+02
    endloop
  endfacet
  facet normal 3.826834e-01 -9.238795e-01 0.000000e+00
    outer loop
      vertex   -1.587500e+01 2.751554e+01 4.060000e+02
      vertex   -1.545293e+01 2.769037e+01 4.160000e+02
      vertex   -1.587500e+01 2.751554e+01 4.160000e+02
    endloop
  endfacet
  facet normal 6.087614e-01 -7.933533e-01 0.000000e+00
    outer loop
      vertex   -1.587500e+01 2.751554e+01 4.060000e+02
      vertex   -1.587500e+01 2.751554e+01 4.160000e+02
      vertex   -1.623744e+01 2.723744e+01 4.060000e+02
    endloop
  endfacet
  facet normal 6.087614e-01 -7.933533e-01 0.000000e+00
    outer loop
      vertex   -1.623744e+01 2.723744e+01 4.060000e+02
      vertex   -1.587500e+01 2.751554e+01 4.160000e+02
      vertex   -1.623744e+01 2.723744e+01 4.160000e+02
    endloop
  endfacet
  facet normal 7.933533e-01 -6.087614e-01 0.000000e+00
    outer loop
      vertex   -1.623744e+01 2.723744e+01 4.060000e+02
      vertex   -1.623744e+01 2.723744e+01 4.160000e+02
      vertex   -1.651554e+01 2.687500e+01 4.060000e+02
    endloop
  endfacet
  facet normal 7.933533e-01 -6.087614e-01 0.000000e+00
    outer loop
      vertex   -1.651554e+01 2.687500e+01 4.060000e+02
      vertex   -1.623744e+01 2.723744e+01 4.160000e+02
      vertex   -1.651554e+01 2.687500e+01 4.160000e+02
    endloop
  endfacet
  facet normal 9.238795e-01 -3.826834e-01 0.000000e+00
    outer loop
      vertex   -1.651554e+01 2.687500e+01 4.060000e+02
      vertex   -1.651554e+01 2.687500e+01 4.160000e+02
      vertex   -1.669037e+01 2.645293e+01 4.060000e+02
    endloop
  endfacet
  facet normal 9.238795e-01 -3.826834e-01 0.000000e+00
    outer loop
      vertex   -1.669037e+01 2.645293e+01 4.060000e+02
      vertex   -1.651554e+01 2.687500e+01 4.160000e+02
      vertex   -1.669037e+01 2.645293e+01 4.160000e+02
    endloop
  endfacet
  facet normal 9.914449e-01 1.305262e-01 0.000000e+00
    outer loop
      vertex   1.834963e+01 9.951707e+01 4.160000e+02
      vertex   1.834963e+01 9.951707e+01 4.060000e+02
      vertex   1.829000e+01 9.997000e+01 4.160000e+02
    endloop
  endfacet
  facet normal 9.914449e-01 1.305262e-01 0.000000e+00
    outer loop
      vertex   1.829000e+01 9.997000e+01 4.160000e+02
      vertex   1.834963e+01 9.951707e+01 4.060000e+02
      vertex   1.829000e+01 9.997000e+01 4.060000e+02
    endloop
  endfacet
  facet normal 9.914449e-01 -1.305262e-01 0.000000e+00
    outer loop
      vertex   1.829000e+01 9.997000e+01 4.160000e+02
      vertex   1.829000e+01 9.997000e+01 4.060000e+02
      vertex   1.834963e+01 1.004229e+02 4.160000e+02
    endloop
  endfacet
  facet normal 9.914449e-01 -1.305262e-01 0.000000e+00
    outer loop
      vertex   1.834963e+01 1.004229e+02 4.160000e+02
      vertex   1.829000e+01 9.997000e+01 4.060000e+02
      vertex   1.834963e+01 1.004229e+02 4.060000e+02
    endloop
  endfacet
  facet normal 9.238795e-01 -3.826834e-01 0.000000e+00
    outer loop
      vertex   1.834963e+01 1.004229e+02 4.160000e+02
      vertex   1.834963e+01 1.004229e+02 4.060000e+02
      vertex   1.852446e+01 1.008450e+02 4.160000e+02
    endloop
  endfacet
  facet normal 9.238795e-01 -3.826834e-01 0.000000e+00
    outer loop
      vertex   1.852446e+01 1.008450e+02 4.160000e+02
      vertex   1.834963e+01 1.004229e+02 4.060000e+02
      vertex   1.852446e+01 1.008450e+02 4.060000e+02
    endloop
  endfacet
  facet normal 7.933533e-01 -6.087614e-01 0.000000e+00
    outer loop
      vertex   1.852446e+01 1.008450e+02 4.160000e+02
      vertex   1.852446e+01 1.008450e+02 4.060000e+02
      vertex   1.880256e+01 1.012074e+02 4.160000e+02
    endloop
  endfacet
  facet normal 7.933533e-01 -6.087614e-01 0.000000e+00
    outer loop
      vertex   1.880256e+01 1.012074e+02 4.160000e+02
      vertex   1.852446e+01 1.008450e+02 4.060000e+02
      vertex   1.880256e+01 1.012074e+02 4.060000e+02
    endloop
  endfacet
  facet normal 6.087614e-01 -7.933533e-01 0.000000e+00
    outer loop
      vertex   1.880256e+01 1.012074e+02 4.160000e+02
      vertex   1.880256e+01 1.012074e+02 4.060000e+02
      vertex   1.916500e+01 1.014855e+02 4.160000e+02
    endloop
  endfacet
  facet normal 6.087614e-01 -7.933533e-01 0.000000e+00
    outer loop
      vertex   1.916500e+01 1.014855e+02 4.160000e+02
      vertex   1.880256e+01 1.012074e+02 4.060000e+02
      vertex   1.916500e+01 1.014855e+02 4.060000e+02
    endloop
  endfacet
  facet normal 3.826834e-01 -9.238795e-01 0.000000e+00
    outer loop
      vertex   1.916500e+01 1.014855e+02 4.160000e+02
      vertex   1.916500e+01 1.014855e+02 4.060000e+02
      vertex   1.958707e+01 1.016604e+02 4.160000e+02
    endloop
  endfacet
  facet normal 3.826834e-01 -9.238795e-01 0.000000e+00
    outer loop
      vertex   1.958707e+01 1.016604e+02 4.160000e+02
      vertex   1.916500e+01 1.014855e+02 4.060000e+02
      vertex   1.958707e+01 1.016604e+02 4.060000e+02
    endloop
  endfacet
  facet normal 1.305262e-01 -9.914449e-01 0.000000e+00
    outer loop
      vertex   1.958707e+01 1.016604e+02 4.160000e+02
      vertex   1.958707e+01 1.016604e+02 4.060000e+02
      vertex   2.004000e+01 1.017200e+02 4.160000e+02
    endloop
  endfacet
  facet normal 1.305262e-01 -9.914449e-01 0.000000e+00
    outer loop
      vertex   2.004000e+01 1.017200e+02 4.160000e+02
      vertex   1.958707e+01 1.016604e+02 4.060000e+02
      vertex   2.004000e+01 1.017200e+02 4.060000e+02
    endloop
  endfacet
  facet normal -1.305262e-01 -9.914449e-01 -0.000000e+00
    outer loop
      vertex   2.004000e+01 1.017200e+02 4.160000e+02
      vertex   2.004000e+01 1.017200e+02 4.060000e+02
      vertex   2.049293e+01 1.016604e+02 4.160000e+02
    endloop
  endfacet
  facet normal -1.305262e-01 -9.914449e-01 -0.000000e+00
    outer loop
      vertex   2.049293e+01 1.016604e+02 4.160000e+02
      vertex   2.004000e+01 1.017200e+02 4.060000e+02
      vertex   2.049293e+01 1.016604e+02 4.060000e+02
    endloop
  endfacet
  facet normal -3.826834e-01 -9.238795e-01 -0.000000e+00
    outer loop
      vertex   2.049293e+01 1.016604e+02 4.160000e+02
      vertex   2.049293e+01 1.016604e+02 4.060000e+02
      vertex   2.091500e+01 1.014855e+02 4.160000e+02
    endloop
  endfacet
  facet normal -3.826834e-01 -9.238795e-01 -0.000000e+00
    outer loop
      vertex   2.091500e+01 1.014855e+02 4.160000e+02
      vertex   2.049293e+01 1.016604e+02 4.060000e+02
      vertex   2.091500e+01 1.014855e+02 4.060000e+02
    endloop
  endfacet
  facet normal -6.087614e-01 -7.933533e-01 -0.000000e+00
    outer loop
      vertex   2.091500e+01 1.014855e+02 4.160000e+02
      vertex   2.091500e+01 1.014855e+02 4.060000e+02
      vertex   2.127744e+01 1.012074e+02 4.160000e+02
    endloop
  endfacet
  facet normal -6.087614e-01 -7.933533e-01 -0.000000e+00
    outer loop
      vertex   2.127744e+01 1.012074e+02 4.160000e+02
      vertex   2.091500e+01 1.014855e+02 4.060000e+02
      vertex   2.127744e+01 1.012074e+02 4.060000e+02
    endloop
  endfacet
  facet normal -7.933533e-01 -6.087614e-01 -0.000000e+00
    outer loop
      vertex   2.127744e+01 1.012074e+02 4.160000e+02
      vertex   2.127744e+01 1.012074e+02 4.060000e+02
      vertex   2.155555e+01 1.008450e+02 4.160000e+02
    endloop
  endfacet
  facet normal -7.933533e-01 -6.087614e-01 -5.637115e-16
    outer loop
      vertex   2.155555e+01 1.008450e+02 4.160000e+02
      vertex   2.127744e+01 1.012074e+02 4.060000e+02
      vertex   2.155555e+01 1.008450e+02 4.060000e+02
    endloop
  endfacet
  facet normal -9.238795e-01 -3.826834e-01 -6.564559e-16
    outer loop
      vertex   2.155555e+01 1.008450e+02 4.160000e+02
      vertex   2.155555e+01 1.008450e+02 4.060000e+02
      vertex   2.173037e+01 1.004229e+02 4.160000e+02
    endloop
  endfacet
  facet normal -9.238795e-01 -3.826834e-01 -0.000000e+00
    outer loop
      vertex   2.173037e+01 1.004229e+02 4.160000e+02
      vertex   2.155555e+01 1.008450e+02 4.060000e+02
      vertex   2.173037e+01 1.004229e+02 4.060000e+02
    endloop
  endfacet
  facet normal -9.914449e-01 -1.305262e-01 -0.000000e+00
    outer loop
      vertex   2.173037e+01 1.004229e+02 4.160000e+02
      vertex   2.173037e+01 1.004229e+02 4.060000e+02
      vertex   2.179000e+01 9.997000e+01 4.160000e+02
    endloop
  endfacet
  facet normal -9.914449e-01 -1.305262e-01 -0.000000e+00
    outer loop
      vertex   2.179000e+01 9.997000e+01 4.160000e+02
      vertex   2.173037e+01 1.004229e+02 4.060000e+02
      vertex   2.179000e+01 9.997000e+01 4.060000e+02
    endloop
  endfacet
  facet normal -9.914449e-01 1.305262e-01 0.000000e+00
    outer loop
      vertex   2.179000e+01 9.997000e+01 4.160000e+02
      vertex   2.179000e+01 9.997000e+01 4.060000e+02
      vertex   2.173037e+01 9.951707e+01 4.160000e+02
    endloop
  endfacet
  facet normal -9.914449e-01 1.305262e-01 0.000000e+00
    outer loop
      vertex   2.173037e+01 9.951707e+01 4.160000e+02
      vertex   2.179000e+01 9.997000e+01 4.060000e+02
      vertex   2.173037e+01 9.951707e+01 4.060000e+02
    endloop
  endfacet
  facet normal -9.238795e-01 3.826834e-01 0.000000e+00
    outer loop
      vertex   2.173037e+01 9.951707e+01 4.160000e+02
      vertex   2.173037e+01 9.951707e+01 4.060000e+02
      vertex   2.155555e+01 9.909500e+01 4.160000e+02
    endloop
  endfacet
  facet normal -9.238795e-01 3.826834e-01 6.564559e-16
    outer loop
      vertex   2.155555e+01 9.909500e+01 4.160000e+02
      vertex   2.173037e+01 9.951707e+01 4.060000e+02
      vertex   2.155555e+01 9.909500e+01 4.060000e+02
    endloop
  endfacet
  facet normal -7.933533e-01 6.087614e-01 5.637115e-16
    outer loop
      vertex   2.155555e+01 9.909500e+01 4.160000e+02
      vertex   2.155555e+01 9.909500e+01 4.060000e+02
      vertex   2.127744e+01 9.873257e+01 4.160000e+02
    endloop
  endfacet
  facet normal -7.933533e-01 6.087614e-01 0.000000e+00
    outer loop
      vertex   2.127744e+01 9.873257e+01 4.160000e+02
      vertex   2.155555e+01 9.909500e+01 4.060000e+02
      vertex   2.127744e+01 9.873257e+01 4.060000e+02
    endloop
  endfacet
  facet normal -6.087614e-01 7.933533e-01 0.000000e+00
    outer loop
      vertex   2.127744e+01 9.873257e+01 4.160000e+02
      vertex   2.127744e+01 9.873257e+01 4.060000e+02
      vertex   2.091500e+01 9.845446e+01 4.160000e+02
    endloop
  endfacet
  facet normal -6.087614e-01 7.933533e-01 0.000000e+00
    outer loop
      vertex   2.091500e+01 9.845446e+01 4.160000e+02
      vertex   2.127744e+01 9.873257e+01 4.060000e+02
      vertex   2.091500e+01 9.845446e+01 4.060000e+02
    endloop
  endfacet
  facet normal -3.826834e-01 9.238795e-01 0.000000e+00
    outer loop
      vertex   2.091500e+01 9.845446e+01 4.160000e+02
      vertex   2.091500e+01 9.845446e+01 4.060000e+02
      vertex   2.049293e+01 9.827963e+01 4.160000e+02
    endloop
  endfacet
  facet normal -3.826834e-01 9.238795e-01 0.000000e+00
    outer loop
      vertex   2.049293e+01 9.827963e+01 4.160000e+02
      vertex   2.091500e+01 9.845446e+01 4.060000e+02
      vertex   2.049293e+01 9.827963e+01 4.060000e+02
    endloop
  endfacet
  facet normal -1.305262e-01 9.914449e-01 0.000000e+00
    outer loop
      vertex   2.049293e+01 9.827963e+01 4.160000e+02
      vertex   2.049293e+01 9.827963e+01 4.060000e+02
      vertex   2.004000e+01 9.822000e+01 4.160000e+02
    endloop
  endfacet
  facet normal -1.305262e-01 9.914449e-01 0.000000e+00
    outer loop
      vertex   2.004000e+01 9.822000e+01 4.160000e+02
      vertex   2.049293e+01 9.827963e+01 4.060000e+02
      vertex   2.004000e+01 9.822000e+01 4.060000e+02
    endloop
  endfacet
  facet normal 1.305262e-01 9.914449e-01 0.000000e+00
    outer loop
      vertex   2.004000e+01 9.822000e+01 4.160000e+02
      vertex   2.004000e+01 9.822000e+01 4.060000e+02
      vertex   1.958707e+01 9.827963e+01 4.160000e+02
    endloop
  endfacet
  facet normal 1.305262e-01 9.914449e-01 0.000000e+00
    outer loop
      vertex   1.958707e+01 9.827963e+01 4.160000e+02
      vertex   2.004000e+01 9.822000e+01 4.060000e+02
      vertex   1.958707e+01 9.827963e+01 4.060000e+02
    endloop
  endfacet
  facet normal 3.826834e-01 9.238795e-01 0.000000e+00
    outer loop
      vertex   1.958707e+01 9.827963e+01 4.160000e+02
      vertex   1.958707e+01 9.827963e+01 4.060000e+02
      vertex   1.916500e+01 9.845446e+01 4.160000e+02
    endloop
  endfacet
  facet normal 3.826834e-01 9.238795e-01 0.000000e+00
    outer loop
      vertex   1.916500e+01 9.845446e+01 4.160000e+02
      vertex   1.958707e+01 9.827963e+01 4.060000e+02
      vertex   1.916500e+01 9.845446e+01 4.060000e+02
    endloop
  endfacet
  facet normal 6.087614e-01 7.933533e-01 0.000000e+00
    outer loop
      vertex   1.916500e+01 9.845446e+01 4.160000e+02
      vertex   1.916500e+01 9.845446e+01 4.060000e+02
      vertex   1.880256e+01 9.873257e+01 4.160000e+02
    endloop
  endfacet
  facet normal 6.087614e-01 7.933533e-01 0.000000e+00
    outer loop
      vertex   1.880256e+01 9.873257e+01 4.160000e+02
      vertex   1.916500e+01 9.845446e+01 4.060000e+02
      vertex   1.880256e+01 9.873257e+01 4.060000e+02
    endloop
  endfacet
  facet normal 7.933533e-01 6.087614e-01 0.000000e+00
    outer loop
      vertex   1.880256e+01 9.873257e+01 4.160000e+02
      vertex   1.880256e+01 9.873257e+01 4.060000e+02
      vertex   1.852446e+01 9.909500e+01 4.160000e+02
    endloop
  endfacet
  facet normal 7.933533e-01 6.087614e-01 0.000000e+00
    outer loop
      vertex   1.852446e+01 9.909500e+01 4.160000e+02
      vertex   1.880256e+01 9.873257e+01 4.060000e+02
      vertex   1.852446e+01 9.909500e+01 4.060000e+02
    endloop
  endfacet
  facet normal 9.238795e-01 3.826834e-01 0.000000e+00
    outer loop
      vertex   1.852446e+01 9.909500e+01 4.160000e+02
      vertex   1.852446e+01 9.909500e+01 4.060000e+02
      vertex   1.834963e+01 9.951707e+01 4.160000e+02
    endloop
  endfacet
  facet normal 9.238795e-01 3.826834e-01 0.000000e+00
    outer loop
      vertex   1.834963e+01 9.951707e+01 4.160000e+02
      vertex   1.852446e+01 9.909500e+01 4.060000e+02
      vertex   1.834963e+01 9.951707e+01 4.060000e+02
    endloop
  endfacet
  facet normal 9.914449e-01 1.305262e-01 0.000000e+00
    outer loop
      vertex   -2.172037e+01 9.959707e+01 4.160000e+02
      vertex   -2.172037e+01 9.959707e+01 4.060000e+02
      vertex   -2.178000e+01 1.000500e+02 4.160000e+02
    endloop
  endfacet
  facet normal 9.914449e-01 1.305262e-01 0.000000e+00
    outer loop
      vertex   -2.178000e+01 1.000500e+02 4.160000e+02
      vertex   -2.172037e+01 9.959707e+01 4.060000e+02
      vertex   -2.178000e+01 1.000500e+02 4.060000e+02
    endloop
  endfacet
  facet normal 9.914449e-01 -1.305262e-01 0.000000e+00
    outer loop
      vertex   -2.178000e+01 1.000500e+02 4.160000e+02
      vertex   -2.178000e+01 1.000500e+02 4.060000e+02
      vertex   -2.172037e+01 1.005029e+02 4.160000e+02
    endloop
  endfacet
  facet normal 9.914449e-01 -1.305262e-01 0.000000e+00
    outer loop
      vertex   -2.172037e+01 1.005029e+02 4.160000e+02
      vertex   -2.178000e+01 1.000500e+02 4.060000e+02
      vertex   -2.172037e+01 1.005029e+02 4.060000e+02
    endloop
  endfacet
  facet normal 9.238795e-01 -3.826834e-01 0.000000e+00
    outer loop
      vertex   -2.172037e+01 1.005029e+02 4.160000e+02
      vertex   -2.172037e+01 1.005029e+02 4.060000e+02
      vertex   -2.154555e+01 1.009250e+02 4.160000e+02
    endloop
  endfacet
  facet normal 9.238795e-01 -3.826834e-01 0.000000e+00
    outer loop
      vertex   -2.154555e+01 1.009250e+02 4.160000e+02
      vertex   -2.172037e+01 1.005029e+02 4.060000e+02
      vertex   -2.154555e+01 1.009250e+02 4.060000e+02
    endloop
  endfacet
  facet normal 7.933533e-01 -6.087614e-01 0.000000e+00
    outer loop
      vertex   -2.154555e+01 1.009250e+02 4.160000e+02
      vertex   -2.154555e+01 1.009250e+02 4.060000e+02
      vertex   -2.126744e+01 1.012874e+02 4.160000e+02
    endloop
  endfacet
  facet normal 7.933533e-01 -6.087614e-01 0.000000e+00
    outer loop
      vertex   -2.126744e+01 1.012874e+02 4.160000e+02
      vertex   -2.154555e+01 1.009250e+02 4.060000e+02
      vertex   -2.126744e+01 1.012874e+02 4.060000e+02
    endloop
  endfacet
  facet normal 6.087614e-01 -7.933533e-01 0.000000e+00
    outer loop
      vertex   -2.126744e+01 1.012874e+02 4.160000e+02
      vertex   -2.126744e+01 1.012874e+02 4.060000e+02
      vertex   -2.090500e+01 1.015655e+02 4.160000e+02
    endloop
  endfacet
  facet normal 6.087614e-01 -7.933533e-01 -1.127423e-15
    outer loop
      vertex   -2.090500e+01 1.015655e+02 4.160000e+02
      vertex   -2.126744e+01 1.012874e+02 4.060000e+02
      vertex   -2.090500e+01 1.015655e+02 4.060000e+02
    endloop
  endfacet
  facet normal 3.826834e-01 -9.238795e-01 -1.312912e-15
    outer loop
      vertex   -2.090500e+01 1.015655e+02 4.160000e+02
      vertex   -2.090500e+01 1.015655e+02 4.060000e+02
      vertex   -2.048293e+01 1.017404e+02 4.160000e+02
    endloop
  endfacet
  facet normal 3.826834e-01 -9.238795e-01 0.000000e+00
    outer loop
      vertex   -2.048293e+01 1.017404e+02 4.160000e+02
      vertex   -2.090500e+01 1.015655e+02 4.060000e+02
      vertex   -2.048293e+01 1.017404e+02 4.060000e+02
    endloop
  endfacet
  facet normal 1.305262e-01 -9.914449e-01 0.000000e+00
    outer loop
      vertex   -2.048293e+01 1.017404e+02 4.160000e+02
      vertex   -2.048293e+01 1.017404e+02 4.060000e+02
      vertex   -2.003000e+01 1.018000e+02 4.160000e+02
    endloop
  endfacet
  facet normal 1.305262e-01 -9.914449e-01 0.000000e+00
    outer loop
      vertex   -2.003000e+01 1.018000e+02 4.160000e+02
      vertex   -2.048293e+01 1.017404e+02 4.060000e+02
      vertex   -2.003000e+01 1.018000e+02 4.060000e+02
    endloop
  endfacet
  facet normal -1.305262e-01 -9.914449e-01 -0.000000e+00
    outer loop
      vertex   -2.003000e+01 1.018000e+02 4.160000e+02
      vertex   -2.003000e+01 1.018000e+02 4.060000e+02
      vertex   -1.957707e+01 1.017404e+02 4.160000e+02
    endloop
  endfacet
  facet normal -1.305262e-01 -9.914449e-01 -0.000000e+00
    outer loop
      vertex   -1.957707e+01 1.017404e+02 4.160000e+02
      vertex   -2.003000e+01 1.018000e+02 4.060000e+02
      vertex   -1.957707e+01 1.017404e+02 4.060000e+02
    endloop
  endfacet
  facet normal -3.826834e-01 -9.238795e-01 -0.000000e+00
    outer loop
      vertex   -1.957707e+01 1.017404e+02 4.160000e+02
      vertex   -1.957707e+01 1.017404e+02 4.060000e+02
      vertex   -1.915500e+01 1.015655e+02 4.160000e+02
    endloop
  endfacet
  facet normal -3.826834e-01 -9.238795e-01 -0.000000e+00
    outer loop
      vertex   -1.915500e+01 1.015655e+02 4.160000e+02
      vertex   -1.957707e+01 1.017404e+02 4.060000e+02
      vertex   -1.915500e+01 1.015655e+02 4.060000e+02
    endloop
  endfacet
  facet normal -6.087614e-01 -7.933533e-01 -0.000000e+00
    outer loop
      vertex   -1.915500e+01 1.015655e+02 4.160000e+02
      vertex   -1.915500e+01 1.015655e+02 4.060000e+02
      vertex   -1.879256e+01 1.012874e+02 4.160000e+02
    endloop
  endfacet
  facet normal -6.087614e-01 -7.933533e-01 -0.000000e+00
    outer loop
      vertex   -1.879256e+01 1.012874e+02 4.160000e+02
      vertex   -1.915500e+01 1.015655e+02 4.060000e+02
      vertex   -1.879256e+01 1.012874e+02 4.060000e+02
    endloop
  endfacet
  facet normal -7.933533e-01 -6.087614e-01 -0.000000e+00
    outer loop
      vertex   -1.879256e+01 1.012874e+02 4.160000e+02
      vertex   -1.879256e+01 1.012874e+02 4.060000e+02
      vertex   -1.851446e+01 1.009250e+02 4.160000e+02
    endloop
  endfacet
  facet normal -7.933533e-01 -6.087614e-01 -0.000000e+00
    outer loop
      vertex   -1.851446e+01 1.009250e+02 4.160000e+02
      vertex   -1.879256e+01 1.012874e+02 4.060000e+02
      vertex   -1.851446e+01 1.009250e+02 4.060000e+02
    endloop
  endfacet
  facet normal -9.238795e-01 -3.826834e-01 -0.000000e+00
    outer loop
      vertex   -1.851446e+01 1.009250e+02 4.160000e+02
      vertex   -1.851446e+01 1.009250e+02 4.060000e+02
      vertex   -1.833963e+01 1.005029e+02 4.160000e+02
    endloop
  endfacet
  facet normal -9.238795e-01 -3.826834e-01 -0.000000e+00
    outer loop
      vertex   -1.833963e+01 1.005029e+02 4.160000e+02
      vertex   -1.851446e+01 1.009250e+02 4.060000e+02
      vertex   -1.833963e+01 1.005029e+02 4.060000e+02
    endloop
  endfacet
  facet normal -9.914449e-01 -1.305262e-01 -0.000000e+00
    outer loop
      vertex   -1.833963e+01 1.005029e+02 4.160000e+02
      vertex   -1.833963e+01 1.005029e+02 4.060000e+02
      vertex   -1.828000e+01 1.000500e+02 4.160000e+02
    endloop
  endfacet
  facet normal -9.914449e-01 -1.305262e-01 -0.000000e+00
    outer loop
      vertex   -1.828000e+01 1.000500e+02 4.160000e+02
      vertex   -1.833963e+01 1.005029e+02 4.060000e+02
      vertex   -1.828000e+01 1.000500e+02 4.060000e+02
    endloop
  endfacet
  facet normal -9.914449e-01 1.305262e-01 0.000000e+00
    outer loop
      vertex   -1.828000e+01 1.000500e+02 4.160000e+02
      vertex   -1.828000e+01 1.000500e+02 4.060000e+02
      vertex   -1.833963e+01 9.959707e+01 4.160000e+02
    endloop
  endfacet
  facet normal -9.914449e-01 1.305262e-01 0.000000e+00
    outer loop
      vertex   -1.833963e+01 9.959707e+01 4.160000e+02
      vertex   -1.828000e+01 1.000500e+02 4.060000e+02
      vertex   -1.833963e+01 9.959707e+01 4.060000e+02
    endloop
  endfacet
  facet normal -9.238795e-01 3.826834e-01 0.000000e+00
    outer loop
      vertex   -1.833963e+01 9.959707e+01 4.160000e+02
      vertex   -1.833963e+01 9.959707e+01 4.060000e+02
      vertex   -1.851446e+01 9.917500e+01 4.160000e+02
    endloop
  endfacet
  facet normal -9.238795e-01 3.826834e-01 0.000000e+00
    outer loop
      vertex   -1.851446e+01 9.917500e+01 4.160000e+02
      vertex   -1.833963e+01 9.959707e+01 4.060000e+02
      vertex   -1.851446e+01 9.917500e+01 4.060000e+02
    endloop
  endfacet
  facet normal -7.933533e-01 6.087614e-01 0.000000e+00
    outer loop
      vertex   -1.851446e+01 9.917500e+01 4.160000e+02
      vertex   -1.851446e+01 9.917500e+01 4.060000e+02
      vertex   -1.879256e+01 9.881257e+01 4.160000e+02
    endloop
  endfacet
  facet normal -7.933533e-01 6.087614e-01 0.000000e+00
    outer loop
      vertex   -1.879256e+01 9.881257e+01 4.160000e+02
      vertex   -1.851446e+01 9.917500e+01 4.060000e+02
      vertex   -1.879256e+01 9.881257e+01 4.060000e+02
    endloop
  endfacet
  facet normal -6.087614e-01 7.933533e-01 0.000000e+00
    outer loop
      vertex   -1.879256e+01 9.881257e+01 4.160000e+02
      vertex   -1.879256e+01 9.881257e+01 4.060000e+02
      vertex   -1.915500e+01 9.853446e+01 4.160000e+02
    endloop
  endfacet
  facet normal -6.087614e-01 7.933533e-01 0.000000e+00
    outer loop
      vertex   -1.915500e+01 9.853446e+01 4.160000e+02
      vertex   -1.879256e+01 9.881257e+01 4.060000e+02
      vertex   -1.915500e+01 9.853446e+01 4.060000e+02
    endloop
  endfacet
  facet normal -3.826834e-01 9.238795e-01 0.000000e+00
    outer loop
      vertex   -1.915500e+01 9.853446e+01 4.160000e+02
      vertex   -1.915500e+01 9.853446e+01 4.060000e+02
      vertex   -1.957707e+01 9.835963e+01 4.160000e+02
    endloop
  endfacet
  facet normal -3.826834e-01 9.238795e-01 0.000000e+00
    outer loop
      vertex   -1.957707e+01 9.835963e+01 4.160000e+02
      vertex   -1.915500e+01 9.853446e+01 4.060000e+02
      vertex   -1.957707e+01 9.835963e+01 4.060000e+02
    endloop
  endfacet
  facet normal -1.305262e-01 9.914449e-01 0.000000e+00
    outer loop
      vertex   -1.957707e+01 9.835963e+01 4.160000e+02
      vertex   -1.957707e+01 9.835963e+01 4.060000e+02
      vertex   -2.003000e+01 9.830000e+01 4.160000e+02
    endloop
  endfacet
  facet normal -1.305262e-01 9.914449e-01 0.000000e+00
    outer loop
      vertex   -2.003000e+01 9.830000e+01 4.160000e+02
      vertex   -1.957707e+01 9.835963e+01 4.060000e+02
      vertex   -2.003000e+01 9.830000e+01 4.060000e+02
    endloop
  endfacet
  facet normal 1.305262e-01 9.914449e-01 0.000000e+00
    outer loop
      vertex   -2.003000e+01 9.830000e+01 4.160000e+02
      vertex   -2.003000e+01 9.830000e+01 4.060000e+02
      vertex   -2.048293e+01 9.835963e+01 4.160000e+02
    endloop
  endfacet
  facet normal 1.305262e-01 9.914449e-01 0.000000e+00
    outer loop
      vertex   -2.048293e+01 9.835963e+01 4.160000e+02
      vertex   -2.003000e+01 9.830000e+01 4.060000e+02
      vertex   -2.048293e+01 9.835963e+01 4.060000e+02
    endloop
  endfacet
  facet normal 3.826834e-01 9.238795e-01 0.000000e+00
    outer loop
      vertex   -2.048293e+01 9.835963e+01 4.160000e+02
      vertex   -2.048293e+01 9.835963e+01 4.060000e+02
      vertex   -2.090500e+01 9.853446e+01 4.160000e+02
    endloop
  endfacet
  facet normal 3.826834e-01 9.238795e-01 1.312912e-15
    outer loop
      vertex   -2.090500e+01 9.853446e+01 4.160000e+02
      vertex   -2.048293e+01 9.835963e+01 4.060000e+02
      vertex   -2.090500e+01 9.853446e+01 4.060000e+02
    endloop
  endfacet
  facet normal 6.087614e-01 7.933533e-01 1.127423e-15
    outer loop
      vertex   -2.090500e+01 9.853446e+01 4.160000e+02
      vertex   -2.090500e+01 9.853446e+01 4.060000e+02
      vertex   -2.126744e+01 9.881257e+01 4.160000e+02
    endloop
  endfacet
  facet normal 6.087614e-01 7.933533e-01 0.000000e+00
    outer loop
      vertex   -2.126744e+01 9.881257e+01 4.160000e+02
      vertex   -2.090500e+01 9.853446e+01 4.060000e+02
      vertex   -2.126744e+01 9.881257e+01 4.060000e+02
    endloop
  endfacet
  facet normal 7.933533e-01 6.087614e-01 0.000000e+00
    outer loop
      vertex   -2.126744e+01 9.881257e+01 4.160000e+02
      vertex   -2.126744e+01 9.881257e+01 4.060000e+02
      vertex   -2.154555e+01 9.917500e+01 4.160000e+02
    endloop
  endfacet
  facet normal 7.933533e-01 6.087614e-01 0.000000e+00
    outer loop
      vertex   -2.154555e+01 9.917500e+01 4.160000e+02
      vertex   -2.126744e+01 9.881257e+01 4.060000e+02
      vertex   -2.154555e+01 9.917500e+01 4.060000e+02
    endloop
  endfacet
  facet normal 9.238795e-01 3.826834e-01 0.000000e+00
    outer loop
      vertex   -2.154555e+01 9.917500e+01 4.160000e+02
      vertex   -2.154555e+01 9.917500e+01 4.060000e+02
      vertex   -2.172037e+01 9.959707e+01 4.160000e+02
    endloop
  endfacet
  facet normal 9.238795e-01 3.826834e-01 0.000000e+00
    outer loop
      vertex   -2.172037e+01 9.959707e+01 4.160000e+02
      vertex   -2.154555e+01 9.917500e+01 4.060000e+02
      vertex   -2.172037e+01 9.959707e+01 4.060000e+02
    endloop
  endfacet
  facet normal -1.000000e+00 0.000000e+00 0.000000e+00
    outer loop
      vertex   -2.500000e+01 9.500000e+01 4.250000e+02
      vertex   -2.500000e+01 1.050000e+02 4.250000e+02
      vertex   -2.500000e+01 9.500000e+01 4.160000e+02
    endloop
  endfacet
  facet normal -1.000000e+00 0.000000e+00 0.000000e+00
    outer loop
      vertex   -2.500000e+01 9.500000e+01 4.160000e+02
      vertex   -2.500000e+01 1.050000e+02 4.250000e+02
      vertex   -2.500000e+01 1.050000e+02 4.060000e+02
    endloop
  endfacet
  facet normal -1.000000e+00 -0.000000e+00 -0.000000e+00
    outer loop
      vertex   -2.500000e+01 9.500000e+01 4.160000e+02
      vertex   -2.500000e+01 1.050000e+02 4.060000e+02
      vertex   -2.500000e+01 8.800000e+01 4.160000e+02
    endloop
  endfacet
  facet normal -1.000000e+00 0.000000e+00 -0.000000e+00
    outer loop
      vertex   -2.500000e+01 8.800000e+01 4.160000e+02
      vertex   -2.500000e+01 1.050000e+02 4.060000e+02
      vertex   -2.500000e+01 1.500000e+01 4.060000e+02
    endloop
  endfacet
  facet normal -1.000000e+00 -0.000000e+00 0.000000e+00
    outer loop
      vertex   -2.500000e+01 8.800000e+01 4.160000e+02
      vertex   -2.500000e+01 1.500000e+01 4.060000e+02
      vertex   -2.500000e+01 1.500000e+01 4.250000e+02
    endloop
  endfacet
  facet normal -1.000000e+00 0.000000e+00 0.000000e+00
    outer loop
      vertex   -2.500000e+01 1.500000e+01 4.250000e+02
      vertex   -2.500000e+01 8.800000e+01 4.250000e+02
      vertex   -2.500000e+01 8.800000e+01 4.160000e+02
    endloop
  endfacet
  facet normal 0.000000e+00 0.000000e+00 -1.000000e+00
    outer loop
      vertex   -1.207407e+00 2.167648e+01 4.060000e+02
      vertex   -1.330963e+01 2.554707e+01 4.060000e+02
      vertex   -1.250000e+00 2.200000e+01 4.060000e+02
    endloop
  endfacet
  facet normal 0.000000e+00 0.000000e+00 -1.000000e+00
    outer loop
      vertex   -1.250000e+00 2.200000e+01 4.060000e+02
      vertex   -1.330963e+01 2.554707e+01 4.060000e+02
      vertex   -3.183712e+00 2.954605e+01 4.060000e+02
    endloop
  endfacet
  facet normal 0.000000e+00 0.000000e+00 -1.000000e+00
    outer loop
      vertex   -1.250000e+00 2.200000e+01 4.060000e+02
      vertex   -3.183712e+00 2.954605e+01 4.060000e+02
      vertex   -2.851016e+00 2.896980e+01 4.060000e+02
    endloop
  endfacet
  facet normal 0.000000e+00 -0.000000e+00 -1.000000e+00
    outer loop
      vertex   -1.330963e+01 2.554707e+01 4.060000e+02
      vertex   -1.207407e+00 2.167648e+01 4.060000e+02
      vertex   -1.348446e+01 2.512500e+01 4.060000e+02
    endloop
  endfacet
  facet normal 0.000000e+00 0.000000e+00 -1.000000e+00
    outer loop
      vertex   -1.348446e+01 2.512500e+01 4.060000e+02
      vertex   -1.207407e+00 2.167648e+01 4.060000e+02
      vertex   -1.082532e+00 2.137500e+01 4.060000e+02
    endloop
  endfacet
  facet normal 0.000000e+00 -0.000000e+00 -1.000000e+00
    outer loop
      vertex   -1.348446e+01 2.512500e+01 4.060000e+02
      vertex   -1.082532e+00 2.137500e+01 4.060000e+02
      vertex   -1.376256e+01 2.476256e+01 4.060000e+02
    endloop
  endfacet
  facet normal 0.000000e+00 -0.000000e+00 -1.000000e+00
    outer loop
      vertex   -1.376256e+01 2.476256e+01 4.060000e+02
      vertex   -1.082532e+00 2.137500e+01 4.060000e+02
      vertex   -1.412500e+01 2.448446e+01 4.060000e+02
    endloop
  endfacet
  facet normal 0.000000e+00 0.000000e+00 -1.000000e+00
    outer loop
      vertex   -1.412500e+01 2.448446e+01 4.060000e+02
      vertex   -1.082532e+00 2.137500e+01 4.060000e+02
      vertex   -8.838835e-01 2.111612e+01 4.060000e+02
    endloop
  endfacet
  facet normal 0.000000e+00 -0.000000e+00 -1.000000e+00
    outer loop
      vertex   -1.412500e+01 2.448446e+01 4.060000e+02
      vertex   -8.838835e-01 2.111612e+01 4.060000e+02
      vertex   -1.454707e+01 2.430963e+01 4.060000e+02
    endloop
  endfacet
  facet normal 0.000000e+00 -0.000000e+00 -1.000000e+00
    outer loop
      vertex   -1.454707e+01 2.430963e+01 4.060000e+02
      vertex   -8.838835e-01 2.111612e+01 4.060000e+02
      vertex   -2.500000e+01 1.500000e+01 4.060000e+02
    endloop
  endfacet
  facet normal 0.000000e+00 0.000000e+00 -1.000000e+00
    outer loop
      vertex   -1.454707e+01 2.430963e+01 4.060000e+02
      vertex   -2.500000e+01 1.500000e+01 4.060000e+02
      vertex   -1.500000e+01 2.425000e+01 4.060000e+02
    endloop
  endfacet
  facet normal -0.000000e+00 0.000000e+00 -1.000000e+00
    outer loop
      vertex   -1.500000e+01 2.425000e+01 4.060000e+02
      vertex   -2.500000e+01 1.500000e+01 4.060000e+02
      vertex   -1.545293e+01 2.430963e+01 4.060000e+02
    endloop
  endfacet
  facet normal -0.000000e+00 0.000000e+00 -1.000000e+00
    outer loop
      vertex   -1.545293e+01 2.430963e+01 4.060000e+02
      vertex   -2.500000e+01 1.500000e+01 4.060000e+02
      vertex   -1.587500e+01 2.448446e+01 4.060000e+02
    endloop
  endfacet
  facet normal -0.000000e+00 0.000000e+00 -1.000000e+00
    outer loop
      vertex   -1.587500e+01 2.448446e+01 4.060000e+02
      vertex   -2.500000e+01 1.500000e+01 4.060000e+02
      vertex   -1.623744e+01 2.476256e+01 4.060000e+02
    endloop
  endfacet
  facet normal -0.000000e+00 0.000000e+00 -1.000000e+00
    outer loop
      vertex   -1.623744e+01 2.476256e+01 4.060000e+02
      vertex   -2.500000e+01 1.500000e+01 4.060000e+02
      vertex   -1.651554e+01 2.512500e+01 4.060000e+02
    endloop
  endfacet
  facet normal -0.000000e+00 0.000000e+00 -1.000000e+00
    outer loop
      vertex   -1.651554e+01 2.512500e+01 4.060000e+02
      vertex   -2.500000e+01 1.500000e+01 4.060000e+02
      vertex   -1.669037e+01 2.554707e+01 4.060000e+02
    endloop
  endfacet
  facet normal -0.000000e+00 0.000000e+00 -1.000000e+00
    outer loop
      vertex   -1.669037e+01 2.554707e+01 4.060000e+02
      vertex   -2.500000e+01 1.500000e+01 4.060000e+02
      vertex   -1.675000e+01 2.600000e+01 4.060000e+02
    endloop
  endfacet
  facet normal -0.000000e+00 0.000000e+00 -1.000000e+00
    outer loop
      vertex   -1.675000e+01 2.600000e+01 4.060000e+02
      vertex   -2.500000e+01 1.500000e+01 4.060000e+02
      vertex   -1.669037e+01 2.645293e+01 4.060000e+02
    endloop
  endfacet
  facet normal -0.000000e+00 0.000000e+00 -1.000000e+00
    outer loop
      vertex   -1.669037e+01 2.645293e+01 4.060000e+02
      vertex   -2.500000e+01 1.500000e+01 4.060000e+02
      vertex   -1.651554e+01 2.687500e+01 4.060000e+02
    endloop
  endfacet
  facet normal -0.000000e+00 0.000000e+00 -1.000000e+00
    outer loop
      vertex   -1.651554e+01 2.687500e+01 4.060000e+02
      vertex   -2.500000e+01 1.500000e+01 4.060000e+02
      vertex   -2.126744e+01 9.881257e+01 4.060000e+02
    endloop
  endfacet
  facet normal 0.000000e+00 0.000000e+00 -1.000000e+00
    outer loop
      vertex   -1.651554e+01 2.687500e+01 4.060000e+02
      vertex   -2.126744e+01 9.881257e+01 4.060000e+02
      vertex   -2.090500e+01 9.853446e+01 4.060000e+02
    endloop
  endfacet
  facet normal 0.000000e+00 -0.000000e+00 -1.000000e+00
    outer loop
      vertex   -8.838835e-01 2.111612e+01 4.060000e+02
      vertex   -6.250000e-01 2.091747e+01 4.060000e+02
      vertex   -2.500000e+01 1.500000e+01 4.060000e+02
    endloop
  endfacet
  facet normal 0.000000e+00 0.000000e+00 -1.000000e+00
    outer loop
      vertex   -2.500000e+01 1.500000e+01 4.060000e+02
      vertex   -6.250000e-01 2.091747e+01 4.060000e+02
      vertex   -3.235238e-01 2.079259e+01 4.060000e+02
    endloop
  endfacet
  facet normal 0.000000e+00 0.000000e+00 -1.000000e+00
    outer loop
      vertex   -2.500000e+01 1.500000e+01 4.060000e+02
      vertex   -3.235238e-01 2.079259e+01 4.060000e+02
      vertex   7.654042e-17 2.075000e+01 4.060000e+02
    endloop
  endfacet
  facet normal 0.000000e+00 0.000000e+00 -1.000000e+00
    outer loop
      vertex   -2.500000e+01 1.500000e+01 4.060000e+02
      vertex   7.654042e-17 2.075000e+01 4.060000e+02
      vertex   2.500000e+01 1.500000e+01 4.060000e+02
    endloop
  endfacet
  facet normal 0.000000e+00 0.000000e+00 -1.000000e+00
    outer loop
      vertex   2.500000e+01 1.500000e+01 4.060000e+02
      vertex   7.654042e-17 2.075000e+01 4.060000e+02
      vertex   3.235238e-01 2.079259e+01 4.060000e+02
    endloop
  endfacet
  facet normal 0.000000e+00 0.000000e+00 -1.000000e+00
    outer loop
      vertex   2.500000e+01 1.500000e+01 4.060000e+02
      vertex   3.235238e-01 2.079259e+01 4.060000e+02
      vertex   6.250000e-01 2.091747e+01 4.060000e+02
    endloop
  endfacet
  facet normal 0.000000e+00 0.000000e+00 -1.000000e+00
    outer loop
      vertex   6.250000e-01 2.091747e+01 4.060000e+02
      vertex   8.838835e-01 2.111612e+01 4.060000e+02
      vertex   2.500000e+01 1.500000e+01 4.060000e+02
    endloop
  endfacet
  facet normal 0.000000e+00 0.000000e+00 -1.000000e+00
    outer loop
      vertex   2.500000e+01 1.500000e+01 4.060000e+02
      vertex   8.838835e-01 2.111612e+01 4.060000e+02
      vertex   1.454707e+01 2.430963e+01 4.060000e+02
    endloop
  endfacet
  facet normal 0.000000e+00 0.000000e+00 -1.000000e+00
    outer loop
      vertex   2.500000e+01 1.500000e+01 4.060000e+02
      vertex   1.454707e+01 2.430963e+01 4.060000e+02
      vertex   1.500000e+01 2.425000e+01 4.060000e+02
    endloop
  endfacet
  facet normal -0.000000e+00 0.000000e+00 -1.000000e+00
    outer loop
      vertex   1.454707e+01 2.430963e+01 4.060000e+02
      vertex   8.838835e-01 2.111612e+01 4.060000e+02
      vertex   1.412500e+01 2.448446e+01 4.060000e+02
    endloop
  endfacet
  facet normal 0.000000e+00 0.000000e+00 -1.000000e+00
    outer loop
      vertex   1.412500e+01 2.448446e+01 4.060000e+02
      vertex   8.838835e-01 2.111612e+01 4.060000e+02
      vertex   1.082532e+00 2.137500e+01 4.060000e+02
    endloop
  endfacet
  facet normal -0.000000e+00 0.000000e+00 -1.000000e+00
    outer loop
      vertex   1.412500e+01 2.448446e+01 4.060000e+02
      vertex   1.082532e+00 2.137500e+01 4.060000e+02
      vertex   1.376256e+01 2.476256e+01 4.060000e+02
    endloop
  endfacet
  facet normal -0.000000e+00 0.000000e+00 -1.000000e+00
    outer loop
      vertex   1.376256e+01 2.476256e+01 4.060000e+02
      vertex   1.082532e+00 2.137500e+01 4.060000e+02
      vertex   1.348446e+01 2.512500e+01 4.060000e+02
    endloop
  endfacet
  facet normal 0.000000e+00 0.000000e+00 -1.000000e+00
    outer loop
      vertex   1.348446e+01 2.512500e+01 4.060000e+02
      vertex   1.082532e+00 2.137500e+01 4.060000e+02
      vertex   1.207407e+00 2.167648e+01 4.060000e+02
    endloop
  endfacet
  facet normal -0.000000e+00 0.000000e+00 -1.000000e+00
    outer loop
      vertex   1.348446e+01 2.512500e+01 4.060000e+02
      vertex   1.207407e+00 2.167648e+01 4.060000e+02
      vertex   1.330963e+01 2.554707e+01 4.060000e+02
    endloop
  endfacet
  facet normal 0.000000e+00 0.000000e+00 -1.000000e+00
    outer loop
      vertex   1.330963e+01 2.554707e+01 4.060000e+02
      vertex   1.207407e+00 2.167648e+01 4.060000e+02
      vertex   1.250000e+00 2.200000e+01 4.060000e+02
    endloop
  endfacet
  facet normal -0.000000e+00 0.000000e+00 -1.000000e+00
    outer loop
      vertex   1.330963e+01 2.554707e+01 4.060000e+02
      vertex   1.250000e+00 2.200000e+01 4.060000e+02
      vertex   3.183712e+00 2.954605e+01 4.060000e+02
    endloop
  endfacet
  facet normal 0.000000e+00 0.000000e+00 -1.000000e+00
    outer loop
      vertex   3.183712e+00 2.954605e+01 4.060000e+02
      vertex   1.250000e+00 2.200000e+01 4.060000e+02
      vertex   2.851016e+00 2.896980e+01 4.060000e+02
    endloop
  endfacet
  facet normal 0.000000e+00 0.000000e+00 -1.000000e+00
    outer loop
      vertex   2.851016e+00 2.896980e+01 4.060000e+02
      vertex   1.250000e+00 2.200000e+01 4.060000e+02
      vertex   1.207407e+00 2.232352e+01 4.060000e+02
    endloop
  endfacet
  facet normal 0.000000e+00 0.000000e+00 -1.000000e+00
    outer loop
      vertex   2.851016e+00 2.896980e+01 4.060000e+02
      vertex   1.207407e+00 2.232352e+01 4.060000e+02
      vertex   2.415277e+00 2.846693e+01 4.060000e+02
    endloop
  endfacet
  facet normal 0.000000e+00 0.000000e+00 -1.000000e+00
    outer loop
      vertex   2.415277e+00 2.846693e+01 4.060000e+02
      vertex   1.207407e+00 2.232352e+01 4.060000e+02
      vertex   1.892243e+00 2.805561e+01 4.060000e+02
    endloop
  endfacet
  facet normal 0.000000e+00 0.000000e+00 -1.000000e+00
    outer loop
      vertex   1.892243e+00 2.805561e+01 4.060000e+02
      vertex   1.207407e+00 2.232352e+01 4.060000e+02
      vertex   1.082532e+00 2.262500e+01 4.060000e+02
    endloop
  endfacet
  facet normal 0.000000e+00 0.000000e+00 -1.000000e+00
    outer loop
      vertex   1.892243e+00 2.805561e+01 4.060000e+02
      vertex   1.082532e+00 2.262500e+01 4.060000e+02
      vertex   1.300819e+00 2.775071e+01 4.060000e+02
    endloop
  endfacet
  facet normal 0.000000e+00 0.000000e+00 -1.000000e+00
    outer loop
      vertex   1.300819e+00 2.775071e+01 4.060000e+02
      vertex   1.082532e+00 2.262500e+01 4.060000e+02
      vertex   8.838835e-01 2.288388e+01 4.060000e+02
    endloop
  endfacet
  facet normal 0.000000e+00 0.000000e+00 -1.000000e+00
    outer loop
      vertex   1.300819e+00 2.775071e+01 4.060000e+02
      vertex   8.838835e-01 2.288388e+01 4.060000e+02
      vertex   6.250000e-01 2.308253e+01 4.060000e+02
    endloop
  endfacet
  facet normal 0.000000e+00 0.000000e+00 -1.000000e+00
    outer loop
      vertex   1.300819e+00 2.775071e+01 4.060000e+02
      vertex   6.250000e-01 2.308253e+01 4.060000e+02
      vertex   6.623794e-01 2.756325e+01 4.060000e+02
    endloop
  endfacet
  facet normal 0.000000e+00 0.000000e+00 -1.000000e+00
    outer loop
      vertex   6.623794e-01 2.756325e+01 4.060000e+02
      vertex   6.250000e-01 2.308253e+01 4.060000e+02
      vertex   3.235238e-01 2.320741e+01 4.060000e+02
    endloop
  endfacet
  facet normal 0.000000e+00 0.000000e+00 -1.000000e+00
    outer loop
      vertex   6.623794e-01 2.756325e+01 4.060000e+02
      vertex   3.235238e-01 2.320741e+01 4.060000e+02
      vertex   2.143132e-16 2.750000e+01 4.060000e+02
    endloop
  endfacet
  facet normal 0.000000e+00 -0.000000e+00 -1.000000e+00
    outer loop
      vertex   2.143132e-16 2.750000e+01 4.060000e+02
      vertex   3.235238e-01 2.320741e+01 4.060000e+02
      vertex   7.654042e-17 2.325000e+01 4.060000e+02
    endloop
  endfacet
  facet normal 0.000000e+00 0.000000e+00 -1.000000e+00
    outer loop
      vertex   2.143132e-16 2.750000e+01 4.060000e+02
      vertex   7.654042e-17 2.325000e+01 4.060000e+02
      vertex   -3.235238e-01 2.320741e+01 4.060000e+02
    endloop
  endfacet
  facet normal -0.000000e+00 0.000000e+00 -1.000000e+00
    outer loop
      vertex   2.143132e-16 2.750000e+01 4.060000e+02
      vertex   -3.235238e-01 2.320741e+01 4.060000e+02
      vertex   -6.623794e-01 2.756325e+01 4.060000e+02
    endloop
  endfacet
  facet normal 0.000000e+00 0.000000e+00 -1.000000e+00
    outer loop
      vertex   -6.623794e-01 2.756325e+01 4.060000e+02
      vertex   -3.235238e-01 2.320741e+01 4.060000e+02
      vertex   -6.250000e-01 2.308253e+01 4.060000e+02
    endloop
  endfacet
  facet normal -0.000000e+00 -0.000000e+00 -1.000000e+00
    outer loop
      vertex   -6.623794e-01 2.756325e+01 4.060000e+02
      vertex   -6.250000e-01 2.308253e+01 4.060000e+02
      vertex   -1.300819e+00 2.775071e+01 4.060000e+02
    endloop
  endfacet
  facet normal 0.000000e+00 0.000000e+00 -1.000000e+00
    outer loop
      vertex   -1.300819e+00 2.775071e+01 4.060000e+02
      vertex   -6.250000e-01 2.308253e+01 4.060000e+02
      vertex   -8.838835e-01 2.288388e+01 4.060000e+02
    endloop
  endfacet
  facet normal 0.000000e+00 0.000000e+00 -1.000000e+00
    outer loop
      vertex   -1.300819e+00 2.775071e+01 4.060000e+02
      vertex   -8.838835e-01 2.288388e+01 4.060000e+02
      vertex   -1.082532e+00 2.262500e+01 4.060000e+02
    endloop
  endfacet
  facet normal -0.000000e+00 -0.000000e+00 -1.000000e+00
    outer loop
      vertex   -1.300819e+00 2.775071e+01 4.060000e+02
      vertex   -1.082532e+00 2.262500e+01 4.060000e+02
      vertex   -1.892243e+00 2.805561e+01 4.060000e+02
    endloop
  endfacet
  facet normal 0.000000e+00 0.000000e+00 -1.000000e+00
    outer loop
      vertex   -1.892243e+00 2.805561e+01 4.060000e+02
      vertex   -1.082532e+00 2.262500e+01 4.060000e+02
      vertex   -1.207407e+00 2.232352e+01 4.060000e+02
    endloop
  endfacet
  facet normal -0.000000e+00 -0.000000e+00 -1.000000e+00
    outer loop
      vertex   -1.892243e+00 2.805561e+01 4.060000e+02
      vertex   -1.207407e+00 2.232352e+01 4.060000e+02
      vertex   -2.415277e+00 2.846693e+01 4.060000e+02
    endloop
  endfacet
  facet normal -0.000000e+00 -0.000000e+00 -1.000000e+00
    outer loop
      vertex   -2.415277e+00 2.846693e+01 4.060000e+02
      vertex   -1.207407e+00 2.232352e+01 4.060000e+02
      vertex   -2.851016e+00 2.896980e+01 4.060000e+02
    endloop
  endfacet
  facet normal 0.000000e+00 0.000000e+00 -1.000000e+00
    outer loop
      vertex   -2.851016e+00 2.896980e+01 4.060000e+02
      vertex   -1.207407e+00 2.232352e+01 4.060000e+02
      vertex   -1.250000e+00 2.200000e+01 4.060000e+02
    endloop
  endfacet
  facet normal 0.000000e+00 0.000000e+00 -1.000000e+00
    outer loop
      vertex   1.330963e+01 2.554707e+01 4.060000e+02
      vertex   3.183712e+00 2.954605e+01 4.060000e+02
      vertex   1.325000e+01 2.600000e+01 4.060000e+02
    endloop
  endfacet
  facet normal 0.000000e+00 0.000000e+00 -1.000000e+00
    outer loop
      vertex   1.325000e+01 2.600000e+01 4.060000e+02
      vertex   3.183712e+00 2.954605e+01 4.060000e+02
      vertex   3.401340e+00 3.017484e+01 4.060000e+02
    endloop
  endfacet
  facet normal 0.000000e+00 0.000000e+00 -1.000000e+00
    outer loop
      vertex   1.325000e+01 2.600000e+01 4.060000e+02
      vertex   3.401340e+00 3.017484e+01 4.060000e+02
      vertex   3.496036e+00 3.083346e+01 4.060000e+02
    endloop
  endfacet
  facet normal 0.000000e+00 0.000000e+00 -1.000000e+00
    outer loop
      vertex   1.500000e+01 2.425000e+01 4.060000e+02
      vertex   1.545293e+01 2.430963e+01 4.060000e+02
      vertex   2.500000e+01 1.500000e+01 4.060000e+02
    endloop
  endfacet
  facet normal 0.000000e+00 0.000000e+00 -1.000000e+00
    outer loop
      vertex   2.500000e+01 1.500000e+01 4.060000e+02
      vertex   1.545293e+01 2.430963e+01 4.060000e+02
      vertex   1.587500e+01 2.448446e+01 4.060000e+02
    endloop
  endfacet
  facet normal 0.000000e+00 0.000000e+00 -1.000000e+00
    outer loop
      vertex   2.500000e+01 1.500000e+01 4.060000e+02
      vertex   1.587500e+01 2.448446e+01 4.060000e+02
      vertex   1.623744e+01 2.476256e+01 4.060000e+02
    endloop
  endfacet
  facet normal 0.000000e+00 0.000000e+00 -1.000000e+00
    outer loop
      vertex   1.623744e+01 2.476256e+01 4.060000e+02
      vertex   1.651554e+01 2.512500e+01 4.060000e+02
      vertex   2.500000e+01 1.500000e+01 4.060000e+02
    endloop
  endfacet
  facet normal 0.000000e+00 0.000000e+00 -1.000000e+00
    outer loop
      vertex   2.500000e+01 1.500000e+01 4.060000e+02
      vertex   1.651554e+01 2.512500e+01 4.060000e+02
      vertex   1.669037e+01 2.554707e+01 4.060000e+02
    endloop
  endfacet
  facet normal 0.000000e+00 0.000000e+00 -1.000000e+00
    outer loop
      vertex   2.500000e+01 1.500000e+01 4.060000e+02
      vertex   1.669037e+01 2.554707e+01 4.060000e+02
      vertex   1.675000e+01 2.600000e+01 4.060000e+02
    endloop
  endfacet
  facet normal 0.000000e+00 0.000000e+00 -1.000000e+00
    outer loop
      vertex   1.675000e+01 2.600000e+01 4.060000e+02
      vertex   1.669037e+01 2.645293e+01 4.060000e+02
      vertex   2.500000e+01 1.500000e+01 4.060000e+02
    endloop
  endfacet
  facet normal 0.000000e+00 0.000000e+00 -1.000000e+00
    outer loop
      vertex   2.500000e+01 1.500000e+01 4.060000e+02
      vertex   1.669037e+01 2.645293e+01 4.060000e+02
      vertex   1.651554e+01 2.687500e+01 4.060000e+02
    endloop
  endfacet
  facet normal 0.000000e+00 0.000000e+00 -1.000000e+00
    outer loop
      vertex   2.500000e+01 1.500000e+01 4.060000e+02
      vertex   1.651554e+01 2.687500e+01 4.060000e+02
      vertex   2.127744e+01 9.873257e+01 4.060000e+02
    endloop
  endfacet
  facet normal 0.000000e+00 0.000000e+00 -1.000000e+00
    outer loop
      vertex   2.127744e+01 9.873257e+01 4.060000e+02
      vertex   1.651554e+01 2.687500e+01 4.060000e+02
      vertex   2.091500e+01 9.845446e+01 4.060000e+02
    endloop
  endfacet
  facet normal 0.000000e+00 0.000000e+00 -1.000000e+00
    outer loop
      vertex   2.091500e+01 9.845446e+01 4.060000e+02
      vertex   1.651554e+01 2.687500e+01 4.060000e+02
      vertex   1.623744e+01 2.723744e+01 4.060000e+02
    endloop
  endfacet
  facet normal 0.000000e+00 0.000000e+00 -1.000000e+00
    outer loop
      vertex   2.091500e+01 9.845446e+01 4.060000e+02
      vertex   1.623744e+01 2.723744e+01 4.060000e+02
      vertex   2.049293e+01 9.827963e+01 4.060000e+02
    endloop
  endfacet
  facet normal 0.000000e+00 0.000000e+00 -1.000000e+00
    outer loop
      vertex   2.049293e+01 9.827963e+01 4.060000e+02
      vertex   1.623744e+01 2.723744e+01 4.060000e+02
      vertex   1.587500e+01 2.751554e+01 4.060000e+02
    endloop
  endfacet
  facet normal 0.000000e+00 0.000000e+00 -1.000000e+00
    outer loop
      vertex   2.049293e+01 9.827963e+01 4.060000e+02
      vertex   1.587500e+01 2.751554e+01 4.060000e+02
      vertex   2.004000e+01 9.822000e+01 4.060000e+02
    endloop
  endfacet
  facet normal 0.000000e+00 0.000000e+00 -1.000000e+00
    outer loop
      vertex   2.004000e+01 9.822000e+01 4.060000e+02
      vertex   1.587500e+01 2.751554e+01 4.060000e+02
      vertex   1.545293e+01 2.769037e+01 4.060000e+02
    endloop
  endfacet
  facet normal -0.000000e+00 0.000000e+00 -1.000000e+00
    outer loop
      vertex   2.004000e+01 9.822000e+01 4.060000e+02
      vertex   1.545293e+01 2.769037e+01 4.060000e+02
      vertex   1.958707e+01 9.827963e+01 4.060000e+02
    endloop
  endfacet
  facet normal 0.000000e+00 0.000000e+00 -1.000000e+00
    outer loop
      vertex   1.958707e+01 9.827963e+01 4.060000e+02
      vertex   1.545293e+01 2.769037e+01 4.060000e+02
      vertex   1.500000e+01 2.775000e+01 4.060000e+02
    endloop
  endfacet
  facet normal -0.000000e+00 0.000000e+00 -1.000000e+00
    outer loop
      vertex   1.958707e+01 9.827963e+01 4.060000e+02
      vertex   1.500000e+01 2.775000e+01 4.060000e+02
      vertex   1.916500e+01 9.845446e+01 4.060000e+02
    endloop
  endfacet
  facet normal 0.000000e+00 0.000000e+00 -1.000000e+00
    outer loop
      vertex   1.916500e+01 9.845446e+01 4.060000e+02
      vertex   1.500000e+01 2.775000e+01 4.060000e+02
      vertex   2.645124e+00 3.329201e+01 4.060000e+02
    endloop
  endfacet
  facet normal 0.000000e+00 0.000000e+00 -1.000000e+00
    outer loop
      vertex   1.916500e+01 9.845446e+01 4.060000e+02
      vertex   2.645124e+00 3.329201e+01 4.060000e+02
      vertex   2.163556e+00 3.375119e+01 4.060000e+02
    endloop
  endfacet
  facet normal -0.000000e+00 0.000000e+00 -1.000000e+00
    outer loop
      vertex   1.500000e+01 2.775000e+01 4.060000e+02
      vertex   1.454707e+01 2.769037e+01 4.060000e+02
      vertex   2.645124e+00 3.329201e+01 4.060000e+02
    endloop
  endfacet
  facet normal 0.000000e+00 0.000000e+00 -1.000000e+00
    outer loop
      vertex   2.645124e+00 3.329201e+01 4.060000e+02
      vertex   1.454707e+01 2.769037e+01 4.060000e+02
      vertex   3.031089e+00 3.275000e+01 4.060000e+02
    endloop
  endfacet
  facet normal 0.000000e+00 0.000000e+00 -1.000000e+00
    outer loop
      vertex   3.031089e+00 3.275000e+01 4.060000e+02
      vertex   1.454707e+01 2.769037e+01 4.060000e+02
      vertex   1.412500e+01 2.751554e+01 4.060000e+02
    endloop
  endfacet
  facet normal 0.000000e+00 0.000000e+00 -1.000000e+00
    outer loop
      vertex   3.031089e+00 3.275000e+01 4.060000e+02
      vertex   1.412500e+01 2.751554e+01 4.060000e+02
      vertex   3.307503e+00 3.214474e+01 4.060000e+02
    endloop
  endfacet
  facet normal 0.000000e+00 0.000000e+00 -1.000000e+00
    outer loop
      vertex   3.307503e+00 3.214474e+01 4.060000e+02
      vertex   1.412500e+01 2.751554e+01 4.060000e+02
      vertex   1.376256e+01 2.723744e+01 4.060000e+02
    endloop
  endfacet
  facet normal 0.000000e+00 0.000000e+00 -1.000000e+00
    outer loop
      vertex   3.307503e+00 3.214474e+01 4.060000e+02
      vertex   1.376256e+01 2.723744e+01 4.060000e+02
      vertex   1.348446e+01 2.687500e+01 4.060000e+02
    endloop
  endfacet
  facet normal 0.000000e+00 0.000000e+00 -1.000000e+00
    outer loop
      vertex   3.307503e+00 3.214474e+01 4.060000e+02
      vertex   1.348446e+01 2.687500e+01 4.060000e+02
      vertex   3.464375e+00 3.149810e+01 4.060000e+02
    endloop
  endfacet
  facet normal 0.000000e+00 0.000000e+00 -1.000000e+00
    outer loop
      vertex   3.464375e+00 3.149810e+01 4.060000e+02
      vertex   1.348446e+01 2.687500e+01 4.060000e+02
      vertex   1.330963e+01 2.645293e+01 4.060000e+02
    endloop
  endfacet
  facet normal 0.000000e+00 0.000000e+00 -1.000000e+00
    outer loop
      vertex   3.464375e+00 3.149810e+01 4.060000e+02
      vertex   1.330963e+01 2.645293e+01 4.060000e+02
      vertex   3.496036e+00 3.083346e+01 4.060000e+02
    endloop
  endfacet
  facet normal 0.000000e+00 0.000000e+00 -1.000000e+00
    outer loop
      vertex   3.496036e+00 3.083346e+01 4.060000e+02
      vertex   1.330963e+01 2.645293e+01 4.060000e+02
      vertex   1.325000e+01 2.600000e+01 4.060000e+02
    endloop
  endfacet
  facet normal 0.000000e+00 0.000000e+00 -1.000000e+00
    outer loop
      vertex   -1.330963e+01 2.554707e+01 4.060000e+02
      vertex   -1.325000e+01 2.600000e+01 4.060000e+02
      vertex   -3.183712e+00 2.954605e+01 4.060000e+02
    endloop
  endfacet
  facet normal -0.000000e+00 0.000000e+00 -1.000000e+00
    outer loop
      vertex   -3.183712e+00 2.954605e+01 4.060000e+02
      vertex   -1.325000e+01 2.600000e+01 4.060000e+02
      vertex   -3.401340e+00 3.017484e+01 4.060000e+02
    endloop
  endfacet
  facet normal -0.000000e+00 0.000000e+00 -1.000000e+00
    outer loop
      vertex   -3.401340e+00 3.017484e+01 4.060000e+02
      vertex   -1.325000e+01 2.600000e+01 4.060000e+02
      vertex   -3.496036e+00 3.083346e+01 4.060000e+02
    endloop
  endfacet
  facet normal 0.000000e+00 0.000000e+00 -1.000000e+00
    outer loop
      vertex   -3.496036e+00 3.083346e+01 4.060000e+02
      vertex   -1.325000e+01 2.600000e+01 4.060000e+02
      vertex   -1.330963e+01 2.645293e+01 4.060000e+02
    endloop
  endfacet
  facet normal -0.000000e+00 0.000000e+00 -1.000000e+00
    outer loop
      vertex   -3.496036e+00 3.083346e+01 4.060000e+02
      vertex   -1.330963e+01 2.645293e+01 4.060000e+02
      vertex   -3.464375e+00 3.149810e+01 4.060000e+02
    endloop
  endfacet
  facet normal 0.000000e+00 0.000000e+00 -1.000000e+00
    outer loop
      vertex   -3.464375e+00 3.149810e+01 4.060000e+02
      vertex   -1.330963e+01 2.645293e+01 4.060000e+02
      vertex   -1.348446e+01 2.687500e+01 4.060000e+02
    endloop
  endfacet
  facet normal -0.000000e+00 0.000000e+00 -1.000000e+00
    outer loop
      vertex   -3.464375e+00 3.149810e+01 4.060000e+02
      vertex   -1.348446e+01 2.687500e+01 4.060000e+02
      vertex   -3.307503e+00 3.214474e+01 4.060000e+02
    endloop
  endfacet
  facet normal 0.000000e+00 0.000000e+00 -1.000000e+00
    outer loop
      vertex   -3.307503e+00 3.214474e+01 4.060000e+02
      vertex   -1.348446e+01 2.687500e+01 4.060000e+02
      vertex   -1.376256e+01 2.723744e+01 4.060000e+02
    endloop
  endfacet
  facet normal 0.000000e+00 0.000000e+00 -1.000000e+00
    outer loop
      vertex   -3.307503e+00 3.214474e+01 4.060000e+02
      vertex   -1.376256e+01 2.723744e+01 4.060000e+02
      vertex   -1.412500e+01 2.751554e+01 4.060000e+02
    endloop
  endfacet
  facet normal -0.000000e+00 0.000000e+00 -1.000000e+00
    outer loop
      vertex   -3.307503e+00 3.214474e+01 4.060000e+02
      vertex   -1.412500e+01 2.751554e+01 4.060000e+02
      vertex   -3.031089e+00 3.275000e+01 4.060000e+02
    endloop
  endfacet
  facet normal 0.000000e+00 0.000000e+00 -1.000000e+00
    outer loop
      vertex   -3.031089e+00 3.275000e+01 4.060000e+02
      vertex   -1.412500e+01 2.751554e+01 4.060000e+02
      vertex   -1.454707e+01 2.769037e+01 4.060000e+02
    endloop
  endfacet
  facet normal -0.000000e+00 0.000000e+00 -1.000000e+00
    outer loop
      vertex   -3.031089e+00 3.275000e+01 4.060000e+02
      vertex   -1.454707e+01 2.769037e+01 4.060000e+02
      vertex   -2.645124e+00 3.329201e+01 4.060000e+02
    endloop
  endfacet
  facet normal 0.000000e+00 0.000000e+00 -1.000000e+00
    outer loop
      vertex   -2.645124e+00 3.329201e+01 4.060000e+02
      vertex   -1.454707e+01 2.769037e+01 4.060000e+02
      vertex   -1.500000e+01 2.775000e+01 4.060000e+02
    endloop
  endfacet
  facet normal -0.000000e+00 0.000000e+00 -1.000000e+00
    outer loop
      vertex   -2.645124e+00 3.329201e+01 4.060000e+02
      vertex   -1.500000e+01 2.775000e+01 4.060000e+02
      vertex   -1.915500e+01 9.853446e+01 4.060000e+02
    endloop
  endfacet
  facet normal 0.000000e+00 -0.000000e+00 -1.000000e+00
    outer loop
      vertex   -1.915500e+01 9.853446e+01 4.060000e+02
      vertex   -1.500000e+01 2.775000e+01 4.060000e+02
      vertex   -1.957707e+01 9.835963e+01 4.060000e+02
    endloop
  endfacet
  facet normal 0.000000e+00 0.000000e+00 -1.000000e+00
    outer loop
      vertex   -1.957707e+01 9.835963e+01 4.060000e+02
      vertex   -1.500000e+01 2.775000e+01 4.060000e+02
      vertex   -1.545293e+01 2.769037e+01 4.060000e+02
    endloop
  endfacet
  facet normal 0.000000e+00 -0.000000e+00 -1.000000e+00
    outer loop
      vertex   -1.957707e+01 9.835963e+01 4.060000e+02
      vertex   -1.545293e+01 2.769037e+01 4.060000e+02
      vertex   -2.003000e+01 9.830000e+01 4.060000e+02
    endloop
  endfacet
  facet normal 0.000000e+00 0.000000e+00 -1.000000e+00
    outer loop
      vertex   -2.003000e+01 9.830000e+01 4.060000e+02
      vertex   -1.545293e+01 2.769037e+01 4.060000e+02
      vertex   -1.587500e+01 2.751554e+01 4.060000e+02
    endloop
  endfacet
  facet normal -0.000000e+00 -0.000000e+00 -1.000000e+00
    outer loop
      vertex   -2.003000e+01 9.830000e+01 4.060000e+02
      vertex   -1.587500e+01 2.751554e+01 4.060000e+02
      vertex   -2.048293e+01 9.835963e+01 4.060000e+02
    endloop
  endfacet
  facet normal 0.000000e+00 0.000000e+00 -1.000000e+00
    outer loop
      vertex   -2.048293e+01 9.835963e+01 4.060000e+02
      vertex   -1.587500e+01 2.751554e+01 4.060000e+02
      vertex   -1.623744e+01 2.723744e+01 4.060000e+02
    endloop
  endfacet
  facet normal -0.000000e+00 -0.000000e+00 -1.000000e+00
    outer loop
      vertex   -2.048293e+01 9.835963e+01 4.060000e+02
      vertex   -1.623744e+01 2.723744e+01 4.060000e+02
      vertex   -2.090500e+01 9.853446e+01 4.060000e+02
    endloop
  endfacet
  facet normal 0.000000e+00 0.000000e+00 -1.000000e+00
    outer loop
      vertex   -2.090500e+01 9.853446e+01 4.060000e+02
      vertex   -1.623744e+01 2.723744e+01 4.060000e+02
      vertex   -1.651554e+01 2.687500e+01 4.060000e+02
    endloop
  endfacet
  facet normal 0.000000e+00 0.000000e+00 -1.000000e+00
    outer loop
      vertex   1.834963e+01 9.951707e+01 4.060000e+02
      vertex   -1.833963e+01 9.959707e+01 4.060000e+02
      vertex   1.829000e+01 9.997000e+01 4.060000e+02
    endloop
  endfacet
  facet normal -0.000000e+00 0.000000e+00 -1.000000e+00
    outer loop
      vertex   1.829000e+01 9.997000e+01 4.060000e+02
      vertex   -1.833963e+01 9.959707e+01 4.060000e+02
      vertex   -1.828000e+01 1.000500e+02 4.060000e+02
    endloop
  endfacet
  facet normal 0.000000e+00 0.000000e+00 -1.000000e+00
    outer loop
      vertex   1.829000e+01 9.997000e+01 4.060000e+02
      vertex   -1.828000e+01 1.000500e+02 4.060000e+02
      vertex   1.834963e+01 1.004229e+02 4.060000e+02
    endloop
  endfacet
  facet normal -0.000000e+00 0.000000e+00 -1.000000e+00
    outer loop
      vertex   1.834963e+01 1.004229e+02 4.060000e+02
      vertex   -1.828000e+01 1.000500e+02 4.060000e+02
      vertex   -1.833963e+01 1.005029e+02 4.060000e+02
    endloop
  endfacet
  facet normal 0.000000e+00 0.000000e+00 -1.000000e+00
    outer loop
      vertex   1.834963e+01 1.004229e+02 4.060000e+02
      vertex   -1.833963e+01 1.005029e+02 4.060000e+02
      vertex   1.852446e+01 1.008450e+02 4.060000e+02
    endloop
  endfacet
  facet normal -0.000000e+00 0.000000e+00 -1.000000e+00
    outer loop
      vertex   1.852446e+01 1.008450e+02 4.060000e+02
      vertex   -1.833963e+01 1.005029e+02 4.060000e+02
      vertex   -1.851446e+01 1.009250e+02 4.060000e+02
    endloop
  endfacet
  facet normal 0.000000e+00 0.000000e+00 -1.000000e+00
    outer loop
      vertex   1.852446e+01 1.008450e+02 4.060000e+02
      vertex   -1.851446e+01 1.009250e+02 4.060000e+02
      vertex   1.880256e+01 1.012074e+02 4.060000e+02
    endloop
  endfacet
  facet normal -0.000000e+00 0.000000e+00 -1.000000e+00
    outer loop
      vertex   1.880256e+01 1.012074e+02 4.060000e+02
      vertex   -1.851446e+01 1.009250e+02 4.060000e+02
      vertex   -1.879256e+01 1.012874e+02 4.060000e+02
    endloop
  endfacet
  facet normal 0.000000e+00 0.000000e+00 -1.000000e+00
    outer loop
      vertex   1.880256e+01 1.012074e+02 4.060000e+02
      vertex   -1.879256e+01 1.012874e+02 4.060000e+02
      vertex   1.916500e+01 1.014855e+02 4.060000e+02
    endloop
  endfacet
  facet normal -0.000000e+00 0.000000e+00 -1.000000e+00
    outer loop
      vertex   1.916500e+01 1.014855e+02 4.060000e+02
      vertex   -1.879256e+01 1.012874e+02 4.060000e+02
      vertex   -1.915500e+01 1.015655e+02 4.060000e+02
    endloop
  endfacet
  facet normal 0.000000e+00 0.000000e+00 -1.000000e+00
    outer loop
      vertex   1.916500e+01 1.014855e+02 4.060000e+02
      vertex   -1.915500e+01 1.015655e+02 4.060000e+02
      vertex   2.500000e+01 1.050000e+02 4.060000e+02
    endloop
  endfacet
  facet normal -0.000000e+00 0.000000e+00 -1.000000e+00
    outer loop
      vertex   2.500000e+01 1.050000e+02 4.060000e+02
      vertex   -1.915500e+01 1.015655e+02 4.060000e+02
      vertex   -2.500000e+01 1.050000e+02 4.060000e+02
    endloop
  endfacet
  facet normal 0.000000e+00 0.000000e+00 -1.000000e+00
    outer loop
      vertex   -2.500000e+01 1.050000e+02 4.060000e+02
      vertex   -1.915500e+01 1.015655e+02 4.060000e+02
      vertex   -1.957707e+01 1.017404e+02 4.060000e+02
    endloop
  endfacet
  facet normal 0.000000e+00 0.000000e+00 -1.000000e+00
    outer loop
      vertex   -2.500000e+01 1.050000e+02 4.060000e+02
      vertex   -1.957707e+01 1.017404e+02 4.060000e+02
      vertex   -2.003000e+01 1.018000e+02 4.060000e+02
    endloop
  endfacet
  facet normal -0.000000e+00 0.000000e+00 -1.000000e+00
    outer loop
      vertex   1.852446e+01 9.909500e+01 4.060000e+02
      vertex   3.326962e-01 3.448415e+01 4.060000e+02
      vertex   1.834963e+01 9.951707e+01 4.060000e+02
    endloop
  endfacet
  facet normal 0.000000e+00 0.000000e+00 -1.000000e+00
    outer loop
      vertex   1.834963e+01 9.951707e+01 4.060000e+02
      vertex   3.326962e-01 3.448415e+01 4.060000e+02
      vertex   -3.326962e-01 3.448415e+01 4.060000e+02
    endloop
  endfacet
  facet normal -0.000000e+00 0.000000e+00 -1.000000e+00
    outer loop
      vertex   1.834963e+01 9.951707e+01 4.060000e+02
      vertex   -3.326962e-01 3.448415e+01 4.060000e+02
      vertex   -1.833963e+01 9.959707e+01 4.060000e+02
    endloop
  endfacet
  facet normal 0.000000e+00 -0.000000e+00 -1.000000e+00
    outer loop
      vertex   -1.833963e+01 9.959707e+01 4.060000e+02
      vertex   -3.326962e-01 3.448415e+01 4.060000e+02
      vertex   -1.851446e+01 9.917500e+01 4.060000e+02
    endloop
  endfacet
  facet normal 0.000000e+00 0.000000e+00 -1.000000e+00
    outer loop
      vertex   -1.851446e+01 9.917500e+01 4.060000e+02
      vertex   -3.326962e-01 3.448415e+01 4.060000e+02
      vertex   -9.860639e-01 3.435823e+01 4.060000e+02
    endloop
  endfacet
  facet normal 0.000000e+00 0.000000e+00 -1.000000e+00
    outer loop
      vertex   -1.851446e+01 9.917500e+01 4.060000e+02
      vertex   -9.860639e-01 3.435823e+01 4.060000e+02
      vertex   -1.603793e+00 3.411092e+01 4.060000e+02
    endloop
  endfacet
  facet normal -0.000000e+00 0.000000e+00 -1.000000e+00
    outer loop
      vertex   1.880256e+01 9.873257e+01 4.060000e+02
      vertex   1.603793e+00 3.411092e+01 4.060000e+02
      vertex   1.852446e+01 9.909500e+01 4.060000e+02
    endloop
  endfacet
  facet normal 0.000000e+00 0.000000e+00 -1.000000e+00
    outer loop
      vertex   1.852446e+01 9.909500e+01 4.060000e+02
      vertex   1.603793e+00 3.411092e+01 4.060000e+02
      vertex   9.860639e-01 3.435823e+01 4.060000e+02
    endloop
  endfacet
  facet normal 0.000000e+00 0.000000e+00 -1.000000e+00
    outer loop
      vertex   1.852446e+01 9.909500e+01 4.060000e+02
      vertex   9.860639e-01 3.435823e+01 4.060000e+02
      vertex   3.326962e-01 3.448415e+01 4.060000e+02
    endloop
  endfacet
  facet normal 0.000000e+00 0.000000e+00 -1.000000e+00
    outer loop
      vertex   1.603793e+00 3.411092e+01 4.060000e+02
      vertex   1.880256e+01 9.873257e+01 4.060000e+02
      vertex   2.163556e+00 3.375119e+01 4.060000e+02
    endloop
  endfacet
  facet normal 0.000000e+00 0.000000e+00 -1.000000e+00
    outer loop
      vertex   2.163556e+00 3.375119e+01 4.060000e+02
      vertex   1.880256e+01 9.873257e+01 4.060000e+02
      vertex   1.916500e+01 9.845446e+01 4.060000e+02
    endloop
  endfacet
  facet normal 0.000000e+00 0.000000e+00 -1.000000e+00
    outer loop
      vertex   2.127744e+01 9.873257e+01 4.060000e+02
      vertex   2.155555e+01 9.909500e+01 4.060000e+02
      vertex   2.500000e+01 1.500000e+01 4.060000e+02
    endloop
  endfacet
  facet normal 0.000000e+00 0.000000e+00 -1.000000e+00
    outer loop
      vertex   2.500000e+01 1.500000e+01 4.060000e+02
      vertex   2.155555e+01 9.909500e+01 4.060000e+02
      vertex   2.500000e+01 1.050000e+02 4.060000e+02
    endloop
  endfacet
  facet normal 0.000000e+00 0.000000e+00 -1.000000e+00
    outer loop
      vertex   2.500000e+01 1.050000e+02 4.060000e+02
      vertex   2.155555e+01 9.909500e+01 4.060000e+02
      vertex   2.173037e+01 9.951707e+01 4.060000e+02
    endloop
  endfacet
  facet normal 0.000000e+00 0.000000e+00 -1.000000e+00
    outer loop
      vertex   2.500000e+01 1.050000e+02 4.060000e+02
      vertex   2.173037e+01 9.951707e+01 4.060000e+02
      vertex   2.179000e+01 9.997000e+01 4.060000e+02
    endloop
  endfacet
  facet normal 0.000000e+00 0.000000e+00 -1.000000e+00
    outer loop
      vertex   2.179000e+01 9.997000e+01 4.060000e+02
      vertex   2.173037e+01 1.004229e+02 4.060000e+02
      vertex   2.500000e+01 1.050000e+02 4.060000e+02
    endloop
  endfacet
  facet normal 0.000000e+00 0.000000e+00 -1.000000e+00
    outer loop
      vertex   2.500000e+01 1.050000e+02 4.060000e+02
      vertex   2.173037e+01 1.004229e+02 4.060000e+02
      vertex   2.155555e+01 1.008450e+02 4.060000e+02
    endloop
  endfacet
  facet normal 0.000000e+00 0.000000e+00 -1.000000e+00
    outer loop
      vertex   2.500000e+01 1.050000e+02 4.060000e+02
      vertex   2.155555e+01 1.008450e+02 4.060000e+02
      vertex   2.127744e+01 1.012074e+02 4.060000e+02
    endloop
  endfacet
  facet normal 0.000000e+00 0.000000e+00 -1.000000e+00
    outer loop
      vertex   2.127744e+01 1.012074e+02 4.060000e+02
      vertex   2.091500e+01 1.014855e+02 4.060000e+02
      vertex   2.500000e+01 1.050000e+02 4.060000e+02
    endloop
  endfacet
  facet normal 0.000000e+00 0.000000e+00 -1.000000e+00
    outer loop
      vertex   2.500000e+01 1.050000e+02 4.060000e+02
      vertex   2.091500e+01 1.014855e+02 4.060000e+02
      vertex   2.049293e+01 1.016604e+02 4.060000e+02
    endloop
  endfacet
  facet normal 0.000000e+00 0.000000e+00 -1.000000e+00
    outer loop
      vertex   2.500000e+01 1.050000e+02 4.060000e+02
      vertex   2.049293e+01 1.016604e+02 4.060000e+02
      vertex   2.004000e+01 1.017200e+02 4.060000e+02
    endloop
  endfacet
  facet normal -0.000000e+00 0.000000e+00 -1.000000e+00
    outer loop
      vertex   2.004000e+01 1.017200e+02 4.060000e+02
      vertex   1.958707e+01 1.016604e+02 4.060000e+02
      vertex   2.500000e+01 1.050000e+02 4.060000e+02
    endloop
  endfacet
  facet normal 0.000000e+00 0.000000e+00 -1.000000e+00
    outer loop
      vertex   2.500000e+01 1.050000e+02 4.060000e+02
      vertex   1.958707e+01 1.016604e+02 4.060000e+02
      vertex   1.916500e+01 1.014855e+02 4.060000e+02
    endloop
  endfacet
  facet normal -0.000000e+00 0.000000e+00 -1.000000e+00
    outer loop
      vertex   -2.172037e+01 1.005029e+02 4.060000e+02
      vertex   -2.178000e+01 1.000500e+02 4.060000e+02
      vertex   -2.500000e+01 1.050000e+02 4.060000e+02
    endloop
  endfacet
  facet normal 0.000000e+00 0.000000e+00 -1.000000e+00
    outer loop
      vertex   -2.500000e+01 1.050000e+02 4.060000e+02
      vertex   -2.178000e+01 1.000500e+02 4.060000e+02
      vertex   -2.172037e+01 9.959707e+01 4.060000e+02
    endloop
  endfacet
  facet normal 0.000000e+00 0.000000e+00 -1.000000e+00
    outer loop
      vertex   -2.500000e+01 1.050000e+02 4.060000e+02
      vertex   -2.172037e+01 9.959707e+01 4.060000e+02
      vertex   -2.154555e+01 9.917500e+01 4.060000e+02
    endloop
  endfacet
  facet normal 0.000000e+00 0.000000e+00 -1.000000e+00
    outer loop
      vertex   -2.500000e+01 1.050000e+02 4.060000e+02
      vertex   -2.154555e+01 9.917500e+01 4.060000e+02
      vertex   -2.500000e+01 1.500000e+01 4.060000e+02
    endloop
  endfacet
  facet normal 0.000000e+00 0.000000e+00 -1.000000e+00
    outer loop
      vertex   -2.500000e+01 1.500000e+01 4.060000e+02
      vertex   -2.154555e+01 9.917500e+01 4.060000e+02
      vertex   -2.126744e+01 9.881257e+01 4.060000e+02
    endloop
  endfacet
  facet normal 0.000000e+00 0.000000e+00 -1.000000e+00
    outer loop
      vertex   -2.645124e+00 3.329201e+01 4.060000e+02
      vertex   -1.915500e+01 9.853446e+01 4.060000e+02
      vertex   -2.163556e+00 3.375119e+01 4.060000e+02
    endloop
  endfacet
  facet normal 0.000000e+00 0.000000e+00 -1.000000e+00
    outer loop
      vertex   -2.163556e+00 3.375119e+01 4.060000e+02
      vertex   -1.915500e+01 9.853446e+01 4.060000e+02
      vertex   -1.879256e+01 9.881257e+01 4.060000e+02
    endloop
  endfacet
  facet normal 0.000000e+00 0.000000e+00 -1.000000e+00
    outer loop
      vertex   -2.163556e+00 3.375119e+01 4.060000e+02
      vertex   -1.879256e+01 9.881257e+01 4.060000e+02
      vertex   -1.603793e+00 3.411092e+01 4.060000e+02
    endloop
  endfacet
  facet normal 0.000000e+00 0.000000e+00 -1.000000e+00
    outer loop
      vertex   -1.603793e+00 3.411092e+01 4.060000e+02
      vertex   -1.879256e+01 9.881257e+01 4.060000e+02
      vertex   -1.851446e+01 9.917500e+01 4.060000e+02
    endloop
  endfacet
  facet normal -0.000000e+00 0.000000e+00 -1.000000e+00
    outer loop
      vertex   -2.003000e+01 1.018000e+02 4.060000e+02
      vertex   -2.048293e+01 1.017404e+02 4.060000e+02
      vertex   -2.500000e+01 1.050000e+02 4.060000e+02
    endloop
  endfacet
  facet normal 0.000000e+00 0.000000e+00 -1.000000e+00
    outer loop
      vertex   -2.500000e+01 1.050000e+02 4.060000e+02
      vertex   -2.048293e+01 1.017404e+02 4.060000e+02
      vertex   -2.090500e+01 1.015655e+02 4.060000e+02
    endloop
  endfacet
  facet normal 0.000000e+00 0.000000e+00 -1.000000e+00
    outer loop
      vertex   -2.500000e+01 1.050000e+02 4.060000e+02
      vertex   -2.090500e+01 1.015655e+02 4.060000e+02
      vertex   -2.126744e+01 1.012874e+02 4.060000e+02
    endloop
  endfacet
  facet normal -0.000000e+00 0.000000e+00 -1.000000e+00
    outer loop
      vertex   -2.126744e+01 1.012874e+02 4.060000e+02
      vertex   -2.154555e+01 1.009250e+02 4.060000e+02
      vertex   -2.500000e+01 1.050000e+02 4.060000e+02
    endloop
  endfacet
  facet normal 0.000000e+00 0.000000e+00 -1.000000e+00
    outer loop
      vertex   -2.500000e+01 1.050000e+02 4.060000e+02
      vertex   -2.154555e+01 1.009250e+02 4.060000e+02
      vertex   -2.172037e+01 1.005029e+02 4.060000e+02
    endloop
  endfacet
  facet normal -9.505604e-02 9.954719e-01 -4.021211e-18
    outer loop
      vertex   6.623794e-01 2.756325e+01 4.100000e+02
      vertex   2.143132e-16 2.750000e+01 4.060000e+02
      vertex   0.000000e+00 2.750000e+01 4.100000e+02
    endloop
  endfacet
  facet normal 9.505604e-02 9.954719e-01 5.092941e-18
    outer loop
      vertex   0.000000e+00 2.750000e+01 4.100000e+02
      vertex   2.143132e-16 2.750000e+01 4.060000e+02
      vertex   -6.623794e-01 2.756325e+01 4.060000e+02
    endloop
  endfacet
  facet normal 9.505604e-02 9.954719e-01 3.002937e-17
    outer loop
      vertex   0.000000e+00 2.750000e+01 4.100000e+02
      vertex   -6.623794e-01 2.756325e+01 4.060000e+02
      vertex   -6.623794e-01 2.756325e+01 4.100000e+02
    endloop
  endfacet
  facet normal 2.817326e-01 9.594930e-01 8.601614e-17
    outer loop
      vertex   -6.623794e-01 2.756325e+01 4.100000e+02
      vertex   -6.623794e-01 2.756325e+01 4.060000e+02
      vertex   -1.300819e+00 2.775071e+01 4.060000e+02
    endloop
  endfacet
  facet normal 2.817326e-01 9.594930e-01 1.260764e-16
    outer loop
      vertex   -6.623794e-01 2.756325e+01 4.100000e+02
      vertex   -1.300819e+00 2.775071e+01 4.060000e+02
      vertex   -1.300819e+00 2.775071e+01 4.100000e+02
    endloop
  endfacet
  facet normal 4.582265e-01 8.888354e-01 2.034935e-16
    outer loop
      vertex   -1.300819e+00 2.775071e+01 4.100000e+02
      vertex   -1.300819e+00 2.775071e+01 4.060000e+02
      vertex   -1.892243e+00 2.805561e+01 4.060000e+02
    endloop
  endfacet
  facet normal 4.582265e-01 8.888354e-01 2.331789e-16
    outer loop
      vertex   -1.300819e+00 2.775071e+01 4.100000e+02
      vertex   -1.892243e+00 2.805561e+01 4.060000e+02
      vertex   -1.892243e+00 2.805561e+01 4.100000e+02
    endloop
  endfacet
  facet normal 6.181590e-01 7.860531e-01 3.088325e-16
    outer loop
      vertex   -1.892243e+00 2.805561e+01 4.100000e+02
      vertex   -1.892243e+00 2.805561e+01 4.060000e+02
      vertex   -2.415277e+00 2.846693e+01 4.060000e+02
    endloop
  endfacet
  facet normal 6.181590e-01 7.860531e-01 -3.934245e-18
    outer loop
      vertex   -1.892243e+00 2.805561e+01 4.100000e+02
      vertex   -2.415277e+00 2.846693e+01 4.060000e+02
      vertex   -2.415277e+00 2.846693e+01 4.100000e+02
    endloop
  endfacet
  facet normal 7.557496e-01 6.548607e-01 0.000000e+00
    outer loop
      vertex   -2.415277e+00 2.846693e+01 4.100000e+02
      vertex   -2.415277e+00 2.846693e+01 4.060000e+02
      vertex   -2.851016e+00 2.896980e+01 4.060000e+02
    endloop
  endfacet
  facet normal 7.557496e-01 6.548607e-01 -4.952722e-16
    outer loop
      vertex   -2.415277e+00 2.846693e+01 4.100000e+02
      vertex   -2.851016e+00 2.896980e+01 4.060000e+02
      vertex   -2.851016e+00 2.896980e+01 4.100000e+02
    endloop
  endfacet
  facet normal 8.660254e-01 5.000000e-01 -3.479411e-16
    outer loop
      vertex   -2.851016e+00 2.896980e+01 4.100000e+02
      vertex   -2.851016e+00 2.896980e+01 4.060000e+02
      vertex   -3.183712e+00 2.954605e+01 4.060000e+02
    endloop
  endfacet
  facet normal 8.660254e-01 5.000000e-01 2.494230e-18
    outer loop
      vertex   -2.851016e+00 2.896980e+01 4.100000e+02
      vertex   -3.183712e+00 2.954605e+01 4.060000e+02
      vertex   -3.183712e+00 2.954605e+01 4.100000e+02
    endloop
  endfacet
  facet normal 9.450008e-01 3.270680e-01 0.000000e+00
    outer loop
      vertex   -3.183712e+00 2.954605e+01 4.100000e+02
      vertex   -3.183712e+00 2.954605e+01 4.060000e+02
      vertex   -3.401340e+00 3.017484e+01 4.060000e+02
    endloop
  endfacet
  facet normal 9.450008e-01 3.270680e-01 9.986272e-17
    outer loop
      vertex   -3.183712e+00 2.954605e+01 4.100000e+02
      vertex   -3.401340e+00 3.017484e+01 4.060000e+02
      vertex   -3.401340e+00 3.017484e+01 4.100000e+02
    endloop
  endfacet
  facet normal 9.898214e-01 1.423148e-01 1.098923e-16
    outer loop
      vertex   -3.401340e+00 3.017484e+01 4.100000e+02
      vertex   -3.401340e+00 3.017484e+01 4.060000e+02
      vertex   -3.496036e+00 3.083346e+01 4.060000e+02
    endloop
  endfacet
  facet normal 9.898214e-01 1.423148e-01 -4.587917e-20
    outer loop
      vertex   -3.401340e+00 3.017484e+01 4.100000e+02
      vertex   -3.496036e+00 3.083346e+01 4.060000e+02
      vertex   -3.496036e+00 3.083346e+01 4.100000e+02
    endloop
  endfacet
  facet normal 9.988673e-01 -4.758192e-02 0.000000e+00
    outer loop
      vertex   -3.496036e+00 3.083346e+01 4.100000e+02
      vertex   -3.496036e+00 3.083346e+01 4.060000e+02
      vertex   -3.464375e+00 3.149810e+01 4.060000e+02
    endloop
  endfacet
  facet normal 9.988673e-01 -4.758192e-02 -1.103564e-16
    outer loop
      vertex   -3.496036e+00 3.083346e+01 4.100000e+02
      vertex   -3.464375e+00 3.149810e+01 4.060000e+02
      vertex   -3.464375e+00 3.149810e+01 4.100000e+02
    endloop
  endfacet
  facet normal 9.718116e-01 -2.357589e-01 -1.078928e-16
    outer loop
      vertex   -3.464375e+00 3.149810e+01 4.100000e+02
      vertex   -3.464375e+00 3.149810e+01 4.060000e+02
      vertex   -3.307503e+00 3.214474e+01 4.060000e+02
    endloop
  endfacet
  facet normal 9.718116e-01 -2.357589e-01 -1.060890e-16
    outer loop
      vertex   -3.464375e+00 3.149810e+01 4.100000e+02
      vertex   -3.307503e+00 3.214474e+01 4.060000e+02
      vertex   -3.307503e+00 3.214474e+01 4.100000e+02
    endloop
  endfacet
  facet normal 9.096320e-01 -4.154150e-01 -1.009894e-16
    outer loop
      vertex   -3.307503e+00 3.214474e+01 4.100000e+02
      vertex   -3.307503e+00 3.214474e+01 4.060000e+02
      vertex   -3.031089e+00 3.275000e+01 4.060000e+02
    endloop
  endfacet
  facet normal 9.096320e-01 -4.154150e-01 -1.985660e-16
    outer loop
      vertex   -3.307503e+00 3.214474e+01 4.100000e+02
      vertex   -3.031089e+00 3.275000e+01 4.060000e+02
      vertex   -3.031089e+00 3.275000e+01 4.100000e+02
    endloop
  endfacet
  facet normal 8.145760e-01 -5.800569e-01 -1.808722e-16
    outer loop
      vertex   -3.031089e+00 3.275000e+01 4.100000e+02
      vertex   -3.031089e+00 3.275000e+01 4.060000e+02
      vertex   -2.645124e+00 3.329201e+01 4.060000e+02
    endloop
  endfacet
  facet normal 8.145760e-01 -5.800569e-01 -1.767162e-16
    outer loop
      vertex   -3.031089e+00 3.275000e+01 4.100000e+02
      vertex   -2.645124e+00 3.329201e+01 4.060000e+02
      vertex   -2.645124e+00 3.329201e+01 4.100000e+02
    endloop
  endfacet
  facet normal 6.900790e-01 -7.237340e-01 -1.532283e-16
    outer loop
      vertex   -2.645124e+00 3.329201e+01 4.100000e+02
      vertex   -2.645124e+00 3.329201e+01 4.060000e+02
      vertex   -2.163556e+00 3.375119e+01 4.060000e+02
    endloop
  endfacet
  facet normal 6.900790e-01 -7.237340e-01 -2.277052e-16
    outer loop
      vertex   -2.645124e+00 3.329201e+01 4.100000e+02
      vertex   -2.163556e+00 3.375119e+01 4.060000e+02
      vertex   -2.163556e+00 3.375119e+01 4.100000e+02
    endloop
  endfacet
  facet normal 5.406408e-01 -8.412535e-01 -1.800696e-16
    outer loop
      vertex   -2.163556e+00 3.375119e+01 4.100000e+02
      vertex   -2.163556e+00 3.375119e+01 4.060000e+02
      vertex   -1.603793e+00 3.411092e+01 4.060000e+02
    endloop
  endfacet
  facet normal 5.406408e-01 -8.412535e-01 -9.467917e-17
    outer loop
      vertex   -2.163556e+00 3.375119e+01 4.100000e+02
      vertex   -1.603793e+00 3.411092e+01 4.060000e+02
      vertex   -1.603793e+00 3.411092e+01 4.100000e+02
    endloop
  endfacet
  facet normal 3.716625e-01 -9.283679e-01 -6.189423e-17
    outer loop
      vertex   -1.603793e+00 3.411092e+01 4.100000e+02
      vertex   -1.603793e+00 3.411092e+01 4.060000e+02
      vertex   -9.860639e-01 3.435823e+01 4.060000e+02
    endloop
  endfacet
  facet normal 3.716625e-01 -9.283679e-01 -1.790340e-16
    outer loop
      vertex   -1.603793e+00 3.411092e+01 4.100000e+02
      vertex   -9.860639e-01 3.435823e+01 4.060000e+02
      vertex   -9.860639e-01 3.435823e+01 4.100000e+02
    endloop
  endfacet
  facet normal 1.892512e-01 -9.819287e-01 -8.929721e-17
    outer loop
      vertex   -9.860639e-01 3.435823e+01 4.100000e+02
      vertex   -9.860639e-01 3.435823e+01 4.060000e+02
      vertex   -3.326962e-01 3.448415e+01 4.060000e+02
    endloop
  endfacet
  facet normal 1.892512e-01 -9.819287e-01 -2.192859e-17
    outer loop
      vertex   -9.860639e-01 3.435823e+01 4.100000e+02
      vertex   -3.326962e-01 3.448415e+01 4.060000e+02
      vertex   -3.326962e-01 3.448415e+01 4.100000e+02
    endloop
  endfacet
  facet normal 0.000000e+00 -1.000000e+00 -0.000000e+00
    outer loop
      vertex   -3.326962e-01 3.448415e+01 4.100000e+02
      vertex   -3.326962e-01 3.448415e+01 4.060000e+02
      vertex   3.326962e-01 3.448415e+01 4.060000e+02
    endloop
  endfacet
  facet normal 0.000000e+00 -1.000000e+00 0.000000e+00
    outer loop
      vertex   -3.326962e-01 3.448415e+01 4.100000e+02
      vertex   3.326962e-01 3.448415e+01 4.060000e+02
      vertex   3.326962e-01 3.448415e+01 4.100000e+02
    endloop
  endfacet
  facet normal -1.892512e-01 -9.819287e-01 2.101111e-17
    outer loop
      vertex   3.326962e-01 3.448415e+01 4.100000e+02
      vertex   3.326962e-01 3.448415e+01 4.060000e+02
      vertex   9.860639e-01 3.435823e+01 4.060000e+02
    endloop
  endfacet
  facet normal -1.892512e-01 -9.819287e-01 8.449824e-17
    outer loop
      vertex   3.326962e-01 3.448415e+01 4.100000e+02
      vertex   9.860639e-01 3.435823e+01 4.060000e+02
      vertex   9.860639e-01 3.435823e+01 4.100000e+02
    endloop
  endfacet
  facet normal -3.716625e-01 -9.283679e-01 1.753670e-16
    outer loop
      vertex   9.860639e-01 3.435823e+01 4.100000e+02
      vertex   9.860639e-01 3.435823e+01 4.060000e+02
      vertex   1.603793e+00 3.411092e+01 4.060000e+02
    endloop
  endfacet
  facet normal -3.716625e-01 -9.283679e-01 6.432301e-17
    outer loop
      vertex   9.860639e-01 3.435823e+01 4.100000e+02
      vertex   1.603793e+00 3.411092e+01 4.060000e+02
      vertex   1.603793e+00 3.411092e+01 4.100000e+02
    endloop
  endfacet
  facet normal -5.406408e-01 -8.412535e-01 9.003478e-17
    outer loop
      vertex   1.603793e+00 3.411092e+01 4.100000e+02
      vertex   1.603793e+00 3.411092e+01 4.060000e+02
      vertex   2.163556e+00 3.375119e+01 4.060000e+02
    endloop
  endfacet
  facet normal -5.406408e-01 -8.412535e-01 1.781054e-16
    outer loop
      vertex   1.603793e+00 3.411092e+01 4.100000e+02
      vertex   2.163556e+00 3.375119e+01 4.060000e+02
      vertex   2.163556e+00 3.375119e+01 4.100000e+02
    endloop
  endfacet
  facet normal -6.900790e-01 -7.237340e-01 2.298425e-16
    outer loop
      vertex   2.163556e+00 3.375119e+01 4.100000e+02
      vertex   2.163556e+00 3.375119e+01 4.060000e+02
      vertex   2.645124e+00 3.329201e+01 4.060000e+02
    endloop
  endfacet
  facet normal -6.900790e-01 -7.237340e-01 1.547072e-16
    outer loop
      vertex   2.163556e+00 3.375119e+01 4.100000e+02
      vertex   2.645124e+00 3.329201e+01 4.060000e+02
      vertex   2.645124e+00 3.329201e+01 4.100000e+02
    endloop
  endfacet
  facet normal -8.145760e-01 -5.800569e-01 1.808722e-16
    outer loop
      vertex   2.645124e+00 3.329201e+01 4.100000e+02
      vertex   2.645124e+00 3.329201e+01 4.060000e+02
      vertex   3.031089e+00 3.275000e+01 4.060000e+02
    endloop
  endfacet
  facet normal -8.145760e-01 -5.800569e-01 1.767162e-16
    outer loop
      vertex   2.645124e+00 3.329201e+01 4.100000e+02
      vertex   3.031089e+00 3.275000e+01 4.060000e+02
      vertex   3.031089e+00 3.275000e+01 4.100000e+02
    endloop
  endfacet
  facet normal -9.096320e-01 -4.154150e-01 2.019789e-16
    outer loop
      vertex   3.031089e+00 3.275000e+01 4.100000e+02
      vertex   3.031089e+00 3.275000e+01 4.060000e+02
      vertex   3.307503e+00 3.214474e+01 4.060000e+02
    endloop
  endfacet
  facet normal -9.096320e-01 -4.154150e-01 1.047115e-16
    outer loop
      vertex   3.031089e+00 3.275000e+01 4.100000e+02
      vertex   3.307503e+00 3.214474e+01 4.060000e+02
      vertex   3.307503e+00 3.214474e+01 4.100000e+02
    endloop
  endfacet
  facet normal -9.718116e-01 -2.357589e-01 1.078928e-16
    outer loop
      vertex   3.307503e+00 3.214474e+01 4.100000e+02
      vertex   3.307503e+00 3.214474e+01 4.060000e+02
      vertex   3.464375e+00 3.149810e+01 4.060000e+02
    endloop
  endfacet
  facet normal -9.718116e-01 -2.357589e-01 1.060890e-16
    outer loop
      vertex   3.307503e+00 3.214474e+01 4.100000e+02
      vertex   3.464375e+00 3.149810e+01 4.060000e+02
      vertex   3.464375e+00 3.149810e+01 4.100000e+02
    endloop
  endfacet
  facet normal -9.988673e-01 -4.758192e-02 1.108966e-16
    outer loop
      vertex   3.464375e+00 3.149810e+01 4.100000e+02
      vertex   3.464375e+00 3.149810e+01 4.060000e+02
      vertex   3.496036e+00 3.083346e+01 4.060000e+02
    endloop
  endfacet
  facet normal -9.988673e-01 -4.758192e-02 -4.440280e-19
    outer loop
      vertex   3.464375e+00 3.149810e+01 4.100000e+02
      vertex   3.496036e+00 3.083346e+01 4.060000e+02
      vertex   3.496036e+00 3.083346e+01 4.100000e+02
    endloop
  endfacet
  facet normal -9.898214e-01 1.423148e-01 0.000000e+00
    outer loop
      vertex   3.496036e+00 3.083346e+01 4.100000e+02
      vertex   3.496036e+00 3.083346e+01 4.060000e+02
      vertex   3.401340e+00 3.017484e+01 4.060000e+02
    endloop
  endfacet
  facet normal -9.898214e-01 1.423148e-01 -1.094510e-16
    outer loop
      vertex   3.496036e+00 3.083346e+01 4.100000e+02
      vertex   3.401340e+00 3.017484e+01 4.060000e+02
      vertex   3.401340e+00 3.017484e+01 4.100000e+02
    endloop
  endfacet
  facet normal -9.450008e-01 3.270680e-01 -1.049162e-16
    outer loop
      vertex   3.401340e+00 3.017484e+01 4.100000e+02
      vertex   3.401340e+00 3.017484e+01 4.060000e+02
      vertex   3.183712e+00 2.954605e+01 4.060000e+02
    endloop
  endfacet
  facet normal -9.450008e-01 3.270680e-01 4.420026e-18
    outer loop
      vertex   3.401340e+00 3.017484e+01 4.100000e+02
      vertex   3.183712e+00 2.954605e+01 4.060000e+02
      vertex   3.183712e+00 2.954605e+01 4.100000e+02
    endloop
  endfacet
  facet normal -8.660254e-01 5.000000e-01 0.000000e+00
    outer loop
      vertex   3.183712e+00 2.954605e+01 4.100000e+02
      vertex   3.183712e+00 2.954605e+01 4.060000e+02
      vertex   2.851016e+00 2.896980e+01 4.060000e+02
    endloop
  endfacet
  facet normal -8.660254e-01 5.000000e-01 3.477405e-16
    outer loop
      vertex   3.183712e+00 2.954605e+01 4.100000e+02
      vertex   2.851016e+00 2.896980e+01 4.060000e+02
      vertex   2.851016e+00 2.896980e+01 4.100000e+02
    endloop
  endfacet
  facet normal -7.557496e-01 6.548607e-01 4.977281e-16
    outer loop
      vertex   2.851016e+00 2.896980e+01 4.100000e+02
      vertex   2.851016e+00 2.896980e+01 4.060000e+02
      vertex   2.415277e+00 2.846693e+01 4.060000e+02
    endloop
  endfacet
  facet normal -7.557496e-01 6.548607e-01 -2.934769e-18
    outer loop
      vertex   2.851016e+00 2.896980e+01 4.100000e+02
      vertex   2.415277e+00 2.846693e+01 4.060000e+02
      vertex   2.415277e+00 2.846693e+01 4.100000e+02
    endloop
  endfacet
  facet normal -6.181590e-01 7.860531e-01 0.000000e+00
    outer loop
      vertex   2.415277e+00 2.846693e+01 4.100000e+02
      vertex   2.415277e+00 2.846693e+01 4.060000e+02
      vertex   1.892243e+00 2.805561e+01 4.060000e+02
    endloop
  endfacet
  facet normal -6.181590e-01 7.860531e-01 -3.089140e-16
    outer loop
      vertex   2.415277e+00 2.846693e+01 4.100000e+02
      vertex   1.892243e+00 2.805561e+01 4.060000e+02
      vertex   1.892243e+00 2.805561e+01 4.100000e+02
    endloop
  endfacet
  facet normal -4.582265e-01 8.888354e-01 -2.289301e-16
    outer loop
      vertex   1.892243e+00 2.805561e+01 4.100000e+02
      vertex   1.892243e+00 2.805561e+01 4.060000e+02
      vertex   1.300819e+00 2.775071e+01 4.060000e+02
    endloop
  endfacet
  facet normal -4.582265e-01 8.888354e-01 -2.018941e-16
    outer loop
      vertex   1.892243e+00 2.805561e+01 4.100000e+02
      vertex   1.300819e+00 2.775071e+01 4.060000e+02
      vertex   1.300819e+00 2.775071e+01 4.100000e+02
    endloop
  endfacet
  facet normal -2.817326e-01 9.594930e-01 -1.251144e-16
    outer loop
      vertex   1.300819e+00 2.775071e+01 4.100000e+02
      vertex   1.300819e+00 2.775071e+01 4.060000e+02
      vertex   6.623794e-01 2.756325e+01 4.060000e+02
    endloop
  endfacet
  facet normal -2.817326e-01 9.594930e-01 -8.436326e-17
    outer loop
      vertex   1.300819e+00 2.775071e+01 4.100000e+02
      vertex   6.623794e-01 2.756325e+01 4.060000e+02
      vertex   6.623794e-01 2.756325e+01 4.100000e+02
    endloop
  endfacet
  facet normal -9.505604e-02 9.954719e-01 -2.902169e-17
    outer loop
      vertex   6.623794e-01 2.756325e+01 4.100000e+02
      vertex   6.623794e-01 2.756325e+01 4.060000e+02
      vertex   2.143132e-16 2.750000e+01 4.060000e+02
    endloop
  endfacet
  facet normal 0.000000e+00 -1.000000e+00 0.000000e+00
    outer loop
      vertex   -2.500000e+01 1.500000e+01 4.060000e+02
      vertex   2.500000e+01 1.500000e+01 4.060000e+02
      vertex   -2.500000e+01 1.500000e+01 4.250000e+02
    endloop
  endfacet
  facet normal 0.000000e+00 -1.000000e+00 0.000000e+00
    outer loop
      vertex   -2.500000e+01 1.500000e+01 4.250000e+02
      vertex   2.500000e+01 1.500000e+01 4.060000e+02
      vertex   2.500000e+01 1.500000e+01 4.250000e+02
    endloop
  endfacet
endsolid
