solid ASCII
  facet normal 0.000000e+00 0.000000e+00 -1.000000e+00
    outer loop
      vertex   -1.236932e+01 2.200000e+01 3.960000e+02
      vertex   -1.094178e+01 2.200000e+01 3.960000e+02
      vertex   -1.206893e+01 2.116876e+01 3.960000e+02
    endloop
  endfacet
  facet normal 0.000000e+00 0.000000e+00 -1.000000e+00
    outer loop
      vertex   -1.206893e+01 2.116876e+01 3.960000e+02
      vertex   -1.094178e+01 2.200000e+01 3.960000e+02
      vertex   -1.065604e+01 2.129136e+01 3.960000e+02
    endloop
  endfacet
  facet normal 0.000000e+00 0.000000e+00 -1.000000e+00
    outer loop
      vertex   -1.206893e+01 2.116876e+01 3.960000e+02
      vertex   -1.065604e+01 2.129136e+01 3.960000e+02
      vertex   -1.032447e+01 2.060298e+01 3.960000e+02
    endloop
  endfacet
  facet normal 0.000000e+00 0.000000e+00 -1.000000e+00
    outer loop
      vertex   -1.206893e+01 2.116876e+01 3.960000e+02
      vertex   -1.032447e+01 2.060298e+01 3.960000e+02
      vertex   -1.171276e+01 2.035985e+01 3.960000e+02
    endloop
  endfacet
  facet normal 0.000000e+00 0.000000e+00 -1.000000e+00
    outer loop
      vertex   -1.171276e+01 2.035985e+01 3.960000e+02
      vertex   -1.032447e+01 2.060298e+01 3.960000e+02
      vertex   -9.948485e+00 1.993781e+01 3.960000e+02
    endloop
  endfacet
  facet normal 0.000000e+00 0.000000e+00 -1.000000e+00
    outer loop
      vertex   -1.171276e+01 2.035985e+01 3.960000e+02
      vertex   -9.948485e+00 1.993781e+01 3.960000e+02
      vertex   -1.130244e+01 1.957701e+01 3.960000e+02
    endloop
  endfacet
  facet normal 0.000000e+00 0.000000e+00 -1.000000e+00
    outer loop
      vertex   -1.130244e+01 1.957701e+01 3.960000e+02
      vertex   -9.948485e+00 1.993781e+01 3.960000e+02
      vertex   -9.529708e+00 1.929872e+01 3.960000e+02
    endloop
  endfacet
  facet normal 0.000000e+00 0.000000e+00 -1.000000e+00
    outer loop
      vertex   -1.130244e+01 1.957701e+01 3.960000e+02
      vertex   -9.529708e+00 1.929872e+01 3.960000e+02
      vertex   -1.083989e+01 1.882387e+01 3.960000e+02
    endloop
  endfacet
  facet normal 0.000000e+00 0.000000e+00 -1.000000e+00
    outer loop
      vertex   -1.083989e+01 1.882387e+01 3.960000e+02
      vertex   -9.529708e+00 1.929872e+01 3.960000e+02
      vertex   -1.032722e+01 1.810389e+01 3.960000e+02
    endloop
  endfacet
  facet normal 0.000000e+00 0.000000e+00 -1.000000e+00
    outer loop
      vertex   -1.032722e+01 1.810389e+01 3.960000e+02
      vertex   -9.529708e+00 1.929872e+01 3.960000e+02
      vertex   -5.303301e+00 1.786827e+01 3.960000e+02
    endloop
  endfacet
  facet normal 0.000000e+00 0.000000e+00 -1.000000e+00
    outer loop
      vertex   -1.032722e+01 1.810389e+01 3.960000e+02
      vertex   -5.303301e+00 1.786827e+01 3.960000e+02
      vertex   -9.766817e+00 1.742041e+01 3.960000e+02
    endloop
  endfacet
  facet normal 0.000000e+00 0.000000e+00 -1.000000e+00
    outer loop
      vertex   -9.766817e+00 1.742041e+01 3.960000e+02
      vertex   -5.303301e+00 1.786827e+01 3.960000e+02
      vertex   -9.161268e+00 1.677660e+01 3.960000e+02
    endloop
  endfacet
  facet normal 0.000000e+00 0.000000e+00 -1.000000e+00
    outer loop
      vertex   -9.161268e+00 1.677660e+01 3.960000e+02
      vertex   -5.303301e+00 1.786827e+01 3.960000e+02
      vertex   -6.701281e+00 1.647029e+01 3.960000e+02
    endloop
  endfacet
  facet normal 0.000000e+00 0.000000e+00 -1.000000e+00
    outer loop
      vertex   -9.161268e+00 1.677660e+01 3.960000e+02
      vertex   -6.701281e+00 1.647029e+01 3.960000e+02
      vertex   -8.513371e+00 1.617541e+01 3.960000e+02
    endloop
  endfacet
  facet normal 0.000000e+00 0.000000e+00 -1.000000e+00
    outer loop
      vertex   -8.513371e+00 1.617541e+01 3.960000e+02
      vertex   -6.701281e+00 1.647029e+01 3.960000e+02
      vertex   -7.826122e+00 1.561964e+01 3.960000e+02
    endloop
  endfacet
  facet normal 0.000000e+00 0.000000e+00 -1.000000e+00
    outer loop
      vertex   -7.826122e+00 1.561964e+01 3.960000e+02
      vertex   -6.701281e+00 1.647029e+01 3.960000e+02
      vertex   -5.997350e+00 1.601229e+01 3.960000e+02
    endloop
  endfacet
  facet normal 0.000000e+00 0.000000e+00 -1.000000e+00
    outer loop
      vertex   -7.826122e+00 1.561964e+01 3.960000e+02
      vertex   -5.997350e+00 1.601229e+01 3.960000e+02
      vertex   -5.262255e+00 1.560620e+01 3.960000e+02
    endloop
  endfacet
  facet normal 0.000000e+00 0.000000e+00 -1.000000e+00
    outer loop
      vertex   -9.529708e+00 1.929872e+01 3.960000e+02
      vertex   -8.131728e+00 2.069670e+01 3.960000e+02
      vertex   -5.303301e+00 1.786827e+01 3.960000e+02
    endloop
  endfacet
  facet normal 0.000000e+00 0.000000e+00 -1.000000e+00
    outer loop
      vertex   -7.826122e+00 1.561964e+01 3.960000e+02
      vertex   -5.262255e+00 1.560620e+01 3.960000e+02
      vertex   -7.102697e+00 1.511186e+01 3.960000e+02
    endloop
  endfacet
  facet normal 0.000000e+00 0.000000e+00 -1.000000e+00
    outer loop
      vertex   -7.102697e+00 1.511186e+01 3.960000e+02
      vertex   -5.262255e+00 1.560620e+01 3.960000e+02
      vertex   -4.499814e+00 1.525411e+01 3.960000e+02
    endloop
  endfacet
  facet normal 0.000000e+00 0.000000e+00 -1.000000e+00
    outer loop
      vertex   -7.102697e+00 1.511186e+01 3.960000e+02
      vertex   -4.499814e+00 1.525411e+01 3.960000e+02
      vertex   -6.346441e+00 1.465440e+01 3.960000e+02
    endloop
  endfacet
  facet normal 0.000000e+00 0.000000e+00 -1.000000e+00
    outer loop
      vertex   -6.346441e+00 1.465440e+01 3.960000e+02
      vertex   -4.499814e+00 1.525411e+01 3.960000e+02
      vertex   -3.713990e+00 1.495786e+01 3.960000e+02
    endloop
  endfacet
  facet normal 0.000000e+00 0.000000e+00 -1.000000e+00
    outer loop
      vertex   -6.346441e+00 1.465440e+01 3.960000e+02
      vertex   -3.713990e+00 1.495786e+01 3.960000e+02
      vertex   -5.560848e+00 1.424938e+01 3.960000e+02
    endloop
  endfacet
  facet normal 0.000000e+00 0.000000e+00 -1.000000e+00
    outer loop
      vertex   -5.560848e+00 1.424938e+01 3.960000e+02
      vertex   -3.713990e+00 1.495786e+01 3.960000e+02
      vertex   -2.908866e+00 1.471900e+01 3.960000e+02
    endloop
  endfacet
  facet normal 0.000000e+00 0.000000e+00 -1.000000e+00
    outer loop
      vertex   -5.560848e+00 1.424938e+01 3.960000e+02
      vertex   -2.908866e+00 1.471900e+01 3.960000e+02
      vertex   -4.749551e+00 1.389869e+01 3.960000e+02
    endloop
  endfacet
  facet normal 0.000000e+00 0.000000e+00 -1.000000e+00
    outer loop
      vertex   -4.749551e+00 1.389869e+01 3.960000e+02
      vertex   -2.908866e+00 1.471900e+01 3.960000e+02
      vertex   -3.916299e+00 1.360393e+01 3.960000e+02
    endloop
  endfacet
  facet normal 0.000000e+00 0.000000e+00 -1.000000e+00
    outer loop
      vertex   -3.916299e+00 1.360393e+01 3.960000e+02
      vertex   -2.908866e+00 1.471900e+01 3.960000e+02
      vertex   -2.088626e+00 1.453876e+01 3.960000e+02
    endloop
  endfacet
  facet normal 0.000000e+00 0.000000e+00 -1.000000e+00
    outer loop
      vertex   -3.916299e+00 1.360393e+01 3.960000e+02
      vertex   -2.088626e+00 1.453876e+01 3.960000e+02
      vertex   -3.064944e+00 1.336647e+01 3.960000e+02
    endloop
  endfacet
  facet normal 0.000000e+00 0.000000e+00 -1.000000e+00
    outer loop
      vertex   -3.064944e+00 1.336647e+01 3.960000e+02
      vertex   -2.088626e+00 1.453876e+01 3.960000e+02
      vertex   -1.257533e+00 1.441807e+01 3.960000e+02
    endloop
  endfacet
  facet normal 0.000000e+00 0.000000e+00 -1.000000e+00
    outer loop
      vertex   -3.064944e+00 1.336647e+01 3.960000e+02
      vertex   -1.257533e+00 1.441807e+01 3.960000e+02
      vertex   -2.199422e+00 1.318741e+01 3.960000e+02
    endloop
  endfacet
  facet normal 0.000000e+00 0.000000e+00 -1.000000e+00
    outer loop
      vertex   -2.199422e+00 1.318741e+01 3.960000e+02
      vertex   -1.257533e+00 1.441807e+01 3.960000e+02
      vertex   -4.199050e-01 1.435757e+01 3.960000e+02
    endloop
  endfacet
  facet normal 0.000000e+00 0.000000e+00 -1.000000e+00
    outer loop
      vertex   -2.199422e+00 1.318741e+01 3.960000e+02
      vertex   -4.199050e-01 1.435757e+01 3.960000e+02
      vertex   -1.323733e+00 1.306757e+01 3.960000e+02
    endloop
  endfacet
  facet normal 0.000000e+00 0.000000e+00 -1.000000e+00
    outer loop
      vertex   -1.323733e+00 1.306757e+01 3.960000e+02
      vertex   -4.199050e-01 1.435757e+01 3.960000e+02
      vertex   -4.419253e-01 1.300751e+01 3.960000e+02
    endloop
  endfacet
  facet normal 0.000000e+00 0.000000e+00 -1.000000e+00
    outer loop
      vertex   -4.419253e-01 1.300751e+01 3.960000e+02
      vertex   -4.199050e-01 1.435757e+01 3.960000e+02
      vertex   4.199050e-01 1.435757e+01 3.960000e+02
    endloop
  endfacet
  facet normal 0.000000e+00 0.000000e+00 -1.000000e+00
    outer loop
      vertex   -4.419253e-01 1.300751e+01 3.960000e+02
      vertex   4.199050e-01 1.435757e+01 3.960000e+02
      vertex   4.419253e-01 1.300751e+01 3.960000e+02
    endloop
  endfacet
  facet normal 0.000000e+00 0.000000e+00 -1.000000e+00
    outer loop
      vertex   4.419253e-01 1.300751e+01 3.960000e+02
      vertex   4.199050e-01 1.435757e+01 3.960000e+02
      vertex   1.323733e+00 1.306757e+01 3.960000e+02
    endloop
  endfacet
  facet normal 0.000000e+00 0.000000e+00 -1.000000e+00
    outer loop
      vertex   1.323733e+00 1.306757e+01 3.960000e+02
      vertex   4.199050e-01 1.435757e+01 3.960000e+02
      vertex   2.199422e+00 1.318741e+01 3.960000e+02
    endloop
  endfacet
  facet normal 0.000000e+00 0.000000e+00 -1.000000e+00
    outer loop
      vertex   2.199422e+00 1.318741e+01 3.960000e+02
      vertex   4.199050e-01 1.435757e+01 3.960000e+02
      vertex   1.257533e+00 1.441807e+01 3.960000e+02
    endloop
  endfacet
  facet normal 0.000000e+00 0.000000e+00 -1.000000e+00
    outer loop
      vertex   2.199422e+00 1.318741e+01 3.960000e+02
      vertex   1.257533e+00 1.441807e+01 3.960000e+02
      vertex   3.064944e+00 1.336647e+01 3.960000e+02
    endloop
  endfacet
  facet normal 0.000000e+00 0.000000e+00 -1.000000e+00
    outer loop
      vertex   3.064944e+00 1.336647e+01 3.960000e+02
      vertex   1.257533e+00 1.441807e+01 3.960000e+02
      vertex   2.088626e+00 1.453876e+01 3.960000e+02
    endloop
  endfacet
  facet normal 0.000000e+00 0.000000e+00 -1.000000e+00
    outer loop
      vertex   3.064944e+00 1.336647e+01 3.960000e+02
      vertex   2.088626e+00 1.453876e+01 3.960000e+02
      vertex   3.916299e+00 1.360393e+01 3.960000e+02
    endloop
  endfacet
  facet normal 0.000000e+00 0.000000e+00 -1.000000e+00
    outer loop
      vertex   3.916299e+00 1.360393e+01 3.960000e+02
      vertex   2.088626e+00 1.453876e+01 3.960000e+02
      vertex   2.908866e+00 1.471900e+01 3.960000e+02
    endloop
  endfacet
  facet normal 0.000000e+00 0.000000e+00 -1.000000e+00
    outer loop
      vertex   3.916299e+00 1.360393e+01 3.960000e+02
      vertex   2.908866e+00 1.471900e+01 3.960000e+02
      vertex   4.749551e+00 1.389869e+01 3.960000e+02
    endloop
  endfacet
  facet normal 0.000000e+00 0.000000e+00 -1.000000e+00
    outer loop
      vertex   4.749551e+00 1.389869e+01 3.960000e+02
      vertex   2.908866e+00 1.471900e+01 3.960000e+02
      vertex   5.560848e+00 1.424938e+01 3.960000e+02
    endloop
  endfacet
  facet normal 0.000000e+00 0.000000e+00 -1.000000e+00
    outer loop
      vertex   5.560848e+00 1.424938e+01 3.960000e+02
      vertex   2.908866e+00 1.471900e+01 3.960000e+02
      vertex   3.713990e+00 1.495786e+01 3.960000e+02
    endloop
  endfacet
  facet normal 0.000000e+00 0.000000e+00 -1.000000e+00
    outer loop
      vertex   5.560848e+00 1.424938e+01 3.960000e+02
      vertex   3.713990e+00 1.495786e+01 3.960000e+02
      vertex   6.346441e+00 1.465440e+01 3.960000e+02
    endloop
  endfacet
  facet normal 0.000000e+00 0.000000e+00 -1.000000e+00
    outer loop
      vertex   6.346441e+00 1.465440e+01 3.960000e+02
      vertex   3.713990e+00 1.495786e+01 3.960000e+02
      vertex   4.499814e+00 1.525411e+01 3.960000e+02
    endloop
  endfacet
  facet normal 0.000000e+00 0.000000e+00 -1.000000e+00
    outer loop
      vertex   6.346441e+00 1.465440e+01 3.960000e+02
      vertex   4.499814e+00 1.525411e+01 3.960000e+02
      vertex   7.102697e+00 1.511186e+01 3.960000e+02
    endloop
  endfacet
  facet normal 0.000000e+00 0.000000e+00 -1.000000e+00
    outer loop
      vertex   7.102697e+00 1.511186e+01 3.960000e+02
      vertex   4.499814e+00 1.525411e+01 3.960000e+02
      vertex   5.262255e+00 1.560620e+01 3.960000e+02
    endloop
  endfacet
  facet normal 0.000000e+00 0.000000e+00 -1.000000e+00
    outer loop
      vertex   7.102697e+00 1.511186e+01 3.960000e+02
      vertex   5.262255e+00 1.560620e+01 3.960000e+02
      vertex   7.826122e+00 1.561964e+01 3.960000e+02
    endloop
  endfacet
  facet normal -0.000000e+00 0.000000e+00 -1.000000e+00
    outer loop
      vertex   7.826122e+00 1.561964e+01 3.960000e+02
      vertex   5.262255e+00 1.560620e+01 3.960000e+02
      vertex   5.997350e+00 1.601229e+01 3.960000e+02
    endloop
  endfacet
  facet normal 0.000000e+00 0.000000e+00 -1.000000e+00
    outer loop
      vertex   7.826122e+00 1.561964e+01 3.960000e+02
      vertex   5.997350e+00 1.601229e+01 3.960000e+02
      vertex   6.701281e+00 1.647029e+01 3.960000e+02
    endloop
  endfacet
  facet normal 0.000000e+00 0.000000e+00 -1.000000e+00
    outer loop
      vertex   5.303301e+00 1.786827e+01 3.960000e+02
      vertex   9.161268e+00 1.677660e+01 3.960000e+02
      vertex   6.701281e+00 1.647029e+01 3.960000e+02
    endloop
  endfacet
  facet normal 0.000000e+00 0.000000e+00 -1.000000e+00
    outer loop
      vertex   6.701281e+00 1.647029e+01 3.960000e+02
      vertex   9.161268e+00 1.677660e+01 3.960000e+02
      vertex   8.513371e+00 1.617541e+01 3.960000e+02
    endloop
  endfacet
  facet normal 0.000000e+00 0.000000e+00 -1.000000e+00
    outer loop
      vertex   6.701281e+00 1.647029e+01 3.960000e+02
      vertex   8.513371e+00 1.617541e+01 3.960000e+02
      vertex   7.826122e+00 1.561964e+01 3.960000e+02
    endloop
  endfacet
  facet normal 0.000000e+00 -0.000000e+00 -1.000000e+00
    outer loop
      vertex   8.131728e+00 2.069670e+01 3.960000e+02
      vertex   9.529708e+00 1.929872e+01 3.960000e+02
      vertex   5.303301e+00 1.786827e+01 3.960000e+02
    endloop
  endfacet
  facet normal 0.000000e+00 0.000000e+00 -1.000000e+00
    outer loop
      vertex   5.303301e+00 1.786827e+01 3.960000e+02
      vertex   9.529708e+00 1.929872e+01 3.960000e+02
      vertex   1.032722e+01 1.810389e+01 3.960000e+02
    endloop
  endfacet
  facet normal 0.000000e+00 0.000000e+00 -1.000000e+00
    outer loop
      vertex   5.303301e+00 1.786827e+01 3.960000e+02
      vertex   1.032722e+01 1.810389e+01 3.960000e+02
      vertex   9.766817e+00 1.742041e+01 3.960000e+02
    endloop
  endfacet
  facet normal 0.000000e+00 -0.000000e+00 -1.000000e+00
    outer loop
      vertex   9.948485e+00 1.993781e+01 3.960000e+02
      vertex   1.130244e+01 1.957701e+01 3.960000e+02
      vertex   9.529708e+00 1.929872e+01 3.960000e+02
    endloop
  endfacet
  facet normal 0.000000e+00 0.000000e+00 -1.000000e+00
    outer loop
      vertex   9.529708e+00 1.929872e+01 3.960000e+02
      vertex   1.130244e+01 1.957701e+01 3.960000e+02
      vertex   1.083989e+01 1.882387e+01 3.960000e+02
    endloop
  endfacet
  facet normal 0.000000e+00 0.000000e+00 -1.000000e+00
    outer loop
      vertex   9.529708e+00 1.929872e+01 3.960000e+02
      vertex   1.083989e+01 1.882387e+01 3.960000e+02
      vertex   1.032722e+01 1.810389e+01 3.960000e+02
    endloop
  endfacet
  facet normal 0.000000e+00 0.000000e+00 -1.000000e+00
    outer loop
      vertex   1.130244e+01 1.957701e+01 3.960000e+02
      vertex   9.948485e+00 1.993781e+01 3.960000e+02
      vertex   1.171276e+01 2.035985e+01 3.960000e+02
    endloop
  endfacet
  facet normal -0.000000e+00 0.000000e+00 -1.000000e+00
    outer loop
      vertex   1.171276e+01 2.035985e+01 3.960000e+02
      vertex   9.948485e+00 1.993781e+01 3.960000e+02
      vertex   1.032447e+01 2.060298e+01 3.960000e+02
    endloop
  endfacet
  facet normal 0.000000e+00 0.000000e+00 -1.000000e+00
    outer loop
      vertex   1.171276e+01 2.035985e+01 3.960000e+02
      vertex   1.032447e+01 2.060298e+01 3.960000e+02
      vertex   1.206893e+01 2.116876e+01 3.960000e+02
    endloop
  endfacet
  facet normal -0.000000e+00 0.000000e+00 -1.000000e+00
    outer loop
      vertex   1.206893e+01 2.116876e+01 3.960000e+02
      vertex   1.032447e+01 2.060298e+01 3.960000e+02
      vertex   1.065604e+01 2.129136e+01 3.960000e+02
    endloop
  endfacet
  facet normal 0.000000e+00 0.000000e+00 -1.000000e+00
    outer loop
      vertex   1.206893e+01 2.116876e+01 3.960000e+02
      vertex   1.065604e+01 2.129136e+01 3.960000e+02
      vertex   1.094178e+01 2.200000e+01 3.960000e+02
    endloop
  endfacet
  facet normal 0.000000e+00 0.000000e+00 -1.000000e+00
    outer loop
      vertex   1.094178e+01 2.200000e+01 3.960000e+02
      vertex   1.236932e+01 2.200000e+01 3.960000e+02
      vertex   1.206893e+01 2.116876e+01 3.960000e+02
    endloop
  endfacet
  facet normal -0.000000e+00 0.000000e+00 -1.000000e+00
    outer loop
      vertex   9.766817e+00 1.742041e+01 3.960000e+02
      vertex   9.161268e+00 1.677660e+01 3.960000e+02
      vertex   5.303301e+00 1.786827e+01 3.960000e+02
    endloop
  endfacet
  facet normal 7.071068e-01 -7.071068e-01 5.024296e-16
    outer loop
      vertex   8.131728e+00 2.069670e+01 3.960000e+02
      vertex   5.303301e+00 1.786827e+01 3.960000e+02
      vertex   8.131728e+00 2.069670e+01 3.910000e+02
    endloop
  endfacet
  facet normal 7.071068e-01 -7.071068e-01 -2.173316e-18
    outer loop
      vertex   8.131728e+00 2.069670e+01 3.910000e+02
      vertex   5.303301e+00 1.786827e+01 3.960000e+02
      vertex   5.303301e+00 1.786827e+01 3.910000e+02
    endloop
  endfacet
  facet normal 7.071068e-01 7.071068e-01 0.000000e+00
    outer loop
      vertex   5.303301e+00 1.786827e+01 3.960000e+02
      vertex   6.701281e+00 1.647029e+01 3.960000e+02
      vertex   5.303301e+00 1.786827e+01 3.910000e+02
    endloop
  endfacet
  facet normal 7.071068e-01 7.071068e-01 1.755575e-18
    outer loop
      vertex   5.303301e+00 1.786827e+01 3.910000e+02
      vertex   6.701281e+00 1.647029e+01 3.960000e+02
      vertex   6.701281e+00 1.647029e+01 3.910000e+02
    endloop
  endfacet
  facet normal 5.453600e-01 -8.382019e-01 0.000000e+00
    outer loop
      vertex   6.701281e+00 1.647029e+01 3.910000e+02
      vertex   6.701281e+00 1.647029e+01 3.960000e+02
      vertex   5.997350e+00 1.601229e+01 3.910000e+02
    endloop
  endfacet
  facet normal 5.453600e-01 -8.382019e-01 0.000000e+00
    outer loop
      vertex   5.997350e+00 1.601229e+01 3.910000e+02
      vertex   6.701281e+00 1.647029e+01 3.960000e+02
      vertex   5.997350e+00 1.601229e+01 3.960000e+02
    endloop
  endfacet
  facet normal 4.835591e-01 -8.753117e-01 0.000000e+00
    outer loop
      vertex   5.997350e+00 1.601229e+01 3.910000e+02
      vertex   5.997350e+00 1.601229e+01 3.960000e+02
      vertex   5.262255e+00 1.560620e+01 3.910000e+02
    endloop
  endfacet
  facet normal 4.835591e-01 -8.753117e-01 0.000000e+00
    outer loop
      vertex   5.262255e+00 1.560620e+01 3.910000e+02
      vertex   5.997350e+00 1.601229e+01 3.960000e+02
      vertex   5.262255e+00 1.560620e+01 3.960000e+02
    endloop
  endfacet
  facet normal 4.192453e-01 -9.078730e-01 0.000000e+00
    outer loop
      vertex   5.262255e+00 1.560620e+01 3.910000e+02
      vertex   5.262255e+00 1.560620e+01 3.960000e+02
      vertex   4.499814e+00 1.525411e+01 3.910000e+02
    endloop
  endfacet
  facet normal 4.192453e-01 -9.078730e-01 0.000000e+00
    outer loop
      vertex   4.499814e+00 1.525411e+01 3.910000e+02
      vertex   5.262255e+00 1.560620e+01 3.960000e+02
      vertex   4.499814e+00 1.525411e+01 3.960000e+02
    endloop
  endfacet
  facet normal 3.527530e-01 -9.357165e-01 0.000000e+00
    outer loop
      vertex   4.499814e+00 1.525411e+01 3.910000e+02
      vertex   4.499814e+00 1.525411e+01 3.960000e+02
      vertex   3.713990e+00 1.495786e+01 3.910000e+02
    endloop
  endfacet
  facet normal 3.527530e-01 -9.357165e-01 0.000000e+00
    outer loop
      vertex   3.713990e+00 1.495786e+01 3.910000e+02
      vertex   4.499814e+00 1.525411e+01 3.960000e+02
      vertex   3.713990e+00 1.495786e+01 3.960000e+02
    endloop
  endfacet
  facet normal 2.844276e-01 -9.586975e-01 0.000000e+00
    outer loop
      vertex   3.713990e+00 1.495786e+01 3.910000e+02
      vertex   3.713990e+00 1.495786e+01 3.960000e+02
      vertex   2.908866e+00 1.471900e+01 3.910000e+02
    endloop
  endfacet
  facet normal 2.844276e-01 -9.586975e-01 0.000000e+00
    outer loop
      vertex   2.908866e+00 1.471900e+01 3.910000e+02
      vertex   3.713990e+00 1.495786e+01 3.960000e+02
      vertex   2.908866e+00 1.471900e+01 3.960000e+02
    endloop
  endfacet
  facet normal 2.146241e-01 -9.766967e-01 0.000000e+00
    outer loop
      vertex   2.908866e+00 1.471900e+01 3.910000e+02
      vertex   2.908866e+00 1.471900e+01 3.960000e+02
      vertex   2.088626e+00 1.453876e+01 3.910000e+02
    endloop
  endfacet
  facet normal 2.146241e-01 -9.766967e-01 0.000000e+00
    outer loop
      vertex   2.088626e+00 1.453876e+01 3.910000e+02
      vertex   2.908866e+00 1.471900e+01 3.960000e+02
      vertex   2.088626e+00 1.453876e+01 3.960000e+02
    endloop
  endfacet
  facet normal 1.437054e-01 -9.896205e-01 0.000000e+00
    outer loop
      vertex   2.088626e+00 1.453876e+01 3.910000e+02
      vertex   2.088626e+00 1.453876e+01 3.960000e+02
      vertex   1.257533e+00 1.441807e+01 3.910000e+02
    endloop
  endfacet
  facet normal 1.437054e-01 -9.896205e-01 0.000000e+00
    outer loop
      vertex   1.257533e+00 1.441807e+01 3.910000e+02
      vertex   2.088626e+00 1.453876e+01 3.960000e+02
      vertex   1.257533e+00 1.441807e+01 3.960000e+02
    endloop
  endfacet
  facet normal 7.203986e-02 -9.974018e-01 0.000000e+00
    outer loop
      vertex   1.257533e+00 1.441807e+01 3.910000e+02
      vertex   1.257533e+00 1.441807e+01 3.960000e+02
      vertex   4.199050e-01 1.435757e+01 3.910000e+02
    endloop
  endfacet
  facet normal 7.203986e-02 -9.974018e-01 0.000000e+00
    outer loop
      vertex   4.199050e-01 1.435757e+01 3.910000e+02
      vertex   1.257533e+00 1.441807e+01 3.960000e+02
      vertex   4.199050e-01 1.435757e+01 3.960000e+02
    endloop
  endfacet
  facet normal -2.749745e-14 -1.000000e+00 0.000000e+00
    outer loop
      vertex   4.199050e-01 1.435757e+01 3.910000e+02
      vertex   4.199050e-01 1.435757e+01 3.960000e+02
      vertex   -4.199050e-01 1.435757e+01 3.910000e+02
    endloop
  endfacet
  facet normal -2.749745e-14 -1.000000e+00 0.000000e+00
    outer loop
      vertex   -4.199050e-01 1.435757e+01 3.910000e+02
      vertex   4.199050e-01 1.435757e+01 3.960000e+02
      vertex   -4.199050e-01 1.435757e+01 3.960000e+02
    endloop
  endfacet
  facet normal -7.203986e-02 -9.974018e-01 0.000000e+00
    outer loop
      vertex   -4.199050e-01 1.435757e+01 3.910000e+02
      vertex   -4.199050e-01 1.435757e+01 3.960000e+02
      vertex   -1.257533e+00 1.441807e+01 3.910000e+02
    endloop
  endfacet
  facet normal -7.203986e-02 -9.974018e-01 0.000000e+00
    outer loop
      vertex   -1.257533e+00 1.441807e+01 3.910000e+02
      vertex   -4.199050e-01 1.435757e+01 3.960000e+02
      vertex   -1.257533e+00 1.441807e+01 3.960000e+02
    endloop
  endfacet
  facet normal -1.437054e-01 -9.896205e-01 0.000000e+00
    outer loop
      vertex   -1.257533e+00 1.441807e+01 3.910000e+02
      vertex   -1.257533e+00 1.441807e+01 3.960000e+02
      vertex   -2.088626e+00 1.453876e+01 3.910000e+02
    endloop
  endfacet
  facet normal -1.437054e-01 -9.896205e-01 0.000000e+00
    outer loop
      vertex   -2.088626e+00 1.453876e+01 3.910000e+02
      vertex   -1.257533e+00 1.441807e+01 3.960000e+02
      vertex   -2.088626e+00 1.453876e+01 3.960000e+02
    endloop
  endfacet
  facet normal -2.146241e-01 -9.766967e-01 0.000000e+00
    outer loop
      vertex   -2.088626e+00 1.453876e+01 3.910000e+02
      vertex   -2.088626e+00 1.453876e+01 3.960000e+02
      vertex   -2.908866e+00 1.471900e+01 3.910000e+02
    endloop
  endfacet
  facet normal -2.146241e-01 -9.766967e-01 0.000000e+00
    outer loop
      vertex   -2.908866e+00 1.471900e+01 3.910000e+02
      vertex   -2.088626e+00 1.453876e+01 3.960000e+02
      vertex   -2.908866e+00 1.471900e+01 3.960000e+02
    endloop
  endfacet
  facet normal -2.844276e-01 -9.586975e-01 0.000000e+00
    outer loop
      vertex   -2.908866e+00 1.471900e+01 3.910000e+02
      vertex   -2.908866e+00 1.471900e+01 3.960000e+02
      vertex   -3.713990e+00 1.495786e+01 3.910000e+02
    endloop
  endfacet
  facet normal -2.844276e-01 -9.586975e-01 0.000000e+00
    outer loop
      vertex   -3.713990e+00 1.495786e+01 3.910000e+02
      vertex   -2.908866e+00 1.471900e+01 3.960000e+02
      vertex   -3.713990e+00 1.495786e+01 3.960000e+02
    endloop
  endfacet
  facet normal -3.527530e-01 -9.357165e-01 0.000000e+00
    outer loop
      vertex   -3.713990e+00 1.495786e+01 3.910000e+02
      vertex   -3.713990e+00 1.495786e+01 3.960000e+02
      vertex   -4.499814e+00 1.525411e+01 3.910000e+02
    endloop
  endfacet
  facet normal -3.527530e-01 -9.357165e-01 0.000000e+00
    outer loop
      vertex   -4.499814e+00 1.525411e+01 3.910000e+02
      vertex   -3.713990e+00 1.495786e+01 3.960000e+02
      vertex   -4.499814e+00 1.525411e+01 3.960000e+02
    endloop
  endfacet
  facet normal -4.192453e-01 -9.078730e-01 0.000000e+00
    outer loop
      vertex   -4.499814e+00 1.525411e+01 3.910000e+02
      vertex   -4.499814e+00 1.525411e+01 3.960000e+02
      vertex   -5.262255e+00 1.560620e+01 3.910000e+02
    endloop
  endfacet
  facet normal -4.192453e-01 -9.078730e-01 0.000000e+00
    outer loop
      vertex   -5.262255e+00 1.560620e+01 3.910000e+02
      vertex   -4.499814e+00 1.525411e+01 3.960000e+02
      vertex   -5.262255e+00 1.560620e+01 3.960000e+02
    endloop
  endfacet
  facet normal -4.835591e-01 -8.753117e-01 0.000000e+00
    outer loop
      vertex   -5.262255e+00 1.560620e+01 3.910000e+02
      vertex   -5.262255e+00 1.560620e+01 3.960000e+02
      vertex   -5.997350e+00 1.601229e+01 3.910000e+02
    endloop
  endfacet
  facet normal -4.835591e-01 -8.753117e-01 0.000000e+00
    outer loop
      vertex   -5.997350e+00 1.601229e+01 3.910000e+02
      vertex   -5.262255e+00 1.560620e+01 3.960000e+02
      vertex   -5.997350e+00 1.601229e+01 3.960000e+02
    endloop
  endfacet
  facet normal -5.453600e-01 -8.382019e-01 0.000000e+00
    outer loop
      vertex   -5.997350e+00 1.601229e+01 3.910000e+02
      vertex   -5.997350e+00 1.601229e+01 3.960000e+02
      vertex   -6.701281e+00 1.647029e+01 3.910000e+02
    endloop
  endfacet
  facet normal -5.453600e-01 -8.382019e-01 0.000000e+00
    outer loop
      vertex   -6.701281e+00 1.647029e+01 3.910000e+02
      vertex   -5.997350e+00 1.601229e+01 3.960000e+02
      vertex   -6.701281e+00 1.647029e+01 3.960000e+02
    endloop
  endfacet
  facet normal -7.071068e-01 7.071068e-01 0.000000e+00
    outer loop
      vertex   -6.701281e+00 1.647029e+01 3.960000e+02
      vertex   -5.303301e+00 1.786827e+01 3.960000e+02
      vertex   -6.701281e+00 1.647029e+01 3.910000e+02
    endloop
  endfacet
  facet normal -7.071068e-01 7.071068e-01 4.644364e-18
    outer loop
      vertex   -6.701281e+00 1.647029e+01 3.910000e+02
      vertex   -5.303301e+00 1.786827e+01 3.960000e+02
      vertex   -5.303301e+00 1.786827e+01 3.910000e+02
    endloop
  endfacet
  facet normal -7.071068e-01 -7.071068e-01 -0.000000e+00
    outer loop
      vertex   -5.303301e+00 1.786827e+01 3.960000e+02
      vertex   -8.131728e+00 2.069670e+01 3.960000e+02
      vertex   -5.303301e+00 1.786827e+01 3.910000e+02
    endloop
  endfacet
  facet normal -7.071068e-01 -7.071068e-01 3.896287e-17
    outer loop
      vertex   -5.303301e+00 1.786827e+01 3.910000e+02
      vertex   -8.131728e+00 2.069670e+01 3.960000e+02
      vertex   -8.131728e+00 2.069670e+01 3.910000e+02
    endloop
  endfacet
  facet normal 7.071068e-01 -7.071068e-01 0.000000e+00
    outer loop
      vertex   -8.131728e+00 2.069670e+01 3.960000e+02
      vertex   -9.529708e+00 1.929872e+01 3.960000e+02
      vertex   -8.131728e+00 2.069670e+01 3.910000e+02
    endloop
  endfacet
  facet normal 7.071068e-01 -7.071068e-01 7.410853e-18
    outer loop
      vertex   -8.131728e+00 2.069670e+01 3.910000e+02
      vertex   -9.529708e+00 1.929872e+01 3.960000e+02
      vertex   -9.529708e+00 1.929872e+01 3.910000e+02
    endloop
  endfacet
  facet normal -8.364238e-01 -5.480832e-01 0.000000e+00
    outer loop
      vertex   -9.529708e+00 1.929872e+01 3.910000e+02
      vertex   -9.529708e+00 1.929872e+01 3.960000e+02
      vertex   -9.948485e+00 1.993781e+01 3.910000e+02
    endloop
  endfacet
  facet normal -8.364238e-01 -5.480832e-01 4.723940e-16
    outer loop
      vertex   -9.948485e+00 1.993781e+01 3.910000e+02
      vertex   -9.529708e+00 1.929872e+01 3.960000e+02
      vertex   -9.948485e+00 1.993781e+01 3.960000e+02
    endloop
  endfacet
  facet normal -8.705521e-01 -4.920763e-01 -5.106673e-16
    outer loop
      vertex   -9.948485e+00 1.993781e+01 3.910000e+02
      vertex   -9.948485e+00 1.993781e+01 3.960000e+02
      vertex   -1.032447e+01 2.060298e+01 3.910000e+02
    endloop
  endfacet
  facet normal -8.705521e-01 -4.920763e-01 1.143641e-15
    outer loop
      vertex   -1.032447e+01 2.060298e+01 3.910000e+02
      vertex   -9.948485e+00 1.993781e+01 3.960000e+02
      vertex   -1.032447e+01 2.060298e+01 3.960000e+02
    endloop
  endfacet
  facet normal -9.009357e-01 -4.339527e-01 -7.425273e-16
    outer loop
      vertex   -1.032447e+01 2.060298e+01 3.910000e+02
      vertex   -1.032447e+01 2.060298e+01 3.960000e+02
      vertex   -1.065604e+01 2.129136e+01 3.910000e+02
    endloop
  endfacet
  facet normal -9.009357e-01 -4.339527e-01 1.263314e-15
    outer loop
      vertex   -1.065604e+01 2.129136e+01 3.910000e+02
      vertex   -1.032447e+01 2.060298e+01 3.960000e+02
      vertex   -1.065604e+01 2.129136e+01 3.960000e+02
    endloop
  endfacet
  facet normal -9.274439e-01 -3.739624e-01 -1.594602e-15
    outer loop
      vertex   -1.065604e+01 2.129136e+01 3.910000e+02
      vertex   -1.065604e+01 2.129136e+01 3.960000e+02
      vertex   -1.094178e+01 2.200000e+01 3.910000e+02
    endloop
  endfacet
  facet normal -9.274439e-01 -3.739624e-01 2.311732e-14
    outer loop
      vertex   -1.094178e+01 2.200000e+01 3.910000e+02
      vertex   -1.065604e+01 2.129136e+01 3.960000e+02
      vertex   -1.094178e+01 2.200000e+01 3.960000e+02
    endloop
  endfacet
  facet normal 0.000000e+00 0.000000e+00 -1.000000e+00
    outer loop
      vertex   -1.236932e+01 3.000000e+01 3.960000e+02
      vertex   -1.206893e+01 3.083124e+01 3.960000e+02
      vertex   -1.094178e+01 3.000000e+01 3.960000e+02
    endloop
  endfacet
  facet normal 0.000000e+00 0.000000e+00 -1.000000e+00
    outer loop
      vertex   -1.094178e+01 3.000000e+01 3.960000e+02
      vertex   -1.206893e+01 3.083124e+01 3.960000e+02
      vertex   -1.065604e+01 3.070864e+01 3.960000e+02
    endloop
  endfacet
  facet normal 0.000000e+00 0.000000e+00 -1.000000e+00
    outer loop
      vertex   -1.065604e+01 3.070864e+01 3.960000e+02
      vertex   -1.206893e+01 3.083124e+01 3.960000e+02
      vertex   -1.032447e+01 3.139702e+01 3.960000e+02
    endloop
  endfacet
  facet normal -0.000000e+00 0.000000e+00 -1.000000e+00
    outer loop
      vertex   -1.032447e+01 3.139702e+01 3.960000e+02
      vertex   -1.206893e+01 3.083124e+01 3.960000e+02
      vertex   -1.171276e+01 3.164015e+01 3.960000e+02
    endloop
  endfacet
  facet normal 0.000000e+00 0.000000e+00 -1.000000e+00
    outer loop
      vertex   -1.032447e+01 3.139702e+01 3.960000e+02
      vertex   -1.171276e+01 3.164015e+01 3.960000e+02
      vertex   -9.948485e+00 3.206219e+01 3.960000e+02
    endloop
  endfacet
  facet normal -0.000000e+00 0.000000e+00 -1.000000e+00
    outer loop
      vertex   -9.948485e+00 3.206219e+01 3.960000e+02
      vertex   -1.171276e+01 3.164015e+01 3.960000e+02
      vertex   -1.130244e+01 3.242299e+01 3.960000e+02
    endloop
  endfacet
  facet normal 0.000000e+00 0.000000e+00 -1.000000e+00
    outer loop
      vertex   -9.948485e+00 3.206219e+01 3.960000e+02
      vertex   -1.130244e+01 3.242299e+01 3.960000e+02
      vertex   -9.529708e+00 3.270128e+01 3.960000e+02
    endloop
  endfacet
  facet normal -0.000000e+00 0.000000e+00 -1.000000e+00
    outer loop
      vertex   -9.529708e+00 3.270128e+01 3.960000e+02
      vertex   -1.130244e+01 3.242299e+01 3.960000e+02
      vertex   -1.083989e+01 3.317613e+01 3.960000e+02
    endloop
  endfacet
  facet normal 0.000000e+00 0.000000e+00 -1.000000e+00
    outer loop
      vertex   -9.529708e+00 3.270128e+01 3.960000e+02
      vertex   -1.083989e+01 3.317613e+01 3.960000e+02
      vertex   -1.032722e+01 3.389611e+01 3.960000e+02
    endloop
  endfacet
  facet normal 0.000000e+00 0.000000e+00 -1.000000e+00
    outer loop
      vertex   -9.529708e+00 3.270128e+01 3.960000e+02
      vertex   -1.032722e+01 3.389611e+01 3.960000e+02
      vertex   -5.303301e+00 3.413173e+01 3.960000e+02
    endloop
  endfacet
  facet normal -0.000000e+00 0.000000e+00 -1.000000e+00
    outer loop
      vertex   -5.303301e+00 3.413173e+01 3.960000e+02
      vertex   -1.032722e+01 3.389611e+01 3.960000e+02
      vertex   -9.766817e+00 3.457959e+01 3.960000e+02
    endloop
  endfacet
  facet normal 0.000000e+00 0.000000e+00 -1.000000e+00
    outer loop
      vertex   -5.303301e+00 3.413173e+01 3.960000e+02
      vertex   -9.766817e+00 3.457959e+01 3.960000e+02
      vertex   -9.161268e+00 3.522340e+01 3.960000e+02
    endloop
  endfacet
  facet normal 0.000000e+00 0.000000e+00 -1.000000e+00
    outer loop
      vertex   -5.303301e+00 3.413173e+01 3.960000e+02
      vertex   -9.161268e+00 3.522340e+01 3.960000e+02
      vertex   -6.701281e+00 3.552971e+01 3.960000e+02
    endloop
  endfacet
  facet normal -0.000000e+00 0.000000e+00 -1.000000e+00
    outer loop
      vertex   -6.701281e+00 3.552971e+01 3.960000e+02
      vertex   -9.161268e+00 3.522340e+01 3.960000e+02
      vertex   -8.513371e+00 3.582459e+01 3.960000e+02
    endloop
  endfacet
  facet normal 0.000000e+00 0.000000e+00 -1.000000e+00
    outer loop
      vertex   -6.701281e+00 3.552971e+01 3.960000e+02
      vertex   -8.513371e+00 3.582459e+01 3.960000e+02
      vertex   -7.826122e+00 3.638036e+01 3.960000e+02
    endloop
  endfacet
  facet normal 0.000000e+00 -0.000000e+00 -1.000000e+00
    outer loop
      vertex   -7.102697e+00 3.688815e+01 3.960000e+02
      vertex   -5.262255e+00 3.639380e+01 3.960000e+02
      vertex   -7.826122e+00 3.638036e+01 3.960000e+02
    endloop
  endfacet
  facet normal 0.000000e+00 0.000000e+00 -1.000000e+00
    outer loop
      vertex   -7.826122e+00 3.638036e+01 3.960000e+02
      vertex   -5.262255e+00 3.639380e+01 3.960000e+02
      vertex   -5.997350e+00 3.598771e+01 3.960000e+02
    endloop
  endfacet
  facet normal 0.000000e+00 0.000000e+00 -1.000000e+00
    outer loop
      vertex   -7.826122e+00 3.638036e+01 3.960000e+02
      vertex   -5.997350e+00 3.598771e+01 3.960000e+02
      vertex   -6.701281e+00 3.552971e+01 3.960000e+02
    endloop
  endfacet
  facet normal 0.000000e+00 0.000000e+00 -1.000000e+00
    outer loop
      vertex   -5.262255e+00 3.639380e+01 3.960000e+02
      vertex   -7.102697e+00 3.688815e+01 3.960000e+02
      vertex   -4.499814e+00 3.674589e+01 3.960000e+02
    endloop
  endfacet
  facet normal 0.000000e+00 0.000000e+00 -1.000000e+00
    outer loop
      vertex   -4.499814e+00 3.674589e+01 3.960000e+02
      vertex   -7.102697e+00 3.688815e+01 3.960000e+02
      vertex   -6.346440e+00 3.734560e+01 3.960000e+02
    endloop
  endfacet
  facet normal 0.000000e+00 0.000000e+00 -1.000000e+00
    outer loop
      vertex   -4.499814e+00 3.674589e+01 3.960000e+02
      vertex   -6.346440e+00 3.734560e+01 3.960000e+02
      vertex   -3.713990e+00 3.704214e+01 3.960000e+02
    endloop
  endfacet
  facet normal 0.000000e+00 0.000000e+00 -1.000000e+00
    outer loop
      vertex   -3.713990e+00 3.704214e+01 3.960000e+02
      vertex   -6.346440e+00 3.734560e+01 3.960000e+02
      vertex   -5.560848e+00 3.775062e+01 3.960000e+02
    endloop
  endfacet
  facet normal 0.000000e+00 0.000000e+00 -1.000000e+00
    outer loop
      vertex   -3.713990e+00 3.704214e+01 3.960000e+02
      vertex   -5.560848e+00 3.775062e+01 3.960000e+02
      vertex   -2.908866e+00 3.728100e+01 3.960000e+02
    endloop
  endfacet
  facet normal 0.000000e+00 0.000000e+00 -1.000000e+00
    outer loop
      vertex   -2.908866e+00 3.728100e+01 3.960000e+02
      vertex   -5.560848e+00 3.775062e+01 3.960000e+02
      vertex   -4.749550e+00 3.810131e+01 3.960000e+02
    endloop
  endfacet
  facet normal 0.000000e+00 0.000000e+00 -1.000000e+00
    outer loop
      vertex   -2.908866e+00 3.728100e+01 3.960000e+02
      vertex   -4.749550e+00 3.810131e+01 3.960000e+02
      vertex   -3.916299e+00 3.839607e+01 3.960000e+02
    endloop
  endfacet
  facet normal 0.000000e+00 0.000000e+00 -1.000000e+00
    outer loop
      vertex   -2.908866e+00 3.728100e+01 3.960000e+02
      vertex   -3.916299e+00 3.839607e+01 3.960000e+02
      vertex   -2.088626e+00 3.746125e+01 3.960000e+02
    endloop
  endfacet
  facet normal 0.000000e+00 0.000000e+00 -1.000000e+00
    outer loop
      vertex   -2.088626e+00 3.746125e+01 3.960000e+02
      vertex   -3.916299e+00 3.839607e+01 3.960000e+02
      vertex   -3.064944e+00 3.863353e+01 3.960000e+02
    endloop
  endfacet
  facet normal 0.000000e+00 0.000000e+00 -1.000000e+00
    outer loop
      vertex   -2.088626e+00 3.746125e+01 3.960000e+02
      vertex   -3.064944e+00 3.863353e+01 3.960000e+02
      vertex   -1.257533e+00 3.758193e+01 3.960000e+02
    endloop
  endfacet
  facet normal 0.000000e+00 0.000000e+00 -1.000000e+00
    outer loop
      vertex   -1.257533e+00 3.758193e+01 3.960000e+02
      vertex   -3.064944e+00 3.863353e+01 3.960000e+02
      vertex   -2.199422e+00 3.881259e+01 3.960000e+02
    endloop
  endfacet
  facet normal 0.000000e+00 0.000000e+00 -1.000000e+00
    outer loop
      vertex   -1.257533e+00 3.758193e+01 3.960000e+02
      vertex   -2.199422e+00 3.881259e+01 3.960000e+02
      vertex   -4.199050e-01 3.764243e+01 3.960000e+02
    endloop
  endfacet
  facet normal 0.000000e+00 0.000000e+00 -1.000000e+00
    outer loop
      vertex   -4.199050e-01 3.764243e+01 3.960000e+02
      vertex   -2.199422e+00 3.881259e+01 3.960000e+02
      vertex   -1.323733e+00 3.893243e+01 3.960000e+02
    endloop
  endfacet
  facet normal 0.000000e+00 0.000000e+00 -1.000000e+00
    outer loop
      vertex   -4.199050e-01 3.764243e+01 3.960000e+02
      vertex   -1.323733e+00 3.893243e+01 3.960000e+02
      vertex   -4.419252e-01 3.899249e+01 3.960000e+02
    endloop
  endfacet
  facet normal 0.000000e+00 0.000000e+00 -1.000000e+00
    outer loop
      vertex   -4.419252e-01 3.899249e+01 3.960000e+02
      vertex   4.419252e-01 3.899249e+01 3.960000e+02
      vertex   -4.199050e-01 3.764243e+01 3.960000e+02
    endloop
  endfacet
  facet normal 0.000000e+00 0.000000e+00 -1.000000e+00
    outer loop
      vertex   -4.199050e-01 3.764243e+01 3.960000e+02
      vertex   4.419252e-01 3.899249e+01 3.960000e+02
      vertex   4.199050e-01 3.764243e+01 3.960000e+02
    endloop
  endfacet
  facet normal 0.000000e+00 0.000000e+00 -1.000000e+00
    outer loop
      vertex   4.199050e-01 3.764243e+01 3.960000e+02
      vertex   4.419252e-01 3.899249e+01 3.960000e+02
      vertex   1.323733e+00 3.893243e+01 3.960000e+02
    endloop
  endfacet
  facet normal 0.000000e+00 0.000000e+00 -1.000000e+00
    outer loop
      vertex   4.199050e-01 3.764243e+01 3.960000e+02
      vertex   1.323733e+00 3.893243e+01 3.960000e+02
      vertex   2.199422e+00 3.881259e+01 3.960000e+02
    endloop
  endfacet
  facet normal 0.000000e+00 0.000000e+00 -1.000000e+00
    outer loop
      vertex   4.199050e-01 3.764243e+01 3.960000e+02
      vertex   2.199422e+00 3.881259e+01 3.960000e+02
      vertex   1.257533e+00 3.758193e+01 3.960000e+02
    endloop
  endfacet
  facet normal 0.000000e+00 0.000000e+00 -1.000000e+00
    outer loop
      vertex   1.257533e+00 3.758193e+01 3.960000e+02
      vertex   2.199422e+00 3.881259e+01 3.960000e+02
      vertex   3.064944e+00 3.863353e+01 3.960000e+02
    endloop
  endfacet
  facet normal 0.000000e+00 0.000000e+00 -1.000000e+00
    outer loop
      vertex   1.257533e+00 3.758193e+01 3.960000e+02
      vertex   3.064944e+00 3.863353e+01 3.960000e+02
      vertex   2.088626e+00 3.746125e+01 3.960000e+02
    endloop
  endfacet
  facet normal 0.000000e+00 0.000000e+00 -1.000000e+00
    outer loop
      vertex   2.088626e+00 3.746125e+01 3.960000e+02
      vertex   3.064944e+00 3.863353e+01 3.960000e+02
      vertex   3.916299e+00 3.839607e+01 3.960000e+02
    endloop
  endfacet
  facet normal 0.000000e+00 0.000000e+00 -1.000000e+00
    outer loop
      vertex   2.088626e+00 3.746125e+01 3.960000e+02
      vertex   3.916299e+00 3.839607e+01 3.960000e+02
      vertex   2.908866e+00 3.728100e+01 3.960000e+02
    endloop
  endfacet
  facet normal 0.000000e+00 0.000000e+00 -1.000000e+00
    outer loop
      vertex   2.908866e+00 3.728100e+01 3.960000e+02
      vertex   3.916299e+00 3.839607e+01 3.960000e+02
      vertex   4.749550e+00 3.810131e+01 3.960000e+02
    endloop
  endfacet
  facet normal 0.000000e+00 0.000000e+00 -1.000000e+00
    outer loop
      vertex   2.908866e+00 3.728100e+01 3.960000e+02
      vertex   4.749550e+00 3.810131e+01 3.960000e+02
      vertex   5.560848e+00 3.775062e+01 3.960000e+02
    endloop
  endfacet
  facet normal 0.000000e+00 0.000000e+00 -1.000000e+00
    outer loop
      vertex   2.908866e+00 3.728100e+01 3.960000e+02
      vertex   5.560848e+00 3.775062e+01 3.960000e+02
      vertex   3.713990e+00 3.704214e+01 3.960000e+02
    endloop
  endfacet
  facet normal 0.000000e+00 0.000000e+00 -1.000000e+00
    outer loop
      vertex   3.713990e+00 3.704214e+01 3.960000e+02
      vertex   5.560848e+00 3.775062e+01 3.960000e+02
      vertex   6.346440e+00 3.734560e+01 3.960000e+02
    endloop
  endfacet
  facet normal 0.000000e+00 0.000000e+00 -1.000000e+00
    outer loop
      vertex   3.713990e+00 3.704214e+01 3.960000e+02
      vertex   6.346440e+00 3.734560e+01 3.960000e+02
      vertex   4.499814e+00 3.674589e+01 3.960000e+02
    endloop
  endfacet
  facet normal 0.000000e+00 0.000000e+00 -1.000000e+00
    outer loop
      vertex   4.499814e+00 3.674589e+01 3.960000e+02
      vertex   6.346440e+00 3.734560e+01 3.960000e+02
      vertex   7.102697e+00 3.688815e+01 3.960000e+02
    endloop
  endfacet
  facet normal 0.000000e+00 0.000000e+00 -1.000000e+00
    outer loop
      vertex   4.499814e+00 3.674589e+01 3.960000e+02
      vertex   7.102697e+00 3.688815e+01 3.960000e+02
      vertex   5.262255e+00 3.639380e+01 3.960000e+02
    endloop
  endfacet
  facet normal 0.000000e+00 0.000000e+00 -1.000000e+00
    outer loop
      vertex   5.262255e+00 3.639380e+01 3.960000e+02
      vertex   7.102697e+00 3.688815e+01 3.960000e+02
      vertex   7.826122e+00 3.638036e+01 3.960000e+02
    endloop
  endfacet
  facet normal 0.000000e+00 0.000000e+00 -1.000000e+00
    outer loop
      vertex   5.262255e+00 3.639380e+01 3.960000e+02
      vertex   7.826122e+00 3.638036e+01 3.960000e+02
      vertex   5.997350e+00 3.598771e+01 3.960000e+02
    endloop
  endfacet
  facet normal 0.000000e+00 0.000000e+00 -1.000000e+00
    outer loop
      vertex   5.997350e+00 3.598771e+01 3.960000e+02
      vertex   7.826122e+00 3.638036e+01 3.960000e+02
      vertex   6.701281e+00 3.552971e+01 3.960000e+02
    endloop
  endfacet
  facet normal 0.000000e+00 0.000000e+00 -1.000000e+00
    outer loop
      vertex   6.701281e+00 3.552971e+01 3.960000e+02
      vertex   7.826122e+00 3.638036e+01 3.960000e+02
      vertex   8.513371e+00 3.582459e+01 3.960000e+02
    endloop
  endfacet
  facet normal 0.000000e+00 0.000000e+00 -1.000000e+00
    outer loop
      vertex   6.701281e+00 3.552971e+01 3.960000e+02
      vertex   8.513371e+00 3.582459e+01 3.960000e+02
      vertex   9.161268e+00 3.522340e+01 3.960000e+02
    endloop
  endfacet
  facet normal 0.000000e+00 -0.000000e+00 -1.000000e+00
    outer loop
      vertex   6.701281e+00 3.552971e+01 3.960000e+02
      vertex   9.161268e+00 3.522340e+01 3.960000e+02
      vertex   5.303301e+00 3.413173e+01 3.960000e+02
    endloop
  endfacet
  facet normal 0.000000e+00 0.000000e+00 -1.000000e+00
    outer loop
      vertex   5.303301e+00 3.413173e+01 3.960000e+02
      vertex   9.161268e+00 3.522340e+01 3.960000e+02
      vertex   9.766817e+00 3.457959e+01 3.960000e+02
    endloop
  endfacet
  facet normal 0.000000e+00 0.000000e+00 -1.000000e+00
    outer loop
      vertex   5.303301e+00 3.413173e+01 3.960000e+02
      vertex   9.766817e+00 3.457959e+01 3.960000e+02
      vertex   1.032722e+01 3.389611e+01 3.960000e+02
    endloop
  endfacet
  facet normal 0.000000e+00 0.000000e+00 -1.000000e+00
    outer loop
      vertex   5.303301e+00 3.413173e+01 3.960000e+02
      vertex   1.032722e+01 3.389611e+01 3.960000e+02
      vertex   9.529708e+00 3.270128e+01 3.960000e+02
    endloop
  endfacet
  facet normal 0.000000e+00 0.000000e+00 -1.000000e+00
    outer loop
      vertex   9.529708e+00 3.270128e+01 3.960000e+02
      vertex   1.032722e+01 3.389611e+01 3.960000e+02
      vertex   1.083989e+01 3.317613e+01 3.960000e+02
    endloop
  endfacet
  facet normal 0.000000e+00 0.000000e+00 -1.000000e+00
    outer loop
      vertex   9.529708e+00 3.270128e+01 3.960000e+02
      vertex   1.083989e+01 3.317613e+01 3.960000e+02
      vertex   1.130244e+01 3.242299e+01 3.960000e+02
    endloop
  endfacet
  facet normal 0.000000e+00 0.000000e+00 -1.000000e+00
    outer loop
      vertex   9.529708e+00 3.270128e+01 3.960000e+02
      vertex   1.130244e+01 3.242299e+01 3.960000e+02
      vertex   9.948485e+00 3.206219e+01 3.960000e+02
    endloop
  endfacet
  facet normal 0.000000e+00 0.000000e+00 -1.000000e+00
    outer loop
      vertex   9.948485e+00 3.206219e+01 3.960000e+02
      vertex   1.130244e+01 3.242299e+01 3.960000e+02
      vertex   1.171276e+01 3.164015e+01 3.960000e+02
    endloop
  endfacet
  facet normal 0.000000e+00 0.000000e+00 -1.000000e+00
    outer loop
      vertex   9.948485e+00 3.206219e+01 3.960000e+02
      vertex   1.171276e+01 3.164015e+01 3.960000e+02
      vertex   1.032447e+01 3.139702e+01 3.960000e+02
    endloop
  endfacet
  facet normal 0.000000e+00 0.000000e+00 -1.000000e+00
    outer loop
      vertex   1.032447e+01 3.139702e+01 3.960000e+02
      vertex   1.171276e+01 3.164015e+01 3.960000e+02
      vertex   1.206893e+01 3.083124e+01 3.960000e+02
    endloop
  endfacet
  facet normal 0.000000e+00 0.000000e+00 -1.000000e+00
    outer loop
      vertex   1.032447e+01 3.139702e+01 3.960000e+02
      vertex   1.206893e+01 3.083124e+01 3.960000e+02
      vertex   1.065604e+01 3.070864e+01 3.960000e+02
    endloop
  endfacet
  facet normal 0.000000e+00 0.000000e+00 -1.000000e+00
    outer loop
      vertex   1.065604e+01 3.070864e+01 3.960000e+02
      vertex   1.206893e+01 3.083124e+01 3.960000e+02
      vertex   1.094178e+01 3.000000e+01 3.960000e+02
    endloop
  endfacet
  facet normal 0.000000e+00 0.000000e+00 -1.000000e+00
    outer loop
      vertex   1.094178e+01 3.000000e+01 3.960000e+02
      vertex   1.206893e+01 3.083124e+01 3.960000e+02
      vertex   1.236932e+01 3.000000e+01 3.960000e+02
    endloop
  endfacet
  facet normal -0.000000e+00 0.000000e+00 -1.000000e+00
    outer loop
      vertex   9.529708e+00 3.270128e+01 3.960000e+02
      vertex   8.131728e+00 3.130330e+01 3.960000e+02
      vertex   5.303301e+00 3.413173e+01 3.960000e+02
    endloop
  endfacet
  facet normal 0.000000e+00 0.000000e+00 -1.000000e+00
    outer loop
      vertex   -5.303301e+00 3.413173e+01 3.960000e+02
      vertex   -8.131728e+00 3.130330e+01 3.960000e+02
      vertex   -9.529708e+00 3.270128e+01 3.960000e+02
    endloop
  endfacet
  facet normal -7.071068e-01 7.071068e-01 0.000000e+00
    outer loop
      vertex   -8.131728e+00 3.130330e+01 3.960000e+02
      vertex   -5.303301e+00 3.413173e+01 3.960000e+02
      vertex   -8.131728e+00 3.130330e+01 3.910000e+02
    endloop
  endfacet
  facet normal -7.071068e-01 7.071068e-01 1.306541e-17
    outer loop
      vertex   -8.131728e+00 3.130330e+01 3.910000e+02
      vertex   -5.303301e+00 3.413173e+01 3.960000e+02
      vertex   -5.303301e+00 3.413173e+01 3.910000e+02
    endloop
  endfacet
  facet normal -7.071068e-01 -7.071068e-01 -0.000000e+00
    outer loop
      vertex   -5.303301e+00 3.413173e+01 3.960000e+02
      vertex   -6.701281e+00 3.552971e+01 3.960000e+02
      vertex   -5.303301e+00 3.413173e+01 3.910000e+02
    endloop
  endfacet
  facet normal -7.071068e-01 -7.071068e-01 1.092200e-17
    outer loop
      vertex   -5.303301e+00 3.413173e+01 3.910000e+02
      vertex   -6.701281e+00 3.552971e+01 3.960000e+02
      vertex   -6.701281e+00 3.552971e+01 3.910000e+02
    endloop
  endfacet
  facet normal -5.453600e-01 8.382019e-01 0.000000e+00
    outer loop
      vertex   -6.701281e+00 3.552971e+01 3.910000e+02
      vertex   -6.701281e+00 3.552971e+01 3.960000e+02
      vertex   -5.997350e+00 3.598771e+01 3.910000e+02
    endloop
  endfacet
  facet normal -5.453600e-01 8.382019e-01 -8.036550e-16
    outer loop
      vertex   -5.997350e+00 3.598771e+01 3.910000e+02
      vertex   -6.701281e+00 3.552971e+01 3.960000e+02
      vertex   -5.997350e+00 3.598771e+01 3.960000e+02
    endloop
  endfacet
  facet normal -4.835591e-01 8.753117e-01 -9.003034e-16
    outer loop
      vertex   -5.997350e+00 3.598771e+01 3.910000e+02
      vertex   -5.997350e+00 3.598771e+01 3.960000e+02
      vertex   -5.262255e+00 3.639380e+01 3.910000e+02
    endloop
  endfacet
  facet normal -4.835591e-01 8.753117e-01 9.003034e-16
    outer loop
      vertex   -5.262255e+00 3.639380e+01 3.910000e+02
      vertex   -5.997350e+00 3.598771e+01 3.960000e+02
      vertex   -5.262255e+00 3.639380e+01 3.960000e+02
    endloop
  endfacet
  facet normal -4.192453e-01 9.078730e-01 9.922734e-16
    outer loop
      vertex   -5.262255e+00 3.639380e+01 3.910000e+02
      vertex   -5.262255e+00 3.639380e+01 3.960000e+02
      vertex   -4.499814e+00 3.674589e+01 3.910000e+02
    endloop
  endfacet
  facet normal -4.192453e-01 9.078730e-01 2.978917e-16
    outer loop
      vertex   -4.499814e+00 3.674589e+01 3.910000e+02
      vertex   -5.262255e+00 3.639380e+01 3.960000e+02
      vertex   -4.499814e+00 3.674589e+01 3.960000e+02
    endloop
  endfacet
  facet normal -3.527530e-01 9.357165e-01 2.506461e-16
    outer loop
      vertex   -4.499814e+00 3.674589e+01 3.910000e+02
      vertex   -4.499814e+00 3.674589e+01 3.960000e+02
      vertex   -3.713990e+00 3.704214e+01 3.910000e+02
    endloop
  endfacet
  facet normal -3.527530e-01 9.357165e-01 9.537640e-16
    outer loop
      vertex   -3.713990e+00 3.704214e+01 3.910000e+02
      vertex   -4.499814e+00 3.674589e+01 3.960000e+02
      vertex   -3.713990e+00 3.704214e+01 3.960000e+02
    endloop
  endfacet
  facet normal -2.844276e-01 9.586975e-01 1.059244e-15
    outer loop
      vertex   -3.713990e+00 3.704214e+01 3.910000e+02
      vertex   -3.713990e+00 3.704214e+01 3.960000e+02
      vertex   -2.908866e+00 3.728100e+01 3.910000e+02
    endloop
  endfacet
  facet normal -2.844276e-01 9.586975e-01 0.000000e+00
    outer loop
      vertex   -2.908866e+00 3.728100e+01 3.910000e+02
      vertex   -3.713990e+00 3.704214e+01 3.960000e+02
      vertex   -2.908866e+00 3.728100e+01 3.960000e+02
    endloop
  endfacet
  facet normal -2.146241e-01 9.766967e-01 0.000000e+00
    outer loop
      vertex   -2.908866e+00 3.728100e+01 3.910000e+02
      vertex   -2.908866e+00 3.728100e+01 3.960000e+02
      vertex   -2.088626e+00 3.746125e+01 3.910000e+02
    endloop
  endfacet
  facet normal -2.146241e-01 9.766967e-01 1.143747e-16
    outer loop
      vertex   -2.088626e+00 3.746125e+01 3.910000e+02
      vertex   -2.908866e+00 3.728100e+01 3.960000e+02
      vertex   -2.088626e+00 3.746125e+01 3.960000e+02
    endloop
  endfacet
  facet normal -1.437054e-01 9.896205e-01 7.658160e-17
    outer loop
      vertex   -2.088626e+00 3.746125e+01 3.910000e+02
      vertex   -2.088626e+00 3.746125e+01 3.960000e+02
      vertex   -1.257533e+00 3.758193e+01 3.910000e+02
    endloop
  endfacet
  facet normal -1.437054e-01 9.896205e-01 -7.658160e-17
    outer loop
      vertex   -1.257533e+00 3.758193e+01 3.910000e+02
      vertex   -2.088626e+00 3.746125e+01 3.960000e+02
      vertex   -1.257533e+00 3.758193e+01 3.960000e+02
    endloop
  endfacet
  facet normal -7.203986e-02 9.974018e-01 -3.839055e-17
    outer loop
      vertex   -1.257533e+00 3.758193e+01 3.910000e+02
      vertex   -1.257533e+00 3.758193e+01 3.960000e+02
      vertex   -4.199050e-01 3.764243e+01 3.910000e+02
    endloop
  endfacet
  facet normal -7.203986e-02 9.974018e-01 -4.798819e-18
    outer loop
      vertex   -4.199050e-01 3.764243e+01 3.910000e+02
      vertex   -1.257533e+00 3.758193e+01 3.960000e+02
      vertex   -4.199050e-01 3.764243e+01 3.960000e+02
    endloop
  endfacet
  facet normal 4.230378e-14 1.000000e+00 2.817998e-30
    outer loop
      vertex   -4.199050e-01 3.764243e+01 3.910000e+02
      vertex   -4.199050e-01 3.764243e+01 3.960000e+02
      vertex   4.199050e-01 3.764243e+01 3.910000e+02
    endloop
  endfacet
  facet normal 4.230378e-14 1.000000e+00 6.763194e-29
    outer loop
      vertex   4.199050e-01 3.764243e+01 3.910000e+02
      vertex   -4.199050e-01 3.764243e+01 3.960000e+02
      vertex   4.199050e-01 3.764243e+01 3.960000e+02
    endloop
  endfacet
  facet normal 7.203986e-02 9.974018e-01 1.151716e-16
    outer loop
      vertex   4.199050e-01 3.764243e+01 3.910000e+02
      vertex   4.199050e-01 3.764243e+01 3.960000e+02
      vertex   1.257533e+00 3.758193e+01 3.910000e+02
    endloop
  endfacet
  facet normal 7.203986e-02 9.974018e-01 4.478897e-17
    outer loop
      vertex   1.257533e+00 3.758193e+01 3.910000e+02
      vertex   4.199050e-01 3.764243e+01 3.960000e+02
      vertex   1.257533e+00 3.758193e+01 3.960000e+02
    endloop
  endfacet
  facet normal 1.437054e-01 9.896205e-01 8.934520e-17
    outer loop
      vertex   1.257533e+00 3.758193e+01 3.910000e+02
      vertex   1.257533e+00 3.758193e+01 3.960000e+02
      vertex   2.088626e+00 3.746125e+01 3.910000e+02
    endloop
  endfacet
  facet normal 1.437054e-01 9.896205e-01 2.297448e-16
    outer loop
      vertex   2.088626e+00 3.746125e+01 3.910000e+02
      vertex   1.257533e+00 3.758193e+01 3.960000e+02
      vertex   2.088626e+00 3.746125e+01 3.960000e+02
    endloop
  endfacet
  facet normal 2.146241e-01 9.766967e-01 3.431241e-16
    outer loop
      vertex   2.088626e+00 3.746125e+01 3.910000e+02
      vertex   2.088626e+00 3.746125e+01 3.960000e+02
      vertex   2.908866e+00 3.728100e+01 3.910000e+02
    endloop
  endfacet
  facet normal 2.146241e-01 9.766967e-01 3.431241e-16
    outer loop
      vertex   2.908866e+00 3.728100e+01 3.910000e+02
      vertex   2.088626e+00 3.746125e+01 3.960000e+02
      vertex   2.908866e+00 3.728100e+01 3.960000e+02
    endloop
  endfacet
  facet normal 2.844276e-01 9.586975e-01 4.547204e-16
    outer loop
      vertex   2.908866e+00 3.728100e+01 3.910000e+02
      vertex   2.908866e+00 3.728100e+01 3.960000e+02
      vertex   3.713990e+00 3.704214e+01 3.910000e+02
    endloop
  endfacet
  facet normal 2.844276e-01 9.586975e-01 1.768357e-16
    outer loop
      vertex   3.713990e+00 3.704214e+01 3.910000e+02
      vertex   2.908866e+00 3.728100e+01 3.960000e+02
      vertex   3.713990e+00 3.704214e+01 3.960000e+02
    endloop
  endfacet
  facet normal 3.527530e-01 9.357165e-01 2.193153e-16
    outer loop
      vertex   3.713990e+00 3.704214e+01 3.910000e+02
      vertex   3.713990e+00 3.704214e+01 3.960000e+02
      vertex   4.499814e+00 3.674589e+01 3.910000e+02
    endloop
  endfacet
  facet normal 3.527530e-01 9.357165e-01 5.012921e-16
    outer loop
      vertex   4.499814e+00 3.674589e+01 3.910000e+02
      vertex   3.713990e+00 3.704214e+01 3.960000e+02
      vertex   4.499814e+00 3.674589e+01 3.960000e+02
    endloop
  endfacet
  facet normal 4.192453e-01 9.078730e-01 5.957834e-16
    outer loop
      vertex   4.499814e+00 3.674589e+01 3.910000e+02
      vertex   4.499814e+00 3.674589e+01 3.960000e+02
      vertex   5.262255e+00 3.639380e+01 3.910000e+02
    endloop
  endfacet
  facet normal 4.192453e-01 9.078730e-01 -9.922734e-16
    outer loop
      vertex   5.262255e+00 3.639380e+01 3.910000e+02
      vertex   4.499814e+00 3.674589e+01 3.960000e+02
      vertex   5.262255e+00 3.639380e+01 3.960000e+02
    endloop
  endfacet
  facet normal 4.835591e-01 8.753117e-01 -9.003034e-16
    outer loop
      vertex   5.262255e+00 3.639380e+01 3.910000e+02
      vertex   5.262255e+00 3.639380e+01 3.960000e+02
      vertex   5.997350e+00 3.598771e+01 3.910000e+02
    endloop
  endfacet
  facet normal 4.835591e-01 8.753117e-01 1.202563e-15
    outer loop
      vertex   5.997350e+00 3.598771e+01 3.910000e+02
      vertex   5.262255e+00 3.639380e+01 3.960000e+02
      vertex   5.997350e+00 3.598771e+01 3.960000e+02
    endloop
  endfacet
  facet normal 5.453600e-01 8.382019e-01 1.356256e-15
    outer loop
      vertex   5.997350e+00 3.598771e+01 3.910000e+02
      vertex   5.997350e+00 3.598771e+01 3.960000e+02
      vertex   6.701281e+00 3.552971e+01 3.910000e+02
    endloop
  endfacet
  facet normal 5.453600e-01 8.382019e-01 -1.937508e-16
    outer loop
      vertex   6.701281e+00 3.552971e+01 3.910000e+02
      vertex   5.997350e+00 3.598771e+01 3.960000e+02
      vertex   6.701281e+00 3.552971e+01 3.960000e+02
    endloop
  endfacet
  facet normal 7.071068e-01 -7.071068e-01 -2.512148e-16
    outer loop
      vertex   6.701281e+00 3.552971e+01 3.960000e+02
      vertex   5.303301e+00 3.413173e+01 3.960000e+02
      vertex   6.701281e+00 3.552971e+01 3.910000e+02
    endloop
  endfacet
  facet normal 7.071068e-01 -7.071068e-01 1.422451e-18
    outer loop
      vertex   6.701281e+00 3.552971e+01 3.910000e+02
      vertex   5.303301e+00 3.413173e+01 3.960000e+02
      vertex   5.303301e+00 3.413173e+01 3.910000e+02
    endloop
  endfacet
  facet normal 7.071068e-01 7.071068e-01 0.000000e+00
    outer loop
      vertex   5.303301e+00 3.413173e+01 3.960000e+02
      vertex   8.131728e+00 3.130330e+01 3.960000e+02
      vertex   5.303301e+00 3.413173e+01 3.910000e+02
    endloop
  endfacet
  facet normal 7.071068e-01 7.071068e-01 -4.354287e-17
    outer loop
      vertex   5.303301e+00 3.413173e+01 3.910000e+02
      vertex   8.131728e+00 3.130330e+01 3.960000e+02
      vertex   8.131728e+00 3.130330e+01 3.910000e+02
    endloop
  endfacet
  facet normal -7.071068e-01 7.071068e-01 0.000000e+00
    outer loop
      vertex   8.131728e+00 3.130330e+01 3.960000e+02
      vertex   9.529708e+00 3.270128e+01 3.960000e+02
      vertex   8.131728e+00 3.130330e+01 3.910000e+02
    endloop
  endfacet
  facet normal -7.071068e-01 7.071068e-01 -4.977488e-18
    outer loop
      vertex   8.131728e+00 3.130330e+01 3.910000e+02
      vertex   9.529708e+00 3.270128e+01 3.960000e+02
      vertex   9.529708e+00 3.270128e+01 3.910000e+02
    endloop
  endfacet
  facet normal 8.364238e-01 5.480832e-01 -0.000000e+00
    outer loop
      vertex   9.529708e+00 3.270128e+01 3.910000e+02
      vertex   9.529708e+00 3.270128e+01 3.960000e+02
      vertex   9.948485e+00 3.206219e+01 3.910000e+02
    endloop
  endfacet
  facet normal 8.364238e-01 5.480832e-01 -4.817156e-16
    outer loop
      vertex   9.948485e+00 3.206219e+01 3.910000e+02
      vertex   9.529708e+00 3.270128e+01 3.960000e+02
      vertex   9.948485e+00 3.206219e+01 3.960000e+02
    endloop
  endfacet
  facet normal 8.705521e-01 4.920763e-01 -3.900002e-16
    outer loop
      vertex   9.948485e+00 3.206219e+01 3.910000e+02
      vertex   9.948485e+00 3.206219e+01 3.960000e+02
      vertex   1.032447e+01 3.139702e+01 3.910000e+02
    endloop
  endfacet
  facet normal 8.705521e-01 4.920763e-01 -0.000000e+00
    outer loop
      vertex   1.032447e+01 3.139702e+01 3.910000e+02
      vertex   9.948485e+00 3.206219e+01 3.960000e+02
      vertex   1.032447e+01 3.139702e+01 3.960000e+02
    endloop
  endfacet
  facet normal 9.009357e-01 4.339527e-01 -0.000000e+00
    outer loop
      vertex   1.032447e+01 3.139702e+01 3.910000e+02
      vertex   1.032447e+01 3.139702e+01 3.960000e+02
      vertex   1.065604e+01 3.070864e+01 3.910000e+02
    endloop
  endfacet
  facet normal 9.009357e-01 4.339527e-01 3.200766e-16
    outer loop
      vertex   1.065604e+01 3.070864e+01 3.910000e+02
      vertex   1.032447e+01 3.139702e+01 3.960000e+02
      vertex   1.065604e+01 3.070864e+01 3.960000e+02
    endloop
  endfacet
  facet normal 9.274439e-01 3.739624e-01 3.294942e-16
    outer loop
      vertex   1.065604e+01 3.070864e+01 3.910000e+02
      vertex   1.065604e+01 3.070864e+01 3.960000e+02
      vertex   1.094178e+01 3.000000e+01 3.910000e+02
    endloop
  endfacet
  facet normal 9.274439e-01 3.739624e-01 -0.000000e+00
    outer loop
      vertex   1.094178e+01 3.000000e+01 3.910000e+02
      vertex   1.065604e+01 3.070864e+01 3.960000e+02
      vertex   1.094178e+01 3.000000e+01 3.960000e+02
    endloop
  endfacet
  facet normal -7.071068e-01 -7.071068e-01 -2.512148e-16
    outer loop
      vertex   9.529708e+00 1.929872e+01 3.960000e+02
      vertex   8.131728e+00 2.069670e+01 3.960000e+02
      vertex   9.529708e+00 1.929872e+01 3.910000e+02
    endloop
  endfacet
  facet normal -7.071068e-01 -7.071068e-01 -4.946856e-16
    outer loop
      vertex   9.529708e+00 1.929872e+01 3.910000e+02
      vertex   8.131728e+00 2.069670e+01 3.960000e+02
      vertex   8.131728e+00 2.069670e+01 3.910000e+02
    endloop
  endfacet
  facet normal 7.071068e-01 7.071068e-01 0.000000e+00
    outer loop
      vertex   -9.529708e+00 3.270128e+01 3.960000e+02
      vertex   -8.131728e+00 3.130330e+01 3.960000e+02
      vertex   -9.529708e+00 3.270128e+01 3.910000e+02
    endloop
  endfacet
  facet normal 7.071068e-01 7.071068e-01 7.743977e-18
    outer loop
      vertex   -9.529708e+00 3.270128e+01 3.910000e+02
      vertex   -8.131728e+00 3.130330e+01 3.960000e+02
      vertex   -8.131728e+00 3.130330e+01 3.910000e+02
    endloop
  endfacet
  facet normal 9.274439e-01 -3.739624e-01 -3.294943e-16
    outer loop
      vertex   1.094178e+01 2.200000e+01 3.910000e+02
      vertex   1.094178e+01 2.200000e+01 3.960000e+02
      vertex   1.065604e+01 2.129136e+01 3.910000e+02
    endloop
  endfacet
  facet normal 9.274439e-01 -3.739624e-01 0.000000e+00
    outer loop
      vertex   1.065604e+01 2.129136e+01 3.910000e+02
      vertex   1.094178e+01 2.200000e+01 3.960000e+02
      vertex   1.065604e+01 2.129136e+01 3.960000e+02
    endloop
  endfacet
  facet normal 9.009357e-01 -4.339527e-01 0.000000e+00
    outer loop
      vertex   1.065604e+01 2.129136e+01 3.910000e+02
      vertex   1.065604e+01 2.129136e+01 3.960000e+02
      vertex   1.032447e+01 2.060298e+01 3.910000e+02
    endloop
  endfacet
  facet normal 9.009357e-01 -4.339527e-01 0.000000e+00
    outer loop
      vertex   1.032447e+01 2.060298e+01 3.910000e+02
      vertex   1.065604e+01 2.129136e+01 3.960000e+02
      vertex   1.032447e+01 2.060298e+01 3.960000e+02
    endloop
  endfacet
  facet normal 8.705521e-01 -4.920763e-01 0.000000e+00
    outer loop
      vertex   1.032447e+01 2.060298e+01 3.910000e+02
      vertex   1.032447e+01 2.060298e+01 3.960000e+02
      vertex   9.948485e+00 1.993781e+01 3.910000e+02
    endloop
  endfacet
  facet normal 8.705521e-01 -4.920763e-01 0.000000e+00
    outer loop
      vertex   9.948485e+00 1.993781e+01 3.910000e+02
      vertex   1.032447e+01 2.060298e+01 3.960000e+02
      vertex   9.948485e+00 1.993781e+01 3.960000e+02
    endloop
  endfacet
  facet normal 8.364238e-01 -5.480832e-01 0.000000e+00
    outer loop
      vertex   9.948485e+00 1.993781e+01 3.910000e+02
      vertex   9.948485e+00 1.993781e+01 3.960000e+02
      vertex   9.529708e+00 1.929872e+01 3.910000e+02
    endloop
  endfacet
  facet normal 8.364238e-01 -5.480832e-01 2.971574e-16
    outer loop
      vertex   9.529708e+00 1.929872e+01 3.910000e+02
      vertex   9.948485e+00 1.993781e+01 3.960000e+02
      vertex   9.529708e+00 1.929872e+01 3.960000e+02
    endloop
  endfacet
  facet normal -9.274439e-01 3.739624e-01 -1.783189e-08
    outer loop
      vertex   -1.094178e+01 3.000000e+01 3.910000e+02
      vertex   -1.094178e+01 3.000000e+01 3.960000e+02
      vertex   -1.065604e+01 3.070864e+01 3.910000e+02
    endloop
  endfacet
  facet normal -9.274438e-01 3.739625e-01 1.101468e-09
    outer loop
      vertex   -1.065604e+01 3.070864e+01 3.910000e+02
      vertex   -1.094178e+01 3.000000e+01 3.960000e+02
      vertex   -1.065604e+01 3.070864e+01 3.960000e+02
    endloop
  endfacet
  facet normal -9.009357e-01 4.339527e-01 -1.101472e-09
    outer loop
      vertex   -1.065604e+01 3.070864e+01 3.910000e+02
      vertex   -1.065604e+01 3.070864e+01 3.960000e+02
      vertex   -1.032447e+01 3.139702e+01 3.910000e+02
    endloop
  endfacet
  facet normal -9.009357e-01 4.339527e-01 7.343149e-10
    outer loop
      vertex   -1.032447e+01 3.139702e+01 3.910000e+02
      vertex   -1.065604e+01 3.070864e+01 3.960000e+02
      vertex   -1.032447e+01 3.139702e+01 3.960000e+02
    endloop
  endfacet
  facet normal -8.705521e-01 4.920763e-01 -7.343143e-10
    outer loop
      vertex   -1.032447e+01 3.139702e+01 3.910000e+02
      vertex   -1.032447e+01 3.139702e+01 3.960000e+02
      vertex   -9.948485e+00 3.206219e+01 3.910000e+02
    endloop
  endfacet
  facet normal -8.705521e-01 4.920763e-01 3.671569e-10
    outer loop
      vertex   -9.948485e+00 3.206219e+01 3.910000e+02
      vertex   -1.032447e+01 3.139702e+01 3.960000e+02
      vertex   -9.948485e+00 3.206219e+01 3.960000e+02
    endloop
  endfacet
  facet normal -8.364238e-01 5.480832e-01 -3.671578e-10
    outer loop
      vertex   -9.948485e+00 3.206219e+01 3.910000e+02
      vertex   -9.948485e+00 3.206219e+01 3.960000e+02
      vertex   -9.529708e+00 3.270128e+01 3.910000e+02
    endloop
  endfacet
  facet normal -8.364238e-01 5.480832e-01 0.000000e+00
    outer loop
      vertex   -9.529708e+00 3.270128e+01 3.910000e+02
      vertex   -9.948485e+00 3.206219e+01 3.960000e+02
      vertex   -9.529708e+00 3.270128e+01 3.960000e+02
    endloop
  endfacet
  facet normal 0.000000e+00 0.000000e+00 -1.000000e+00
    outer loop
      vertex   9.529708e+00 1.929872e+01 3.910000e+02
      vertex   8.131728e+00 2.069670e+01 3.910000e+02
      vertex   9.948485e+00 1.993781e+01 3.910000e+02
    endloop
  endfacet
  facet normal 0.000000e+00 0.000000e+00 -1.000000e+00
    outer loop
      vertex   9.948485e+00 1.993781e+01 3.910000e+02
      vertex   8.131728e+00 2.069670e+01 3.910000e+02
      vertex   1.032447e+01 2.060298e+01 3.910000e+02
    endloop
  endfacet
  facet normal 0.000000e+00 0.000000e+00 -1.000000e+00
    outer loop
      vertex   1.032447e+01 2.060298e+01 3.910000e+02
      vertex   8.131728e+00 2.069670e+01 3.910000e+02
      vertex   8.186688e+00 2.226127e+01 3.910000e+02
    endloop
  endfacet
  facet normal 0.000000e+00 0.000000e+00 -1.000000e+00
    outer loop
      vertex   1.032447e+01 2.060298e+01 3.910000e+02
      vertex   8.186688e+00 2.226127e+01 3.910000e+02
      vertex   1.065604e+01 2.129136e+01 3.910000e+02
    endloop
  endfacet
  facet normal 0.000000e+00 0.000000e+00 -1.000000e+00
    outer loop
      vertex   1.065604e+01 2.129136e+01 3.910000e+02
      vertex   8.186688e+00 2.226127e+01 3.910000e+02
      vertex   8.464189e+00 2.294100e+01 3.910000e+02
    endloop
  endfacet
  facet normal 0.000000e+00 0.000000e+00 -1.000000e+00
    outer loop
      vertex   1.065604e+01 2.129136e+01 3.910000e+02
      vertex   8.464189e+00 2.294100e+01 3.910000e+02
      vertex   1.091935e+01 2.200000e+01 3.910000e+02
    endloop
  endfacet
  facet normal 0.000000e+00 0.000000e+00 -1.000000e+00
    outer loop
      vertex   1.091935e+01 2.200000e+01 3.910000e+02
      vertex   8.464189e+00 2.294100e+01 3.910000e+02
      vertex   8.685362e+00 2.364109e+01 3.910000e+02
    endloop
  endfacet
  facet normal 0.000000e+00 0.000000e+00 -1.000000e+00
    outer loop
      vertex   1.091935e+01 2.200000e+01 3.910000e+02
      vertex   8.685362e+00 2.364109e+01 3.910000e+02
      vertex   8.848736e+00 2.435687e+01 3.910000e+02
    endloop
  endfacet
  facet normal 0.000000e+00 0.000000e+00 -1.000000e+00
    outer loop
      vertex   5.303301e+00 1.786827e+01 3.910000e+02
      vertex   6.555688e+00 1.983372e+01 3.910000e+02
      vertex   8.131728e+00 2.069670e+01 3.910000e+02
    endloop
  endfacet
  facet normal 0.000000e+00 0.000000e+00 -1.000000e+00
    outer loop
      vertex   8.131728e+00 2.069670e+01 3.910000e+02
      vertex   6.555688e+00 1.983372e+01 3.910000e+02
      vertex   7.036483e+00 2.038859e+01 3.910000e+02
    endloop
  endfacet
  facet normal -0.000000e+00 0.000000e+00 -1.000000e+00
    outer loop
      vertex   8.131728e+00 2.069670e+01 3.910000e+02
      vertex   7.036483e+00 2.038859e+01 3.910000e+02
      vertex   7.470452e+00 2.098080e+01 3.910000e+02
    endloop
  endfacet
  facet normal -0.000000e+00 0.000000e+00 -1.000000e+00
    outer loop
      vertex   6.701281e+00 1.647029e+01 3.910000e+02
      vertex   5.997350e+00 1.601229e+01 3.910000e+02
      vertex   5.303301e+00 1.786827e+01 3.910000e+02
    endloop
  endfacet
  facet normal 0.000000e+00 -0.000000e+00 -1.000000e+00
    outer loop
      vertex   5.303301e+00 1.786827e+01 3.910000e+02
      vertex   5.997350e+00 1.601229e+01 3.910000e+02
      vertex   5.262255e+00 1.560620e+01 3.910000e+02
    endloop
  endfacet
  facet normal -0.000000e+00 0.000000e+00 -1.000000e+00
    outer loop
      vertex   5.303301e+00 1.786827e+01 3.910000e+02
      vertex   5.262255e+00 1.560620e+01 3.910000e+02
      vertex   4.232447e+00 1.805731e+01 3.910000e+02
    endloop
  endfacet
  facet normal 0.000000e+00 -0.000000e+00 -1.000000e+00
    outer loop
      vertex   4.232447e+00 1.805731e+01 3.910000e+02
      vertex   5.262255e+00 1.560620e+01 3.910000e+02
      vertex   3.570961e+00 1.773875e+01 3.910000e+02
    endloop
  endfacet
  facet normal 0.000000e+00 0.000000e+00 -1.000000e+00
    outer loop
      vertex   3.570961e+00 1.773875e+01 3.910000e+02
      vertex   5.262255e+00 1.560620e+01 3.910000e+02
      vertex   4.499814e+00 1.525411e+01 3.910000e+02
    endloop
  endfacet
  facet normal 0.000000e+00 0.000000e+00 -1.000000e+00
    outer loop
      vertex   3.570961e+00 1.773875e+01 3.910000e+02
      vertex   4.499814e+00 1.525411e+01 3.910000e+02
      vertex   3.713990e+00 1.495786e+01 3.910000e+02
    endloop
  endfacet
  facet normal 0.000000e+00 -0.000000e+00 -1.000000e+00
    outer loop
      vertex   3.570961e+00 1.773875e+01 3.910000e+02
      vertex   3.713990e+00 1.495786e+01 3.910000e+02
      vertex   2.885710e+00 1.747517e+01 3.910000e+02
    endloop
  endfacet
  facet normal 0.000000e+00 0.000000e+00 -1.000000e+00
    outer loop
      vertex   2.885710e+00 1.747517e+01 3.910000e+02
      vertex   3.713990e+00 1.495786e+01 3.910000e+02
      vertex   2.908866e+00 1.471900e+01 3.910000e+02
    endloop
  endfacet
  facet normal 0.000000e+00 -0.000000e+00 -1.000000e+00
    outer loop
      vertex   2.885710e+00 1.747517e+01 3.910000e+02
      vertex   2.908866e+00 1.471900e+01 3.910000e+02
      vertex   2.181256e+00 1.726833e+01 3.910000e+02
    endloop
  endfacet
  facet normal 0.000000e+00 -0.000000e+00 -1.000000e+00
    outer loop
      vertex   2.181256e+00 1.726833e+01 3.910000e+02
      vertex   2.908866e+00 1.471900e+01 3.910000e+02
      vertex   2.088626e+00 1.453876e+01 3.910000e+02
    endloop
  endfacet
  facet normal 0.000000e+00 0.000000e+00 -1.000000e+00
    outer loop
      vertex   2.181256e+00 1.726833e+01 3.910000e+02
      vertex   2.088626e+00 1.453876e+01 3.910000e+02
      vertex   1.462285e+00 1.711959e+01 3.910000e+02
    endloop
  endfacet
  facet normal 0.000000e+00 -0.000000e+00 -1.000000e+00
    outer loop
      vertex   1.462285e+00 1.711959e+01 3.910000e+02
      vertex   2.088626e+00 1.453876e+01 3.910000e+02
      vertex   1.257533e+00 1.441807e+01 3.910000e+02
    endloop
  endfacet
  facet normal 0.000000e+00 0.000000e+00 -1.000000e+00
    outer loop
      vertex   1.462285e+00 1.711959e+01 3.910000e+02
      vertex   1.257533e+00 1.441807e+01 3.910000e+02
      vertex   7.335836e-01 1.702995e+01 3.910000e+02
    endloop
  endfacet
  facet normal 0.000000e+00 -0.000000e+00 -1.000000e+00
    outer loop
      vertex   7.335836e-01 1.702995e+01 3.910000e+02
      vertex   1.257533e+00 1.441807e+01 3.910000e+02
      vertex   4.199050e-01 1.435757e+01 3.910000e+02
    endloop
  endfacet
  facet normal 0.000000e+00 0.000000e+00 -1.000000e+00
    outer loop
      vertex   7.335836e-01 1.702995e+01 3.910000e+02
      vertex   4.199050e-01 1.435757e+01 3.910000e+02
      vertex   -1.809344e-15 1.700000e+01 3.910000e+02
    endloop
  endfacet
  facet normal 0.000000e+00 -0.000000e+00 -1.000000e+00
    outer loop
      vertex   -1.809344e-15 1.700000e+01 3.910000e+02
      vertex   4.199050e-01 1.435757e+01 3.910000e+02
      vertex   -4.199050e-01 1.435757e+01 3.910000e+02
    endloop
  endfacet
  facet normal -0.000000e+00 0.000000e+00 -1.000000e+00
    outer loop
      vertex   -1.809344e-15 1.700000e+01 3.910000e+02
      vertex   -4.199050e-01 1.435757e+01 3.910000e+02
      vertex   -7.335836e-01 1.702995e+01 3.910000e+02
    endloop
  endfacet
  facet normal 0.000000e+00 -0.000000e+00 -1.000000e+00
    outer loop
      vertex   -7.335836e-01 1.702995e+01 3.910000e+02
      vertex   -4.199050e-01 1.435757e+01 3.910000e+02
      vertex   -1.257533e+00 1.441807e+01 3.910000e+02
    endloop
  endfacet
  facet normal -0.000000e+00 0.000000e+00 -1.000000e+00
    outer loop
      vertex   -7.335836e-01 1.702995e+01 3.910000e+02
      vertex   -1.257533e+00 1.441807e+01 3.910000e+02
      vertex   -1.462285e+00 1.711959e+01 3.910000e+02
    endloop
  endfacet
  facet normal 0.000000e+00 -0.000000e+00 -1.000000e+00
    outer loop
      vertex   -1.462285e+00 1.711959e+01 3.910000e+02
      vertex   -1.257533e+00 1.441807e+01 3.910000e+02
      vertex   -2.088626e+00 1.453876e+01 3.910000e+02
    endloop
  endfacet
  facet normal -0.000000e+00 0.000000e+00 -1.000000e+00
    outer loop
      vertex   -1.462285e+00 1.711959e+01 3.910000e+02
      vertex   -2.088626e+00 1.453876e+01 3.910000e+02
      vertex   -2.181256e+00 1.726833e+01 3.910000e+02
    endloop
  endfacet
  facet normal 0.000000e+00 -0.000000e+00 -1.000000e+00
    outer loop
      vertex   -2.181256e+00 1.726833e+01 3.910000e+02
      vertex   -2.088626e+00 1.453876e+01 3.910000e+02
      vertex   -2.908866e+00 1.471900e+01 3.910000e+02
    endloop
  endfacet
  facet normal -0.000000e+00 0.000000e+00 -1.000000e+00
    outer loop
      vertex   -2.181256e+00 1.726833e+01 3.910000e+02
      vertex   -2.908866e+00 1.471900e+01 3.910000e+02
      vertex   -2.885710e+00 1.747517e+01 3.910000e+02
    endloop
  endfacet
  facet normal 0.000000e+00 0.000000e+00 -1.000000e+00
    outer loop
      vertex   -2.885710e+00 1.747517e+01 3.910000e+02
      vertex   -2.908866e+00 1.471900e+01 3.910000e+02
      vertex   -3.713990e+00 1.495786e+01 3.910000e+02
    endloop
  endfacet
  facet normal -0.000000e+00 0.000000e+00 -1.000000e+00
    outer loop
      vertex   -2.885710e+00 1.747517e+01 3.910000e+02
      vertex   -3.713990e+00 1.495786e+01 3.910000e+02
      vertex   -3.570961e+00 1.773875e+01 3.910000e+02
    endloop
  endfacet
  facet normal 0.000000e+00 0.000000e+00 -1.000000e+00
    outer loop
      vertex   -3.570961e+00 1.773875e+01 3.910000e+02
      vertex   -3.713990e+00 1.495786e+01 3.910000e+02
      vertex   -4.499814e+00 1.525411e+01 3.910000e+02
    endloop
  endfacet
  facet normal 0.000000e+00 0.000000e+00 -1.000000e+00
    outer loop
      vertex   -3.570961e+00 1.773875e+01 3.910000e+02
      vertex   -4.499814e+00 1.525411e+01 3.910000e+02
      vertex   -5.262255e+00 1.560620e+01 3.910000e+02
    endloop
  endfacet
  facet normal 0.000000e+00 0.000000e+00 -1.000000e+00
    outer loop
      vertex   -5.997350e+00 1.601229e+01 3.910000e+02
      vertex   -5.303301e+00 1.786827e+01 3.910000e+02
      vertex   -5.262255e+00 1.560620e+01 3.910000e+02
    endloop
  endfacet
  facet normal 0.000000e+00 0.000000e+00 -1.000000e+00
    outer loop
      vertex   -5.262255e+00 1.560620e+01 3.910000e+02
      vertex   -5.303301e+00 1.786827e+01 3.910000e+02
      vertex   -4.232447e+00 1.805731e+01 3.910000e+02
    endloop
  endfacet
  facet normal 0.000000e+00 0.000000e+00 -1.000000e+00
    outer loop
      vertex   -5.262255e+00 1.560620e+01 3.910000e+02
      vertex   -4.232447e+00 1.805731e+01 3.910000e+02
      vertex   -3.570961e+00 1.773875e+01 3.910000e+02
    endloop
  endfacet
  facet normal 0.000000e+00 0.000000e+00 -1.000000e+00
    outer loop
      vertex   -5.997350e+00 1.601229e+01 3.910000e+02
      vertex   -6.701281e+00 1.647029e+01 3.910000e+02
      vertex   -5.303301e+00 1.786827e+01 3.910000e+02
    endloop
  endfacet
  facet normal 0.000000e+00 0.000000e+00 -1.000000e+00
    outer loop
      vertex   -8.131728e+00 2.069670e+01 3.910000e+02
      vertex   -6.555688e+00 1.983372e+01 3.910000e+02
      vertex   -5.303301e+00 1.786827e+01 3.910000e+02
    endloop
  endfacet
  facet normal 0.000000e+00 0.000000e+00 -1.000000e+00
    outer loop
      vertex   -5.303301e+00 1.786827e+01 3.910000e+02
      vertex   -6.555688e+00 1.983372e+01 3.910000e+02
      vertex   -6.031266e+00 1.931989e+01 3.910000e+02
    endloop
  endfacet
  facet normal 0.000000e+00 0.000000e+00 -1.000000e+00
    outer loop
      vertex   -5.303301e+00 1.786827e+01 3.910000e+02
      vertex   -6.031266e+00 1.931989e+01 3.910000e+02
      vertex   -5.466707e+00 1.885052e+01 3.910000e+02
    endloop
  endfacet
  facet normal 0.000000e+00 0.000000e+00 -1.000000e+00
    outer loop
      vertex   -9.529708e+00 1.929872e+01 3.910000e+02
      vertex   -9.948485e+00 1.993781e+01 3.910000e+02
      vertex   -8.131728e+00 2.069670e+01 3.910000e+02
    endloop
  endfacet
  facet normal 0.000000e+00 0.000000e+00 -1.000000e+00
    outer loop
      vertex   -8.131728e+00 2.069670e+01 3.910000e+02
      vertex   -9.948485e+00 1.993781e+01 3.910000e+02
      vertex   -1.032447e+01 2.060298e+01 3.910000e+02
    endloop
  endfacet
  facet normal -0.000000e+00 0.000000e+00 -1.000000e+00
    outer loop
      vertex   -8.131728e+00 2.069670e+01 3.910000e+02
      vertex   -1.032447e+01 2.060298e+01 3.910000e+02
      vertex   -8.186688e+00 2.226127e+01 3.910000e+02
    endloop
  endfacet
  facet normal 0.000000e+00 0.000000e+00 -1.000000e+00
    outer loop
      vertex   -8.186688e+00 2.226127e+01 3.910000e+02
      vertex   -1.032447e+01 2.060298e+01 3.910000e+02
      vertex   -1.065604e+01 2.129136e+01 3.910000e+02
    endloop
  endfacet
  facet normal -0.000000e+00 0.000000e+00 -1.000000e+00
    outer loop
      vertex   -8.186688e+00 2.226127e+01 3.910000e+02
      vertex   -1.065604e+01 2.129136e+01 3.910000e+02
      vertex   -8.464189e+00 2.294100e+01 3.910000e+02
    endloop
  endfacet
  facet normal 0.000000e+00 0.000000e+00 -1.000000e+00
    outer loop
      vertex   -8.464189e+00 2.294100e+01 3.910000e+02
      vertex   -1.065604e+01 2.129136e+01 3.910000e+02
      vertex   -1.094178e+01 2.200000e+01 3.910000e+02
    endloop
  endfacet
  facet normal -0.000000e+00 0.000000e+00 -1.000000e+00
    outer loop
      vertex   -8.464189e+00 2.294100e+01 3.910000e+02
      vertex   -1.094178e+01 2.200000e+01 3.910000e+02
      vertex   -8.685362e+00 2.364109e+01 3.910000e+02
    endloop
  endfacet
  facet normal -0.000000e+00 0.000000e+00 -1.000000e+00
    outer loop
      vertex   -8.685362e+00 2.364109e+01 3.910000e+02
      vertex   -1.094178e+01 2.200000e+01 3.910000e+02
      vertex   -8.848736e+00 2.435687e+01 3.910000e+02
    endloop
  endfacet
  facet normal -0.000000e+00 0.000000e+00 -1.000000e+00
    outer loop
      vertex   -8.848736e+00 2.435687e+01 3.910000e+02
      vertex   -1.094178e+01 2.200000e+01 3.910000e+02
      vertex   -8.953223e+00 2.508359e+01 3.910000e+02
    endloop
  endfacet
  facet normal -0.000000e+00 0.000000e+00 -1.000000e+00
    outer loop
      vertex   -8.953223e+00 2.508359e+01 3.910000e+02
      vertex   -1.094178e+01 2.200000e+01 3.910000e+02
      vertex   -8.998127e+00 2.581641e+01 3.910000e+02
    endloop
  endfacet
  facet normal -0.000000e+00 0.000000e+00 -1.000000e+00
    outer loop
      vertex   -8.998127e+00 2.581641e+01 3.910000e+02
      vertex   -1.094178e+01 2.200000e+01 3.910000e+02
      vertex   -1.094178e+01 3.000000e+01 3.910000e+02
    endloop
  endfacet
  facet normal 0.000000e+00 0.000000e+00 -1.000000e+00
    outer loop
      vertex   -8.998127e+00 2.581641e+01 3.910000e+02
      vertex   -1.094178e+01 3.000000e+01 3.910000e+02
      vertex   -8.983151e+00 2.655046e+01 3.910000e+02
    endloop
  endfacet
  facet normal 0.000000e+00 0.000000e+00 -1.000000e+00
    outer loop
      vertex   -8.983151e+00 2.655046e+01 3.910000e+02
      vertex   -1.094178e+01 3.000000e+01 3.910000e+02
      vertex   -8.908393e+00 2.728083e+01 3.910000e+02
    endloop
  endfacet
  facet normal 0.000000e+00 0.000000e+00 -1.000000e+00
    outer loop
      vertex   -8.908393e+00 2.728083e+01 3.910000e+02
      vertex   -1.094178e+01 3.000000e+01 3.910000e+02
      vertex   -8.774351e+00 2.800269e+01 3.910000e+02
    endloop
  endfacet
  facet normal 0.000000e+00 0.000000e+00 -1.000000e+00
    outer loop
      vertex   -8.774351e+00 2.800269e+01 3.910000e+02
      vertex   -1.094178e+01 3.000000e+01 3.910000e+02
      vertex   -8.581918e+00 2.871122e+01 3.910000e+02
    endloop
  endfacet
  facet normal 0.000000e+00 0.000000e+00 -1.000000e+00
    outer loop
      vertex   -8.581918e+00 2.871122e+01 3.910000e+02
      vertex   -1.094178e+01 3.000000e+01 3.910000e+02
      vertex   -8.332373e+00 2.940170e+01 3.910000e+02
    endloop
  endfacet
  facet normal 0.000000e+00 0.000000e+00 -1.000000e+00
    outer loop
      vertex   -8.332373e+00 2.940170e+01 3.910000e+02
      vertex   -1.094178e+01 3.000000e+01 3.910000e+02
      vertex   -1.065604e+01 3.070864e+01 3.910000e+02
    endloop
  endfacet
  facet normal 0.000000e+00 0.000000e+00 -1.000000e+00
    outer loop
      vertex   -8.332373e+00 2.940170e+01 3.910000e+02
      vertex   -1.065604e+01 3.070864e+01 3.910000e+02
      vertex   -8.027377e+00 3.006955e+01 3.910000e+02
    endloop
  endfacet
  facet normal 0.000000e+00 0.000000e+00 -1.000000e+00
    outer loop
      vertex   -8.027377e+00 3.006955e+01 3.910000e+02
      vertex   -1.065604e+01 3.070864e+01 3.910000e+02
      vertex   -1.032447e+01 3.139702e+01 3.910000e+02
    endloop
  endfacet
  facet normal 0.000000e+00 0.000000e+00 -1.000000e+00
    outer loop
      vertex   -8.027377e+00 3.006955e+01 3.910000e+02
      vertex   -1.032447e+01 3.139702e+01 3.910000e+02
      vertex   -8.131728e+00 3.130330e+01 3.910000e+02
    endloop
  endfacet
  facet normal 0.000000e+00 0.000000e+00 -1.000000e+00
    outer loop
      vertex   -8.131728e+00 3.130330e+01 3.910000e+02
      vertex   -1.032447e+01 3.139702e+01 3.910000e+02
      vertex   -9.948485e+00 3.206219e+01 3.910000e+02
    endloop
  endfacet
  facet normal 0.000000e+00 0.000000e+00 -1.000000e+00
    outer loop
      vertex   -8.131728e+00 3.130330e+01 3.910000e+02
      vertex   -9.948485e+00 3.206219e+01 3.910000e+02
      vertex   -9.529708e+00 3.270128e+01 3.910000e+02
    endloop
  endfacet
  facet normal 0.000000e+00 0.000000e+00 -1.000000e+00
    outer loop
      vertex   -5.303301e+00 3.413173e+01 3.910000e+02
      vertex   -6.298719e+00 3.242854e+01 3.910000e+02
      vertex   -8.131728e+00 3.130330e+01 3.910000e+02
    endloop
  endfacet
  facet normal 0.000000e+00 0.000000e+00 -1.000000e+00
    outer loop
      vertex   -8.131728e+00 3.130330e+01 3.910000e+02
      vertex   -6.298719e+00 3.242854e+01 3.910000e+02
      vertex   -6.801746e+00 3.189375e+01 3.910000e+02
    endloop
  endfacet
  facet normal 0.000000e+00 0.000000e+00 -1.000000e+00
    outer loop
      vertex   -8.131728e+00 3.130330e+01 3.910000e+02
      vertex   -6.801746e+00 3.189375e+01 3.910000e+02
      vertex   -7.259509e+00 3.131973e+01 3.910000e+02
    endloop
  endfacet
  facet normal 0.000000e+00 0.000000e+00 -1.000000e+00
    outer loop
      vertex   -6.701281e+00 3.552971e+01 3.910000e+02
      vertex   -5.997350e+00 3.598771e+01 3.910000e+02
      vertex   -5.303301e+00 3.413173e+01 3.910000e+02
    endloop
  endfacet
  facet normal 0.000000e+00 0.000000e+00 -1.000000e+00
    outer loop
      vertex   -5.303301e+00 3.413173e+01 3.910000e+02
      vertex   -5.997350e+00 3.598771e+01 3.910000e+02
      vertex   -5.262255e+00 3.639380e+01 3.910000e+02
    endloop
  endfacet
  facet normal 0.000000e+00 0.000000e+00 -1.000000e+00
    outer loop
      vertex   -5.303301e+00 3.413173e+01 3.910000e+02
      vertex   -5.262255e+00 3.639380e+01 3.910000e+02
      vertex   -3.904954e+00 3.410872e+01 3.910000e+02
    endloop
  endfacet
  facet normal 0.000000e+00 0.000000e+00 -1.000000e+00
    outer loop
      vertex   -3.904954e+00 3.410872e+01 3.910000e+02
      vertex   -5.262255e+00 3.639380e+01 3.910000e+02
      vertex   -4.499814e+00 3.674589e+01 3.910000e+02
    endloop
  endfacet
  facet normal 0.000000e+00 0.000000e+00 -1.000000e+00
    outer loop
      vertex   -3.904954e+00 3.410872e+01 3.910000e+02
      vertex   -4.499814e+00 3.674589e+01 3.910000e+02
      vertex   -3.231024e+00 3.440003e+01 3.910000e+02
    endloop
  endfacet
  facet normal 0.000000e+00 0.000000e+00 -1.000000e+00
    outer loop
      vertex   -3.231024e+00 3.440003e+01 3.910000e+02
      vertex   -4.499814e+00 3.674589e+01 3.910000e+02
      vertex   -3.713990e+00 3.704214e+01 3.910000e+02
    endloop
  endfacet
  facet normal 0.000000e+00 0.000000e+00 -1.000000e+00
    outer loop
      vertex   -3.231024e+00 3.440003e+01 3.910000e+02
      vertex   -3.713990e+00 3.704214e+01 3.910000e+02
      vertex   -2.535593e+00 3.463544e+01 3.910000e+02
    endloop
  endfacet
  facet normal 0.000000e+00 0.000000e+00 -1.000000e+00
    outer loop
      vertex   -2.535593e+00 3.463544e+01 3.910000e+02
      vertex   -3.713990e+00 3.704214e+01 3.910000e+02
      vertex   -2.908866e+00 3.728100e+01 3.910000e+02
    endloop
  endfacet
  facet normal 0.000000e+00 0.000000e+00 -1.000000e+00
    outer loop
      vertex   -2.535593e+00 3.463544e+01 3.910000e+02
      vertex   -2.908866e+00 3.728100e+01 3.910000e+02
      vertex   -1.823288e+00 3.481338e+01 3.910000e+02
    endloop
  endfacet
  facet normal 0.000000e+00 0.000000e+00 -1.000000e+00
    outer loop
      vertex   -1.823288e+00 3.481338e+01 3.910000e+02
      vertex   -2.908866e+00 3.728100e+01 3.910000e+02
      vertex   -2.088626e+00 3.746125e+01 3.910000e+02
    endloop
  endfacet
  facet normal 0.000000e+00 0.000000e+00 -1.000000e+00
    outer loop
      vertex   -1.823288e+00 3.481338e+01 3.910000e+02
      vertex   -2.088626e+00 3.746125e+01 3.910000e+02
      vertex   -1.098849e+00 3.493267e+01 3.910000e+02
    endloop
  endfacet
  facet normal 0.000000e+00 0.000000e+00 -1.000000e+00
    outer loop
      vertex   -1.098849e+00 3.493267e+01 3.910000e+02
      vertex   -2.088626e+00 3.746125e+01 3.910000e+02
      vertex   -1.257533e+00 3.758193e+01 3.910000e+02
    endloop
  endfacet
  facet normal 0.000000e+00 0.000000e+00 -1.000000e+00
    outer loop
      vertex   -1.098849e+00 3.493267e+01 3.910000e+02
      vertex   -1.257533e+00 3.758193e+01 3.910000e+02
      vertex   -3.670973e-01 3.499251e+01 3.910000e+02
    endloop
  endfacet
  facet normal 0.000000e+00 0.000000e+00 -1.000000e+00
    outer loop
      vertex   -3.670973e-01 3.499251e+01 3.910000e+02
      vertex   -1.257533e+00 3.758193e+01 3.910000e+02
      vertex   -4.199050e-01 3.764243e+01 3.910000e+02
    endloop
  endfacet
  facet normal 0.000000e+00 0.000000e+00 -1.000000e+00
    outer loop
      vertex   -3.670973e-01 3.499251e+01 3.910000e+02
      vertex   -4.199050e-01 3.764243e+01 3.910000e+02
      vertex   4.199050e-01 3.764243e+01 3.910000e+02
    endloop
  endfacet
  facet normal 0.000000e+00 0.000000e+00 -1.000000e+00
    outer loop
      vertex   -3.670973e-01 3.499251e+01 3.910000e+02
      vertex   4.199050e-01 3.764243e+01 3.910000e+02
      vertex   3.670973e-01 3.499251e+01 3.910000e+02
    endloop
  endfacet
  facet normal 0.000000e+00 0.000000e+00 -1.000000e+00
    outer loop
      vertex   3.670973e-01 3.499251e+01 3.910000e+02
      vertex   4.199050e-01 3.764243e+01 3.910000e+02
      vertex   1.257533e+00 3.758193e+01 3.910000e+02
    endloop
  endfacet
  facet normal 0.000000e+00 0.000000e+00 -1.000000e+00
    outer loop
      vertex   3.670973e-01 3.499251e+01 3.910000e+02
      vertex   1.257533e+00 3.758193e+01 3.910000e+02
      vertex   1.098849e+00 3.493267e+01 3.910000e+02
    endloop
  endfacet
  facet normal 0.000000e+00 0.000000e+00 -1.000000e+00
    outer loop
      vertex   1.098849e+00 3.493267e+01 3.910000e+02
      vertex   1.257533e+00 3.758193e+01 3.910000e+02
      vertex   2.088626e+00 3.746125e+01 3.910000e+02
    endloop
  endfacet
  facet normal 0.000000e+00 0.000000e+00 -1.000000e+00
    outer loop
      vertex   1.098849e+00 3.493267e+01 3.910000e+02
      vertex   2.088626e+00 3.746125e+01 3.910000e+02
      vertex   1.823288e+00 3.481338e+01 3.910000e+02
    endloop
  endfacet
  facet normal 0.000000e+00 0.000000e+00 -1.000000e+00
    outer loop
      vertex   1.823288e+00 3.481338e+01 3.910000e+02
      vertex   2.088626e+00 3.746125e+01 3.910000e+02
      vertex   2.908866e+00 3.728100e+01 3.910000e+02
    endloop
  endfacet
  facet normal 0.000000e+00 0.000000e+00 -1.000000e+00
    outer loop
      vertex   1.823288e+00 3.481338e+01 3.910000e+02
      vertex   2.908866e+00 3.728100e+01 3.910000e+02
      vertex   2.535593e+00 3.463544e+01 3.910000e+02
    endloop
  endfacet
  facet normal 0.000000e+00 0.000000e+00 -1.000000e+00
    outer loop
      vertex   2.535593e+00 3.463544e+01 3.910000e+02
      vertex   2.908866e+00 3.728100e+01 3.910000e+02
      vertex   3.713990e+00 3.704214e+01 3.910000e+02
    endloop
  endfacet
  facet normal 0.000000e+00 0.000000e+00 -1.000000e+00
    outer loop
      vertex   2.535593e+00 3.463544e+01 3.910000e+02
      vertex   3.713990e+00 3.704214e+01 3.910000e+02
      vertex   3.231024e+00 3.440003e+01 3.910000e+02
    endloop
  endfacet
  facet normal 0.000000e+00 0.000000e+00 -1.000000e+00
    outer loop
      vertex   3.231024e+00 3.440003e+01 3.910000e+02
      vertex   3.713990e+00 3.704214e+01 3.910000e+02
      vertex   4.499814e+00 3.674589e+01 3.910000e+02
    endloop
  endfacet
  facet normal 0.000000e+00 0.000000e+00 -1.000000e+00
    outer loop
      vertex   3.231024e+00 3.440003e+01 3.910000e+02
      vertex   4.499814e+00 3.674589e+01 3.910000e+02
      vertex   3.904954e+00 3.410872e+01 3.910000e+02
    endloop
  endfacet
  facet normal 0.000000e+00 0.000000e+00 -1.000000e+00
    outer loop
      vertex   3.904954e+00 3.410872e+01 3.910000e+02
      vertex   4.499814e+00 3.674589e+01 3.910000e+02
      vertex   5.262255e+00 3.639380e+01 3.910000e+02
    endloop
  endfacet
  facet normal 0.000000e+00 0.000000e+00 -1.000000e+00
    outer loop
      vertex   3.904954e+00 3.410872e+01 3.910000e+02
      vertex   5.262255e+00 3.639380e+01 3.910000e+02
      vertex   5.303301e+00 3.413173e+01 3.910000e+02
    endloop
  endfacet
  facet normal 0.000000e+00 0.000000e+00 -1.000000e+00
    outer loop
      vertex   5.303301e+00 3.413173e+01 3.910000e+02
      vertex   5.262255e+00 3.639380e+01 3.910000e+02
      vertex   5.997350e+00 3.598771e+01 3.910000e+02
    endloop
  endfacet
  facet normal 0.000000e+00 0.000000e+00 -1.000000e+00
    outer loop
      vertex   5.303301e+00 3.413173e+01 3.910000e+02
      vertex   5.997350e+00 3.598771e+01 3.910000e+02
      vertex   6.701281e+00 3.552971e+01 3.910000e+02
    endloop
  endfacet
  facet normal 0.000000e+00 0.000000e+00 -1.000000e+00
    outer loop
      vertex   8.131728e+00 3.130330e+01 3.910000e+02
      vertex   6.298719e+00 3.242854e+01 3.910000e+02
      vertex   5.303301e+00 3.413173e+01 3.910000e+02
    endloop
  endfacet
  facet normal 0.000000e+00 0.000000e+00 -1.000000e+00
    outer loop
      vertex   5.303301e+00 3.413173e+01 3.910000e+02
      vertex   6.298719e+00 3.242854e+01 3.910000e+02
      vertex   5.753775e+00 3.292056e+01 3.910000e+02
    endloop
  endfacet
  facet normal 0.000000e+00 -0.000000e+00 -1.000000e+00
    outer loop
      vertex   5.303301e+00 3.413173e+01 3.910000e+02
      vertex   5.753775e+00 3.292056e+01 3.910000e+02
      vertex   5.170540e+00 3.336651e+01 3.910000e+02
    endloop
  endfacet
  facet normal 0.000000e+00 -0.000000e+00 -1.000000e+00
    outer loop
      vertex   9.529708e+00 3.270128e+01 3.910000e+02
      vertex   9.948485e+00 3.206219e+01 3.910000e+02
      vertex   8.131728e+00 3.130330e+01 3.910000e+02
    endloop
  endfacet
  facet normal 0.000000e+00 0.000000e+00 -1.000000e+00
    outer loop
      vertex   8.131728e+00 3.130330e+01 3.910000e+02
      vertex   9.948485e+00 3.206219e+01 3.910000e+02
      vertex   1.032447e+01 3.139702e+01 3.910000e+02
    endloop
  endfacet
  facet normal 0.000000e+00 -0.000000e+00 -1.000000e+00
    outer loop
      vertex   8.131728e+00 3.130330e+01 3.910000e+02
      vertex   1.032447e+01 3.139702e+01 3.910000e+02
      vertex   8.027377e+00 3.006955e+01 3.910000e+02
    endloop
  endfacet
  facet normal 0.000000e+00 0.000000e+00 -1.000000e+00
    outer loop
      vertex   8.027377e+00 3.006955e+01 3.910000e+02
      vertex   1.032447e+01 3.139702e+01 3.910000e+02
      vertex   1.065604e+01 3.070864e+01 3.910000e+02
    endloop
  endfacet
  facet normal 0.000000e+00 0.000000e+00 -1.000000e+00
    outer loop
      vertex   8.027377e+00 3.006955e+01 3.910000e+02
      vertex   1.065604e+01 3.070864e+01 3.910000e+02
      vertex   8.332373e+00 2.940170e+01 3.910000e+02
    endloop
  endfacet
  facet normal 0.000000e+00 0.000000e+00 -1.000000e+00
    outer loop
      vertex   8.332373e+00 2.940170e+01 3.910000e+02
      vertex   1.065604e+01 3.070864e+01 3.910000e+02
      vertex   1.091935e+01 3.000000e+01 3.910000e+02
    endloop
  endfacet
  facet normal 0.000000e+00 0.000000e+00 -1.000000e+00
    outer loop
      vertex   8.332373e+00 2.940170e+01 3.910000e+02
      vertex   1.091935e+01 3.000000e+01 3.910000e+02
      vertex   8.581918e+00 2.871122e+01 3.910000e+02
    endloop
  endfacet
  facet normal 0.000000e+00 0.000000e+00 -1.000000e+00
    outer loop
      vertex   8.581918e+00 2.871122e+01 3.910000e+02
      vertex   1.091935e+01 3.000000e+01 3.910000e+02
      vertex   8.774351e+00 2.800269e+01 3.910000e+02
    endloop
  endfacet
  facet normal 0.000000e+00 0.000000e+00 -1.000000e+00
    outer loop
      vertex   8.774351e+00 2.800269e+01 3.910000e+02
      vertex   1.091935e+01 3.000000e+01 3.910000e+02
      vertex   8.908393e+00 2.728083e+01 3.910000e+02
    endloop
  endfacet
  facet normal 0.000000e+00 0.000000e+00 -1.000000e+00
    outer loop
      vertex   8.908393e+00 2.728083e+01 3.910000e+02
      vertex   1.091935e+01 3.000000e+01 3.910000e+02
      vertex   8.983151e+00 2.655046e+01 3.910000e+02
    endloop
  endfacet
  facet normal 0.000000e+00 0.000000e+00 -1.000000e+00
    outer loop
      vertex   8.983151e+00 2.655046e+01 3.910000e+02
      vertex   1.091935e+01 3.000000e+01 3.910000e+02
      vertex   8.998127e+00 2.581641e+01 3.910000e+02
    endloop
  endfacet
  facet normal 0.000000e+00 0.000000e+00 -1.000000e+00
    outer loop
      vertex   8.998127e+00 2.581641e+01 3.910000e+02
      vertex   1.091935e+01 3.000000e+01 3.910000e+02
      vertex   1.091935e+01 2.200000e+01 3.910000e+02
    endloop
  endfacet
  facet normal 0.000000e+00 -0.000000e+00 -1.000000e+00
    outer loop
      vertex   8.998127e+00 2.581641e+01 3.910000e+02
      vertex   1.091935e+01 2.200000e+01 3.910000e+02
      vertex   8.953223e+00 2.508359e+01 3.910000e+02
    endloop
  endfacet
  facet normal 0.000000e+00 -0.000000e+00 -1.000000e+00
    outer loop
      vertex   8.953223e+00 2.508359e+01 3.910000e+02
      vertex   1.091935e+01 2.200000e+01 3.910000e+02
      vertex   8.848736e+00 2.435687e+01 3.910000e+02
    endloop
  endfacet
  facet normal 0.000000e+00 0.000000e+00 -1.000000e+00
    outer loop
      vertex   1.065604e+01 3.070864e+01 3.910000e+02
      vertex   1.094178e+01 3.000000e+01 3.910000e+02
      vertex   1.091935e+01 3.000000e+01 3.910000e+02
    endloop
  endfacet
  facet normal 0.000000e+00 -0.000000e+00 -1.000000e+00
    outer loop
      vertex   1.091935e+01 2.200000e+01 3.910000e+02
      vertex   1.094178e+01 2.200000e+01 3.910000e+02
      vertex   1.065604e+01 2.129136e+01 3.910000e+02
    endloop
  endfacet
  facet normal 0.000000e+00 0.000000e+00 -1.000000e+00
    outer loop
      vertex   4.232447e+00 1.805731e+01 3.910000e+02
      vertex   4.865767e+00 1.842872e+01 3.910000e+02
      vertex   5.303301e+00 1.786827e+01 3.910000e+02
    endloop
  endfacet
  facet normal 0.000000e+00 0.000000e+00 -1.000000e+00
    outer loop
      vertex   5.303301e+00 1.786827e+01 3.910000e+02
      vertex   4.865767e+00 1.842872e+01 3.910000e+02
      vertex   5.466707e+00 1.885052e+01 3.910000e+02
    endloop
  endfacet
  facet normal 0.000000e+00 0.000000e+00 -1.000000e+00
    outer loop
      vertex   5.303301e+00 1.786827e+01 3.910000e+02
      vertex   5.466707e+00 1.885052e+01 3.910000e+02
      vertex   6.031266e+00 1.931989e+01 3.910000e+02
    endloop
  endfacet
  facet normal 0.000000e+00 -0.000000e+00 -1.000000e+00
    outer loop
      vertex   6.031266e+00 1.931989e+01 3.910000e+02
      vertex   6.555688e+00 1.983372e+01 3.910000e+02
      vertex   5.303301e+00 1.786827e+01 3.910000e+02
    endloop
  endfacet
  facet normal 0.000000e+00 0.000000e+00 -1.000000e+00
    outer loop
      vertex   7.470452e+00 2.098080e+01 3.910000e+02
      vertex   7.854706e+00 2.160641e+01 3.910000e+02
      vertex   8.131728e+00 2.069670e+01 3.910000e+02
    endloop
  endfacet
  facet normal 0.000000e+00 0.000000e+00 -1.000000e+00
    outer loop
      vertex   8.131728e+00 2.069670e+01 3.910000e+02
      vertex   7.854706e+00 2.160641e+01 3.910000e+02
      vertex   8.186688e+00 2.226127e+01 3.910000e+02
    endloop
  endfacet
  facet normal 0.000000e+00 0.000000e+00 -1.000000e+00
    outer loop
      vertex   8.027377e+00 3.006955e+01 3.910000e+02
      vertex   7.668961e+00 3.071031e+01 3.910000e+02
      vertex   8.131728e+00 3.130330e+01 3.910000e+02
    endloop
  endfacet
  facet normal -0.000000e+00 0.000000e+00 -1.000000e+00
    outer loop
      vertex   8.131728e+00 3.130330e+01 3.910000e+02
      vertex   7.668961e+00 3.071031e+01 3.910000e+02
      vertex   7.259509e+00 3.131973e+01 3.910000e+02
    endloop
  endfacet
  facet normal 0.000000e+00 0.000000e+00 -1.000000e+00
    outer loop
      vertex   8.131728e+00 3.130330e+01 3.910000e+02
      vertex   7.259509e+00 3.131973e+01 3.910000e+02
      vertex   6.801746e+00 3.189375e+01 3.910000e+02
    endloop
  endfacet
  facet normal 0.000000e+00 0.000000e+00 -1.000000e+00
    outer loop
      vertex   6.801746e+00 3.189375e+01 3.910000e+02
      vertex   6.298719e+00 3.242854e+01 3.910000e+02
      vertex   8.131728e+00 3.130330e+01 3.910000e+02
    endloop
  endfacet
  facet normal 0.000000e+00 0.000000e+00 -1.000000e+00
    outer loop
      vertex   5.170540e+00 3.336651e+01 3.910000e+02
      vertex   4.552896e+00 3.376345e+01 3.910000e+02
      vertex   5.303301e+00 3.413173e+01 3.910000e+02
    endloop
  endfacet
  facet normal 0.000000e+00 0.000000e+00 -1.000000e+00
    outer loop
      vertex   5.303301e+00 3.413173e+01 3.910000e+02
      vertex   4.552896e+00 3.376345e+01 3.910000e+02
      vertex   3.904954e+00 3.410872e+01 3.910000e+02
    endloop
  endfacet
  facet normal -0.000000e+00 0.000000e+00 -1.000000e+00
    outer loop
      vertex   -3.904954e+00 3.410872e+01 3.910000e+02
      vertex   -4.552896e+00 3.376345e+01 3.910000e+02
      vertex   -5.303301e+00 3.413173e+01 3.910000e+02
    endloop
  endfacet
  facet normal 0.000000e+00 0.000000e+00 -1.000000e+00
    outer loop
      vertex   -5.303301e+00 3.413173e+01 3.910000e+02
      vertex   -4.552896e+00 3.376345e+01 3.910000e+02
      vertex   -5.170540e+00 3.336651e+01 3.910000e+02
    endloop
  endfacet
  facet normal 0.000000e+00 -0.000000e+00 -1.000000e+00
    outer loop
      vertex   -5.303301e+00 3.413173e+01 3.910000e+02
      vertex   -5.170540e+00 3.336651e+01 3.910000e+02
      vertex   -5.753775e+00 3.292056e+01 3.910000e+02
    endloop
  endfacet
  facet normal -0.000000e+00 0.000000e+00 -1.000000e+00
    outer loop
      vertex   -5.753775e+00 3.292056e+01 3.910000e+02
      vertex   -6.298719e+00 3.242854e+01 3.910000e+02
      vertex   -5.303301e+00 3.413173e+01 3.910000e+02
    endloop
  endfacet
  facet normal 0.000000e+00 0.000000e+00 -1.000000e+00
    outer loop
      vertex   -7.259509e+00 3.131973e+01 3.910000e+02
      vertex   -7.668961e+00 3.071031e+01 3.910000e+02
      vertex   -8.131728e+00 3.130330e+01 3.910000e+02
    endloop
  endfacet
  facet normal 0.000000e+00 0.000000e+00 -1.000000e+00
    outer loop
      vertex   -8.131728e+00 3.130330e+01 3.910000e+02
      vertex   -7.668961e+00 3.071031e+01 3.910000e+02
      vertex   -8.027377e+00 3.006955e+01 3.910000e+02
    endloop
  endfacet
  facet normal 0.000000e+00 0.000000e+00 -1.000000e+00
    outer loop
      vertex   -8.186688e+00 2.226127e+01 3.910000e+02
      vertex   -7.854706e+00 2.160641e+01 3.910000e+02
      vertex   -8.131728e+00 2.069670e+01 3.910000e+02
    endloop
  endfacet
  facet normal 0.000000e+00 0.000000e+00 -1.000000e+00
    outer loop
      vertex   -8.131728e+00 2.069670e+01 3.910000e+02
      vertex   -7.854706e+00 2.160641e+01 3.910000e+02
      vertex   -7.470452e+00 2.098080e+01 3.910000e+02
    endloop
  endfacet
  facet normal 0.000000e+00 0.000000e+00 -1.000000e+00
    outer loop
      vertex   -8.131728e+00 2.069670e+01 3.910000e+02
      vertex   -7.470452e+00 2.098080e+01 3.910000e+02
      vertex   -7.036483e+00 2.038859e+01 3.910000e+02
    endloop
  endfacet
  facet normal -0.000000e+00 -0.000000e+00 -1.000000e+00
    outer loop
      vertex   -7.036483e+00 2.038859e+01 3.910000e+02
      vertex   -6.555688e+00 1.983372e+01 3.910000e+02
      vertex   -8.131728e+00 2.069670e+01 3.910000e+02
    endloop
  endfacet
  facet normal 0.000000e+00 0.000000e+00 -1.000000e+00
    outer loop
      vertex   -5.466707e+00 1.885052e+01 3.910000e+02
      vertex   -4.865767e+00 1.842872e+01 3.910000e+02
      vertex   -5.303301e+00 1.786827e+01 3.910000e+02
    endloop
  endfacet
  facet normal 0.000000e+00 0.000000e+00 -1.000000e+00
    outer loop
      vertex   -5.303301e+00 1.786827e+01 3.910000e+02
      vertex   -4.865767e+00 1.842872e+01 3.910000e+02
      vertex   -4.232447e+00 1.805731e+01 3.910000e+02
    endloop
  endfacet
  facet normal -0.000000e+00 -1.000000e+00 -0.000000e+00
    outer loop
      vertex   -1.094178e+01 3.000000e+01 4.020000e+02
      vertex   -1.236932e+01 3.000000e+01 4.020000e+02
      vertex   -1.094178e+01 3.000000e+01 3.960000e+02
    endloop
  endfacet
  facet normal 0.000000e+00 -1.000000e+00 0.000000e+00
    outer loop
      vertex   -1.094178e+01 3.000000e+01 3.960000e+02
      vertex   -1.236932e+01 3.000000e+01 4.020000e+02
      vertex   -1.236932e+01 3.000000e+01 3.960000e+02
    endloop
  endfacet
  facet normal -1.000000e+00 0.000000e+00 0.000000e+00
    outer loop
      vertex   -1.094178e+01 2.200000e+01 4.020000e+02
      vertex   -1.094178e+01 3.000000e+01 4.020000e+02
      vertex   -1.094178e+01 2.200000e+01 3.960000e+02
    endloop
  endfacet
  facet normal -1.000000e+00 0.000000e+00 0.000000e+00
    outer loop
      vertex   -1.094178e+01 2.200000e+01 3.960000e+02
      vertex   -1.094178e+01 3.000000e+01 4.020000e+02
      vertex   -1.094178e+01 3.000000e+01 3.960000e+02
    endloop
  endfacet
  facet normal -1.000000e+00 0.000000e+00 0.000000e+00
    outer loop
      vertex   -1.094178e+01 2.200000e+01 3.960000e+02
      vertex   -1.094178e+01 3.000000e+01 3.960000e+02
      vertex   -1.094178e+01 3.000000e+01 3.910000e+02
    endloop
  endfacet
  facet normal -1.000000e+00 0.000000e+00 0.000000e+00
    outer loop
      vertex   -1.094178e+01 3.000000e+01 3.910000e+02
      vertex   -1.094178e+01 2.200000e+01 3.910000e+02
      vertex   -1.094178e+01 2.200000e+01 3.960000e+02
    endloop
  endfacet
  facet normal -0.000000e+00 1.000000e+00 0.000000e+00
    outer loop
      vertex   -1.236932e+01 2.200000e+01 4.020000e+02
      vertex   -1.094178e+01 2.200000e+01 4.020000e+02
      vertex   -1.236932e+01 2.200000e+01 3.960000e+02
    endloop
  endfacet
  facet normal 0.000000e+00 1.000000e+00 0.000000e+00
    outer loop
      vertex   -1.236932e+01 2.200000e+01 3.960000e+02
      vertex   -1.094178e+01 2.200000e+01 4.020000e+02
      vertex   -1.094178e+01 2.200000e+01 3.960000e+02
    endloop
  endfacet
  facet normal 0.000000e+00 0.000000e+00 -1.000000e+00
    outer loop
      vertex   -1.327980e+01 2.632156e+01 4.020000e+02
      vertex   -1.094178e+01 3.000000e+01 4.020000e+02
      vertex   -1.325000e+01 2.600000e+01 4.020000e+02
    endloop
  endfacet
  facet normal 0.000000e+00 0.000000e+00 -1.000000e+00
    outer loop
      vertex   -1.325000e+01 2.600000e+01 4.020000e+02
      vertex   -1.094178e+01 3.000000e+01 4.020000e+02
      vertex   -1.094178e+01 2.200000e+01 4.020000e+02
    endloop
  endfacet
  facet normal 0.000000e+00 -0.000000e+00 -1.000000e+00
    outer loop
      vertex   -1.325000e+01 2.600000e+01 4.020000e+02
      vertex   -1.094178e+01 2.200000e+01 4.020000e+02
      vertex   -1.327980e+01 2.567844e+01 4.020000e+02
    endloop
  endfacet
  facet normal 0.000000e+00 -0.000000e+00 -1.000000e+00
    outer loop
      vertex   -1.327980e+01 2.567844e+01 4.020000e+02
      vertex   -1.094178e+01 2.200000e+01 4.020000e+02
      vertex   -1.336817e+01 2.536783e+01 4.020000e+02
    endloop
  endfacet
  facet normal 0.000000e+00 0.000000e+00 -1.000000e+00
    outer loop
      vertex   -1.336817e+01 2.536783e+01 4.020000e+02
      vertex   -1.094178e+01 2.200000e+01 4.020000e+02
      vertex   -1.244739e+01 2.225000e+01 4.020000e+02
    endloop
  endfacet
  facet normal 0.000000e+00 -0.000000e+00 -1.000000e+00
    outer loop
      vertex   -1.336817e+01 2.536783e+01 4.020000e+02
      vertex   -1.244739e+01 2.225000e+01 4.020000e+02
      vertex   -1.351212e+01 2.507874e+01 4.020000e+02
    endloop
  endfacet
  facet normal 0.000000e+00 -0.000000e+00 -1.000000e+00
    outer loop
      vertex   -1.351212e+01 2.507874e+01 4.020000e+02
      vertex   -1.244739e+01 2.225000e+01 4.020000e+02
      vertex   -1.370673e+01 2.482103e+01 4.020000e+02
    endloop
  endfacet
  facet normal 0.000000e+00 -0.000000e+00 -1.000000e+00
    outer loop
      vertex   -1.370673e+01 2.482103e+01 4.020000e+02
      vertex   -1.244739e+01 2.225000e+01 4.020000e+02
      vertex   -1.394539e+01 2.460347e+01 4.020000e+02
    endloop
  endfacet
  facet normal 0.000000e+00 -0.000000e+00 -1.000000e+00
    outer loop
      vertex   -1.394539e+01 2.460347e+01 4.020000e+02
      vertex   -1.244739e+01 2.225000e+01 4.020000e+02
      vertex   -1.421996e+01 2.443346e+01 4.020000e+02
    endloop
  endfacet
  facet normal 0.000000e+00 -0.000000e+00 -1.000000e+00
    outer loop
      vertex   -1.421996e+01 2.443346e+01 4.020000e+02
      vertex   -1.244739e+01 2.225000e+01 4.020000e+02
      vertex   -1.500000e+01 2.225000e+01 4.020000e+02
    endloop
  endfacet
  facet normal 0.000000e+00 0.000000e+00 -1.000000e+00
    outer loop
      vertex   -1.421996e+01 2.443346e+01 4.020000e+02
      vertex   -1.500000e+01 2.225000e+01 4.020000e+02
      vertex   -1.452109e+01 2.431681e+01 4.020000e+02
    endloop
  endfacet
  facet normal 0.000000e+00 0.000000e+00 -1.000000e+00
    outer loop
      vertex   -1.452109e+01 2.431681e+01 4.020000e+02
      vertex   -1.500000e+01 2.225000e+01 4.020000e+02
      vertex   -1.483853e+01 2.425747e+01 4.020000e+02
    endloop
  endfacet
  facet normal -0.000000e+00 0.000000e+00 -1.000000e+00
    outer loop
      vertex   -1.483853e+01 2.425747e+01 4.020000e+02
      vertex   -1.500000e+01 2.225000e+01 4.020000e+02
      vertex   -1.516147e+01 2.425747e+01 4.020000e+02
    endloop
  endfacet
  facet normal 0.000000e+00 -0.000000e+00 -1.000000e+00
    outer loop
      vertex   -1.516147e+01 2.425747e+01 4.020000e+02
      vertex   -1.500000e+01 2.225000e+01 4.020000e+02
      vertex   -1.547000e+01 2.227957e+01 4.020000e+02
    endloop
  endfacet
  facet normal -0.000000e+00 0.000000e+00 -1.000000e+00
    outer loop
      vertex   -1.516147e+01 2.425747e+01 4.020000e+02
      vertex   -1.547000e+01 2.227957e+01 4.020000e+02
      vertex   -1.547891e+01 2.431681e+01 4.020000e+02
    endloop
  endfacet
  facet normal 0.000000e+00 -0.000000e+00 -1.000000e+00
    outer loop
      vertex   -1.547891e+01 2.431681e+01 4.020000e+02
      vertex   -1.547000e+01 2.227957e+01 4.020000e+02
      vertex   -1.593259e+01 2.236781e+01 4.020000e+02
    endloop
  endfacet
  facet normal 0.000000e+00 0.000000e+00 -1.000000e+00
    outer loop
      vertex   -1.547891e+01 2.431681e+01 4.020000e+02
      vertex   -1.593259e+01 2.236781e+01 4.020000e+02
      vertex   -1.638047e+01 2.251334e+01 4.020000e+02
    endloop
  endfacet
  facet normal 0.000000e+00 0.000000e+00 -1.000000e+00
    outer loop
      vertex   -1.327980e+01 2.632156e+01 4.020000e+02
      vertex   -1.336817e+01 2.663217e+01 4.020000e+02
      vertex   -1.094178e+01 3.000000e+01 4.020000e+02
    endloop
  endfacet
  facet normal 0.000000e+00 0.000000e+00 -1.000000e+00
    outer loop
      vertex   -1.094178e+01 3.000000e+01 4.020000e+02
      vertex   -1.336817e+01 2.663217e+01 4.020000e+02
      vertex   -1.244739e+01 2.975000e+01 4.020000e+02
    endloop
  endfacet
  facet normal 0.000000e+00 0.000000e+00 -1.000000e+00
    outer loop
      vertex   -1.094178e+01 3.000000e+01 4.020000e+02
      vertex   -1.244739e+01 2.975000e+01 4.020000e+02
      vertex   -1.242193e+01 2.983351e+01 4.020000e+02
    endloop
  endfacet
  facet normal 0.000000e+00 0.000000e+00 -1.000000e+00
    outer loop
      vertex   -1.336817e+01 2.663217e+01 4.020000e+02
      vertex   -1.351212e+01 2.692126e+01 4.020000e+02
      vertex   -1.244739e+01 2.975000e+01 4.020000e+02
    endloop
  endfacet
  facet normal 0.000000e+00 0.000000e+00 -1.000000e+00
    outer loop
      vertex   -1.244739e+01 2.975000e+01 4.020000e+02
      vertex   -1.351212e+01 2.692126e+01 4.020000e+02
      vertex   -1.370673e+01 2.717897e+01 4.020000e+02
    endloop
  endfacet
  facet normal 0.000000e+00 0.000000e+00 -1.000000e+00
    outer loop
      vertex   -1.244739e+01 2.975000e+01 4.020000e+02
      vertex   -1.370673e+01 2.717897e+01 4.020000e+02
      vertex   -1.394539e+01 2.739653e+01 4.020000e+02
    endloop
  endfacet
  facet normal 0.000000e+00 0.000000e+00 -1.000000e+00
    outer loop
      vertex   -1.394539e+01 2.739653e+01 4.020000e+02
      vertex   -1.421996e+01 2.756654e+01 4.020000e+02
      vertex   -1.244739e+01 2.975000e+01 4.020000e+02
    endloop
  endfacet
  facet normal -0.000000e+00 0.000000e+00 -1.000000e+00
    outer loop
      vertex   -1.244739e+01 2.975000e+01 4.020000e+02
      vertex   -1.421996e+01 2.756654e+01 4.020000e+02
      vertex   -1.500000e+01 2.975000e+01 4.020000e+02
    endloop
  endfacet
  facet normal 0.000000e+00 0.000000e+00 -1.000000e+00
    outer loop
      vertex   -1.500000e+01 2.975000e+01 4.020000e+02
      vertex   -1.421996e+01 2.756654e+01 4.020000e+02
      vertex   -1.452109e+01 2.768320e+01 4.020000e+02
    endloop
  endfacet
  facet normal 0.000000e+00 0.000000e+00 -1.000000e+00
    outer loop
      vertex   -1.500000e+01 2.975000e+01 4.020000e+02
      vertex   -1.452109e+01 2.768320e+01 4.020000e+02
      vertex   -1.483853e+01 2.774254e+01 4.020000e+02
    endloop
  endfacet
  facet normal 0.000000e+00 0.000000e+00 -1.000000e+00
    outer loop
      vertex   -1.483853e+01 2.774254e+01 4.020000e+02
      vertex   -1.516147e+01 2.774254e+01 4.020000e+02
      vertex   -1.500000e+01 2.975000e+01 4.020000e+02
    endloop
  endfacet
  facet normal 0.000000e+00 0.000000e+00 -1.000000e+00
    outer loop
      vertex   -1.500000e+01 2.975000e+01 4.020000e+02
      vertex   -1.516147e+01 2.774254e+01 4.020000e+02
      vertex   -1.547000e+01 2.972043e+01 4.020000e+02
    endloop
  endfacet
  facet normal 0.000000e+00 -0.000000e+00 -1.000000e+00
    outer loop
      vertex   -1.547000e+01 2.972043e+01 4.020000e+02
      vertex   -1.516147e+01 2.774254e+01 4.020000e+02
      vertex   -1.547891e+01 2.768320e+01 4.020000e+02
    endloop
  endfacet
  facet normal 0.000000e+00 0.000000e+00 -1.000000e+00
    outer loop
      vertex   -1.547000e+01 2.972043e+01 4.020000e+02
      vertex   -1.547891e+01 2.768320e+01 4.020000e+02
      vertex   -1.593259e+01 2.963219e+01 4.020000e+02
    endloop
  endfacet
  facet normal 0.000000e+00 -0.000000e+00 -1.000000e+00
    outer loop
      vertex   -1.593259e+01 2.963219e+01 4.020000e+02
      vertex   -1.547891e+01 2.768320e+01 4.020000e+02
      vertex   -1.638047e+01 2.948666e+01 4.020000e+02
    endloop
  endfacet
  facet normal 0.000000e+00 0.000000e+00 -1.000000e+00
    outer loop
      vertex   -1.638047e+01 2.948666e+01 4.020000e+02
      vertex   -1.547891e+01 2.768320e+01 4.020000e+02
      vertex   -1.578004e+01 2.756654e+01 4.020000e+02
    endloop
  endfacet
  facet normal 0.000000e+00 -0.000000e+00 -1.000000e+00
    outer loop
      vertex   -1.638047e+01 2.948666e+01 4.020000e+02
      vertex   -1.578004e+01 2.756654e+01 4.020000e+02
      vertex   -1.680658e+01 2.928615e+01 4.020000e+02
    endloop
  endfacet
  facet normal 0.000000e+00 0.000000e+00 -1.000000e+00
    outer loop
      vertex   -1.680658e+01 2.928615e+01 4.020000e+02
      vertex   -1.578004e+01 2.756654e+01 4.020000e+02
      vertex   -1.605461e+01 2.739653e+01 4.020000e+02
    endloop
  endfacet
  facet normal 0.000000e+00 -0.000000e+00 -1.000000e+00
    outer loop
      vertex   -1.680658e+01 2.928615e+01 4.020000e+02
      vertex   -1.605461e+01 2.739653e+01 4.020000e+02
      vertex   -1.720419e+01 2.903381e+01 4.020000e+02
    endloop
  endfacet
  facet normal 0.000000e+00 -0.000000e+00 -1.000000e+00
    outer loop
      vertex   -1.720419e+01 2.903381e+01 4.020000e+02
      vertex   -1.605461e+01 2.739653e+01 4.020000e+02
      vertex   -1.756705e+01 2.873363e+01 4.020000e+02
    endloop
  endfacet
  facet normal 0.000000e+00 0.000000e+00 -1.000000e+00
    outer loop
      vertex   -1.756705e+01 2.873363e+01 4.020000e+02
      vertex   -1.605461e+01 2.739653e+01 4.020000e+02
      vertex   -1.629327e+01 2.717897e+01 4.020000e+02
    endloop
  endfacet
  facet normal 0.000000e+00 -0.000000e+00 -1.000000e+00
    outer loop
      vertex   -1.756705e+01 2.873363e+01 4.020000e+02
      vertex   -1.629327e+01 2.717897e+01 4.020000e+02
      vertex   -1.788942e+01 2.839034e+01 4.020000e+02
    endloop
  endfacet
  facet normal 0.000000e+00 0.000000e+00 -1.000000e+00
    outer loop
      vertex   -1.788942e+01 2.839034e+01 4.020000e+02
      vertex   -1.629327e+01 2.717897e+01 4.020000e+02
      vertex   -1.648788e+01 2.692126e+01 4.020000e+02
    endloop
  endfacet
  facet normal 0.000000e+00 -0.000000e+00 -1.000000e+00
    outer loop
      vertex   -1.788942e+01 2.839034e+01 4.020000e+02
      vertex   -1.648788e+01 2.692126e+01 4.020000e+02
      vertex   -1.816623e+01 2.800935e+01 4.020000e+02
    endloop
  endfacet
  facet normal 0.000000e+00 -0.000000e+00 -1.000000e+00
    outer loop
      vertex   -1.816623e+01 2.800935e+01 4.020000e+02
      vertex   -1.648788e+01 2.692126e+01 4.020000e+02
      vertex   -1.839310e+01 2.759667e+01 4.020000e+02
    endloop
  endfacet
  facet normal 0.000000e+00 0.000000e+00 -1.000000e+00
    outer loop
      vertex   -1.839310e+01 2.759667e+01 4.020000e+02
      vertex   -1.648788e+01 2.692126e+01 4.020000e+02
      vertex   -1.663183e+01 2.663217e+01 4.020000e+02
    endloop
  endfacet
  facet normal 0.000000e+00 -0.000000e+00 -1.000000e+00
    outer loop
      vertex   -1.839310e+01 2.759667e+01 4.020000e+02
      vertex   -1.663183e+01 2.663217e+01 4.020000e+02
      vertex   -1.856646e+01 2.715881e+01 4.020000e+02
    endloop
  endfacet
  facet normal 0.000000e+00 0.000000e+00 -1.000000e+00
    outer loop
      vertex   -1.856646e+01 2.715881e+01 4.020000e+02
      vertex   -1.663183e+01 2.663217e+01 4.020000e+02
      vertex   -1.672020e+01 2.632156e+01 4.020000e+02
    endloop
  endfacet
  facet normal 0.000000e+00 -0.000000e+00 -1.000000e+00
    outer loop
      vertex   -1.856646e+01 2.715881e+01 4.020000e+02
      vertex   -1.672020e+01 2.632156e+01 4.020000e+02
      vertex   -1.868358e+01 2.670268e+01 4.020000e+02
    endloop
  endfacet
  facet normal 0.000000e+00 -0.000000e+00 -1.000000e+00
    outer loop
      vertex   -1.868358e+01 2.670268e+01 4.020000e+02
      vertex   -1.672020e+01 2.632156e+01 4.020000e+02
      vertex   -1.874260e+01 2.623546e+01 4.020000e+02
    endloop
  endfacet
  facet normal 0.000000e+00 0.000000e+00 -1.000000e+00
    outer loop
      vertex   -1.874260e+01 2.623546e+01 4.020000e+02
      vertex   -1.672020e+01 2.632156e+01 4.020000e+02
      vertex   -1.675000e+01 2.600000e+01 4.020000e+02
    endloop
  endfacet
  facet normal 0.000000e+00 -0.000000e+00 -1.000000e+00
    outer loop
      vertex   -1.874260e+01 2.623546e+01 4.020000e+02
      vertex   -1.675000e+01 2.600000e+01 4.020000e+02
      vertex   -1.874260e+01 2.576454e+01 4.020000e+02
    endloop
  endfacet
  facet normal 0.000000e+00 0.000000e+00 -1.000000e+00
    outer loop
      vertex   -1.874260e+01 2.576454e+01 4.020000e+02
      vertex   -1.675000e+01 2.600000e+01 4.020000e+02
      vertex   -1.672020e+01 2.567844e+01 4.020000e+02
    endloop
  endfacet
  facet normal 0.000000e+00 0.000000e+00 -1.000000e+00
    outer loop
      vertex   -1.874260e+01 2.576454e+01 4.020000e+02
      vertex   -1.672020e+01 2.567844e+01 4.020000e+02
      vertex   -1.868358e+01 2.529732e+01 4.020000e+02
    endloop
  endfacet
  facet normal 0.000000e+00 0.000000e+00 -1.000000e+00
    outer loop
      vertex   -1.868358e+01 2.529732e+01 4.020000e+02
      vertex   -1.672020e+01 2.567844e+01 4.020000e+02
      vertex   -1.856646e+01 2.484119e+01 4.020000e+02
    endloop
  endfacet
  facet normal 0.000000e+00 0.000000e+00 -1.000000e+00
    outer loop
      vertex   -1.856646e+01 2.484119e+01 4.020000e+02
      vertex   -1.672020e+01 2.567844e+01 4.020000e+02
      vertex   -1.663183e+01 2.536783e+01 4.020000e+02
    endloop
  endfacet
  facet normal 0.000000e+00 0.000000e+00 -1.000000e+00
    outer loop
      vertex   -1.856646e+01 2.484119e+01 4.020000e+02
      vertex   -1.663183e+01 2.536783e+01 4.020000e+02
      vertex   -1.839310e+01 2.440333e+01 4.020000e+02
    endloop
  endfacet
  facet normal 0.000000e+00 0.000000e+00 -1.000000e+00
    outer loop
      vertex   -1.839310e+01 2.440333e+01 4.020000e+02
      vertex   -1.663183e+01 2.536783e+01 4.020000e+02
      vertex   -1.648788e+01 2.507874e+01 4.020000e+02
    endloop
  endfacet
  facet normal 0.000000e+00 0.000000e+00 -1.000000e+00
    outer loop
      vertex   -1.839310e+01 2.440333e+01 4.020000e+02
      vertex   -1.648788e+01 2.507874e+01 4.020000e+02
      vertex   -1.816623e+01 2.399065e+01 4.020000e+02
    endloop
  endfacet
  facet normal 0.000000e+00 0.000000e+00 -1.000000e+00
    outer loop
      vertex   -1.816623e+01 2.399065e+01 4.020000e+02
      vertex   -1.648788e+01 2.507874e+01 4.020000e+02
      vertex   -1.788942e+01 2.360966e+01 4.020000e+02
    endloop
  endfacet
  facet normal 0.000000e+00 0.000000e+00 -1.000000e+00
    outer loop
      vertex   -1.788942e+01 2.360966e+01 4.020000e+02
      vertex   -1.648788e+01 2.507874e+01 4.020000e+02
      vertex   -1.629327e+01 2.482103e+01 4.020000e+02
    endloop
  endfacet
  facet normal 0.000000e+00 0.000000e+00 -1.000000e+00
    outer loop
      vertex   -1.788942e+01 2.360966e+01 4.020000e+02
      vertex   -1.629327e+01 2.482103e+01 4.020000e+02
      vertex   -1.756705e+01 2.326637e+01 4.020000e+02
    endloop
  endfacet
  facet normal 0.000000e+00 0.000000e+00 -1.000000e+00
    outer loop
      vertex   -1.756705e+01 2.326637e+01 4.020000e+02
      vertex   -1.629327e+01 2.482103e+01 4.020000e+02
      vertex   -1.605461e+01 2.460347e+01 4.020000e+02
    endloop
  endfacet
  facet normal 0.000000e+00 0.000000e+00 -1.000000e+00
    outer loop
      vertex   -1.756705e+01 2.326637e+01 4.020000e+02
      vertex   -1.605461e+01 2.460347e+01 4.020000e+02
      vertex   -1.720419e+01 2.296619e+01 4.020000e+02
    endloop
  endfacet
  facet normal 0.000000e+00 0.000000e+00 -1.000000e+00
    outer loop
      vertex   -1.720419e+01 2.296619e+01 4.020000e+02
      vertex   -1.605461e+01 2.460347e+01 4.020000e+02
      vertex   -1.680658e+01 2.271385e+01 4.020000e+02
    endloop
  endfacet
  facet normal 0.000000e+00 0.000000e+00 -1.000000e+00
    outer loop
      vertex   -1.680658e+01 2.271385e+01 4.020000e+02
      vertex   -1.605461e+01 2.460347e+01 4.020000e+02
      vertex   -1.578004e+01 2.443346e+01 4.020000e+02
    endloop
  endfacet
  facet normal 0.000000e+00 0.000000e+00 -1.000000e+00
    outer loop
      vertex   -1.680658e+01 2.271385e+01 4.020000e+02
      vertex   -1.578004e+01 2.443346e+01 4.020000e+02
      vertex   -1.638047e+01 2.251334e+01 4.020000e+02
    endloop
  endfacet
  facet normal 0.000000e+00 0.000000e+00 -1.000000e+00
    outer loop
      vertex   -1.638047e+01 2.251334e+01 4.020000e+02
      vertex   -1.578004e+01 2.443346e+01 4.020000e+02
      vertex   -1.547891e+01 2.431681e+01 4.020000e+02
    endloop
  endfacet
  facet normal 0.000000e+00 0.000000e+00 -1.000000e+00
    outer loop
      vertex   -1.236932e+01 2.200000e+01 4.020000e+02
      vertex   -1.239590e+01 2.208316e+01 4.020000e+02
      vertex   -1.094178e+01 2.200000e+01 4.020000e+02
    endloop
  endfacet
  facet normal 0.000000e+00 0.000000e+00 -1.000000e+00
    outer loop
      vertex   -1.094178e+01 2.200000e+01 4.020000e+02
      vertex   -1.239590e+01 2.208316e+01 4.020000e+02
      vertex   -1.242193e+01 2.216649e+01 4.020000e+02
    endloop
  endfacet
  facet normal 0.000000e+00 0.000000e+00 -1.000000e+00
    outer loop
      vertex   -1.094178e+01 2.200000e+01 4.020000e+02
      vertex   -1.242193e+01 2.216649e+01 4.020000e+02
      vertex   -1.244739e+01 2.225000e+01 4.020000e+02
    endloop
  endfacet
  facet normal 0.000000e+00 0.000000e+00 -1.000000e+00
    outer loop
      vertex   -1.242193e+01 2.983351e+01 4.020000e+02
      vertex   -1.239590e+01 2.991684e+01 4.020000e+02
      vertex   -1.094178e+01 3.000000e+01 4.020000e+02
    endloop
  endfacet
  facet normal -0.000000e+00 0.000000e+00 -1.000000e+00
    outer loop
      vertex   -1.094178e+01 3.000000e+01 4.020000e+02
      vertex   -1.239590e+01 2.991684e+01 4.020000e+02
      vertex   -1.236932e+01 3.000000e+01 4.020000e+02
    endloop
  endfacet
  facet normal 0.000000e+00 1.000000e+00 -0.000000e+00
    outer loop
      vertex   1.094178e+01 2.200000e+01 3.910000e+02
      vertex   1.091935e+01 2.200000e+01 3.910000e+02
      vertex   1.094178e+01 2.200000e+01 3.960000e+02
    endloop
  endfacet
  facet normal 0.000000e+00 1.000000e+00 0.000000e+00
    outer loop
      vertex   1.094178e+01 2.200000e+01 3.960000e+02
      vertex   1.091935e+01 2.200000e+01 3.910000e+02
      vertex   1.091935e+01 2.200000e+01 4.020000e+02
    endloop
  endfacet
  facet normal 0.000000e+00 1.000000e+00 -0.000000e+00
    outer loop
      vertex   1.094178e+01 2.200000e+01 3.960000e+02
      vertex   1.091935e+01 2.200000e+01 4.020000e+02
      vertex   1.236932e+01 2.200000e+01 4.020000e+02
    endloop
  endfacet
  facet normal 0.000000e+00 1.000000e+00 0.000000e+00
    outer loop
      vertex   1.236932e+01 2.200000e+01 4.020000e+02
      vertex   1.236932e+01 2.200000e+01 3.960000e+02
      vertex   1.094178e+01 2.200000e+01 3.960000e+02
    endloop
  endfacet
  facet normal 1.000000e+00 0.000000e+00 0.000000e+00
    outer loop
      vertex   1.091935e+01 3.000000e+01 4.020000e+02
      vertex   1.091935e+01 2.200000e+01 4.020000e+02
      vertex   1.091935e+01 3.000000e+01 3.910000e+02
    endloop
  endfacet
  facet normal 1.000000e+00 0.000000e+00 0.000000e+00
    outer loop
      vertex   1.091935e+01 3.000000e+01 3.910000e+02
      vertex   1.091935e+01 2.200000e+01 4.020000e+02
      vertex   1.091935e+01 2.200000e+01 3.910000e+02
    endloop
  endfacet
  facet normal 0.000000e+00 -1.000000e+00 0.000000e+00
    outer loop
      vertex   1.236932e+01 3.000000e+01 3.960000e+02
      vertex   1.236932e+01 3.000000e+01 4.020000e+02
      vertex   1.094178e+01 3.000000e+01 3.960000e+02
    endloop
  endfacet
  facet normal 0.000000e+00 -1.000000e+00 0.000000e+00
    outer loop
      vertex   1.094178e+01 3.000000e+01 3.960000e+02
      vertex   1.236932e+01 3.000000e+01 4.020000e+02
      vertex   1.091935e+01 3.000000e+01 4.020000e+02
    endloop
  endfacet
  facet normal -0.000000e+00 -1.000000e+00 0.000000e+00
    outer loop
      vertex   1.094178e+01 3.000000e+01 3.960000e+02
      vertex   1.091935e+01 3.000000e+01 4.020000e+02
      vertex   1.091935e+01 3.000000e+01 3.910000e+02
    endloop
  endfacet
  facet normal 0.000000e+00 -1.000000e+00 0.000000e+00
    outer loop
      vertex   1.091935e+01 3.000000e+01 3.910000e+02
      vertex   1.094178e+01 3.000000e+01 3.910000e+02
      vertex   1.094178e+01 3.000000e+01 3.960000e+02
    endloop
  endfacet
  facet normal 0.000000e+00 0.000000e+00 -1.000000e+00
    outer loop
      vertex   1.672020e+01 2.632156e+01 4.020000e+02
      vertex   1.874260e+01 2.623546e+01 4.020000e+02
      vertex   1.675000e+01 2.600000e+01 4.020000e+02
    endloop
  endfacet
  facet normal 0.000000e+00 0.000000e+00 -1.000000e+00
    outer loop
      vertex   1.675000e+01 2.600000e+01 4.020000e+02
      vertex   1.874260e+01 2.623546e+01 4.020000e+02
      vertex   1.874260e+01 2.576454e+01 4.020000e+02
    endloop
  endfacet
  facet normal 0.000000e+00 -0.000000e+00 -1.000000e+00
    outer loop
      vertex   1.675000e+01 2.600000e+01 4.020000e+02
      vertex   1.874260e+01 2.576454e+01 4.020000e+02
      vertex   1.672020e+01 2.567844e+01 4.020000e+02
    endloop
  endfacet
  facet normal 0.000000e+00 0.000000e+00 -1.000000e+00
    outer loop
      vertex   1.672020e+01 2.567844e+01 4.020000e+02
      vertex   1.874260e+01 2.576454e+01 4.020000e+02
      vertex   1.868358e+01 2.529732e+01 4.020000e+02
    endloop
  endfacet
  facet normal 0.000000e+00 0.000000e+00 -1.000000e+00
    outer loop
      vertex   1.672020e+01 2.567844e+01 4.020000e+02
      vertex   1.868358e+01 2.529732e+01 4.020000e+02
      vertex   1.856646e+01 2.484119e+01 4.020000e+02
    endloop
  endfacet
  facet normal 0.000000e+00 0.000000e+00 -1.000000e+00
    outer loop
      vertex   1.663183e+01 2.663217e+01 4.020000e+02
      vertex   1.856646e+01 2.715881e+01 4.020000e+02
      vertex   1.672020e+01 2.632156e+01 4.020000e+02
    endloop
  endfacet
  facet normal 0.000000e+00 0.000000e+00 -1.000000e+00
    outer loop
      vertex   1.672020e+01 2.632156e+01 4.020000e+02
      vertex   1.856646e+01 2.715881e+01 4.020000e+02
      vertex   1.868358e+01 2.670268e+01 4.020000e+02
    endloop
  endfacet
  facet normal 0.000000e+00 0.000000e+00 -1.000000e+00
    outer loop
      vertex   1.672020e+01 2.632156e+01 4.020000e+02
      vertex   1.868358e+01 2.670268e+01 4.020000e+02
      vertex   1.874260e+01 2.623546e+01 4.020000e+02
    endloop
  endfacet
  facet normal -0.000000e+00 0.000000e+00 -1.000000e+00
    outer loop
      vertex   1.856646e+01 2.715881e+01 4.020000e+02
      vertex   1.663183e+01 2.663217e+01 4.020000e+02
      vertex   1.839310e+01 2.759667e+01 4.020000e+02
    endloop
  endfacet
  facet normal 0.000000e+00 0.000000e+00 -1.000000e+00
    outer loop
      vertex   1.839310e+01 2.759667e+01 4.020000e+02
      vertex   1.663183e+01 2.663217e+01 4.020000e+02
      vertex   1.648788e+01 2.692126e+01 4.020000e+02
    endloop
  endfacet
  facet normal -0.000000e+00 0.000000e+00 -1.000000e+00
    outer loop
      vertex   1.839310e+01 2.759667e+01 4.020000e+02
      vertex   1.648788e+01 2.692126e+01 4.020000e+02
      vertex   1.816623e+01 2.800935e+01 4.020000e+02
    endloop
  endfacet
  facet normal -0.000000e+00 0.000000e+00 -1.000000e+00
    outer loop
      vertex   1.816623e+01 2.800935e+01 4.020000e+02
      vertex   1.648788e+01 2.692126e+01 4.020000e+02
      vertex   1.788942e+01 2.839034e+01 4.020000e+02
    endloop
  endfacet
  facet normal 0.000000e+00 0.000000e+00 -1.000000e+00
    outer loop
      vertex   1.788942e+01 2.839034e+01 4.020000e+02
      vertex   1.648788e+01 2.692126e+01 4.020000e+02
      vertex   1.629327e+01 2.717897e+01 4.020000e+02
    endloop
  endfacet
  facet normal -0.000000e+00 0.000000e+00 -1.000000e+00
    outer loop
      vertex   1.788942e+01 2.839034e+01 4.020000e+02
      vertex   1.629327e+01 2.717897e+01 4.020000e+02
      vertex   1.756705e+01 2.873363e+01 4.020000e+02
    endloop
  endfacet
  facet normal 0.000000e+00 0.000000e+00 -1.000000e+00
    outer loop
      vertex   1.756705e+01 2.873363e+01 4.020000e+02
      vertex   1.629327e+01 2.717897e+01 4.020000e+02
      vertex   1.605461e+01 2.739653e+01 4.020000e+02
    endloop
  endfacet
  facet normal -0.000000e+00 0.000000e+00 -1.000000e+00
    outer loop
      vertex   1.756705e+01 2.873363e+01 4.020000e+02
      vertex   1.605461e+01 2.739653e+01 4.020000e+02
      vertex   1.720419e+01 2.903381e+01 4.020000e+02
    endloop
  endfacet
  facet normal -0.000000e+00 0.000000e+00 -1.000000e+00
    outer loop
      vertex   1.720419e+01 2.903381e+01 4.020000e+02
      vertex   1.605461e+01 2.739653e+01 4.020000e+02
      vertex   1.680658e+01 2.928615e+01 4.020000e+02
    endloop
  endfacet
  facet normal 0.000000e+00 0.000000e+00 -1.000000e+00
    outer loop
      vertex   1.680658e+01 2.928615e+01 4.020000e+02
      vertex   1.605461e+01 2.739653e+01 4.020000e+02
      vertex   1.578004e+01 2.756654e+01 4.020000e+02
    endloop
  endfacet
  facet normal -0.000000e+00 0.000000e+00 -1.000000e+00
    outer loop
      vertex   1.680658e+01 2.928615e+01 4.020000e+02
      vertex   1.578004e+01 2.756654e+01 4.020000e+02
      vertex   1.638047e+01 2.948666e+01 4.020000e+02
    endloop
  endfacet
  facet normal 0.000000e+00 0.000000e+00 -1.000000e+00
    outer loop
      vertex   1.638047e+01 2.948666e+01 4.020000e+02
      vertex   1.578004e+01 2.756654e+01 4.020000e+02
      vertex   1.547891e+01 2.768320e+01 4.020000e+02
    endloop
  endfacet
  facet normal -0.000000e+00 0.000000e+00 -1.000000e+00
    outer loop
      vertex   1.638047e+01 2.948666e+01 4.020000e+02
      vertex   1.547891e+01 2.768320e+01 4.020000e+02
      vertex   1.593259e+01 2.963219e+01 4.020000e+02
    endloop
  endfacet
  facet normal -0.000000e+00 0.000000e+00 -1.000000e+00
    outer loop
      vertex   1.593259e+01 2.963219e+01 4.020000e+02
      vertex   1.547891e+01 2.768320e+01 4.020000e+02
      vertex   1.547000e+01 2.972043e+01 4.020000e+02
    endloop
  endfacet
  facet normal 0.000000e+00 -0.000000e+00 -1.000000e+00
    outer loop
      vertex   1.547000e+01 2.972043e+01 4.020000e+02
      vertex   1.547891e+01 2.768320e+01 4.020000e+02
      vertex   1.516147e+01 2.774254e+01 4.020000e+02
    endloop
  endfacet
  facet normal -0.000000e+00 0.000000e+00 -1.000000e+00
    outer loop
      vertex   1.547000e+01 2.972043e+01 4.020000e+02
      vertex   1.516147e+01 2.774254e+01 4.020000e+02
      vertex   1.500000e+01 2.975000e+01 4.020000e+02
    endloop
  endfacet
  facet normal 0.000000e+00 -0.000000e+00 -1.000000e+00
    outer loop
      vertex   1.500000e+01 2.975000e+01 4.020000e+02
      vertex   1.516147e+01 2.774254e+01 4.020000e+02
      vertex   1.483853e+01 2.774254e+01 4.020000e+02
    endloop
  endfacet
  facet normal 0.000000e+00 0.000000e+00 -1.000000e+00
    outer loop
      vertex   1.500000e+01 2.975000e+01 4.020000e+02
      vertex   1.483853e+01 2.774254e+01 4.020000e+02
      vertex   1.452109e+01 2.768320e+01 4.020000e+02
    endloop
  endfacet
  facet normal -0.000000e+00 0.000000e+00 -1.000000e+00
    outer loop
      vertex   1.452109e+01 2.768320e+01 4.020000e+02
      vertex   1.421996e+01 2.756654e+01 4.020000e+02
      vertex   1.500000e+01 2.975000e+01 4.020000e+02
    endloop
  endfacet
  facet normal 0.000000e+00 0.000000e+00 -1.000000e+00
    outer loop
      vertex   1.500000e+01 2.975000e+01 4.020000e+02
      vertex   1.421996e+01 2.756654e+01 4.020000e+02
      vertex   1.244739e+01 2.975000e+01 4.020000e+02
    endloop
  endfacet
  facet normal 0.000000e+00 0.000000e+00 -1.000000e+00
    outer loop
      vertex   1.244739e+01 2.975000e+01 4.020000e+02
      vertex   1.421996e+01 2.756654e+01 4.020000e+02
      vertex   1.394539e+01 2.739653e+01 4.020000e+02
    endloop
  endfacet
  facet normal 0.000000e+00 0.000000e+00 -1.000000e+00
    outer loop
      vertex   1.244739e+01 2.975000e+01 4.020000e+02
      vertex   1.394539e+01 2.739653e+01 4.020000e+02
      vertex   1.370673e+01 2.717897e+01 4.020000e+02
    endloop
  endfacet
  facet normal -0.000000e+00 0.000000e+00 -1.000000e+00
    outer loop
      vertex   1.370673e+01 2.717897e+01 4.020000e+02
      vertex   1.351212e+01 2.692126e+01 4.020000e+02
      vertex   1.244739e+01 2.975000e+01 4.020000e+02
    endloop
  endfacet
  facet normal 0.000000e+00 0.000000e+00 -1.000000e+00
    outer loop
      vertex   1.244739e+01 2.975000e+01 4.020000e+02
      vertex   1.351212e+01 2.692126e+01 4.020000e+02
      vertex   1.336817e+01 2.663217e+01 4.020000e+02
    endloop
  endfacet
  facet normal -0.000000e+00 -0.000000e+00 -1.000000e+00
    outer loop
      vertex   1.244739e+01 2.975000e+01 4.020000e+02
      vertex   1.336817e+01 2.663217e+01 4.020000e+02
      vertex   1.091935e+01 3.000000e+01 4.020000e+02
    endloop
  endfacet
  facet normal 0.000000e+00 0.000000e+00 -1.000000e+00
    outer loop
      vertex   1.091935e+01 3.000000e+01 4.020000e+02
      vertex   1.336817e+01 2.663217e+01 4.020000e+02
      vertex   1.327980e+01 2.632156e+01 4.020000e+02
    endloop
  endfacet
  facet normal 0.000000e+00 0.000000e+00 -1.000000e+00
    outer loop
      vertex   1.091935e+01 3.000000e+01 4.020000e+02
      vertex   1.327980e+01 2.632156e+01 4.020000e+02
      vertex   1.325000e+01 2.600000e+01 4.020000e+02
    endloop
  endfacet
  facet normal 0.000000e+00 0.000000e+00 -1.000000e+00
    outer loop
      vertex   1.091935e+01 3.000000e+01 4.020000e+02
      vertex   1.325000e+01 2.600000e+01 4.020000e+02
      vertex   1.091935e+01 2.200000e+01 4.020000e+02
    endloop
  endfacet
  facet normal 0.000000e+00 0.000000e+00 -1.000000e+00
    outer loop
      vertex   1.091935e+01 2.200000e+01 4.020000e+02
      vertex   1.325000e+01 2.600000e+01 4.020000e+02
      vertex   1.327980e+01 2.567844e+01 4.020000e+02
    endloop
  endfacet
  facet normal 0.000000e+00 0.000000e+00 -1.000000e+00
    outer loop
      vertex   1.091935e+01 2.200000e+01 4.020000e+02
      vertex   1.327980e+01 2.567844e+01 4.020000e+02
      vertex   1.336817e+01 2.536783e+01 4.020000e+02
    endloop
  endfacet
  facet normal 0.000000e+00 0.000000e+00 -1.000000e+00
    outer loop
      vertex   1.091935e+01 2.200000e+01 4.020000e+02
      vertex   1.336817e+01 2.536783e+01 4.020000e+02
      vertex   1.244739e+01 2.225000e+01 4.020000e+02
    endloop
  endfacet
  facet normal 0.000000e+00 0.000000e+00 -1.000000e+00
    outer loop
      vertex   1.244739e+01 2.225000e+01 4.020000e+02
      vertex   1.336817e+01 2.536783e+01 4.020000e+02
      vertex   1.351212e+01 2.507874e+01 4.020000e+02
    endloop
  endfacet
  facet normal 0.000000e+00 0.000000e+00 -1.000000e+00
    outer loop
      vertex   1.244739e+01 2.225000e+01 4.020000e+02
      vertex   1.351212e+01 2.507874e+01 4.020000e+02
      vertex   1.370673e+01 2.482103e+01 4.020000e+02
    endloop
  endfacet
  facet normal 0.000000e+00 -0.000000e+00 -1.000000e+00
    outer loop
      vertex   1.370673e+01 2.482103e+01 4.020000e+02
      vertex   1.394539e+01 2.460347e+01 4.020000e+02
      vertex   1.244739e+01 2.225000e+01 4.020000e+02
    endloop
  endfacet
  facet normal 0.000000e+00 0.000000e+00 -1.000000e+00
    outer loop
      vertex   1.244739e+01 2.225000e+01 4.020000e+02
      vertex   1.394539e+01 2.460347e+01 4.020000e+02
      vertex   1.421996e+01 2.443346e+01 4.020000e+02
    endloop
  endfacet
  facet normal 0.000000e+00 0.000000e+00 -1.000000e+00
    outer loop
      vertex   1.244739e+01 2.225000e+01 4.020000e+02
      vertex   1.421996e+01 2.443346e+01 4.020000e+02
      vertex   1.500000e+01 2.225000e+01 4.020000e+02
    endloop
  endfacet
  facet normal 0.000000e+00 0.000000e+00 -1.000000e+00
    outer loop
      vertex   1.500000e+01 2.225000e+01 4.020000e+02
      vertex   1.421996e+01 2.443346e+01 4.020000e+02
      vertex   1.452109e+01 2.431681e+01 4.020000e+02
    endloop
  endfacet
  facet normal 0.000000e+00 0.000000e+00 -1.000000e+00
    outer loop
      vertex   1.500000e+01 2.225000e+01 4.020000e+02
      vertex   1.452109e+01 2.431681e+01 4.020000e+02
      vertex   1.483853e+01 2.425747e+01 4.020000e+02
    endloop
  endfacet
  facet normal 0.000000e+00 0.000000e+00 -1.000000e+00
    outer loop
      vertex   1.483853e+01 2.425747e+01 4.020000e+02
      vertex   1.516147e+01 2.425747e+01 4.020000e+02
      vertex   1.500000e+01 2.225000e+01 4.020000e+02
    endloop
  endfacet
  facet normal 0.000000e+00 0.000000e+00 -1.000000e+00
    outer loop
      vertex   1.500000e+01 2.225000e+01 4.020000e+02
      vertex   1.516147e+01 2.425747e+01 4.020000e+02
      vertex   1.547000e+01 2.227957e+01 4.020000e+02
    endloop
  endfacet
  facet normal 0.000000e+00 0.000000e+00 -1.000000e+00
    outer loop
      vertex   1.547000e+01 2.227957e+01 4.020000e+02
      vertex   1.516147e+01 2.425747e+01 4.020000e+02
      vertex   1.547891e+01 2.431681e+01 4.020000e+02
    endloop
  endfacet
  facet normal 0.000000e+00 0.000000e+00 -1.000000e+00
    outer loop
      vertex   1.547000e+01 2.227957e+01 4.020000e+02
      vertex   1.547891e+01 2.431681e+01 4.020000e+02
      vertex   1.593259e+01 2.236781e+01 4.020000e+02
    endloop
  endfacet
  facet normal 0.000000e+00 0.000000e+00 -1.000000e+00
    outer loop
      vertex   1.593259e+01 2.236781e+01 4.020000e+02
      vertex   1.547891e+01 2.431681e+01 4.020000e+02
      vertex   1.638047e+01 2.251334e+01 4.020000e+02
    endloop
  endfacet
  facet normal 0.000000e+00 0.000000e+00 -1.000000e+00
    outer loop
      vertex   1.638047e+01 2.251334e+01 4.020000e+02
      vertex   1.547891e+01 2.431681e+01 4.020000e+02
      vertex   1.578004e+01 2.443346e+01 4.020000e+02
    endloop
  endfacet
  facet normal 0.000000e+00 0.000000e+00 -1.000000e+00
    outer loop
      vertex   1.638047e+01 2.251334e+01 4.020000e+02
      vertex   1.578004e+01 2.443346e+01 4.020000e+02
      vertex   1.680658e+01 2.271385e+01 4.020000e+02
    endloop
  endfacet
  facet normal 0.000000e+00 0.000000e+00 -1.000000e+00
    outer loop
      vertex   1.680658e+01 2.271385e+01 4.020000e+02
      vertex   1.578004e+01 2.443346e+01 4.020000e+02
      vertex   1.605461e+01 2.460347e+01 4.020000e+02
    endloop
  endfacet
  facet normal 0.000000e+00 0.000000e+00 -1.000000e+00
    outer loop
      vertex   1.680658e+01 2.271385e+01 4.020000e+02
      vertex   1.605461e+01 2.460347e+01 4.020000e+02
      vertex   1.720419e+01 2.296619e+01 4.020000e+02
    endloop
  endfacet
  facet normal 0.000000e+00 0.000000e+00 -1.000000e+00
    outer loop
      vertex   1.720419e+01 2.296619e+01 4.020000e+02
      vertex   1.605461e+01 2.460347e+01 4.020000e+02
      vertex   1.756705e+01 2.326637e+01 4.020000e+02
    endloop
  endfacet
  facet normal 0.000000e+00 0.000000e+00 -1.000000e+00
    outer loop
      vertex   1.756705e+01 2.326637e+01 4.020000e+02
      vertex   1.605461e+01 2.460347e+01 4.020000e+02
      vertex   1.629327e+01 2.482103e+01 4.020000e+02
    endloop
  endfacet
  facet normal 0.000000e+00 0.000000e+00 -1.000000e+00
    outer loop
      vertex   1.756705e+01 2.326637e+01 4.020000e+02
      vertex   1.629327e+01 2.482103e+01 4.020000e+02
      vertex   1.788942e+01 2.360966e+01 4.020000e+02
    endloop
  endfacet
  facet normal 0.000000e+00 0.000000e+00 -1.000000e+00
    outer loop
      vertex   1.788942e+01 2.360966e+01 4.020000e+02
      vertex   1.629327e+01 2.482103e+01 4.020000e+02
      vertex   1.648788e+01 2.507874e+01 4.020000e+02
    endloop
  endfacet
  facet normal 0.000000e+00 0.000000e+00 -1.000000e+00
    outer loop
      vertex   1.788942e+01 2.360966e+01 4.020000e+02
      vertex   1.648788e+01 2.507874e+01 4.020000e+02
      vertex   1.816623e+01 2.399065e+01 4.020000e+02
    endloop
  endfacet
  facet normal 0.000000e+00 0.000000e+00 -1.000000e+00
    outer loop
      vertex   1.816623e+01 2.399065e+01 4.020000e+02
      vertex   1.648788e+01 2.507874e+01 4.020000e+02
      vertex   1.839310e+01 2.440333e+01 4.020000e+02
    endloop
  endfacet
  facet normal 0.000000e+00 0.000000e+00 -1.000000e+00
    outer loop
      vertex   1.839310e+01 2.440333e+01 4.020000e+02
      vertex   1.648788e+01 2.507874e+01 4.020000e+02
      vertex   1.663183e+01 2.536783e+01 4.020000e+02
    endloop
  endfacet
  facet normal 0.000000e+00 0.000000e+00 -1.000000e+00
    outer loop
      vertex   1.839310e+01 2.440333e+01 4.020000e+02
      vertex   1.663183e+01 2.536783e+01 4.020000e+02
      vertex   1.856646e+01 2.484119e+01 4.020000e+02
    endloop
  endfacet
  facet normal 0.000000e+00 0.000000e+00 -1.000000e+00
    outer loop
      vertex   1.856646e+01 2.484119e+01 4.020000e+02
      vertex   1.663183e+01 2.536783e+01 4.020000e+02
      vertex   1.672020e+01 2.567844e+01 4.020000e+02
    endloop
  endfacet
  facet normal -0.000000e+00 -0.000000e+00 -1.000000e+00
    outer loop
      vertex   1.236932e+01 3.000000e+01 4.020000e+02
      vertex   1.239590e+01 2.991684e+01 4.020000e+02
      vertex   1.091935e+01 3.000000e+01 4.020000e+02
    endloop
  endfacet
  facet normal 0.000000e+00 0.000000e+00 -1.000000e+00
    outer loop
      vertex   1.091935e+01 3.000000e+01 4.020000e+02
      vertex   1.239590e+01 2.991684e+01 4.020000e+02
      vertex   1.242193e+01 2.983351e+01 4.020000e+02
    endloop
  endfacet
  facet normal 0.000000e+00 0.000000e+00 -1.000000e+00
    outer loop
      vertex   1.091935e+01 3.000000e+01 4.020000e+02
      vertex   1.242193e+01 2.983351e+01 4.020000e+02
      vertex   1.244739e+01 2.975000e+01 4.020000e+02
    endloop
  endfacet
  facet normal 0.000000e+00 0.000000e+00 -1.000000e+00
    outer loop
      vertex   1.244739e+01 2.225000e+01 4.020000e+02
      vertex   1.242193e+01 2.216649e+01 4.020000e+02
      vertex   1.091935e+01 2.200000e+01 4.020000e+02
    endloop
  endfacet
  facet normal 0.000000e+00 0.000000e+00 -1.000000e+00
    outer loop
      vertex   1.091935e+01 2.200000e+01 4.020000e+02
      vertex   1.242193e+01 2.216649e+01 4.020000e+02
      vertex   1.239590e+01 2.208316e+01 4.020000e+02
    endloop
  endfacet
  facet normal 0.000000e+00 0.000000e+00 -1.000000e+00
    outer loop
      vertex   1.091935e+01 2.200000e+01 4.020000e+02
      vertex   1.239590e+01 2.208316e+01 4.020000e+02
      vertex   1.236932e+01 2.200000e+01 4.020000e+02
    endloop
  endfacet
  facet normal 3.973642e-09 1.000000e+00 -3.529303e-24
    outer loop
      vertex   -1.244739e+01 2.975000e+01 4.020000e+02
      vertex   -1.500000e+01 2.975000e+01 4.020000e+02
      vertex   -1.244739e+01 2.975000e+01 4.060000e+02
    endloop
  endfacet
  facet normal 3.973642e-09 1.000000e+00 -5.321553e-24
    outer loop
      vertex   -1.244739e+01 2.975000e+01 4.060000e+02
      vertex   -1.500000e+01 2.975000e+01 4.020000e+02
      vertex   -1.500000e+01 2.975000e+01 4.060000e+02
    endloop
  endfacet
  facet normal -6.279052e-02 9.980267e-01 8.365377e-17
    outer loop
      vertex   -1.500000e+01 2.975000e+01 4.060000e+02
      vertex   -1.500000e+01 2.975000e+01 4.020000e+02
      vertex   -1.547000e+01 2.972043e+01 4.060000e+02
    endloop
  endfacet
  facet normal -6.279052e-02 9.980267e-01 5.576918e-17
    outer loop
      vertex   -1.547000e+01 2.972043e+01 4.060000e+02
      vertex   -1.500000e+01 2.975000e+01 4.020000e+02
      vertex   -1.547000e+01 2.972043e+01 4.020000e+02
    endloop
  endfacet
  facet normal -1.873813e-01 9.822873e-01 1.664280e-16
    outer loop
      vertex   -1.547000e+01 2.972043e+01 4.060000e+02
      vertex   -1.547000e+01 2.972043e+01 4.020000e+02
      vertex   -1.593259e+01 2.963219e+01 4.060000e+02
    endloop
  endfacet
  facet normal -1.873813e-01 9.822873e-01 2.496421e-16
    outer loop
      vertex   -1.593259e+01 2.963219e+01 4.060000e+02
      vertex   -1.547000e+01 2.972043e+01 4.020000e+02
      vertex   -1.593259e+01 2.963219e+01 4.020000e+02
    endloop
  endfacet
  facet normal -3.090170e-01 9.510565e-01 4.116933e-16
    outer loop
      vertex   -1.593259e+01 2.963219e+01 4.060000e+02
      vertex   -1.593259e+01 2.963219e+01 4.020000e+02
      vertex   -1.638047e+01 2.948666e+01 4.060000e+02
    endloop
  endfacet
  facet normal -3.090170e-01 9.510565e-01 5.489244e-16
    outer loop
      vertex   -1.638047e+01 2.948666e+01 4.060000e+02
      vertex   -1.593259e+01 2.963219e+01 4.020000e+02
      vertex   -1.638047e+01 2.948666e+01 4.020000e+02
    endloop
  endfacet
  facet normal -4.257793e-01 9.048271e-01 7.563360e-16
    outer loop
      vertex   -1.638047e+01 2.948666e+01 4.060000e+02
      vertex   -1.638047e+01 2.948666e+01 4.020000e+02
      vertex   -1.680658e+01 2.928615e+01 4.060000e+02
    endloop
  endfacet
  facet normal -4.257793e-01 9.048271e-01 0.000000e+00
    outer loop
      vertex   -1.680658e+01 2.928615e+01 4.060000e+02
      vertex   -1.638047e+01 2.948666e+01 4.020000e+02
      vertex   -1.680658e+01 2.928615e+01 4.020000e+02
    endloop
  endfacet
  facet normal -5.358268e-01 8.443279e-01 0.000000e+00
    outer loop
      vertex   -1.680658e+01 2.928615e+01 4.060000e+02
      vertex   -1.680658e+01 2.928615e+01 4.020000e+02
      vertex   -1.720419e+01 2.903381e+01 4.060000e+02
    endloop
  endfacet
  facet normal -5.358268e-01 8.443279e-01 9.518196e-16
    outer loop
      vertex   -1.720419e+01 2.903381e+01 4.060000e+02
      vertex   -1.680658e+01 2.928615e+01 4.020000e+02
      vertex   -1.720419e+01 2.903381e+01 4.020000e+02
    endloop
  endfacet
  facet normal -6.374240e-01 7.705132e-01 1.132292e-15
    outer loop
      vertex   -1.720419e+01 2.903381e+01 4.060000e+02
      vertex   -1.720419e+01 2.903381e+01 4.020000e+02
      vertex   -1.756705e+01 2.873363e+01 4.060000e+02
    endloop
  endfacet
  facet normal -6.374240e-01 7.705132e-01 -1.182070e-16
    outer loop
      vertex   -1.756705e+01 2.873363e+01 4.060000e+02
      vertex   -1.720419e+01 2.903381e+01 4.020000e+02
      vertex   -1.756705e+01 2.873363e+01 4.020000e+02
    endloop
  endfacet
  facet normal -7.289686e-01 6.845471e-01 3.945423e-17
    outer loop
      vertex   -1.756705e+01 2.873363e+01 4.060000e+02
      vertex   -1.756705e+01 2.873363e+01 4.020000e+02
      vertex   -1.788942e+01 2.839034e+01 4.060000e+02
    endloop
  endfacet
  facet normal -7.289686e-01 6.845471e-01 6.869084e-16
    outer loop
      vertex   -1.788942e+01 2.839034e+01 4.060000e+02
      vertex   -1.756705e+01 2.873363e+01 4.020000e+02
      vertex   -1.788942e+01 2.839034e+01 4.020000e+02
    endloop
  endfacet
  facet normal -8.090170e-01 5.877853e-01 9.150447e-16
    outer loop
      vertex   -1.788942e+01 2.839034e+01 4.060000e+02
      vertex   -1.788942e+01 2.839034e+01 4.020000e+02
      vertex   -1.816623e+01 2.800935e+01 4.060000e+02
    endloop
  endfacet
  facet normal -8.090170e-01 5.877853e-01 -3.255649e-16
    outer loop
      vertex   -1.816623e+01 2.800935e+01 4.060000e+02
      vertex   -1.788942e+01 2.839034e+01 4.020000e+02
      vertex   -1.816623e+01 2.800935e+01 4.020000e+02
    endloop
  endfacet
  facet normal -8.763067e-01 4.817537e-01 -7.744976e-17
    outer loop
      vertex   -1.816623e+01 2.800935e+01 4.060000e+02
      vertex   -1.816623e+01 2.800935e+01 4.020000e+02
      vertex   -1.839310e+01 2.759667e+01 4.060000e+02
    endloop
  endfacet
  facet normal -8.763067e-01 4.817537e-01 -8.557664e-16
    outer loop
      vertex   -1.839310e+01 2.759667e+01 4.060000e+02
      vertex   -1.816623e+01 2.800935e+01 4.020000e+02
      vertex   -1.839310e+01 2.759667e+01 4.020000e+02
    endloop
  endfacet
  facet normal -9.297765e-01 3.681246e-01 -6.539206e-16
    outer loop
      vertex   -1.839310e+01 2.759667e+01 4.060000e+02
      vertex   -1.839310e+01 2.759667e+01 4.020000e+02
      vertex   -1.856646e+01 2.715881e+01 4.060000e+02
    endloop
  endfacet
  facet normal -9.297765e-01 3.681246e-01 -3.269603e-16
    outer loop
      vertex   -1.856646e+01 2.715881e+01 4.060000e+02
      vertex   -1.839310e+01 2.759667e+01 4.020000e+02
      vertex   -1.856646e+01 2.715881e+01 4.020000e+02
    endloop
  endfacet
  facet normal -9.685832e-01 2.486899e-01 -2.208810e-16
    outer loop
      vertex   -1.856646e+01 2.715881e+01 4.060000e+02
      vertex   -1.856646e+01 2.715881e+01 4.020000e+02
      vertex   -1.868358e+01 2.670268e+01 4.060000e+02
    endloop
  endfacet
  facet normal -9.685832e-01 2.486899e-01 -2.208810e-16
    outer loop
      vertex   -1.868358e+01 2.670268e+01 4.060000e+02
      vertex   -1.856646e+01 2.715881e+01 4.020000e+02
      vertex   -1.868358e+01 2.670268e+01 4.020000e+02
    endloop
  endfacet
  facet normal -9.921147e-01 1.253332e-01 -1.113183e-16
    outer loop
      vertex   -1.868358e+01 2.670268e+01 4.060000e+02
      vertex   -1.868358e+01 2.670268e+01 4.020000e+02
      vertex   -1.874260e+01 2.623546e+01 4.060000e+02
    endloop
  endfacet
  facet normal -9.921147e-01 1.253332e-01 0.000000e+00
    outer loop
      vertex   -1.874260e+01 2.623546e+01 4.060000e+02
      vertex   -1.868358e+01 2.670268e+01 4.020000e+02
      vertex   -1.874260e+01 2.623546e+01 4.020000e+02
    endloop
  endfacet
  facet normal -1.000000e+00 3.973650e-09 0.000000e+00
    outer loop
      vertex   -1.874260e+01 2.623546e+01 4.060000e+02
      vertex   -1.874260e+01 2.623546e+01 4.020000e+02
      vertex   -1.874260e+01 2.576454e+01 4.060000e+02
    endloop
  endfacet
  facet normal -1.000000e+00 3.973650e-09 0.000000e+00
    outer loop
      vertex   -1.874260e+01 2.576454e+01 4.060000e+02
      vertex   -1.874260e+01 2.623546e+01 4.020000e+02
      vertex   -1.874260e+01 2.576454e+01 4.020000e+02
    endloop
  endfacet
  facet normal -9.921147e-01 -1.253332e-01 -0.000000e+00
    outer loop
      vertex   -1.874260e+01 2.576454e+01 4.060000e+02
      vertex   -1.874260e+01 2.576454e+01 4.020000e+02
      vertex   -1.868358e+01 2.529732e+01 4.060000e+02
    endloop
  endfacet
  facet normal -9.921147e-01 -1.253332e-01 1.113183e-16
    outer loop
      vertex   -1.868358e+01 2.529732e+01 4.060000e+02
      vertex   -1.874260e+01 2.576454e+01 4.020000e+02
      vertex   -1.868358e+01 2.529732e+01 4.020000e+02
    endloop
  endfacet
  facet normal -9.685832e-01 -2.486899e-01 2.208810e-16
    outer loop
      vertex   -1.868358e+01 2.529732e+01 4.060000e+02
      vertex   -1.868358e+01 2.529732e+01 4.020000e+02
      vertex   -1.856646e+01 2.484119e+01 4.060000e+02
    endloop
  endfacet
  facet normal -9.685832e-01 -2.486899e-01 -0.000000e+00
    outer loop
      vertex   -1.856646e+01 2.484119e+01 4.060000e+02
      vertex   -1.868358e+01 2.529732e+01 4.020000e+02
      vertex   -1.856646e+01 2.484119e+01 4.020000e+02
    endloop
  endfacet
  facet normal -9.297765e-01 -3.681245e-01 -0.000000e+00
    outer loop
      vertex   -1.856646e+01 2.484119e+01 4.060000e+02
      vertex   -1.856646e+01 2.484119e+01 4.020000e+02
      vertex   -1.839310e+01 2.440333e+01 4.060000e+02
    endloop
  endfacet
  facet normal -9.297765e-01 -3.681245e-01 -0.000000e+00
    outer loop
      vertex   -1.839310e+01 2.440333e+01 4.060000e+02
      vertex   -1.856646e+01 2.484119e+01 4.020000e+02
      vertex   -1.839310e+01 2.440333e+01 4.020000e+02
    endloop
  endfacet
  facet normal -8.763067e-01 -4.817537e-01 -0.000000e+00
    outer loop
      vertex   -1.839310e+01 2.440333e+01 4.060000e+02
      vertex   -1.839310e+01 2.440333e+01 4.020000e+02
      vertex   -1.816623e+01 2.399065e+01 4.060000e+02
    endloop
  endfacet
  facet normal -8.763067e-01 -4.817537e-01 -0.000000e+00
    outer loop
      vertex   -1.816623e+01 2.399065e+01 4.060000e+02
      vertex   -1.839310e+01 2.440333e+01 4.020000e+02
      vertex   -1.816623e+01 2.399065e+01 4.020000e+02
    endloop
  endfacet
  facet normal -8.090170e-01 -5.877852e-01 -0.000000e+00
    outer loop
      vertex   -1.816623e+01 2.399065e+01 4.060000e+02
      vertex   -1.816623e+01 2.399065e+01 4.020000e+02
      vertex   -1.788942e+01 2.360966e+01 4.060000e+02
    endloop
  endfacet
  facet normal -8.090170e-01 -5.877852e-01 -0.000000e+00
    outer loop
      vertex   -1.788942e+01 2.360966e+01 4.060000e+02
      vertex   -1.816623e+01 2.399065e+01 4.020000e+02
      vertex   -1.788942e+01 2.360966e+01 4.020000e+02
    endloop
  endfacet
  facet normal -7.289686e-01 -6.845471e-01 -0.000000e+00
    outer loop
      vertex   -1.788942e+01 2.360966e+01 4.060000e+02
      vertex   -1.788942e+01 2.360966e+01 4.020000e+02
      vertex   -1.756705e+01 2.326637e+01 4.060000e+02
    endloop
  endfacet
  facet normal -7.289686e-01 -6.845471e-01 6.474542e-16
    outer loop
      vertex   -1.756705e+01 2.326637e+01 4.060000e+02
      vertex   -1.788942e+01 2.360966e+01 4.020000e+02
      vertex   -1.756705e+01 2.326637e+01 4.020000e+02
    endloop
  endfacet
  facet normal -6.374240e-01 -7.705132e-01 5.661462e-16
    outer loop
      vertex   -1.756705e+01 2.326637e+01 4.060000e+02
      vertex   -1.756705e+01 2.326637e+01 4.020000e+02
      vertex   -1.720419e+01 2.296619e+01 4.060000e+02
    endloop
  endfacet
  facet normal -6.374240e-01 -7.705132e-01 -0.000000e+00
    outer loop
      vertex   -1.720419e+01 2.296619e+01 4.060000e+02
      vertex   -1.756705e+01 2.326637e+01 4.020000e+02
      vertex   -1.720419e+01 2.296619e+01 4.020000e+02
    endloop
  endfacet
  facet normal -5.358268e-01 -8.443279e-01 -0.000000e+00
    outer loop
      vertex   -1.720419e+01 2.296619e+01 4.060000e+02
      vertex   -1.720419e+01 2.296619e+01 4.020000e+02
      vertex   -1.680658e+01 2.271385e+01 4.060000e+02
    endloop
  endfacet
  facet normal -5.358268e-01 -8.443279e-01 -0.000000e+00
    outer loop
      vertex   -1.680658e+01 2.271385e+01 4.060000e+02
      vertex   -1.720419e+01 2.296619e+01 4.020000e+02
      vertex   -1.680658e+01 2.271385e+01 4.020000e+02
    endloop
  endfacet
  facet normal -4.257793e-01 -9.048271e-01 -0.000000e+00
    outer loop
      vertex   -1.680658e+01 2.271385e+01 4.060000e+02
      vertex   -1.680658e+01 2.271385e+01 4.020000e+02
      vertex   -1.638047e+01 2.251334e+01 4.060000e+02
    endloop
  endfacet
  facet normal -4.257793e-01 -9.048271e-01 -0.000000e+00
    outer loop
      vertex   -1.638047e+01 2.251334e+01 4.060000e+02
      vertex   -1.680658e+01 2.271385e+01 4.020000e+02
      vertex   -1.638047e+01 2.251334e+01 4.020000e+02
    endloop
  endfacet
  facet normal -3.090170e-01 -9.510565e-01 -0.000000e+00
    outer loop
      vertex   -1.638047e+01 2.251334e+01 4.060000e+02
      vertex   -1.638047e+01 2.251334e+01 4.020000e+02
      vertex   -1.593259e+01 2.236781e+01 4.060000e+02
    endloop
  endfacet
  facet normal -3.090170e-01 -9.510565e-01 2.744622e-16
    outer loop
      vertex   -1.593259e+01 2.236781e+01 4.060000e+02
      vertex   -1.638047e+01 2.251334e+01 4.020000e+02
      vertex   -1.593259e+01 2.236781e+01 4.020000e+02
    endloop
  endfacet
  facet normal -1.873813e-01 -9.822872e-01 1.664280e-16
    outer loop
      vertex   -1.593259e+01 2.236781e+01 4.060000e+02
      vertex   -1.593259e+01 2.236781e+01 4.020000e+02
      vertex   -1.547000e+01 2.227957e+01 4.060000e+02
    endloop
  endfacet
  facet normal -1.873813e-01 -9.822872e-01 8.321402e-17
    outer loop
      vertex   -1.547000e+01 2.227957e+01 4.060000e+02
      vertex   -1.593259e+01 2.236781e+01 4.020000e+02
      vertex   -1.547000e+01 2.227957e+01 4.020000e+02
    endloop
  endfacet
  facet normal -6.279052e-02 -9.980267e-01 2.788459e-17
    outer loop
      vertex   -1.547000e+01 2.227957e+01 4.060000e+02
      vertex   -1.547000e+01 2.227957e+01 4.020000e+02
      vertex   -1.500000e+01 2.225000e+01 4.060000e+02
    endloop
  endfacet
  facet normal -6.279052e-02 -9.980267e-01 5.576919e-17
    outer loop
      vertex   -1.500000e+01 2.225000e+01 4.060000e+02
      vertex   -1.547000e+01 2.227957e+01 4.020000e+02
      vertex   -1.500000e+01 2.225000e+01 4.020000e+02
    endloop
  endfacet
  facet normal -3.973642e-09 -1.000000e+00 3.529303e-24
    outer loop
      vertex   -1.500000e+01 2.225000e+01 4.020000e+02
      vertex   -1.244739e+01 2.225000e+01 4.020000e+02
      vertex   -1.500000e+01 2.225000e+01 4.060000e+02
    endloop
  endfacet
  facet normal -3.973642e-09 -1.000000e+00 1.701775e-24
    outer loop
      vertex   -1.500000e+01 2.225000e+01 4.060000e+02
      vertex   -1.244739e+01 2.225000e+01 4.020000e+02
      vertex   -1.244739e+01 2.225000e+01 4.060000e+02
    endloop
  endfacet
  facet normal -9.565175e-01 -2.916750e-01 4.247791e-16
    outer loop
      vertex   -1.244739e+01 2.225000e+01 4.020000e+02
      vertex   -1.242193e+01 2.216649e+01 4.020000e+02
      vertex   -1.244739e+01 2.225000e+01 4.060000e+02
    endloop
  endfacet
  facet normal -9.545371e-01 -2.980920e-01 1.465747e-04
    outer loop
      vertex   -1.244739e+01 2.225000e+01 4.060000e+02
      vertex   -1.242193e+01 2.216649e+01 4.020000e+02
      vertex   -1.239590e+01 2.208316e+01 4.020000e+02
    endloop
  endfacet
  facet normal -9.525136e-01 -3.044956e-01 4.397173e-04
    outer loop
      vertex   -1.244739e+01 2.225000e+01 4.060000e+02
      vertex   -1.239590e+01 2.208316e+01 4.020000e+02
      vertex   -1.236932e+01 2.200000e+01 4.020000e+02
    endloop
  endfacet
  facet normal -9.472478e-01 -3.204983e-01 1.542665e-03
    outer loop
      vertex   -1.244739e+01 2.225000e+01 4.060000e+02
      vertex   -1.236932e+01 2.200000e+01 4.020000e+02
      vertex   -1.216715e+01 2.142175e+01 4.060000e+02
    endloop
  endfacet
  facet normal -9.439724e-01 -3.300244e-01 -1.319741e-18
    outer loop
      vertex   -1.216715e+01 2.142175e+01 4.060000e+02
      vertex   -1.236932e+01 2.200000e+01 4.020000e+02
      vertex   -1.236932e+01 2.200000e+01 3.960000e+02
    endloop
  endfacet
  facet normal -9.404760e-01 -3.398594e-01 -6.393982e-04
    outer loop
      vertex   -1.216715e+01 2.142175e+01 4.060000e+02
      vertex   -1.236932e+01 2.200000e+01 3.960000e+02
      vertex   -1.206893e+01 2.116876e+01 3.960000e+02
    endloop
  endfacet
  facet normal -9.235617e-01 -3.834494e-01 6.295070e-04
    outer loop
      vertex   -1.216715e+01 2.142175e+01 4.060000e+02
      vertex   -1.206893e+01 2.116876e+01 3.960000e+02
      vertex   -1.183187e+01 2.061421e+01 4.060000e+02
    endloop
  endfacet
  facet normal -9.152092e-01 -4.029785e-01 -6.514930e-04
    outer loop
      vertex   -1.183187e+01 2.061421e+01 4.060000e+02
      vertex   -1.206893e+01 2.116876e+01 3.960000e+02
      vertex   -1.171276e+01 2.035985e+01 3.960000e+02
    endloop
  endfacet
  facet normal -8.956965e-01 -4.446654e-01 6.412562e-04
    outer loop
      vertex   -1.183187e+01 2.061421e+01 4.060000e+02
      vertex   -1.171276e+01 2.035985e+01 3.960000e+02
      vertex   -1.144307e+01 1.983103e+01 4.060000e+02
    endloop
  endfacet
  facet normal -8.857119e-01 -4.642349e-01 -6.628967e-04
    outer loop
      vertex   -1.144307e+01 1.983103e+01 4.060000e+02
      vertex   -1.171276e+01 2.035985e+01 3.960000e+02
      vertex   -1.130244e+01 1.957701e+01 3.960000e+02
    endloop
  endfacet
  facet normal -8.637793e-01 -5.038699e-01 6.523143e-04
    outer loop
      vertex   -1.144307e+01 1.983103e+01 4.060000e+02
      vertex   -1.130244e+01 1.957701e+01 3.960000e+02
      vertex   -1.100250e+01 1.907576e+01 4.060000e+02
    endloop
  endfacet
  facet normal -8.521204e-01 -5.233454e-01 -6.736093e-04
    outer loop
      vertex   -1.100250e+01 1.907576e+01 4.060000e+02
      vertex   -1.130244e+01 1.957701e+01 3.960000e+02
      vertex   -1.083989e+01 1.882387e+01 3.960000e+02
    endloop
  endfacet
  facet normal -8.279545e-01 -5.607949e-01 6.626814e-04
    outer loop
      vertex   -1.100250e+01 1.907576e+01 4.060000e+02
      vertex   -1.083989e+01 1.882387e+01 3.960000e+02
      vertex   -1.051215e+01 1.835182e+01 4.060000e+02
    endloop
  endfacet
  facet normal -8.145901e-01 -5.800367e-01 -6.836308e-04
    outer loop
      vertex   -1.051215e+01 1.835182e+01 4.060000e+02
      vertex   -1.083989e+01 1.882387e+01 3.960000e+02
      vertex   -1.032722e+01 1.810389e+01 3.960000e+02
    endloop
  endfacet
  facet normal -7.883841e-01 -6.151830e-01 6.723573e-04
    outer loop
      vertex   -1.051215e+01 1.835182e+01 4.060000e+02
      vertex   -1.032722e+01 1.810389e+01 3.960000e+02
      vertex   -9.974247e+00 1.766247e+01 4.060000e+02
    endloop
  endfacet
  facet normal -7.732943e-01 -6.340469e-01 -6.929611e-04
    outer loop
      vertex   -9.974247e+00 1.766247e+01 4.060000e+02
      vertex   -1.032722e+01 1.810389e+01 3.960000e+02
      vertex   -9.766817e+00 1.742041e+01 3.960000e+02
    endloop
  endfacet
  facet normal -7.452472e-01 -6.667880e-01 6.813421e-04
    outer loop
      vertex   -9.974247e+00 1.766247e+01 4.060000e+02
      vertex   -9.766817e+00 1.742041e+01 3.960000e+02
      vertex   -9.391223e+00 1.701084e+01 4.060000e+02
    endloop
  endfacet
  facet normal -7.284241e-01 -6.851262e-01 -7.016004e-04
    outer loop
      vertex   -9.391223e+00 1.701084e+01 4.060000e+02
      vertex   -9.766817e+00 1.742041e+01 3.960000e+02
      vertex   -9.161268e+00 1.677660e+01 3.960000e+02
    endloop
  endfacet
  facet normal -6.987388e-01 -7.153765e-01 6.896358e-04
    outer loop
      vertex   -9.391223e+00 1.701084e+01 4.060000e+02
      vertex   -9.161268e+00 1.677660e+01 3.960000e+02
      vertex   -8.765714e+00 1.639988e+01 4.060000e+02
    endloop
  endfacet
  facet normal -6.801868e-01 -7.330385e-01 -7.095485e-04
    outer loop
      vertex   -8.765714e+00 1.639988e+01 4.060000e+02
      vertex   -9.161268e+00 1.677660e+01 3.960000e+02
      vertex   -8.513371e+00 1.617541e+01 3.960000e+02
    endloop
  endfacet
  facet normal -6.490695e-01 -7.607288e-01 6.972383e-04
    outer loop
      vertex   -8.765714e+00 1.639988e+01 4.060000e+02
      vertex   -8.513371e+00 1.617541e+01 3.960000e+02
      vertex   -8.100550e+00 1.583235e+01 4.060000e+02
    endloop
  endfacet
  facet normal -6.288053e-01 -7.775625e-01 -7.168055e-04
    outer loop
      vertex   -8.100550e+00 1.583235e+01 4.060000e+02
      vertex   -8.513371e+00 1.617541e+01 3.960000e+02
      vertex   -7.826122e+00 1.561964e+01 3.960000e+02
    endloop
  endfacet
  facet normal -5.964638e-01 -8.026397e-01 7.041498e-04
    outer loop
      vertex   -8.100550e+00 1.583235e+01 4.060000e+02
      vertex   -7.826122e+00 1.561964e+01 3.960000e+02
      vertex   -7.398740e+00 1.531082e+01 4.060000e+02
    endloop
  endfacet
  facet normal -5.745173e-01 -8.184922e-01 -7.233714e-04
    outer loop
      vertex   -7.398740e+00 1.531082e+01 4.060000e+02
      vertex   -7.826122e+00 1.561964e+01 3.960000e+02
      vertex   -7.102697e+00 1.511186e+01 3.960000e+02
    endloop
  endfacet
  facet normal -5.411598e-01 -8.409195e-01 7.103701e-04
    outer loop
      vertex   -7.398740e+00 1.531082e+01 4.060000e+02
      vertex   -7.102697e+00 1.511186e+01 3.960000e+02
      vertex   -6.663460e+00 1.483764e+01 4.060000e+02
    endloop
  endfacet
  facet normal -5.175735e-01 -8.556384e-01 -7.292461e-04
    outer loop
      vertex   -6.663460e+00 1.483764e+01 4.060000e+02
      vertex   -7.102697e+00 1.511186e+01 3.960000e+02
      vertex   -6.346441e+00 1.465440e+01 3.960000e+02
    endloop
  endfacet
  facet normal -4.834077e-01 -8.753951e-01 7.158992e-04
    outer loop
      vertex   -6.663460e+00 1.483764e+01 4.060000e+02
      vertex   -6.346441e+00 1.465440e+01 3.960000e+02
      vertex   -5.898034e+00 1.441496e+01 4.060000e+02
    endloop
  endfacet
  facet normal -4.582373e-01 -8.888296e-01 -7.344297e-04
    outer loop
      vertex   -5.898034e+00 1.441496e+01 4.060000e+02
      vertex   -6.346441e+00 1.465440e+01 3.960000e+02
      vertex   -5.560848e+00 1.424938e+01 3.960000e+02
    endloop
  endfacet
  facet normal -4.234687e-01 -9.059105e-01 7.207373e-04
    outer loop
      vertex   -5.898034e+00 1.441496e+01 4.060000e+02
      vertex   -5.560848e+00 1.424938e+01 3.960000e+02
      vertex   -5.105926e+00 1.404469e+01 4.060000e+02
    endloop
  endfacet
  facet normal -3.967830e-01 -9.179121e-01 -7.389221e-04
    outer loop
      vertex   -5.105926e+00 1.404469e+01 4.060000e+02
      vertex   -5.560848e+00 1.424938e+01 3.960000e+02
      vertex   -4.749551e+00 1.389869e+01 3.960000e+02
    endloop
  endfacet
  facet normal -3.616139e-01 -9.323276e-01 7.248841e-04
    outer loop
      vertex   -5.105926e+00 1.404469e+01 4.060000e+02
      vertex   -4.749551e+00 1.389869e+01 3.960000e+02
      vertex   -4.290720e+00 1.372850e+01 4.060000e+02
    endloop
  endfacet
  facet normal -3.334945e-01 -9.427517e-01 -7.427234e-04
    outer loop
      vertex   -4.290720e+00 1.372850e+01 4.060000e+02
      vertex   -4.749551e+00 1.389869e+01 3.960000e+02
      vertex   -3.916299e+00 1.360393e+01 3.960000e+02
    endloop
  endfacet
  facet normal -2.981233e-01 -9.545271e-01 7.283399e-04
    outer loop
      vertex   -4.290720e+00 1.372850e+01 4.060000e+02
      vertex   -3.916299e+00 1.360393e+01 3.960000e+02
      vertex   -3.456104e+00 1.346783e+01 4.060000e+02
    endloop
  endfacet
  facet normal -2.686645e-01 -9.632335e-01 -7.458336e-04
    outer loop
      vertex   -3.456104e+00 1.346783e+01 4.060000e+02
      vertex   -3.916299e+00 1.360393e+01 3.960000e+02
      vertex   -3.064944e+00 1.336647e+01 3.960000e+02
    endloop
  endfacet
  facet normal -2.332840e-01 -9.724084e-01 7.311045e-04
    outer loop
      vertex   -3.456104e+00 1.346783e+01 4.060000e+02
      vertex   -3.064944e+00 1.336647e+01 3.960000e+02
      vertex   -2.605852e+00 1.326385e+01 4.060000e+02
    endloop
  endfacet
  facet normal -2.025926e-01 -9.792628e-01 -7.482526e-04
    outer loop
      vertex   -2.605852e+00 1.326385e+01 4.060000e+02
      vertex   -3.064944e+00 1.336647e+01 3.960000e+02
      vertex   -2.199422e+00 1.318741e+01 3.960000e+02
    endloop
  endfacet
  facet normal -1.673894e-01 -9.858906e-01 7.331779e-04
    outer loop
      vertex   -2.605852e+00 1.326385e+01 4.060000e+02
      vertex   -2.199422e+00 1.318741e+01 3.960000e+02
      vertex   -1.743812e+00 1.311749e+01 4.060000e+02
    endloop
  endfacet
  facet normal -1.355843e-01 -9.907655e-01 -7.499805e-04
    outer loop
      vertex   -1.743812e+00 1.311749e+01 4.060000e+02
      vertex   -2.199422e+00 1.318741e+01 3.960000e+02
      vertex   -1.323733e+00 1.306757e+01 3.960000e+02
    endloop
  endfacet
  facet normal -1.007375e-01 -9.949128e-01 7.345602e-04
    outer loop
      vertex   -1.743812e+00 1.311749e+01 4.060000e+02
      vertex   -1.323733e+00 1.306757e+01 3.960000e+02
      vertex   -8.738824e-01 1.302941e+01 4.060000e+02
    endloop
  endfacet
  facet normal -6.794918e-02 -9.976885e-01 -7.510172e-04
    outer loop
      vertex   -8.738824e-01 1.302941e+01 4.060000e+02
      vertex   -1.323733e+00 1.306757e+01 3.960000e+02
      vertex   -4.419253e-01 1.300751e+01 3.960000e+02
    endloop
  endfacet
  facet normal -3.362988e-02 -9.994341e-01 7.352514e-04
    outer loop
      vertex   -8.738824e-01 1.302941e+01 4.060000e+02
      vertex   -4.419253e-01 1.300751e+01 3.960000e+02
      vertex   -4.249883e-13 1.300000e+01 4.060000e+02
    endloop
  endfacet
  facet normal 0.000000e+00 -9.999997e-01 -7.513628e-04
    outer loop
      vertex   -4.249883e-13 1.300000e+01 4.060000e+02
      vertex   -4.419253e-01 1.300751e+01 3.960000e+02
      vertex   4.419253e-01 1.300751e+01 3.960000e+02
    endloop
  endfacet
  facet normal 3.362988e-02 -9.994341e-01 7.352514e-04
    outer loop
      vertex   -4.249883e-13 1.300000e+01 4.060000e+02
      vertex   4.419253e-01 1.300751e+01 3.960000e+02
      vertex   8.738824e-01 1.302941e+01 4.060000e+02
    endloop
  endfacet
  facet normal 6.794918e-02 -9.976885e-01 -7.510172e-04
    outer loop
      vertex   8.738824e-01 1.302941e+01 4.060000e+02
      vertex   4.419253e-01 1.300751e+01 3.960000e+02
      vertex   1.323733e+00 1.306757e+01 3.960000e+02
    endloop
  endfacet
  facet normal 1.007375e-01 -9.949128e-01 7.345602e-04
    outer loop
      vertex   8.738824e-01 1.302941e+01 4.060000e+02
      vertex   1.323733e+00 1.306757e+01 3.960000e+02
      vertex   1.743812e+00 1.311749e+01 4.060000e+02
    endloop
  endfacet
  facet normal 1.355843e-01 -9.907655e-01 -7.499805e-04
    outer loop
      vertex   1.743812e+00 1.311749e+01 4.060000e+02
      vertex   1.323733e+00 1.306757e+01 3.960000e+02
      vertex   2.199422e+00 1.318741e+01 3.960000e+02
    endloop
  endfacet
  facet normal 1.673894e-01 -9.858906e-01 7.331779e-04
    outer loop
      vertex   1.743812e+00 1.311749e+01 4.060000e+02
      vertex   2.199422e+00 1.318741e+01 3.960000e+02
      vertex   2.605852e+00 1.326385e+01 4.060000e+02
    endloop
  endfacet
  facet normal 2.025926e-01 -9.792628e-01 -7.482526e-04
    outer loop
      vertex   2.605852e+00 1.326385e+01 4.060000e+02
      vertex   2.199422e+00 1.318741e+01 3.960000e+02
      vertex   3.064944e+00 1.336647e+01 3.960000e+02
    endloop
  endfacet
  facet normal 2.332840e-01 -9.724084e-01 7.311045e-04
    outer loop
      vertex   2.605852e+00 1.326385e+01 4.060000e+02
      vertex   3.064944e+00 1.336647e+01 3.960000e+02
      vertex   3.456104e+00 1.346783e+01 4.060000e+02
    endloop
  endfacet
  facet normal 2.686645e-01 -9.632335e-01 -7.458336e-04
    outer loop
      vertex   3.456104e+00 1.346783e+01 4.060000e+02
      vertex   3.064944e+00 1.336647e+01 3.960000e+02
      vertex   3.916299e+00 1.360393e+01 3.960000e+02
    endloop
  endfacet
  facet normal 2.981233e-01 -9.545271e-01 7.283399e-04
    outer loop
      vertex   3.456104e+00 1.346783e+01 4.060000e+02
      vertex   3.916299e+00 1.360393e+01 3.960000e+02
      vertex   4.290720e+00 1.372850e+01 4.060000e+02
    endloop
  endfacet
  facet normal 3.334945e-01 -9.427517e-01 -7.427234e-04
    outer loop
      vertex   4.290720e+00 1.372850e+01 4.060000e+02
      vertex   3.916299e+00 1.360393e+01 3.960000e+02
      vertex   4.749551e+00 1.389869e+01 3.960000e+02
    endloop
  endfacet
  facet normal 3.616139e-01 -9.323276e-01 7.248841e-04
    outer loop
      vertex   4.290720e+00 1.372850e+01 4.060000e+02
      vertex   4.749551e+00 1.389869e+01 3.960000e+02
      vertex   5.105926e+00 1.404469e+01 4.060000e+02
    endloop
  endfacet
  facet normal 3.967830e-01 -9.179121e-01 -7.389221e-04
    outer loop
      vertex   5.105926e+00 1.404469e+01 4.060000e+02
      vertex   4.749551e+00 1.389869e+01 3.960000e+02
      vertex   5.560848e+00 1.424938e+01 3.960000e+02
    endloop
  endfacet
  facet normal 4.234687e-01 -9.059105e-01 7.207373e-04
    outer loop
      vertex   5.105926e+00 1.404469e+01 4.060000e+02
      vertex   5.560848e+00 1.424938e+01 3.960000e+02
      vertex   5.898034e+00 1.441496e+01 4.060000e+02
    endloop
  endfacet
  facet normal 4.582373e-01 -8.888296e-01 -7.344297e-04
    outer loop
      vertex   5.898034e+00 1.441496e+01 4.060000e+02
      vertex   5.560848e+00 1.424938e+01 3.960000e+02
      vertex   6.346441e+00 1.465440e+01 3.960000e+02
    endloop
  endfacet
  facet normal 4.834077e-01 -8.753951e-01 7.158992e-04
    outer loop
      vertex   5.898034e+00 1.441496e+01 4.060000e+02
      vertex   6.346441e+00 1.465440e+01 3.960000e+02
      vertex   6.663460e+00 1.483764e+01 4.060000e+02
    endloop
  endfacet
  facet normal 5.175735e-01 -8.556384e-01 -7.292461e-04
    outer loop
      vertex   6.663460e+00 1.483764e+01 4.060000e+02
      vertex   6.346441e+00 1.465440e+01 3.960000e+02
      vertex   7.102697e+00 1.511186e+01 3.960000e+02
    endloop
  endfacet
  facet normal 5.411598e-01 -8.409195e-01 7.103701e-04
    outer loop
      vertex   6.663460e+00 1.483764e+01 4.060000e+02
      vertex   7.102697e+00 1.511186e+01 3.960000e+02
      vertex   7.398740e+00 1.531082e+01 4.060000e+02
    endloop
  endfacet
  facet normal 5.745173e-01 -8.184922e-01 -7.233714e-04
    outer loop
      vertex   7.398740e+00 1.531082e+01 4.060000e+02
      vertex   7.102697e+00 1.511186e+01 3.960000e+02
      vertex   7.826122e+00 1.561964e+01 3.960000e+02
    endloop
  endfacet
  facet normal 5.964638e-01 -8.026397e-01 7.041498e-04
    outer loop
      vertex   7.398740e+00 1.531082e+01 4.060000e+02
      vertex   7.826122e+00 1.561964e+01 3.960000e+02
      vertex   8.100550e+00 1.583235e+01 4.060000e+02
    endloop
  endfacet
  facet normal 6.288053e-01 -7.775625e-01 -7.168055e-04
    outer loop
      vertex   8.100550e+00 1.583235e+01 4.060000e+02
      vertex   7.826122e+00 1.561964e+01 3.960000e+02
      vertex   8.513371e+00 1.617541e+01 3.960000e+02
    endloop
  endfacet
  facet normal 6.490695e-01 -7.607288e-01 6.972383e-04
    outer loop
      vertex   8.100550e+00 1.583235e+01 4.060000e+02
      vertex   8.513371e+00 1.617541e+01 3.960000e+02
      vertex   8.765714e+00 1.639988e+01 4.060000e+02
    endloop
  endfacet
  facet normal 6.801868e-01 -7.330385e-01 -7.095485e-04
    outer loop
      vertex   8.765714e+00 1.639988e+01 4.060000e+02
      vertex   8.513371e+00 1.617541e+01 3.960000e+02
      vertex   9.161268e+00 1.677660e+01 3.960000e+02
    endloop
  endfacet
  facet normal 6.987388e-01 -7.153765e-01 6.896358e-04
    outer loop
      vertex   8.765714e+00 1.639988e+01 4.060000e+02
      vertex   9.161268e+00 1.677660e+01 3.960000e+02
      vertex   9.391223e+00 1.701084e+01 4.060000e+02
    endloop
  endfacet
  facet normal 7.284241e-01 -6.851262e-01 -7.016004e-04
    outer loop
      vertex   9.391223e+00 1.701084e+01 4.060000e+02
      vertex   9.161268e+00 1.677660e+01 3.960000e+02
      vertex   9.766817e+00 1.742041e+01 3.960000e+02
    endloop
  endfacet
  facet normal 7.452472e-01 -6.667880e-01 6.813421e-04
    outer loop
      vertex   9.391223e+00 1.701084e+01 4.060000e+02
      vertex   9.766817e+00 1.742041e+01 3.960000e+02
      vertex   9.974247e+00 1.766247e+01 4.060000e+02
    endloop
  endfacet
  facet normal 7.732943e-01 -6.340469e-01 -6.929611e-04
    outer loop
      vertex   9.974247e+00 1.766247e+01 4.060000e+02
      vertex   9.766817e+00 1.742041e+01 3.960000e+02
      vertex   1.032722e+01 1.810389e+01 3.960000e+02
    endloop
  endfacet
  facet normal 7.883841e-01 -6.151830e-01 6.723573e-04
    outer loop
      vertex   9.974247e+00 1.766247e+01 4.060000e+02
      vertex   1.032722e+01 1.810389e+01 3.960000e+02
      vertex   1.051215e+01 1.835182e+01 4.060000e+02
    endloop
  endfacet
  facet normal 8.145901e-01 -5.800367e-01 -6.836308e-04
    outer loop
      vertex   1.051215e+01 1.835182e+01 4.060000e+02
      vertex   1.032722e+01 1.810389e+01 3.960000e+02
      vertex   1.083989e+01 1.882387e+01 3.960000e+02
    endloop
  endfacet
  facet normal 8.279545e-01 -5.607949e-01 6.626814e-04
    outer loop
      vertex   1.051215e+01 1.835182e+01 4.060000e+02
      vertex   1.083989e+01 1.882387e+01 3.960000e+02
      vertex   1.100250e+01 1.907576e+01 4.060000e+02
    endloop
  endfacet
  facet normal 8.521204e-01 -5.233454e-01 -6.736093e-04
    outer loop
      vertex   1.100250e+01 1.907576e+01 4.060000e+02
      vertex   1.083989e+01 1.882387e+01 3.960000e+02
      vertex   1.130244e+01 1.957701e+01 3.960000e+02
    endloop
  endfacet
  facet normal 8.637793e-01 -5.038699e-01 6.523143e-04
    outer loop
      vertex   1.100250e+01 1.907576e+01 4.060000e+02
      vertex   1.130244e+01 1.957701e+01 3.960000e+02
      vertex   1.144307e+01 1.983103e+01 4.060000e+02
    endloop
  endfacet
  facet normal 8.857119e-01 -4.642349e-01 -6.628967e-04
    outer loop
      vertex   1.144307e+01 1.983103e+01 4.060000e+02
      vertex   1.130244e+01 1.957701e+01 3.960000e+02
      vertex   1.171276e+01 2.035985e+01 3.960000e+02
    endloop
  endfacet
  facet normal 8.956965e-01 -4.446654e-01 6.412562e-04
    outer loop
      vertex   1.144307e+01 1.983103e+01 4.060000e+02
      vertex   1.171276e+01 2.035985e+01 3.960000e+02
      vertex   1.183187e+01 2.061421e+01 4.060000e+02
    endloop
  endfacet
  facet normal 9.152092e-01 -4.029785e-01 -6.514930e-04
    outer loop
      vertex   1.183187e+01 2.061421e+01 4.060000e+02
      vertex   1.171276e+01 2.035985e+01 3.960000e+02
      vertex   1.206893e+01 2.116876e+01 3.960000e+02
    endloop
  endfacet
  facet normal 9.235617e-01 -3.834494e-01 6.295070e-04
    outer loop
      vertex   1.183187e+01 2.061421e+01 4.060000e+02
      vertex   1.206893e+01 2.116876e+01 3.960000e+02
      vertex   1.216715e+01 2.142175e+01 4.060000e+02
    endloop
  endfacet
  facet normal 9.404760e-01 -3.398594e-01 -6.393982e-04
    outer loop
      vertex   1.216715e+01 2.142175e+01 4.060000e+02
      vertex   1.206893e+01 2.116876e+01 3.960000e+02
      vertex   1.236932e+01 2.200000e+01 3.960000e+02
    endloop
  endfacet
  facet normal 9.439724e-01 -3.300244e-01 -2.791426e-16
    outer loop
      vertex   1.216715e+01 2.142175e+01 4.060000e+02
      vertex   1.236932e+01 2.200000e+01 3.960000e+02
      vertex   1.236932e+01 2.200000e+01 4.020000e+02
    endloop
  endfacet
  facet normal 9.472478e-01 -3.204983e-01 1.542665e-03
    outer loop
      vertex   1.216715e+01 2.142175e+01 4.060000e+02
      vertex   1.236932e+01 2.200000e+01 4.020000e+02
      vertex   1.244739e+01 2.225000e+01 4.060000e+02
    endloop
  endfacet
  facet normal 9.525136e-01 -3.044956e-01 4.397173e-04
    outer loop
      vertex   1.244739e+01 2.225000e+01 4.060000e+02
      vertex   1.236932e+01 2.200000e+01 4.020000e+02
      vertex   1.239590e+01 2.208316e+01 4.020000e+02
    endloop
  endfacet
  facet normal 9.545371e-01 -2.980920e-01 1.465747e-04
    outer loop
      vertex   1.244739e+01 2.225000e+01 4.060000e+02
      vertex   1.239590e+01 2.208316e+01 4.020000e+02
      vertex   1.242193e+01 2.216649e+01 4.020000e+02
    endloop
  endfacet
  facet normal 9.565175e-01 -2.916750e-01 -4.249607e-16
    outer loop
      vertex   1.242193e+01 2.216649e+01 4.020000e+02
      vertex   1.244739e+01 2.225000e+01 4.020000e+02
      vertex   1.244739e+01 2.225000e+01 4.060000e+02
    endloop
  endfacet
  facet normal 3.973642e-09 -1.000000e+00 -1.764651e-24
    outer loop
      vertex   1.244739e+01 2.225000e+01 4.020000e+02
      vertex   1.500000e+01 2.225000e+01 4.020000e+02
      vertex   1.244739e+01 2.225000e+01 4.060000e+02
    endloop
  endfacet
  facet normal 3.973642e-09 -1.000000e+00 9.217328e-26
    outer loop
      vertex   1.244739e+01 2.225000e+01 4.060000e+02
      vertex   1.500000e+01 2.225000e+01 4.020000e+02
      vertex   1.500000e+01 2.225000e+01 4.060000e+02
    endloop
  endfacet
  facet normal 6.279052e-02 -9.980267e-01 0.000000e+00
    outer loop
      vertex   1.500000e+01 2.225000e+01 4.060000e+02
      vertex   1.500000e+01 2.225000e+01 4.020000e+02
      vertex   1.547000e+01 2.227957e+01 4.060000e+02
    endloop
  endfacet
  facet normal 6.279052e-02 -9.980267e-01 0.000000e+00
    outer loop
      vertex   1.547000e+01 2.227957e+01 4.060000e+02
      vertex   1.500000e+01 2.225000e+01 4.020000e+02
      vertex   1.547000e+01 2.227957e+01 4.020000e+02
    endloop
  endfacet
  facet normal 1.873813e-01 -9.822872e-01 0.000000e+00
    outer loop
      vertex   1.547000e+01 2.227957e+01 4.060000e+02
      vertex   1.547000e+01 2.227957e+01 4.020000e+02
      vertex   1.593259e+01 2.236781e+01 4.060000e+02
    endloop
  endfacet
  facet normal 1.873813e-01 -9.822872e-01 0.000000e+00
    outer loop
      vertex   1.593259e+01 2.236781e+01 4.060000e+02
      vertex   1.547000e+01 2.227957e+01 4.020000e+02
      vertex   1.593259e+01 2.236781e+01 4.020000e+02
    endloop
  endfacet
  facet normal 3.090170e-01 -9.510565e-01 0.000000e+00
    outer loop
      vertex   1.593259e+01 2.236781e+01 4.060000e+02
      vertex   1.593259e+01 2.236781e+01 4.020000e+02
      vertex   1.638047e+01 2.251334e+01 4.060000e+02
    endloop
  endfacet
  facet normal 3.090170e-01 -9.510565e-01 0.000000e+00
    outer loop
      vertex   1.638047e+01 2.251334e+01 4.060000e+02
      vertex   1.593259e+01 2.236781e+01 4.020000e+02
      vertex   1.638047e+01 2.251334e+01 4.020000e+02
    endloop
  endfacet
  facet normal 4.257793e-01 -9.048271e-01 0.000000e+00
    outer loop
      vertex   1.638047e+01 2.251334e+01 4.060000e+02
      vertex   1.638047e+01 2.251334e+01 4.020000e+02
      vertex   1.680658e+01 2.271385e+01 4.060000e+02
    endloop
  endfacet
  facet normal 4.257793e-01 -9.048271e-01 0.000000e+00
    outer loop
      vertex   1.680658e+01 2.271385e+01 4.060000e+02
      vertex   1.638047e+01 2.251334e+01 4.020000e+02
      vertex   1.680658e+01 2.271385e+01 4.020000e+02
    endloop
  endfacet
  facet normal 5.358268e-01 -8.443279e-01 0.000000e+00
    outer loop
      vertex   1.680658e+01 2.271385e+01 4.060000e+02
      vertex   1.680658e+01 2.271385e+01 4.020000e+02
      vertex   1.720419e+01 2.296619e+01 4.060000e+02
    endloop
  endfacet
  facet normal 5.358268e-01 -8.443279e-01 0.000000e+00
    outer loop
      vertex   1.720419e+01 2.296619e+01 4.060000e+02
      vertex   1.680658e+01 2.271385e+01 4.020000e+02
      vertex   1.720419e+01 2.296619e+01 4.020000e+02
    endloop
  endfacet
  facet normal 6.374240e-01 -7.705132e-01 0.000000e+00
    outer loop
      vertex   1.720419e+01 2.296619e+01 4.060000e+02
      vertex   1.720419e+01 2.296619e+01 4.020000e+02
      vertex   1.756705e+01 2.326637e+01 4.060000e+02
    endloop
  endfacet
  facet normal 6.374240e-01 -7.705132e-01 5.661462e-16
    outer loop
      vertex   1.756705e+01 2.326637e+01 4.060000e+02
      vertex   1.720419e+01 2.296619e+01 4.020000e+02
      vertex   1.756705e+01 2.326637e+01 4.020000e+02
    endloop
  endfacet
  facet normal 7.289686e-01 -6.845471e-01 6.474542e-16
    outer loop
      vertex   1.756705e+01 2.326637e+01 4.060000e+02
      vertex   1.756705e+01 2.326637e+01 4.020000e+02
      vertex   1.788942e+01 2.360966e+01 4.060000e+02
    endloop
  endfacet
  facet normal 7.289686e-01 -6.845471e-01 0.000000e+00
    outer loop
      vertex   1.788942e+01 2.360966e+01 4.060000e+02
      vertex   1.756705e+01 2.326637e+01 4.020000e+02
      vertex   1.788942e+01 2.360966e+01 4.020000e+02
    endloop
  endfacet
  facet normal 8.090170e-01 -5.877852e-01 0.000000e+00
    outer loop
      vertex   1.788942e+01 2.360966e+01 4.060000e+02
      vertex   1.788942e+01 2.360966e+01 4.020000e+02
      vertex   1.816623e+01 2.399065e+01 4.060000e+02
    endloop
  endfacet
  facet normal 8.090170e-01 -5.877852e-01 0.000000e+00
    outer loop
      vertex   1.816623e+01 2.399065e+01 4.060000e+02
      vertex   1.788942e+01 2.360966e+01 4.020000e+02
      vertex   1.816623e+01 2.399065e+01 4.020000e+02
    endloop
  endfacet
  facet normal 8.763067e-01 -4.817537e-01 0.000000e+00
    outer loop
      vertex   1.816623e+01 2.399065e+01 4.060000e+02
      vertex   1.816623e+01 2.399065e+01 4.020000e+02
      vertex   1.839310e+01 2.440333e+01 4.060000e+02
    endloop
  endfacet
  facet normal 8.763067e-01 -4.817537e-01 0.000000e+00
    outer loop
      vertex   1.839310e+01 2.440333e+01 4.060000e+02
      vertex   1.816623e+01 2.399065e+01 4.020000e+02
      vertex   1.839310e+01 2.440333e+01 4.020000e+02
    endloop
  endfacet
  facet normal 9.297765e-01 -3.681245e-01 0.000000e+00
    outer loop
      vertex   1.839310e+01 2.440333e+01 4.060000e+02
      vertex   1.839310e+01 2.440333e+01 4.020000e+02
      vertex   1.856646e+01 2.484119e+01 4.060000e+02
    endloop
  endfacet
  facet normal 9.297765e-01 -3.681245e-01 0.000000e+00
    outer loop
      vertex   1.856646e+01 2.484119e+01 4.060000e+02
      vertex   1.839310e+01 2.440333e+01 4.020000e+02
      vertex   1.856646e+01 2.484119e+01 4.020000e+02
    endloop
  endfacet
  facet normal 9.685832e-01 -2.486899e-01 0.000000e+00
    outer loop
      vertex   1.856646e+01 2.484119e+01 4.060000e+02
      vertex   1.856646e+01 2.484119e+01 4.020000e+02
      vertex   1.868358e+01 2.529732e+01 4.060000e+02
    endloop
  endfacet
  facet normal 9.685832e-01 -2.486899e-01 2.208810e-16
    outer loop
      vertex   1.868358e+01 2.529732e+01 4.060000e+02
      vertex   1.856646e+01 2.484119e+01 4.020000e+02
      vertex   1.868358e+01 2.529732e+01 4.020000e+02
    endloop
  endfacet
  facet normal 9.921147e-01 -1.253332e-01 1.113183e-16
    outer loop
      vertex   1.868358e+01 2.529732e+01 4.060000e+02
      vertex   1.868358e+01 2.529732e+01 4.020000e+02
      vertex   1.874260e+01 2.576454e+01 4.060000e+02
    endloop
  endfacet
  facet normal 9.921147e-01 -1.253332e-01 0.000000e+00
    outer loop
      vertex   1.874260e+01 2.576454e+01 4.060000e+02
      vertex   1.868358e+01 2.529732e+01 4.020000e+02
      vertex   1.874260e+01 2.576454e+01 4.020000e+02
    endloop
  endfacet
  facet normal 1.000000e+00 3.973650e-09 0.000000e+00
    outer loop
      vertex   1.874260e+01 2.576454e+01 4.060000e+02
      vertex   1.874260e+01 2.576454e+01 4.020000e+02
      vertex   1.874260e+01 2.623546e+01 4.060000e+02
    endloop
  endfacet
  facet normal 1.000000e+00 3.973650e-09 0.000000e+00
    outer loop
      vertex   1.874260e+01 2.623546e+01 4.060000e+02
      vertex   1.874260e+01 2.576454e+01 4.020000e+02
      vertex   1.874260e+01 2.623546e+01 4.020000e+02
    endloop
  endfacet
  facet normal 9.921147e-01 1.253332e-01 0.000000e+00
    outer loop
      vertex   1.874260e+01 2.623546e+01 4.060000e+02
      vertex   1.874260e+01 2.623546e+01 4.020000e+02
      vertex   1.868358e+01 2.670268e+01 4.060000e+02
    endloop
  endfacet
  facet normal 9.921147e-01 1.253332e-01 -1.113183e-16
    outer loop
      vertex   1.868358e+01 2.670268e+01 4.060000e+02
      vertex   1.874260e+01 2.623546e+01 4.020000e+02
      vertex   1.868358e+01 2.670268e+01 4.020000e+02
    endloop
  endfacet
  facet normal 9.685832e-01 2.486899e-01 -2.208810e-16
    outer loop
      vertex   1.868358e+01 2.670268e+01 4.060000e+02
      vertex   1.868358e+01 2.670268e+01 4.020000e+02
      vertex   1.856646e+01 2.715881e+01 4.060000e+02
    endloop
  endfacet
  facet normal 9.685832e-01 2.486899e-01 -2.208810e-16
    outer loop
      vertex   1.856646e+01 2.715881e+01 4.060000e+02
      vertex   1.868358e+01 2.670268e+01 4.020000e+02
      vertex   1.856646e+01 2.715881e+01 4.020000e+02
    endloop
  endfacet
  facet normal 9.297765e-01 3.681246e-01 -3.269603e-16
    outer loop
      vertex   1.856646e+01 2.715881e+01 4.060000e+02
      vertex   1.856646e+01 2.715881e+01 4.020000e+02
      vertex   1.839310e+01 2.759667e+01 4.060000e+02
    endloop
  endfacet
  facet normal 9.297765e-01 3.681246e-01 0.000000e+00
    outer loop
      vertex   1.839310e+01 2.759667e+01 4.060000e+02
      vertex   1.856646e+01 2.715881e+01 4.020000e+02
      vertex   1.839310e+01 2.759667e+01 4.020000e+02
    endloop
  endfacet
  facet normal 8.763067e-01 4.817537e-01 0.000000e+00
    outer loop
      vertex   1.839310e+01 2.759667e+01 4.060000e+02
      vertex   1.839310e+01 2.759667e+01 4.020000e+02
      vertex   1.816623e+01 2.800935e+01 4.060000e+02
    endloop
  endfacet
  facet normal 8.763067e-01 4.817537e-01 7.783167e-16
    outer loop
      vertex   1.816623e+01 2.800935e+01 4.060000e+02
      vertex   1.839310e+01 2.759667e+01 4.020000e+02
      vertex   1.816623e+01 2.800935e+01 4.020000e+02
    endloop
  endfacet
  facet normal 8.090170e-01 5.877853e-01 7.185514e-16
    outer loop
      vertex   1.816623e+01 2.800935e+01 4.060000e+02
      vertex   1.816623e+01 2.800935e+01 4.020000e+02
      vertex   1.788942e+01 2.839034e+01 4.060000e+02
    endloop
  endfacet
  facet normal 8.090170e-01 5.877853e-01 7.185514e-16
    outer loop
      vertex   1.788942e+01 2.839034e+01 4.060000e+02
      vertex   1.816623e+01 2.800935e+01 4.020000e+02
      vertex   1.788942e+01 2.839034e+01 4.020000e+02
    endloop
  endfacet
  facet normal 7.289686e-01 6.845471e-01 6.474542e-16
    outer loop
      vertex   1.788942e+01 2.839034e+01 4.060000e+02
      vertex   1.788942e+01 2.839034e+01 4.020000e+02
      vertex   1.756705e+01 2.873363e+01 4.060000e+02
    endloop
  endfacet
  facet normal 7.289686e-01 6.845471e-01 6.474542e-16
    outer loop
      vertex   1.756705e+01 2.873363e+01 4.060000e+02
      vertex   1.788942e+01 2.839034e+01 4.020000e+02
      vertex   1.756705e+01 2.873363e+01 4.020000e+02
    endloop
  endfacet
  facet normal 6.374240e-01 7.705132e-01 5.661462e-16
    outer loop
      vertex   1.756705e+01 2.873363e+01 4.060000e+02
      vertex   1.756705e+01 2.873363e+01 4.020000e+02
      vertex   1.720419e+01 2.903381e+01 4.060000e+02
    endloop
  endfacet
  facet normal 6.374240e-01 7.705132e-01 1.132292e-15
    outer loop
      vertex   1.720419e+01 2.903381e+01 4.060000e+02
      vertex   1.756705e+01 2.873363e+01 4.020000e+02
      vertex   1.720419e+01 2.903381e+01 4.020000e+02
    endloop
  endfacet
  facet normal 5.358268e-01 8.443279e-01 9.518196e-16
    outer loop
      vertex   1.720419e+01 2.903381e+01 4.060000e+02
      vertex   1.720419e+01 2.903381e+01 4.020000e+02
      vertex   1.680658e+01 2.928615e+01 4.060000e+02
    endloop
  endfacet
  facet normal 5.358268e-01 8.443279e-01 0.000000e+00
    outer loop
      vertex   1.680658e+01 2.928615e+01 4.060000e+02
      vertex   1.720419e+01 2.903381e+01 4.020000e+02
      vertex   1.680658e+01 2.928615e+01 4.020000e+02
    endloop
  endfacet
  facet normal 4.257793e-01 9.048271e-01 0.000000e+00
    outer loop
      vertex   1.680658e+01 2.928615e+01 4.060000e+02
      vertex   1.680658e+01 2.928615e+01 4.020000e+02
      vertex   1.638047e+01 2.948666e+01 4.060000e+02
    endloop
  endfacet
  facet normal 4.257793e-01 9.048271e-01 7.563360e-16
    outer loop
      vertex   1.638047e+01 2.948666e+01 4.060000e+02
      vertex   1.680658e+01 2.928615e+01 4.020000e+02
      vertex   1.638047e+01 2.948666e+01 4.020000e+02
    endloop
  endfacet
  facet normal 3.090170e-01 9.510565e-01 5.489244e-16
    outer loop
      vertex   1.638047e+01 2.948666e+01 4.060000e+02
      vertex   1.638047e+01 2.948666e+01 4.020000e+02
      vertex   1.593259e+01 2.963219e+01 4.060000e+02
    endloop
  endfacet
  facet normal 3.090170e-01 9.510565e-01 2.744622e-16
    outer loop
      vertex   1.593259e+01 2.963219e+01 4.060000e+02
      vertex   1.638047e+01 2.948666e+01 4.020000e+02
      vertex   1.593259e+01 2.963219e+01 4.020000e+02
    endloop
  endfacet
  facet normal 1.873813e-01 9.822873e-01 1.664280e-16
    outer loop
      vertex   1.593259e+01 2.963219e+01 4.060000e+02
      vertex   1.593259e+01 2.963219e+01 4.020000e+02
      vertex   1.547000e+01 2.972043e+01 4.060000e+02
    endloop
  endfacet
  facet normal 1.873813e-01 9.822873e-01 0.000000e+00
    outer loop
      vertex   1.547000e+01 2.972043e+01 4.060000e+02
      vertex   1.593259e+01 2.963219e+01 4.020000e+02
      vertex   1.547000e+01 2.972043e+01 4.020000e+02
    endloop
  endfacet
  facet normal 6.279052e-02 9.980267e-01 0.000000e+00
    outer loop
      vertex   1.547000e+01 2.972043e+01 4.060000e+02
      vertex   1.547000e+01 2.972043e+01 4.020000e+02
      vertex   1.500000e+01 2.975000e+01 4.060000e+02
    endloop
  endfacet
  facet normal 6.279052e-02 9.980267e-01 0.000000e+00
    outer loop
      vertex   1.500000e+01 2.975000e+01 4.060000e+02
      vertex   1.547000e+01 2.972043e+01 4.020000e+02
      vertex   1.500000e+01 2.975000e+01 4.020000e+02
    endloop
  endfacet
  facet normal -3.973642e-09 1.000000e+00 0.000000e+00
    outer loop
      vertex   1.500000e+01 2.975000e+01 4.020000e+02
      vertex   1.244739e+01 2.975000e+01 4.020000e+02
      vertex   1.500000e+01 2.975000e+01 4.060000e+02
    endloop
  endfacet
  facet normal -3.973642e-09 1.000000e+00 9.217328e-26
    outer loop
      vertex   1.500000e+01 2.975000e+01 4.060000e+02
      vertex   1.244739e+01 2.975000e+01 4.020000e+02
      vertex   1.244739e+01 2.975000e+01 4.060000e+02
    endloop
  endfacet
  facet normal -9.525136e-01 3.044956e-01 4.397178e-04
    outer loop
      vertex   -1.239590e+01 2.991684e+01 4.020000e+02
      vertex   -1.244739e+01 2.975000e+01 4.060000e+02
      vertex   -1.236932e+01 3.000000e+01 4.020000e+02
    endloop
  endfacet
  facet normal -9.472478e-01 3.204983e-01 1.542666e-03
    outer loop
      vertex   -1.236932e+01 3.000000e+01 4.020000e+02
      vertex   -1.244739e+01 2.975000e+01 4.060000e+02
      vertex   -1.216715e+01 3.057825e+01 4.060000e+02
    endloop
  endfacet
  facet normal -9.439724e-01 3.300244e-01 0.000000e+00
    outer loop
      vertex   -1.236932e+01 3.000000e+01 4.020000e+02
      vertex   -1.216715e+01 3.057825e+01 4.060000e+02
      vertex   -1.236932e+01 3.000000e+01 3.960000e+02
    endloop
  endfacet
  facet normal -9.404760e-01 3.398595e-01 -6.393984e-04
    outer loop
      vertex   -1.236932e+01 3.000000e+01 3.960000e+02
      vertex   -1.216715e+01 3.057825e+01 4.060000e+02
      vertex   -1.206893e+01 3.083124e+01 3.960000e+02
    endloop
  endfacet
  facet normal -9.235617e-01 3.834494e-01 6.295071e-04
    outer loop
      vertex   -1.206893e+01 3.083124e+01 3.960000e+02
      vertex   -1.216715e+01 3.057825e+01 4.060000e+02
      vertex   -1.183187e+01 3.138579e+01 4.060000e+02
    endloop
  endfacet
  facet normal -9.152092e-01 4.029786e-01 -6.514932e-04
    outer loop
      vertex   -1.206893e+01 3.083124e+01 3.960000e+02
      vertex   -1.183187e+01 3.138579e+01 4.060000e+02
      vertex   -1.171276e+01 3.164015e+01 3.960000e+02
    endloop
  endfacet
  facet normal -8.956965e-01 4.446655e-01 6.412564e-04
    outer loop
      vertex   -1.171276e+01 3.164015e+01 3.960000e+02
      vertex   -1.183187e+01 3.138579e+01 4.060000e+02
      vertex   -1.144307e+01 3.216897e+01 4.060000e+02
    endloop
  endfacet
  facet normal -8.857119e-01 4.642349e-01 -6.628968e-04
    outer loop
      vertex   -1.171276e+01 3.164015e+01 3.960000e+02
      vertex   -1.144307e+01 3.216897e+01 4.060000e+02
      vertex   -1.130244e+01 3.242299e+01 3.960000e+02
    endloop
  endfacet
  facet normal -8.637793e-01 5.038699e-01 6.523145e-04
    outer loop
      vertex   -1.130244e+01 3.242299e+01 3.960000e+02
      vertex   -1.144307e+01 3.216897e+01 4.060000e+02
      vertex   -1.100250e+01 3.292424e+01 4.060000e+02
    endloop
  endfacet
  facet normal -8.521204e-01 5.233454e-01 -6.736094e-04
    outer loop
      vertex   -1.130244e+01 3.242299e+01 3.960000e+02
      vertex   -1.100250e+01 3.292424e+01 4.060000e+02
      vertex   -1.083989e+01 3.317613e+01 3.960000e+02
    endloop
  endfacet
  facet normal -8.279545e-01 5.607949e-01 6.626815e-04
    outer loop
      vertex   -1.083989e+01 3.317613e+01 3.960000e+02
      vertex   -1.100250e+01 3.292424e+01 4.060000e+02
      vertex   -1.051215e+01 3.364818e+01 4.060000e+02
    endloop
  endfacet
  facet normal -8.145900e-01 5.800367e-01 -6.836309e-04
    outer loop
      vertex   -1.083989e+01 3.317613e+01 3.960000e+02
      vertex   -1.051215e+01 3.364818e+01 4.060000e+02
      vertex   -1.032722e+01 3.389611e+01 3.960000e+02
    endloop
  endfacet
  facet normal -7.883841e-01 6.151830e-01 6.723574e-04
    outer loop
      vertex   -1.032722e+01 3.389611e+01 3.960000e+02
      vertex   -1.051215e+01 3.364818e+01 4.060000e+02
      vertex   -9.974247e+00 3.433753e+01 4.060000e+02
    endloop
  endfacet
  facet normal -7.732943e-01 6.340469e-01 -6.929612e-04
    outer loop
      vertex   -1.032722e+01 3.389611e+01 3.960000e+02
      vertex   -9.974247e+00 3.433753e+01 4.060000e+02
      vertex   -9.766817e+00 3.457959e+01 3.960000e+02
    endloop
  endfacet
  facet normal -7.452472e-01 6.667880e-01 6.813422e-04
    outer loop
      vertex   -9.766817e+00 3.457959e+01 3.960000e+02
      vertex   -9.974247e+00 3.433753e+01 4.060000e+02
      vertex   -9.391223e+00 3.498916e+01 4.060000e+02
    endloop
  endfacet
  facet normal -7.284241e-01 6.851262e-01 -7.016004e-04
    outer loop
      vertex   -9.766817e+00 3.457959e+01 3.960000e+02
      vertex   -9.391223e+00 3.498916e+01 4.060000e+02
      vertex   -9.161268e+00 3.522340e+01 3.960000e+02
    endloop
  endfacet
  facet normal -6.987388e-01 7.153765e-01 6.896359e-04
    outer loop
      vertex   -9.161268e+00 3.522340e+01 3.960000e+02
      vertex   -9.391223e+00 3.498916e+01 4.060000e+02
      vertex   -8.765714e+00 3.560012e+01 4.060000e+02
    endloop
  endfacet
  facet normal -6.801867e-01 7.330385e-01 -7.095485e-04
    outer loop
      vertex   -9.161268e+00 3.522340e+01 3.960000e+02
      vertex   -8.765714e+00 3.560012e+01 4.060000e+02
      vertex   -8.513371e+00 3.582459e+01 3.960000e+02
    endloop
  endfacet
  facet normal -6.490695e-01 7.607288e-01 6.972384e-04
    outer loop
      vertex   -8.513371e+00 3.582459e+01 3.960000e+02
      vertex   -8.765714e+00 3.560012e+01 4.060000e+02
      vertex   -8.100550e+00 3.616765e+01 4.060000e+02
    endloop
  endfacet
  facet normal -6.288053e-01 7.775625e-01 -7.168055e-04
    outer loop
      vertex   -8.513371e+00 3.582459e+01 3.960000e+02
      vertex   -8.100550e+00 3.616765e+01 4.060000e+02
      vertex   -7.826122e+00 3.638036e+01 3.960000e+02
    endloop
  endfacet
  facet normal -5.964638e-01 8.026397e-01 7.041498e-04
    outer loop
      vertex   -7.826122e+00 3.638036e+01 3.960000e+02
      vertex   -8.100550e+00 3.616765e+01 4.060000e+02
      vertex   -7.398740e+00 3.668918e+01 4.060000e+02
    endloop
  endfacet
  facet normal -5.745172e-01 8.184922e-01 -7.233714e-04
    outer loop
      vertex   -7.826122e+00 3.638036e+01 3.960000e+02
      vertex   -7.398740e+00 3.668918e+01 4.060000e+02
      vertex   -7.102697e+00 3.688815e+01 3.960000e+02
    endloop
  endfacet
  facet normal -5.411598e-01 8.409195e-01 7.103701e-04
    outer loop
      vertex   -7.102697e+00 3.688815e+01 3.960000e+02
      vertex   -7.398740e+00 3.668918e+01 4.060000e+02
      vertex   -6.663459e+00 3.716236e+01 4.060000e+02
    endloop
  endfacet
  facet normal -5.175735e-01 8.556384e-01 -7.292461e-04
    outer loop
      vertex   -7.102697e+00 3.688815e+01 3.960000e+02
      vertex   -6.663459e+00 3.716236e+01 4.060000e+02
      vertex   -6.346440e+00 3.734560e+01 3.960000e+02
    endloop
  endfacet
  facet normal -4.834077e-01 8.753951e-01 7.158993e-04
    outer loop
      vertex   -6.346440e+00 3.734560e+01 3.960000e+02
      vertex   -6.663459e+00 3.716236e+01 4.060000e+02
      vertex   -5.898034e+00 3.758504e+01 4.060000e+02
    endloop
  endfacet
  facet normal -4.582373e-01 8.888296e-01 -7.344297e-04
    outer loop
      vertex   -6.346440e+00 3.734560e+01 3.960000e+02
      vertex   -5.898034e+00 3.758504e+01 4.060000e+02
      vertex   -5.560848e+00 3.775062e+01 3.960000e+02
    endloop
  endfacet
  facet normal -4.234687e-01 9.059105e-01 7.207373e-04
    outer loop
      vertex   -5.560848e+00 3.775062e+01 3.960000e+02
      vertex   -5.898034e+00 3.758504e+01 4.060000e+02
      vertex   -5.105926e+00 3.795531e+01 4.060000e+02
    endloop
  endfacet
  facet normal -3.967830e-01 9.179121e-01 -7.389221e-04
    outer loop
      vertex   -5.560848e+00 3.775062e+01 3.960000e+02
      vertex   -5.105926e+00 3.795531e+01 4.060000e+02
      vertex   -4.749550e+00 3.810131e+01 3.960000e+02
    endloop
  endfacet
  facet normal -3.616139e-01 9.323276e-01 7.248841e-04
    outer loop
      vertex   -4.749550e+00 3.810131e+01 3.960000e+02
      vertex   -5.105926e+00 3.795531e+01 4.060000e+02
      vertex   -4.290720e+00 3.827150e+01 4.060000e+02
    endloop
  endfacet
  facet normal -3.334945e-01 9.427517e-01 -7.427234e-04
    outer loop
      vertex   -4.749550e+00 3.810131e+01 3.960000e+02
      vertex   -4.290720e+00 3.827150e+01 4.060000e+02
      vertex   -3.916299e+00 3.839607e+01 3.960000e+02
    endloop
  endfacet
  facet normal -2.981233e-01 9.545271e-01 7.283399e-04
    outer loop
      vertex   -3.916299e+00 3.839607e+01 3.960000e+02
      vertex   -4.290720e+00 3.827150e+01 4.060000e+02
      vertex   -3.456104e+00 3.853217e+01 4.060000e+02
    endloop
  endfacet
  facet normal -2.686645e-01 9.632335e-01 -7.458336e-04
    outer loop
      vertex   -3.916299e+00 3.839607e+01 3.960000e+02
      vertex   -3.456104e+00 3.853217e+01 4.060000e+02
      vertex   -3.064944e+00 3.863353e+01 3.960000e+02
    endloop
  endfacet
  facet normal -2.332840e-01 9.724084e-01 7.311045e-04
    outer loop
      vertex   -3.064944e+00 3.863353e+01 3.960000e+02
      vertex   -3.456104e+00 3.853217e+01 4.060000e+02
      vertex   -2.605852e+00 3.873615e+01 4.060000e+02
    endloop
  endfacet
  facet normal -2.025926e-01 9.792628e-01 -7.482526e-04
    outer loop
      vertex   -3.064944e+00 3.863353e+01 3.960000e+02
      vertex   -2.605852e+00 3.873615e+01 4.060000e+02
      vertex   -2.199422e+00 3.881259e+01 3.960000e+02
    endloop
  endfacet
  facet normal -1.673894e-01 9.858906e-01 7.331779e-04
    outer loop
      vertex   -2.199422e+00 3.881259e+01 3.960000e+02
      vertex   -2.605852e+00 3.873615e+01 4.060000e+02
      vertex   -1.743812e+00 3.888251e+01 4.060000e+02
    endloop
  endfacet
  facet normal -1.355843e-01 9.907655e-01 -7.499805e-04
    outer loop
      vertex   -2.199422e+00 3.881259e+01 3.960000e+02
      vertex   -1.743812e+00 3.888251e+01 4.060000e+02
      vertex   -1.323733e+00 3.893243e+01 3.960000e+02
    endloop
  endfacet
  facet normal -1.007375e-01 9.949128e-01 7.345602e-04
    outer loop
      vertex   -1.323733e+00 3.893243e+01 3.960000e+02
      vertex   -1.743812e+00 3.888251e+01 4.060000e+02
      vertex   -8.738824e-01 3.897060e+01 4.060000e+02
    endloop
  endfacet
  facet normal -6.794918e-02 9.976885e-01 -7.510172e-04
    outer loop
      vertex   -1.323733e+00 3.893243e+01 3.960000e+02
      vertex   -8.738824e-01 3.897060e+01 4.060000e+02
      vertex   -4.419252e-01 3.899249e+01 3.960000e+02
    endloop
  endfacet
  facet normal -3.362988e-02 9.994341e-01 7.352513e-04
    outer loop
      vertex   -4.419252e-01 3.899249e+01 3.960000e+02
      vertex   -8.738824e-01 3.897060e+01 4.060000e+02
      vertex   -4.221017e-13 3.900000e+01 4.060000e+02
    endloop
  endfacet
  facet normal 0.000000e+00 9.999997e-01 -7.513628e-04
    outer loop
      vertex   -4.419252e-01 3.899249e+01 3.960000e+02
      vertex   -4.221017e-13 3.900000e+01 4.060000e+02
      vertex   4.419252e-01 3.899249e+01 3.960000e+02
    endloop
  endfacet
  facet normal 3.362988e-02 9.994341e-01 7.352513e-04
    outer loop
      vertex   4.419252e-01 3.899249e+01 3.960000e+02
      vertex   -4.221017e-13 3.900000e+01 4.060000e+02
      vertex   8.738824e-01 3.897060e+01 4.060000e+02
    endloop
  endfacet
  facet normal 6.794918e-02 9.976885e-01 -7.510172e-04
    outer loop
      vertex   4.419252e-01 3.899249e+01 3.960000e+02
      vertex   8.738824e-01 3.897060e+01 4.060000e+02
      vertex   1.323733e+00 3.893243e+01 3.960000e+02
    endloop
  endfacet
  facet normal 1.007375e-01 9.949128e-01 7.345602e-04
    outer loop
      vertex   1.323733e+00 3.893243e+01 3.960000e+02
      vertex   8.738824e-01 3.897060e+01 4.060000e+02
      vertex   1.743812e+00 3.888251e+01 4.060000e+02
    endloop
  endfacet
  facet normal 1.355843e-01 9.907655e-01 -7.499805e-04
    outer loop
      vertex   1.323733e+00 3.893243e+01 3.960000e+02
      vertex   1.743812e+00 3.888251e+01 4.060000e+02
      vertex   2.199422e+00 3.881259e+01 3.960000e+02
    endloop
  endfacet
  facet normal 1.673894e-01 9.858906e-01 7.331779e-04
    outer loop
      vertex   2.199422e+00 3.881259e+01 3.960000e+02
      vertex   1.743812e+00 3.888251e+01 4.060000e+02
      vertex   2.605852e+00 3.873615e+01 4.060000e+02
    endloop
  endfacet
  facet normal 2.025926e-01 9.792628e-01 -7.482526e-04
    outer loop
      vertex   2.199422e+00 3.881259e+01 3.960000e+02
      vertex   2.605852e+00 3.873615e+01 4.060000e+02
      vertex   3.064944e+00 3.863353e+01 3.960000e+02
    endloop
  endfacet
  facet normal 2.332840e-01 9.724084e-01 7.311045e-04
    outer loop
      vertex   3.064944e+00 3.863353e+01 3.960000e+02
      vertex   2.605852e+00 3.873615e+01 4.060000e+02
      vertex   3.456104e+00 3.853217e+01 4.060000e+02
    endloop
  endfacet
  facet normal 2.686645e-01 9.632335e-01 -7.458336e-04
    outer loop
      vertex   3.064944e+00 3.863353e+01 3.960000e+02
      vertex   3.456104e+00 3.853217e+01 4.060000e+02
      vertex   3.916299e+00 3.839607e+01 3.960000e+02
    endloop
  endfacet
  facet normal 2.981233e-01 9.545271e-01 7.283399e-04
    outer loop
      vertex   3.916299e+00 3.839607e+01 3.960000e+02
      vertex   3.456104e+00 3.853217e+01 4.060000e+02
      vertex   4.290720e+00 3.827150e+01 4.060000e+02
    endloop
  endfacet
  facet normal 3.334945e-01 9.427517e-01 -7.427234e-04
    outer loop
      vertex   3.916299e+00 3.839607e+01 3.960000e+02
      vertex   4.290720e+00 3.827150e+01 4.060000e+02
      vertex   4.749550e+00 3.810131e+01 3.960000e+02
    endloop
  endfacet
  facet normal 3.616139e-01 9.323276e-01 7.248841e-04
    outer loop
      vertex   4.749550e+00 3.810131e+01 3.960000e+02
      vertex   4.290720e+00 3.827150e+01 4.060000e+02
      vertex   5.105926e+00 3.795531e+01 4.060000e+02
    endloop
  endfacet
  facet normal 3.967830e-01 9.179121e-01 -7.389221e-04
    outer loop
      vertex   4.749550e+00 3.810131e+01 3.960000e+02
      vertex   5.105926e+00 3.795531e+01 4.060000e+02
      vertex   5.560848e+00 3.775062e+01 3.960000e+02
    endloop
  endfacet
  facet normal 4.234687e-01 9.059105e-01 7.207373e-04
    outer loop
      vertex   5.560848e+00 3.775062e+01 3.960000e+02
      vertex   5.105926e+00 3.795531e+01 4.060000e+02
      vertex   5.898034e+00 3.758504e+01 4.060000e+02
    endloop
  endfacet
  facet normal 4.582373e-01 8.888296e-01 -7.344297e-04
    outer loop
      vertex   5.560848e+00 3.775062e+01 3.960000e+02
      vertex   5.898034e+00 3.758504e+01 4.060000e+02
      vertex   6.346440e+00 3.734560e+01 3.960000e+02
    endloop
  endfacet
  facet normal 4.834077e-01 8.753951e-01 7.158993e-04
    outer loop
      vertex   6.346440e+00 3.734560e+01 3.960000e+02
      vertex   5.898034e+00 3.758504e+01 4.060000e+02
      vertex   6.663459e+00 3.716236e+01 4.060000e+02
    endloop
  endfacet
  facet normal 5.175735e-01 8.556384e-01 -7.292461e-04
    outer loop
      vertex   6.346440e+00 3.734560e+01 3.960000e+02
      vertex   6.663459e+00 3.716236e+01 4.060000e+02
      vertex   7.102697e+00 3.688815e+01 3.960000e+02
    endloop
  endfacet
  facet normal 5.411598e-01 8.409195e-01 7.103701e-04
    outer loop
      vertex   7.102697e+00 3.688815e+01 3.960000e+02
      vertex   6.663459e+00 3.716236e+01 4.060000e+02
      vertex   7.398740e+00 3.668918e+01 4.060000e+02
    endloop
  endfacet
  facet normal 5.745172e-01 8.184922e-01 -7.233714e-04
    outer loop
      vertex   7.102697e+00 3.688815e+01 3.960000e+02
      vertex   7.398740e+00 3.668918e+01 4.060000e+02
      vertex   7.826122e+00 3.638036e+01 3.960000e+02
    endloop
  endfacet
  facet normal 5.964638e-01 8.026397e-01 7.041498e-04
    outer loop
      vertex   7.826122e+00 3.638036e+01 3.960000e+02
      vertex   7.398740e+00 3.668918e+01 4.060000e+02
      vertex   8.100550e+00 3.616765e+01 4.060000e+02
    endloop
  endfacet
  facet normal 6.288053e-01 7.775625e-01 -7.168055e-04
    outer loop
      vertex   7.826122e+00 3.638036e+01 3.960000e+02
      vertex   8.100550e+00 3.616765e+01 4.060000e+02
      vertex   8.513371e+00 3.582459e+01 3.960000e+02
    endloop
  endfacet
  facet normal 6.490695e-01 7.607288e-01 6.972384e-04
    outer loop
      vertex   8.513371e+00 3.582459e+01 3.960000e+02
      vertex   8.100550e+00 3.616765e+01 4.060000e+02
      vertex   8.765714e+00 3.560012e+01 4.060000e+02
    endloop
  endfacet
  facet normal 6.801867e-01 7.330385e-01 -7.095485e-04
    outer loop
      vertex   8.513371e+00 3.582459e+01 3.960000e+02
      vertex   8.765714e+00 3.560012e+01 4.060000e+02
      vertex   9.161268e+00 3.522340e+01 3.960000e+02
    endloop
  endfacet
  facet normal 6.987388e-01 7.153765e-01 6.896359e-04
    outer loop
      vertex   9.161268e+00 3.522340e+01 3.960000e+02
      vertex   8.765714e+00 3.560012e+01 4.060000e+02
      vertex   9.391223e+00 3.498916e+01 4.060000e+02
    endloop
  endfacet
  facet normal 7.284241e-01 6.851262e-01 -7.016004e-04
    outer loop
      vertex   9.161268e+00 3.522340e+01 3.960000e+02
      vertex   9.391223e+00 3.498916e+01 4.060000e+02
      vertex   9.766817e+00 3.457959e+01 3.960000e+02
    endloop
  endfacet
  facet normal 7.452472e-01 6.667880e-01 6.813422e-04
    outer loop
      vertex   9.766817e+00 3.457959e+01 3.960000e+02
      vertex   9.391223e+00 3.498916e+01 4.060000e+02
      vertex   9.974247e+00 3.433753e+01 4.060000e+02
    endloop
  endfacet
  facet normal 7.732943e-01 6.340469e-01 -6.929612e-04
    outer loop
      vertex   9.766817e+00 3.457959e+01 3.960000e+02
      vertex   9.974247e+00 3.433753e+01 4.060000e+02
      vertex   1.032722e+01 3.389611e+01 3.960000e+02
    endloop
  endfacet
  facet normal 7.883841e-01 6.151830e-01 6.723574e-04
    outer loop
      vertex   1.032722e+01 3.389611e+01 3.960000e+02
      vertex   9.974247e+00 3.433753e+01 4.060000e+02
      vertex   1.051215e+01 3.364818e+01 4.060000e+02
    endloop
  endfacet
  facet normal 8.145900e-01 5.800367e-01 -6.836309e-04
    outer loop
      vertex   1.032722e+01 3.389611e+01 3.960000e+02
      vertex   1.051215e+01 3.364818e+01 4.060000e+02
      vertex   1.083989e+01 3.317613e+01 3.960000e+02
    endloop
  endfacet
  facet normal 8.279545e-01 5.607949e-01 6.626815e-04
    outer loop
      vertex   1.083989e+01 3.317613e+01 3.960000e+02
      vertex   1.051215e+01 3.364818e+01 4.060000e+02
      vertex   1.100250e+01 3.292424e+01 4.060000e+02
    endloop
  endfacet
  facet normal 8.521204e-01 5.233454e-01 -6.736094e-04
    outer loop
      vertex   1.083989e+01 3.317613e+01 3.960000e+02
      vertex   1.100250e+01 3.292424e+01 4.060000e+02
      vertex   1.130244e+01 3.242299e+01 3.960000e+02
    endloop
  endfacet
  facet normal 8.637793e-01 5.038699e-01 6.523145e-04
    outer loop
      vertex   1.130244e+01 3.242299e+01 3.960000e+02
      vertex   1.100250e+01 3.292424e+01 4.060000e+02
      vertex   1.144307e+01 3.216897e+01 4.060000e+02
    endloop
  endfacet
  facet normal 8.857119e-01 4.642349e-01 -6.628968e-04
    outer loop
      vertex   1.130244e+01 3.242299e+01 3.960000e+02
      vertex   1.144307e+01 3.216897e+01 4.060000e+02
      vertex   1.171276e+01 3.164015e+01 3.960000e+02
    endloop
  endfacet
  facet normal 8.956965e-01 4.446655e-01 6.412564e-04
    outer loop
      vertex   1.171276e+01 3.164015e+01 3.960000e+02
      vertex   1.144307e+01 3.216897e+01 4.060000e+02
      vertex   1.183187e+01 3.138579e+01 4.060000e+02
    endloop
  endfacet
  facet normal 9.152092e-01 4.029786e-01 -6.514932e-04
    outer loop
      vertex   1.171276e+01 3.164015e+01 3.960000e+02
      vertex   1.183187e+01 3.138579e+01 4.060000e+02
      vertex   1.206893e+01 3.083124e+01 3.960000e+02
    endloop
  endfacet
  facet normal 9.235617e-01 3.834494e-01 6.295071e-04
    outer loop
      vertex   1.206893e+01 3.083124e+01 3.960000e+02
      vertex   1.183187e+01 3.138579e+01 4.060000e+02
      vertex   1.216715e+01 3.057825e+01 4.060000e+02
    endloop
  endfacet
  facet normal 9.404760e-01 3.398595e-01 -6.393984e-04
    outer loop
      vertex   1.206893e+01 3.083124e+01 3.960000e+02
      vertex   1.216715e+01 3.057825e+01 4.060000e+02
      vertex   1.236932e+01 3.000000e+01 3.960000e+02
    endloop
  endfacet
  facet normal 9.439724e-01 3.300244e-01 5.589439e-16
    outer loop
      vertex   1.236932e+01 3.000000e+01 3.960000e+02
      vertex   1.216715e+01 3.057825e+01 4.060000e+02
      vertex   1.236932e+01 3.000000e+01 4.020000e+02
    endloop
  endfacet
  facet normal 9.472478e-01 3.204983e-01 1.542666e-03
    outer loop
      vertex   1.236932e+01 3.000000e+01 4.020000e+02
      vertex   1.216715e+01 3.057825e+01 4.060000e+02
      vertex   1.244739e+01 2.975000e+01 4.060000e+02
    endloop
  endfacet
  facet normal 9.525136e-01 3.044956e-01 4.397178e-04
    outer loop
      vertex   1.236932e+01 3.000000e+01 4.020000e+02
      vertex   1.244739e+01 2.975000e+01 4.060000e+02
      vertex   1.239590e+01 2.991684e+01 4.020000e+02
    endloop
  endfacet
  facet normal 9.545371e-01 2.980920e-01 1.465748e-04
    outer loop
      vertex   1.239590e+01 2.991684e+01 4.020000e+02
      vertex   1.244739e+01 2.975000e+01 4.060000e+02
      vertex   1.242193e+01 2.983351e+01 4.020000e+02
    endloop
  endfacet
  facet normal 9.565175e-01 2.916750e-01 -2.333826e-19
    outer loop
      vertex   1.242193e+01 2.983351e+01 4.020000e+02
      vertex   1.244739e+01 2.975000e+01 4.060000e+02
      vertex   1.244739e+01 2.975000e+01 4.020000e+02
    endloop
  endfacet
  facet normal -9.545371e-01 2.980920e-01 1.465748e-04
    outer loop
      vertex   -1.239590e+01 2.991684e+01 4.020000e+02
      vertex   -1.242193e+01 2.983351e+01 4.020000e+02
      vertex   -1.244739e+01 2.975000e+01 4.060000e+02
    endloop
  endfacet
  facet normal -9.565175e-01 2.916750e-01 8.495582e-16
    outer loop
      vertex   -1.244739e+01 2.975000e+01 4.060000e+02
      vertex   -1.242193e+01 2.983351e+01 4.020000e+02
      vertex   -1.244739e+01 2.975000e+01 4.020000e+02
    endloop
  endfacet
  facet normal 9.963975e-01 -8.480592e-02 3.687411e-17
    outer loop
      vertex   -1.971232e+00 3.133800e+01 4.000000e+02
      vertex   -1.971232e+00 3.133800e+01 4.060000e+02
      vertex   -2.000000e+00 3.100000e+01 4.000000e+02
    endloop
  endfacet
  facet normal 9.963975e-01 -8.480592e-02 0.000000e+00
    outer loop
      vertex   -2.000000e+00 3.100000e+01 4.000000e+02
      vertex   -1.971232e+00 3.133800e+01 4.060000e+02
      vertex   -2.000000e+00 3.100000e+01 4.060000e+02
    endloop
  endfacet
  facet normal 9.963975e-01 8.480592e-02 -0.000000e+00
    outer loop
      vertex   -2.000000e+00 3.100000e+01 4.000000e+02
      vertex   -2.000000e+00 3.100000e+01 4.060000e+02
      vertex   -1.971232e+00 3.066200e+01 4.000000e+02
    endloop
  endfacet
  facet normal 9.963975e-01 8.480592e-02 -3.687411e-17
    outer loop
      vertex   -1.971232e+00 3.066200e+01 4.000000e+02
      vertex   -2.000000e+00 3.100000e+01 4.060000e+02
      vertex   -1.971232e+00 3.066200e+01 4.060000e+02
    endloop
  endfacet
  facet normal 9.677329e-01 2.519781e-01 -3.581331e-17
    outer loop
      vertex   -1.971232e+00 3.066200e+01 4.000000e+02
      vertex   -1.971232e+00 3.066200e+01 4.060000e+02
      vertex   -1.885755e+00 3.033372e+01 4.060000e+02
    endloop
  endfacet
  facet normal 9.677329e-01 -2.519781e-01 3.581331e-17
    outer loop
      vertex   -1.971232e+00 3.133800e+01 4.000000e+02
      vertex   -1.885755e+00 3.166628e+01 4.000000e+02
      vertex   -1.971232e+00 3.133800e+01 4.060000e+02
    endloop
  endfacet
  facet normal 9.677329e-01 -2.519781e-01 -1.873811e-19
    outer loop
      vertex   -1.971232e+00 3.133800e+01 4.060000e+02
      vertex   -1.885755e+00 3.166628e+01 4.000000e+02
      vertex   -1.885755e+00 3.166628e+01 4.060000e+02
    endloop
  endfacet
  facet normal 9.112285e-01 -4.119012e-01 0.000000e+00
    outer loop
      vertex   -1.885755e+00 3.166628e+01 4.060000e+02
      vertex   -1.885755e+00 3.166628e+01 4.000000e+02
      vertex   -1.746028e+00 3.197539e+01 4.000000e+02
    endloop
  endfacet
  facet normal 9.112285e-01 -4.119012e-01 -1.178383e-18
    outer loop
      vertex   -1.885755e+00 3.166628e+01 4.060000e+02
      vertex   -1.746028e+00 3.197539e+01 4.000000e+02
      vertex   -1.746028e+00 3.197539e+01 4.060000e+02
    endloop
  endfacet
  facet normal 8.285096e-01 -5.599748e-01 0.000000e+00
    outer loop
      vertex   -1.746028e+00 3.197539e+01 4.060000e+02
      vertex   -1.746028e+00 3.197539e+01 4.000000e+02
      vertex   -1.556072e+00 3.225644e+01 4.000000e+02
    endloop
  endfacet
  facet normal 8.285096e-01 -5.599748e-01 1.299205e-18
    outer loop
      vertex   -1.746028e+00 3.197539e+01 4.060000e+02
      vertex   -1.556072e+00 3.225644e+01 4.000000e+02
      vertex   -1.556072e+00 3.225644e+01 4.060000e+02
    endloop
  endfacet
  facet normal 7.219561e-01 -6.919389e-01 0.000000e+00
    outer loop
      vertex   -1.556072e+00 3.225644e+01 4.060000e+02
      vertex   -1.556072e+00 3.225644e+01 4.000000e+02
      vertex   -1.321349e+00 3.250135e+01 4.000000e+02
    endloop
  endfacet
  facet normal 7.219561e-01 -6.919389e-01 4.353384e-19
    outer loop
      vertex   -1.556072e+00 3.225644e+01 4.060000e+02
      vertex   -1.321349e+00 3.250135e+01 4.000000e+02
      vertex   -1.321349e+00 3.250135e+01 4.060000e+02
    endloop
  endfacet
  facet normal 5.946332e-01 -8.039971e-01 0.000000e+00
    outer loop
      vertex   -1.321349e+00 3.250135e+01 4.060000e+02
      vertex   -1.321349e+00 3.250135e+01 4.000000e+02
      vertex   -1.048615e+00 3.270306e+01 4.000000e+02
    endloop
  endfacet
  facet normal 5.946332e-01 -8.039971e-01 4.348760e-17
    outer loop
      vertex   -1.321349e+00 3.250135e+01 4.060000e+02
      vertex   -1.048615e+00 3.270306e+01 4.000000e+02
      vertex   -1.048615e+00 3.270306e+01 4.060000e+02
    endloop
  endfacet
  facet normal 4.502037e-01 -8.929259e-01 3.332177e-17
    outer loop
      vertex   -1.048615e+00 3.270306e+01 4.060000e+02
      vertex   -1.048615e+00 3.270306e+01 4.000000e+02
      vertex   -7.457130e-01 3.285578e+01 4.000000e+02
    endloop
  endfacet
  facet normal 4.502037e-01 -8.929259e-01 -9.909582e-19
    outer loop
      vertex   -1.048615e+00 3.270306e+01 4.060000e+02
      vertex   -7.457130e-01 3.285578e+01 4.000000e+02
      vertex   -7.457130e-01 3.285578e+01 4.060000e+02
    endloop
  endfacet
  facet normal 2.928228e-01 -9.561667e-01 0.000000e+00
    outer loop
      vertex   -7.457130e-01 3.285578e+01 4.060000e+02
      vertex   -7.457130e-01 3.285578e+01 4.000000e+02
      vertex   -4.213585e-01 3.295511e+01 4.000000e+02
    endloop
  endfacet
  facet normal 2.928228e-01 -9.561667e-01 3.972073e-17
    outer loop
      vertex   -7.457130e-01 3.285578e+01 4.060000e+02
      vertex   -4.213585e-01 3.295511e+01 4.000000e+02
      vertex   -4.213585e-01 3.295511e+01 4.060000e+02
    endloop
  endfacet
  facet normal 1.270178e-01 -9.919004e-01 1.762726e-17
    outer loop
      vertex   -4.213585e-01 3.295511e+01 4.060000e+02
      vertex   -4.213585e-01 3.295511e+01 4.000000e+02
      vertex   -8.488241e-02 3.299820e+01 4.000000e+02
    endloop
  endfacet
  facet normal 1.270178e-01 -9.919004e-01 2.304922e-19
    outer loop
      vertex   -4.213585e-01 3.295511e+01 4.060000e+02
      vertex   -8.488241e-02 3.299820e+01 4.000000e+02
      vertex   -8.488241e-02 3.299820e+01 4.060000e+02
    endloop
  endfacet
  facet normal -4.244120e-02 -9.990990e-01 -0.000000e+00
    outer loop
      vertex   -8.488241e-02 3.299820e+01 4.060000e+02
      vertex   -8.488241e-02 3.299820e+01 4.000000e+02
      vertex   2.540356e-01 3.298380e+01 4.000000e+02
    endloop
  endfacet
  facet normal -4.244120e-02 -9.990990e-01 -5.748159e-18
    outer loop
      vertex   -8.488241e-02 3.299820e+01 4.060000e+02
      vertex   2.540356e-01 3.298380e+01 4.000000e+02
      vertex   2.540356e-01 3.298380e+01 4.060000e+02
    endloop
  endfacet
  facet normal -2.106793e-01 -9.775552e-01 -2.923762e-17
    outer loop
      vertex   2.540356e-01 3.298380e+01 4.060000e+02
      vertex   2.540356e-01 3.298380e+01 4.000000e+02
      vertex   5.856455e-01 3.291233e+01 4.000000e+02
    endloop
  endfacet
  facet normal -2.106793e-01 -9.775552e-01 1.552267e-17
    outer loop
      vertex   2.540356e-01 3.298380e+01 4.060000e+02
      vertex   5.856455e-01 3.291233e+01 4.000000e+02
      vertex   5.856455e-01 3.291233e+01 4.060000e+02
    endloop
  endfacet
  facet normal -3.728565e-01 -9.278890e-01 2.759692e-17
    outer loop
      vertex   5.856455e-01 3.291233e+01 4.060000e+02
      vertex   5.856455e-01 3.291233e+01 4.000000e+02
      vertex   9.004075e-01 3.278585e+01 4.000000e+02
    endloop
  endfacet
  facet normal -3.728565e-01 -9.278890e-01 1.074811e-18
    outer loop
      vertex   5.856455e-01 3.291233e+01 4.060000e+02
      vertex   9.004075e-01 3.278585e+01 4.000000e+02
      vertex   9.004075e-01 3.278585e+01 4.060000e+02
    endloop
  endfacet
  facet normal -5.243073e-01 -8.515291e-01 -0.000000e+00
    outer loop
      vertex   9.004075e-01 3.278585e+01 4.060000e+02
      vertex   9.004075e-01 3.278585e+01 4.000000e+02
      vertex   1.189266e+00 3.260799e+01 4.000000e+02
    endloop
  endfacet
  facet normal -5.243073e-01 -8.515291e-01 5.788656e-17
    outer loop
      vertex   9.004075e-01 3.278585e+01 4.060000e+02
      vertex   1.189266e+00 3.260799e+01 4.000000e+02
      vertex   1.189266e+00 3.260799e+01 4.060000e+02
    endloop
  endfacet
  facet normal -6.606747e-01 -7.506723e-01 7.334963e-17
    outer loop
      vertex   1.189266e+00 3.260799e+01 4.060000e+02
      vertex   1.189266e+00 3.260799e+01 4.000000e+02
      vertex   1.443912e+00 3.238388e+01 4.000000e+02
    endloop
  endfacet
  facet normal -6.606747e-01 -7.506723e-01 -8.939956e-19
    outer loop
      vertex   1.189266e+00 3.260799e+01 4.060000e+02
      vertex   1.443912e+00 3.238388e+01 4.000000e+02
      vertex   1.443912e+00 3.238388e+01 4.060000e+02
    endloop
  endfacet
  facet normal -7.780358e-01 -6.282200e-01 -0.000000e+00
    outer loop
      vertex   1.443912e+00 3.238388e+01 4.060000e+02
      vertex   1.443912e+00 3.238388e+01 4.000000e+02
      vertex   1.657019e+00 3.211995e+01 4.000000e+02
    endloop
  endfacet
  facet normal -7.780358e-01 -6.282200e-01 4.262278e-19
    outer loop
      vertex   1.443912e+00 3.238388e+01 4.060000e+02
      vertex   1.657019e+00 3.211995e+01 4.000000e+02
      vertex   1.657019e+00 3.211995e+01 4.060000e+02
    endloop
  endfacet
  facet normal -8.730141e-01 -4.876949e-01 -0.000000e+00
    outer loop
      vertex   1.657019e+00 3.211995e+01 4.060000e+02
      vertex   1.657019e+00 3.211995e+01 4.000000e+02
      vertex   1.822457e+00 3.182380e+01 4.000000e+02
    endloop
  endfacet
  facet normal -8.730141e-01 -4.876949e-01 6.054839e-20
    outer loop
      vertex   1.657019e+00 3.211995e+01 4.060000e+02
      vertex   1.822457e+00 3.182380e+01 4.000000e+02
      vertex   1.822457e+00 3.182380e+01 4.060000e+02
    endloop
  endfacet
  facet normal -9.428774e-01 -3.331398e-01 -0.000000e+00
    outer loop
      vertex   1.822457e+00 3.182380e+01 4.060000e+02
      vertex   1.822457e+00 3.182380e+01 4.000000e+02
      vertex   1.935466e+00 3.150396e+01 4.000000e+02
    endloop
  endfacet
  facet normal -9.428774e-01 -3.331398e-01 -7.480048e-19
    outer loop
      vertex   1.822457e+00 3.182380e+01 4.060000e+02
      vertex   1.935466e+00 3.150396e+01 4.000000e+02
      vertex   1.935466e+00 3.150396e+01 4.060000e+02
    endloop
  endfacet
  facet normal -9.856159e-01 -1.690008e-01 -0.000000e+00
    outer loop
      vertex   1.935466e+00 3.150396e+01 4.060000e+02
      vertex   1.935466e+00 3.150396e+01 4.000000e+02
      vertex   1.992795e+00 3.116961e+01 4.000000e+02
    endloop
  endfacet
  facet normal -9.856159e-01 -1.690008e-01 -2.574201e-20
    outer loop
      vertex   1.935466e+00 3.150396e+01 4.060000e+02
      vertex   1.992795e+00 3.116961e+01 4.000000e+02
      vertex   1.992795e+00 3.116961e+01 4.060000e+02
    endloop
  endfacet
  facet normal -1.000000e+00 0.000000e+00 -0.000000e+00
    outer loop
      vertex   1.992795e+00 3.116961e+01 4.060000e+02
      vertex   1.992795e+00 3.116961e+01 4.000000e+02
      vertex   1.992795e+00 3.083039e+01 4.000000e+02
    endloop
  endfacet
  facet normal -1.000000e+00 -0.000000e+00 0.000000e+00
    outer loop
      vertex   1.992795e+00 3.116961e+01 4.060000e+02
      vertex   1.992795e+00 3.083039e+01 4.000000e+02
      vertex   1.992795e+00 3.083039e+01 4.060000e+02
    endloop
  endfacet
  facet normal -9.856159e-01 1.690008e-01 0.000000e+00
    outer loop
      vertex   1.992795e+00 3.083039e+01 4.060000e+02
      vertex   1.992795e+00 3.083039e+01 4.000000e+02
      vertex   1.935466e+00 3.049604e+01 4.000000e+02
    endloop
  endfacet
  facet normal -9.856159e-01 1.690008e-01 2.574201e-20
    outer loop
      vertex   1.992795e+00 3.083039e+01 4.060000e+02
      vertex   1.935466e+00 3.049604e+01 4.000000e+02
      vertex   1.935466e+00 3.049604e+01 4.060000e+02
    endloop
  endfacet
  facet normal -9.428774e-01 3.331398e-01 0.000000e+00
    outer loop
      vertex   1.935466e+00 3.049604e+01 4.060000e+02
      vertex   1.935466e+00 3.049604e+01 4.000000e+02
      vertex   1.822457e+00 3.017620e+01 4.000000e+02
    endloop
  endfacet
  facet normal -9.428774e-01 3.331398e-01 7.480048e-19
    outer loop
      vertex   1.935466e+00 3.049604e+01 4.060000e+02
      vertex   1.822457e+00 3.017620e+01 4.000000e+02
      vertex   1.822457e+00 3.017620e+01 4.060000e+02
    endloop
  endfacet
  facet normal -8.730141e-01 4.876949e-01 0.000000e+00
    outer loop
      vertex   1.822457e+00 3.017620e+01 4.060000e+02
      vertex   1.822457e+00 3.017620e+01 4.000000e+02
      vertex   1.657019e+00 2.988005e+01 4.000000e+02
    endloop
  endfacet
  facet normal -8.730141e-01 4.876949e-01 -1.069354e-18
    outer loop
      vertex   1.822457e+00 3.017620e+01 4.060000e+02
      vertex   1.657019e+00 2.988005e+01 4.000000e+02
      vertex   1.657019e+00 2.988005e+01 4.060000e+02
    endloop
  endfacet
  facet normal -7.780358e-01 6.282200e-01 0.000000e+00
    outer loop
      vertex   1.657019e+00 2.988005e+01 4.060000e+02
      vertex   1.657019e+00 2.988005e+01 4.000000e+02
      vertex   1.443912e+00 2.961612e+01 4.000000e+02
    endloop
  endfacet
  facet normal -7.780358e-01 6.282200e-01 -4.262278e-19
    outer loop
      vertex   1.657019e+00 2.988005e+01 4.060000e+02
      vertex   1.443912e+00 2.961612e+01 4.000000e+02
      vertex   1.443912e+00 2.961612e+01 4.060000e+02
    endloop
  endfacet
  facet normal -6.606747e-01 7.506723e-01 0.000000e+00
    outer loop
      vertex   1.443912e+00 2.961612e+01 4.060000e+02
      vertex   1.443912e+00 2.961612e+01 4.000000e+02
      vertex   1.189266e+00 2.939201e+01 4.000000e+02
    endloop
  endfacet
  facet normal -6.606747e-01 7.506723e-01 -7.199021e-17
    outer loop
      vertex   1.443912e+00 2.961612e+01 4.060000e+02
      vertex   1.189266e+00 2.939201e+01 4.000000e+02
      vertex   1.189266e+00 2.939201e+01 4.060000e+02
    endloop
  endfacet
  facet normal -5.243073e-01 8.515291e-01 -5.820980e-17
    outer loop
      vertex   1.189266e+00 2.939201e+01 4.060000e+02
      vertex   1.189266e+00 2.939201e+01 4.000000e+02
      vertex   9.004075e-01 2.921415e+01 4.000000e+02
    endloop
  endfacet
  facet normal -5.243073e-01 8.515291e-01 -2.855618e-19
    outer loop
      vertex   1.189266e+00 2.939201e+01 4.060000e+02
      vertex   9.004075e-01 2.921415e+01 4.000000e+02
      vertex   9.004075e-01 2.921415e+01 4.060000e+02
    endloop
  endfacet
  facet normal -3.728565e-01 9.278890e-01 0.000000e+00
    outer loop
      vertex   9.004075e-01 2.921415e+01 4.060000e+02
      vertex   9.004075e-01 2.921415e+01 4.000000e+02
      vertex   5.856455e-01 2.908767e+01 4.000000e+02
    endloop
  endfacet
  facet normal -3.728565e-01 9.278890e-01 -2.888748e-17
    outer loop
      vertex   9.004075e-01 2.921415e+01 4.060000e+02
      vertex   5.856455e-01 2.908767e+01 4.000000e+02
      vertex   5.856455e-01 2.908767e+01 4.060000e+02
    endloop
  endfacet
  facet normal -2.106793e-01 9.775552e-01 -1.559340e-17
    outer loop
      vertex   5.856455e-01 2.908767e+01 4.060000e+02
      vertex   5.856455e-01 2.908767e+01 4.000000e+02
      vertex   2.540356e-01 2.901620e+01 4.000000e+02
    endloop
  endfacet
  facet normal -2.106793e-01 9.775552e-01 2.879696e-17
    outer loop
      vertex   5.856455e-01 2.908767e+01 4.060000e+02
      vertex   2.540356e-01 2.901620e+01 4.000000e+02
      vertex   2.540356e-01 2.901620e+01 4.060000e+02
    endloop
  endfacet
  facet normal -4.244120e-02 9.990990e-01 5.889900e-18
    outer loop
      vertex   2.540356e-01 2.901620e+01 4.060000e+02
      vertex   2.540356e-01 2.901620e+01 4.000000e+02
      vertex   -8.488241e-02 2.900180e+01 4.000000e+02
    endloop
  endfacet
  facet normal -4.244120e-02 9.990990e-01 2.082050e-19
    outer loop
      vertex   2.540356e-01 2.901620e+01 4.060000e+02
      vertex   -8.488241e-02 2.900180e+01 4.000000e+02
      vertex   -8.488241e-02 2.900180e+01 4.060000e+02
    endloop
  endfacet
  facet normal 1.270178e-01 9.919004e-01 0.000000e+00
    outer loop
      vertex   -8.488241e-02 2.900180e+01 4.060000e+02
      vertex   -8.488241e-02 2.900180e+01 4.000000e+02
      vertex   -4.213585e-01 2.904489e+01 4.000000e+02
    endloop
  endfacet
  facet normal 1.270178e-01 9.919004e-01 -1.727651e-17
    outer loop
      vertex   -8.488241e-02 2.900180e+01 4.060000e+02
      vertex   -4.213585e-01 2.904489e+01 4.000000e+02
      vertex   -4.213585e-01 2.904489e+01 4.060000e+02
    endloop
  endfacet
  facet normal 2.928228e-01 9.561667e-01 -4.063732e-17
    outer loop
      vertex   -4.213585e-01 2.904489e+01 4.060000e+02
      vertex   -4.213585e-01 2.904489e+01 4.000000e+02
      vertex   -7.457130e-01 2.914422e+01 4.000000e+02
    endloop
  endfacet
  facet normal 2.928228e-01 9.561667e-01 1.189697e-18
    outer loop
      vertex   -4.213585e-01 2.904489e+01 4.060000e+02
      vertex   -7.457130e-01 2.914422e+01 4.000000e+02
      vertex   -7.457130e-01 2.914422e+01 4.060000e+02
    endloop
  endfacet
  facet normal 4.502037e-01 8.929259e-01 0.000000e+00
    outer loop
      vertex   -7.457130e-01 2.914422e+01 4.060000e+02
      vertex   -7.457130e-01 2.914422e+01 4.000000e+02
      vertex   -1.048615e+00 2.929694e+01 4.000000e+02
    endloop
  endfacet
  facet normal 4.502037e-01 8.929259e-01 -3.310107e-17
    outer loop
      vertex   -7.457130e-01 2.914422e+01 4.060000e+02
      vertex   -1.048615e+00 2.929694e+01 4.000000e+02
      vertex   -1.048615e+00 2.929694e+01 4.060000e+02
    endloop
  endfacet
  facet normal 5.946332e-01 8.039971e-01 -4.401170e-17
    outer loop
      vertex   -1.048615e+00 2.929694e+01 4.060000e+02
      vertex   -1.048615e+00 2.929694e+01 4.000000e+02
      vertex   -1.321349e+00 2.949866e+01 4.000000e+02
    endloop
  endfacet
  facet normal 5.946332e-01 8.039971e-01 8.320340e-19
    outer loop
      vertex   -1.048615e+00 2.929694e+01 4.060000e+02
      vertex   -1.321349e+00 2.949866e+01 4.000000e+02
      vertex   -1.321349e+00 2.949866e+01 4.060000e+02
    endloop
  endfacet
  facet normal 7.219561e-01 6.919389e-01 0.000000e+00
    outer loop
      vertex   -1.321349e+00 2.949866e+01 4.060000e+02
      vertex   -1.321349e+00 2.949866e+01 4.000000e+02
      vertex   -1.556072e+00 2.974356e+01 4.000000e+02
    endloop
  endfacet
  facet normal 7.219561e-01 6.919389e-01 1.704622e-19
    outer loop
      vertex   -1.321349e+00 2.949866e+01 4.060000e+02
      vertex   -1.556072e+00 2.974356e+01 4.000000e+02
      vertex   -1.556072e+00 2.974356e+01 4.060000e+02
    endloop
  endfacet
  facet normal 8.285096e-01 5.599748e-01 0.000000e+00
    outer loop
      vertex   -1.556072e+00 2.974356e+01 4.060000e+02
      vertex   -1.556072e+00 2.974356e+01 4.000000e+02
      vertex   -1.746028e+00 3.002461e+01 4.000000e+02
    endloop
  endfacet
  facet normal 8.285096e-01 5.599748e-01 1.230970e-18
    outer loop
      vertex   -1.556072e+00 2.974356e+01 4.060000e+02
      vertex   -1.746028e+00 3.002461e+01 4.000000e+02
      vertex   -1.746028e+00 3.002461e+01 4.060000e+02
    endloop
  endfacet
  facet normal 9.112285e-01 4.119012e-01 0.000000e+00
    outer loop
      vertex   -1.746028e+00 3.002461e+01 4.060000e+02
      vertex   -1.746028e+00 3.002461e+01 4.000000e+02
      vertex   -1.885755e+00 3.033372e+01 4.000000e+02
    endloop
  endfacet
  facet normal 9.112285e-01 4.119012e-01 1.178383e-18
    outer loop
      vertex   -1.746028e+00 3.002461e+01 4.060000e+02
      vertex   -1.885755e+00 3.033372e+01 4.000000e+02
      vertex   -1.885755e+00 3.033372e+01 4.060000e+02
    endloop
  endfacet
  facet normal 9.677329e-01 2.519781e-01 0.000000e+00
    outer loop
      vertex   -1.885755e+00 3.033372e+01 4.060000e+02
      vertex   -1.885755e+00 3.033372e+01 4.000000e+02
      vertex   -1.971232e+00 3.066200e+01 4.000000e+02
    endloop
  endfacet
  facet normal 0.000000e+00 0.000000e+00 1.000000e+00
    outer loop
      vertex   -1.971232e+00 3.133800e+01 4.060000e+02
      vertex   -1.100250e+01 3.292424e+01 4.060000e+02
      vertex   -2.000000e+00 3.100000e+01 4.060000e+02
    endloop
  endfacet
  facet normal 0.000000e+00 0.000000e+00 1.000000e+00
    outer loop
      vertex   -2.000000e+00 3.100000e+01 4.060000e+02
      vertex   -1.100250e+01 3.292424e+01 4.060000e+02
      vertex   -1.144307e+01 3.216897e+01 4.060000e+02
    endloop
  endfacet
  facet normal 0.000000e+00 0.000000e+00 1.000000e+00
    outer loop
      vertex   -2.000000e+00 3.100000e+01 4.060000e+02
      vertex   -1.144307e+01 3.216897e+01 4.060000e+02
      vertex   -1.183187e+01 3.138579e+01 4.060000e+02
    endloop
  endfacet
  facet normal -0.000000e+00 0.000000e+00 1.000000e+00
    outer loop
      vertex   -1.100250e+01 3.292424e+01 4.060000e+02
      vertex   -1.971232e+00 3.133800e+01 4.060000e+02
      vertex   -1.051215e+01 3.364818e+01 4.060000e+02
    endloop
  endfacet
  facet normal 0.000000e+00 0.000000e+00 1.000000e+00
    outer loop
      vertex   -1.051215e+01 3.364818e+01 4.060000e+02
      vertex   -1.971232e+00 3.133800e+01 4.060000e+02
      vertex   -1.885755e+00 3.166628e+01 4.060000e+02
    endloop
  endfacet
  facet normal -0.000000e+00 0.000000e+00 1.000000e+00
    outer loop
      vertex   -1.051215e+01 3.364818e+01 4.060000e+02
      vertex   -1.885755e+00 3.166628e+01 4.060000e+02
      vertex   -9.974247e+00 3.433753e+01 4.060000e+02
    endloop
  endfacet
  facet normal 0.000000e+00 0.000000e+00 1.000000e+00
    outer loop
      vertex   -9.974247e+00 3.433753e+01 4.060000e+02
      vertex   -1.885755e+00 3.166628e+01 4.060000e+02
      vertex   -1.746028e+00 3.197539e+01 4.060000e+02
    endloop
  endfacet
  facet normal -0.000000e+00 0.000000e+00 1.000000e+00
    outer loop
      vertex   -9.974247e+00 3.433753e+01 4.060000e+02
      vertex   -1.746028e+00 3.197539e+01 4.060000e+02
      vertex   -9.391223e+00 3.498916e+01 4.060000e+02
    endloop
  endfacet
  facet normal 0.000000e+00 0.000000e+00 1.000000e+00
    outer loop
      vertex   -9.391223e+00 3.498916e+01 4.060000e+02
      vertex   -1.746028e+00 3.197539e+01 4.060000e+02
      vertex   -1.556072e+00 3.225644e+01 4.060000e+02
    endloop
  endfacet
  facet normal -0.000000e+00 0.000000e+00 1.000000e+00
    outer loop
      vertex   -9.391223e+00 3.498916e+01 4.060000e+02
      vertex   -1.556072e+00 3.225644e+01 4.060000e+02
      vertex   -8.765714e+00 3.560012e+01 4.060000e+02
    endloop
  endfacet
  facet normal -0.000000e+00 0.000000e+00 1.000000e+00
    outer loop
      vertex   -8.765714e+00 3.560012e+01 4.060000e+02
      vertex   -1.556072e+00 3.225644e+01 4.060000e+02
      vertex   -8.100550e+00 3.616765e+01 4.060000e+02
    endloop
  endfacet
  facet normal 0.000000e+00 0.000000e+00 1.000000e+00
    outer loop
      vertex   -8.100550e+00 3.616765e+01 4.060000e+02
      vertex   -1.556072e+00 3.225644e+01 4.060000e+02
      vertex   -1.321349e+00 3.250135e+01 4.060000e+02
    endloop
  endfacet
  facet normal -0.000000e+00 0.000000e+00 1.000000e+00
    outer loop
      vertex   -8.100550e+00 3.616765e+01 4.060000e+02
      vertex   -1.321349e+00 3.250135e+01 4.060000e+02
      vertex   -7.398740e+00 3.668918e+01 4.060000e+02
    endloop
  endfacet
  facet normal 0.000000e+00 0.000000e+00 1.000000e+00
    outer loop
      vertex   -7.398740e+00 3.668918e+01 4.060000e+02
      vertex   -1.321349e+00 3.250135e+01 4.060000e+02
      vertex   -1.048615e+00 3.270306e+01 4.060000e+02
    endloop
  endfacet
  facet normal -0.000000e+00 0.000000e+00 1.000000e+00
    outer loop
      vertex   -7.398740e+00 3.668918e+01 4.060000e+02
      vertex   -1.048615e+00 3.270306e+01 4.060000e+02
      vertex   -6.663459e+00 3.716236e+01 4.060000e+02
    endloop
  endfacet
  facet normal -0.000000e+00 0.000000e+00 1.000000e+00
    outer loop
      vertex   -6.663459e+00 3.716236e+01 4.060000e+02
      vertex   -1.048615e+00 3.270306e+01 4.060000e+02
      vertex   -5.898034e+00 3.758504e+01 4.060000e+02
    endloop
  endfacet
  facet normal 0.000000e+00 0.000000e+00 1.000000e+00
    outer loop
      vertex   -5.898034e+00 3.758504e+01 4.060000e+02
      vertex   -1.048615e+00 3.270306e+01 4.060000e+02
      vertex   -7.457130e-01 3.285578e+01 4.060000e+02
    endloop
  endfacet
  facet normal -0.000000e+00 0.000000e+00 1.000000e+00
    outer loop
      vertex   -5.898034e+00 3.758504e+01 4.060000e+02
      vertex   -7.457130e-01 3.285578e+01 4.060000e+02
      vertex   -5.105926e+00 3.795531e+01 4.060000e+02
    endloop
  endfacet
  facet normal -0.000000e+00 0.000000e+00 1.000000e+00
    outer loop
      vertex   -5.105926e+00 3.795531e+01 4.060000e+02
      vertex   -7.457130e-01 3.285578e+01 4.060000e+02
      vertex   -4.290720e+00 3.827150e+01 4.060000e+02
    endloop
  endfacet
  facet normal 0.000000e+00 0.000000e+00 1.000000e+00
    outer loop
      vertex   -4.290720e+00 3.827150e+01 4.060000e+02
      vertex   -7.457130e-01 3.285578e+01 4.060000e+02
      vertex   -4.213585e-01 3.295511e+01 4.060000e+02
    endloop
  endfacet
  facet normal -0.000000e+00 0.000000e+00 1.000000e+00
    outer loop
      vertex   -4.290720e+00 3.827150e+01 4.060000e+02
      vertex   -4.213585e-01 3.295511e+01 4.060000e+02
      vertex   -3.456104e+00 3.853217e+01 4.060000e+02
    endloop
  endfacet
  facet normal -0.000000e+00 0.000000e+00 1.000000e+00
    outer loop
      vertex   -3.456104e+00 3.853217e+01 4.060000e+02
      vertex   -4.213585e-01 3.295511e+01 4.060000e+02
      vertex   -2.605852e+00 3.873615e+01 4.060000e+02
    endloop
  endfacet
  facet normal -0.000000e+00 0.000000e+00 1.000000e+00
    outer loop
      vertex   -2.605852e+00 3.873615e+01 4.060000e+02
      vertex   -4.213585e-01 3.295511e+01 4.060000e+02
      vertex   -1.743812e+00 3.888251e+01 4.060000e+02
    endloop
  endfacet
  facet normal 0.000000e+00 0.000000e+00 1.000000e+00
    outer loop
      vertex   -1.743812e+00 3.888251e+01 4.060000e+02
      vertex   -4.213585e-01 3.295511e+01 4.060000e+02
      vertex   -8.488241e-02 3.299820e+01 4.060000e+02
    endloop
  endfacet
  facet normal -0.000000e+00 0.000000e+00 1.000000e+00
    outer loop
      vertex   -1.743812e+00 3.888251e+01 4.060000e+02
      vertex   -8.488241e-02 3.299820e+01 4.060000e+02
      vertex   -8.738824e-01 3.897060e+01 4.060000e+02
    endloop
  endfacet
  facet normal -0.000000e+00 0.000000e+00 1.000000e+00
    outer loop
      vertex   -8.738824e-01 3.897060e+01 4.060000e+02
      vertex   -8.488241e-02 3.299820e+01 4.060000e+02
      vertex   -4.221017e-13 3.900000e+01 4.060000e+02
    endloop
  endfacet
  facet normal 0.000000e+00 0.000000e+00 1.000000e+00
    outer loop
      vertex   -4.221017e-13 3.900000e+01 4.060000e+02
      vertex   -8.488241e-02 3.299820e+01 4.060000e+02
      vertex   8.738824e-01 3.897060e+01 4.060000e+02
    endloop
  endfacet
  facet normal 0.000000e+00 0.000000e+00 1.000000e+00
    outer loop
      vertex   8.738824e-01 3.897060e+01 4.060000e+02
      vertex   -8.488241e-02 3.299820e+01 4.060000e+02
      vertex   2.540356e-01 3.298380e+01 4.060000e+02
    endloop
  endfacet
  facet normal 0.000000e+00 0.000000e+00 1.000000e+00
    outer loop
      vertex   8.738824e-01 3.897060e+01 4.060000e+02
      vertex   2.540356e-01 3.298380e+01 4.060000e+02
      vertex   1.743812e+00 3.888251e+01 4.060000e+02
    endloop
  endfacet
  facet normal 0.000000e+00 0.000000e+00 1.000000e+00
    outer loop
      vertex   1.743812e+00 3.888251e+01 4.060000e+02
      vertex   2.540356e-01 3.298380e+01 4.060000e+02
      vertex   2.605852e+00 3.873615e+01 4.060000e+02
    endloop
  endfacet
  facet normal 0.000000e+00 0.000000e+00 1.000000e+00
    outer loop
      vertex   2.605852e+00 3.873615e+01 4.060000e+02
      vertex   2.540356e-01 3.298380e+01 4.060000e+02
      vertex   3.456104e+00 3.853217e+01 4.060000e+02
    endloop
  endfacet
  facet normal 0.000000e+00 0.000000e+00 1.000000e+00
    outer loop
      vertex   3.456104e+00 3.853217e+01 4.060000e+02
      vertex   2.540356e-01 3.298380e+01 4.060000e+02
      vertex   5.856455e-01 3.291233e+01 4.060000e+02
    endloop
  endfacet
  facet normal 0.000000e+00 0.000000e+00 1.000000e+00
    outer loop
      vertex   3.456104e+00 3.853217e+01 4.060000e+02
      vertex   5.856455e-01 3.291233e+01 4.060000e+02
      vertex   4.290720e+00 3.827150e+01 4.060000e+02
    endloop
  endfacet
  facet normal 0.000000e+00 0.000000e+00 1.000000e+00
    outer loop
      vertex   4.290720e+00 3.827150e+01 4.060000e+02
      vertex   5.856455e-01 3.291233e+01 4.060000e+02
      vertex   5.105926e+00 3.795531e+01 4.060000e+02
    endloop
  endfacet
  facet normal 0.000000e+00 0.000000e+00 1.000000e+00
    outer loop
      vertex   5.105926e+00 3.795531e+01 4.060000e+02
      vertex   5.856455e-01 3.291233e+01 4.060000e+02
      vertex   9.004075e-01 3.278585e+01 4.060000e+02
    endloop
  endfacet
  facet normal 0.000000e+00 0.000000e+00 1.000000e+00
    outer loop
      vertex   5.105926e+00 3.795531e+01 4.060000e+02
      vertex   9.004075e-01 3.278585e+01 4.060000e+02
      vertex   5.898034e+00 3.758504e+01 4.060000e+02
    endloop
  endfacet
  facet normal 0.000000e+00 0.000000e+00 1.000000e+00
    outer loop
      vertex   5.898034e+00 3.758504e+01 4.060000e+02
      vertex   9.004075e-01 3.278585e+01 4.060000e+02
      vertex   6.663459e+00 3.716236e+01 4.060000e+02
    endloop
  endfacet
  facet normal 0.000000e+00 0.000000e+00 1.000000e+00
    outer loop
      vertex   6.663459e+00 3.716236e+01 4.060000e+02
      vertex   9.004075e-01 3.278585e+01 4.060000e+02
      vertex   1.189266e+00 3.260799e+01 4.060000e+02
    endloop
  endfacet
  facet normal 0.000000e+00 0.000000e+00 1.000000e+00
    outer loop
      vertex   6.663459e+00 3.716236e+01 4.060000e+02
      vertex   1.189266e+00 3.260799e+01 4.060000e+02
      vertex   7.398740e+00 3.668918e+01 4.060000e+02
    endloop
  endfacet
  facet normal 0.000000e+00 0.000000e+00 1.000000e+00
    outer loop
      vertex   7.398740e+00 3.668918e+01 4.060000e+02
      vertex   1.189266e+00 3.260799e+01 4.060000e+02
      vertex   8.100550e+00 3.616765e+01 4.060000e+02
    endloop
  endfacet
  facet normal 0.000000e+00 0.000000e+00 1.000000e+00
    outer loop
      vertex   8.100550e+00 3.616765e+01 4.060000e+02
      vertex   1.189266e+00 3.260799e+01 4.060000e+02
      vertex   1.443912e+00 3.238388e+01 4.060000e+02
    endloop
  endfacet
  facet normal 0.000000e+00 0.000000e+00 1.000000e+00
    outer loop
      vertex   8.100550e+00 3.616765e+01 4.060000e+02
      vertex   1.443912e+00 3.238388e+01 4.060000e+02
      vertex   8.765714e+00 3.560012e+01 4.060000e+02
    endloop
  endfacet
  facet normal 0.000000e+00 0.000000e+00 1.000000e+00
    outer loop
      vertex   8.765714e+00 3.560012e+01 4.060000e+02
      vertex   1.443912e+00 3.238388e+01 4.060000e+02
      vertex   1.657019e+00 3.211995e+01 4.060000e+02
    endloop
  endfacet
  facet normal 0.000000e+00 0.000000e+00 1.000000e+00
    outer loop
      vertex   8.765714e+00 3.560012e+01 4.060000e+02
      vertex   1.657019e+00 3.211995e+01 4.060000e+02
      vertex   9.391223e+00 3.498916e+01 4.060000e+02
    endloop
  endfacet
  facet normal 0.000000e+00 0.000000e+00 1.000000e+00
    outer loop
      vertex   9.391223e+00 3.498916e+01 4.060000e+02
      vertex   1.657019e+00 3.211995e+01 4.060000e+02
      vertex   1.822457e+00 3.182380e+01 4.060000e+02
    endloop
  endfacet
  facet normal 0.000000e+00 0.000000e+00 1.000000e+00
    outer loop
      vertex   9.391223e+00 3.498916e+01 4.060000e+02
      vertex   1.822457e+00 3.182380e+01 4.060000e+02
      vertex   9.974247e+00 3.433753e+01 4.060000e+02
    endloop
  endfacet
  facet normal 0.000000e+00 0.000000e+00 1.000000e+00
    outer loop
      vertex   9.974247e+00 3.433753e+01 4.060000e+02
      vertex   1.822457e+00 3.182380e+01 4.060000e+02
      vertex   1.051215e+01 3.364818e+01 4.060000e+02
    endloop
  endfacet
  facet normal 0.000000e+00 0.000000e+00 1.000000e+00
    outer loop
      vertex   1.051215e+01 3.364818e+01 4.060000e+02
      vertex   1.822457e+00 3.182380e+01 4.060000e+02
      vertex   1.935466e+00 3.150396e+01 4.060000e+02
    endloop
  endfacet
  facet normal 0.000000e+00 0.000000e+00 1.000000e+00
    outer loop
      vertex   1.051215e+01 3.364818e+01 4.060000e+02
      vertex   1.935466e+00 3.150396e+01 4.060000e+02
      vertex   1.100250e+01 3.292424e+01 4.060000e+02
    endloop
  endfacet
  facet normal 0.000000e+00 0.000000e+00 1.000000e+00
    outer loop
      vertex   1.100250e+01 3.292424e+01 4.060000e+02
      vertex   1.935466e+00 3.150396e+01 4.060000e+02
      vertex   1.992795e+00 3.116961e+01 4.060000e+02
    endloop
  endfacet
  facet normal 0.000000e+00 0.000000e+00 1.000000e+00
    outer loop
      vertex   1.100250e+01 3.292424e+01 4.060000e+02
      vertex   1.992795e+00 3.116961e+01 4.060000e+02
      vertex   1.144307e+01 3.216897e+01 4.060000e+02
    endloop
  endfacet
  facet normal 0.000000e+00 0.000000e+00 1.000000e+00
    outer loop
      vertex   1.144307e+01 3.216897e+01 4.060000e+02
      vertex   1.992795e+00 3.116961e+01 4.060000e+02
      vertex   1.992795e+00 3.083039e+01 4.060000e+02
    endloop
  endfacet
  facet normal 0.000000e+00 0.000000e+00 1.000000e+00
    outer loop
      vertex   1.144307e+01 3.216897e+01 4.060000e+02
      vertex   1.992795e+00 3.083039e+01 4.060000e+02
      vertex   1.183187e+01 3.138579e+01 4.060000e+02
    endloop
  endfacet
  facet normal 0.000000e+00 0.000000e+00 1.000000e+00
    outer loop
      vertex   1.183187e+01 3.138579e+01 4.060000e+02
      vertex   1.992795e+00 3.083039e+01 4.060000e+02
      vertex   1.935466e+00 3.049604e+01 4.060000e+02
    endloop
  endfacet
  facet normal 0.000000e+00 0.000000e+00 1.000000e+00
    outer loop
      vertex   1.183187e+01 3.138579e+01 4.060000e+02
      vertex   1.935466e+00 3.049604e+01 4.060000e+02
      vertex   1.216715e+01 3.057825e+01 4.060000e+02
    endloop
  endfacet
  facet normal 0.000000e+00 0.000000e+00 1.000000e+00
    outer loop
      vertex   1.216715e+01 3.057825e+01 4.060000e+02
      vertex   1.935466e+00 3.049604e+01 4.060000e+02
      vertex   1.822457e+00 3.017620e+01 4.060000e+02
    endloop
  endfacet
  facet normal 0.000000e+00 0.000000e+00 1.000000e+00
    outer loop
      vertex   1.216715e+01 3.057825e+01 4.060000e+02
      vertex   1.822457e+00 3.017620e+01 4.060000e+02
      vertex   1.244739e+01 2.975000e+01 4.060000e+02
    endloop
  endfacet
  facet normal 0.000000e+00 0.000000e+00 1.000000e+00
    outer loop
      vertex   1.244739e+01 2.975000e+01 4.060000e+02
      vertex   1.822457e+00 3.017620e+01 4.060000e+02
      vertex   1.657019e+00 2.988005e+01 4.060000e+02
    endloop
  endfacet
  facet normal 0.000000e+00 0.000000e+00 1.000000e+00
    outer loop
      vertex   1.244739e+01 2.975000e+01 4.060000e+02
      vertex   1.657019e+00 2.988005e+01 4.060000e+02
      vertex   1.443912e+00 2.961612e+01 4.060000e+02
    endloop
  endfacet
  facet normal -0.000000e+00 0.000000e+00 1.000000e+00
    outer loop
      vertex   1.189266e+00 2.939201e+01 4.060000e+02
      vertex   1.327980e+01 2.632156e+01 4.060000e+02
      vertex   1.443912e+00 2.961612e+01 4.060000e+02
    endloop
  endfacet
  facet normal 0.000000e+00 0.000000e+00 1.000000e+00
    outer loop
      vertex   1.443912e+00 2.961612e+01 4.060000e+02
      vertex   1.327980e+01 2.632156e+01 4.060000e+02
      vertex   1.336817e+01 2.663217e+01 4.060000e+02
    endloop
  endfacet
  facet normal -0.000000e+00 0.000000e+00 1.000000e+00
    outer loop
      vertex   1.443912e+00 2.961612e+01 4.060000e+02
      vertex   1.336817e+01 2.663217e+01 4.060000e+02
      vertex   1.244739e+01 2.975000e+01 4.060000e+02
    endloop
  endfacet
  facet normal 0.000000e+00 0.000000e+00 1.000000e+00
    outer loop
      vertex   1.244739e+01 2.975000e+01 4.060000e+02
      vertex   1.336817e+01 2.663217e+01 4.060000e+02
      vertex   1.351212e+01 2.692126e+01 4.060000e+02
    endloop
  endfacet
  facet normal 0.000000e+00 0.000000e+00 1.000000e+00
    outer loop
      vertex   1.244739e+01 2.975000e+01 4.060000e+02
      vertex   1.351212e+01 2.692126e+01 4.060000e+02
      vertex   1.370673e+01 2.717897e+01 4.060000e+02
    endloop
  endfacet
  facet normal -0.000000e+00 0.000000e+00 1.000000e+00
    outer loop
      vertex   9.004075e-01 2.921415e+01 4.060000e+02
      vertex   7.014838e-01 2.303461e+01 4.060000e+02
      vertex   1.189266e+00 2.939201e+01 4.060000e+02
    endloop
  endfacet
  facet normal 0.000000e+00 0.000000e+00 1.000000e+00
    outer loop
      vertex   1.189266e+00 2.939201e+01 4.060000e+02
      vertex   7.014838e-01 2.303461e+01 4.060000e+02
      vertex   9.074944e-01 2.285962e+01 4.060000e+02
    endloop
  endfacet
  facet normal 0.000000e+00 0.000000e+00 1.000000e+00
    outer loop
      vertex   1.189266e+00 2.939201e+01 4.060000e+02
      vertex   9.074944e-01 2.285962e+01 4.060000e+02
      vertex   1.325000e+01 2.600000e+01 4.060000e+02
    endloop
  endfacet
  facet normal 0.000000e+00 0.000000e+00 1.000000e+00
    outer loop
      vertex   1.325000e+01 2.600000e+01 4.060000e+02
      vertex   9.074944e-01 2.285962e+01 4.060000e+02
      vertex   1.327980e+01 2.567844e+01 4.060000e+02
    endloop
  endfacet
  facet normal 0.000000e+00 0.000000e+00 1.000000e+00
    outer loop
      vertex   1.327980e+01 2.567844e+01 4.060000e+02
      vertex   9.074944e-01 2.285962e+01 4.060000e+02
      vertex   1.071071e+00 2.264444e+01 4.060000e+02
    endloop
  endfacet
  facet normal 0.000000e+00 0.000000e+00 1.000000e+00
    outer loop
      vertex   1.327980e+01 2.567844e+01 4.060000e+02
      vertex   1.071071e+00 2.264444e+01 4.060000e+02
      vertex   1.336817e+01 2.536783e+01 4.060000e+02
    endloop
  endfacet
  facet normal 0.000000e+00 0.000000e+00 1.000000e+00
    outer loop
      vertex   1.336817e+01 2.536783e+01 4.060000e+02
      vertex   1.071071e+00 2.264444e+01 4.060000e+02
      vertex   1.244739e+01 2.225000e+01 4.060000e+02
    endloop
  endfacet
  facet normal 0.000000e+00 0.000000e+00 1.000000e+00
    outer loop
      vertex   1.336817e+01 2.536783e+01 4.060000e+02
      vertex   1.244739e+01 2.225000e+01 4.060000e+02
      vertex   1.351212e+01 2.507874e+01 4.060000e+02
    endloop
  endfacet
  facet normal 0.000000e+00 0.000000e+00 1.000000e+00
    outer loop
      vertex   1.351212e+01 2.507874e+01 4.060000e+02
      vertex   1.244739e+01 2.225000e+01 4.060000e+02
      vertex   1.370673e+01 2.482103e+01 4.060000e+02
    endloop
  endfacet
  facet normal 0.000000e+00 0.000000e+00 1.000000e+00
    outer loop
      vertex   1.370673e+01 2.482103e+01 4.060000e+02
      vertex   1.244739e+01 2.225000e+01 4.060000e+02
      vertex   1.394539e+01 2.460347e+01 4.060000e+02
    endloop
  endfacet
  facet normal 0.000000e+00 0.000000e+00 1.000000e+00
    outer loop
      vertex   1.394539e+01 2.460347e+01 4.060000e+02
      vertex   1.244739e+01 2.225000e+01 4.060000e+02
      vertex   1.421996e+01 2.443346e+01 4.060000e+02
    endloop
  endfacet
  facet normal 0.000000e+00 0.000000e+00 1.000000e+00
    outer loop
      vertex   1.421996e+01 2.443346e+01 4.060000e+02
      vertex   1.244739e+01 2.225000e+01 4.060000e+02
      vertex   1.452109e+01 2.431681e+01 4.060000e+02
    endloop
  endfacet
  facet normal 0.000000e+00 0.000000e+00 1.000000e+00
    outer loop
      vertex   1.452109e+01 2.431681e+01 4.060000e+02
      vertex   1.244739e+01 2.225000e+01 4.060000e+02
      vertex   1.500000e+01 2.225000e+01 4.060000e+02
    endloop
  endfacet
  facet normal 0.000000e+00 0.000000e+00 1.000000e+00
    outer loop
      vertex   1.452109e+01 2.431681e+01 4.060000e+02
      vertex   1.500000e+01 2.225000e+01 4.060000e+02
      vertex   1.483853e+01 2.425747e+01 4.060000e+02
    endloop
  endfacet
  facet normal -0.000000e+00 0.000000e+00 1.000000e+00
    outer loop
      vertex   1.483853e+01 2.425747e+01 4.060000e+02
      vertex   1.500000e+01 2.225000e+01 4.060000e+02
      vertex   1.516147e+01 2.425747e+01 4.060000e+02
    endloop
  endfacet
  facet normal 0.000000e+00 0.000000e+00 1.000000e+00
    outer loop
      vertex   1.516147e+01 2.425747e+01 4.060000e+02
      vertex   1.500000e+01 2.225000e+01 4.060000e+02
      vertex   1.547000e+01 2.227957e+01 4.060000e+02
    endloop
  endfacet
  facet normal 0.000000e+00 0.000000e+00 1.000000e+00
    outer loop
      vertex   1.516147e+01 2.425747e+01 4.060000e+02
      vertex   1.547000e+01 2.227957e+01 4.060000e+02
      vertex   1.593259e+01 2.236781e+01 4.060000e+02
    endloop
  endfacet
  facet normal 0.000000e+00 -0.000000e+00 1.000000e+00
    outer loop
      vertex   7.014838e-01 2.303461e+01 4.060000e+02
      vertex   9.004075e-01 2.921415e+01 4.060000e+02
      vertex   4.626727e-01 2.316122e+01 4.060000e+02
    endloop
  endfacet
  facet normal 0.000000e+00 0.000000e+00 1.000000e+00
    outer loop
      vertex   4.626727e-01 2.316122e+01 4.060000e+02
      vertex   9.004075e-01 2.921415e+01 4.060000e+02
      vertex   5.856455e-01 2.908767e+01 4.060000e+02
    endloop
  endfacet
  facet normal 0.000000e+00 -0.000000e+00 1.000000e+00
    outer loop
      vertex   4.626727e-01 2.316122e+01 4.060000e+02
      vertex   5.856455e-01 2.908767e+01 4.060000e+02
      vertex   2.022275e-01 2.323353e+01 4.060000e+02
    endloop
  endfacet
  facet normal 0.000000e+00 0.000000e+00 1.000000e+00
    outer loop
      vertex   2.022275e-01 2.323353e+01 4.060000e+02
      vertex   5.856455e-01 2.908767e+01 4.060000e+02
      vertex   2.540356e-01 2.901620e+01 4.060000e+02
    endloop
  endfacet
  facet normal 0.000000e+00 -0.000000e+00 1.000000e+00
    outer loop
      vertex   2.022275e-01 2.323353e+01 4.060000e+02
      vertex   2.540356e-01 2.901620e+01 4.060000e+02
      vertex   -6.767364e-02 2.324817e+01 4.060000e+02
    endloop
  endfacet
  facet normal 0.000000e+00 -0.000000e+00 1.000000e+00
    outer loop
      vertex   -6.767364e-02 2.324817e+01 4.060000e+02
      vertex   2.540356e-01 2.901620e+01 4.060000e+02
      vertex   -8.488241e-02 2.900180e+01 4.060000e+02
    endloop
  endfacet
  facet normal 0.000000e+00 0.000000e+00 1.000000e+00
    outer loop
      vertex   -6.767364e-02 2.324817e+01 4.060000e+02
      vertex   -8.488241e-02 2.900180e+01 4.060000e+02
      vertex   -4.213585e-01 2.904489e+01 4.060000e+02
    endloop
  endfacet
  facet normal 0.000000e+00 0.000000e+00 1.000000e+00
    outer loop
      vertex   -6.767364e-02 2.324817e+01 4.060000e+02
      vertex   -4.213585e-01 2.904489e+01 4.060000e+02
      vertex   -3.344104e-01 2.320444e+01 4.060000e+02
    endloop
  endfacet
  facet normal 0.000000e+00 0.000000e+00 1.000000e+00
    outer loop
      vertex   -3.344104e-01 2.320444e+01 4.060000e+02
      vertex   -4.213585e-01 2.904489e+01 4.060000e+02
      vertex   -7.457130e-01 2.914422e+01 4.060000e+02
    endloop
  endfacet
  facet normal 0.000000e+00 0.000000e+00 1.000000e+00
    outer loop
      vertex   -3.344104e-01 2.320444e+01 4.060000e+02
      vertex   -7.457130e-01 2.914422e+01 4.060000e+02
      vertex   -5.855106e-01 2.310439e+01 4.060000e+02
    endloop
  endfacet
  facet normal 0.000000e+00 0.000000e+00 1.000000e+00
    outer loop
      vertex   -5.855106e-01 2.310439e+01 4.060000e+02
      vertex   -7.457130e-01 2.914422e+01 4.060000e+02
      vertex   -1.048615e+00 2.929694e+01 4.060000e+02
    endloop
  endfacet
  facet normal 0.000000e+00 0.000000e+00 1.000000e+00
    outer loop
      vertex   -5.855106e-01 2.310439e+01 4.060000e+02
      vertex   -1.048615e+00 2.929694e+01 4.060000e+02
      vertex   -8.092329e-01 2.295270e+01 4.060000e+02
    endloop
  endfacet
  facet normal 0.000000e+00 0.000000e+00 1.000000e+00
    outer loop
      vertex   -8.092329e-01 2.295270e+01 4.060000e+02
      vertex   -1.048615e+00 2.929694e+01 4.060000e+02
      vertex   -1.325000e+01 2.600000e+01 4.060000e+02
    endloop
  endfacet
  facet normal 0.000000e+00 0.000000e+00 1.000000e+00
    outer loop
      vertex   -8.092329e-01 2.295270e+01 4.060000e+02
      vertex   -1.325000e+01 2.600000e+01 4.060000e+02
      vertex   -1.327980e+01 2.567844e+01 4.060000e+02
    endloop
  endfacet
  facet normal 0.000000e+00 0.000000e+00 1.000000e+00
    outer loop
      vertex   -1.048615e+00 2.929694e+01 4.060000e+02
      vertex   -1.321349e+00 2.949866e+01 4.060000e+02
      vertex   -1.325000e+01 2.600000e+01 4.060000e+02
    endloop
  endfacet
  facet normal 0.000000e+00 -0.000000e+00 1.000000e+00
    outer loop
      vertex   -1.325000e+01 2.600000e+01 4.060000e+02
      vertex   -1.321349e+00 2.949866e+01 4.060000e+02
      vertex   -1.327980e+01 2.632156e+01 4.060000e+02
    endloop
  endfacet
  facet normal 0.000000e+00 0.000000e+00 1.000000e+00
    outer loop
      vertex   -1.327980e+01 2.632156e+01 4.060000e+02
      vertex   -1.321349e+00 2.949866e+01 4.060000e+02
      vertex   -1.556072e+00 2.974356e+01 4.060000e+02
    endloop
  endfacet
  facet normal 0.000000e+00 -0.000000e+00 1.000000e+00
    outer loop
      vertex   -1.327980e+01 2.632156e+01 4.060000e+02
      vertex   -1.556072e+00 2.974356e+01 4.060000e+02
      vertex   -1.336817e+01 2.663217e+01 4.060000e+02
    endloop
  endfacet
  facet normal 0.000000e+00 0.000000e+00 1.000000e+00
    outer loop
      vertex   -1.336817e+01 2.663217e+01 4.060000e+02
      vertex   -1.556072e+00 2.974356e+01 4.060000e+02
      vertex   -1.244739e+01 2.975000e+01 4.060000e+02
    endloop
  endfacet
  facet normal 0.000000e+00 -0.000000e+00 1.000000e+00
    outer loop
      vertex   -1.336817e+01 2.663217e+01 4.060000e+02
      vertex   -1.244739e+01 2.975000e+01 4.060000e+02
      vertex   -1.351212e+01 2.692126e+01 4.060000e+02
    endloop
  endfacet
  facet normal 0.000000e+00 -0.000000e+00 1.000000e+00
    outer loop
      vertex   -1.351212e+01 2.692126e+01 4.060000e+02
      vertex   -1.244739e+01 2.975000e+01 4.060000e+02
      vertex   -1.370673e+01 2.717897e+01 4.060000e+02
    endloop
  endfacet
  facet normal 0.000000e+00 -0.000000e+00 1.000000e+00
    outer loop
      vertex   -1.370673e+01 2.717897e+01 4.060000e+02
      vertex   -1.244739e+01 2.975000e+01 4.060000e+02
      vertex   -1.394539e+01 2.739653e+01 4.060000e+02
    endloop
  endfacet
  facet normal 0.000000e+00 -0.000000e+00 1.000000e+00
    outer loop
      vertex   -1.394539e+01 2.739653e+01 4.060000e+02
      vertex   -1.244739e+01 2.975000e+01 4.060000e+02
      vertex   -1.421996e+01 2.756654e+01 4.060000e+02
    endloop
  endfacet
  facet normal 0.000000e+00 -0.000000e+00 1.000000e+00
    outer loop
      vertex   -1.421996e+01 2.756654e+01 4.060000e+02
      vertex   -1.244739e+01 2.975000e+01 4.060000e+02
      vertex   -1.452109e+01 2.768320e+01 4.060000e+02
    endloop
  endfacet
  facet normal 0.000000e+00 -0.000000e+00 1.000000e+00
    outer loop
      vertex   -1.452109e+01 2.768320e+01 4.060000e+02
      vertex   -1.244739e+01 2.975000e+01 4.060000e+02
      vertex   -1.500000e+01 2.975000e+01 4.060000e+02
    endloop
  endfacet
  facet normal 0.000000e+00 0.000000e+00 1.000000e+00
    outer loop
      vertex   -1.452109e+01 2.768320e+01 4.060000e+02
      vertex   -1.500000e+01 2.975000e+01 4.060000e+02
      vertex   -1.483853e+01 2.774254e+01 4.060000e+02
    endloop
  endfacet
  facet normal 0.000000e+00 0.000000e+00 1.000000e+00
    outer loop
      vertex   -1.483853e+01 2.774254e+01 4.060000e+02
      vertex   -1.500000e+01 2.975000e+01 4.060000e+02
      vertex   -1.516147e+01 2.774254e+01 4.060000e+02
    endloop
  endfacet
  facet normal 0.000000e+00 -0.000000e+00 1.000000e+00
    outer loop
      vertex   -1.516147e+01 2.774254e+01 4.060000e+02
      vertex   -1.500000e+01 2.975000e+01 4.060000e+02
      vertex   -1.547000e+01 2.972043e+01 4.060000e+02
    endloop
  endfacet
  facet normal 0.000000e+00 0.000000e+00 1.000000e+00
    outer loop
      vertex   -1.516147e+01 2.774254e+01 4.060000e+02
      vertex   -1.547000e+01 2.972043e+01 4.060000e+02
      vertex   -1.593259e+01 2.963219e+01 4.060000e+02
    endloop
  endfacet
  facet normal 0.000000e+00 0.000000e+00 1.000000e+00
    outer loop
      vertex   -1.556072e+00 2.974356e+01 4.060000e+02
      vertex   -1.746028e+00 3.002461e+01 4.060000e+02
      vertex   -1.244739e+01 2.975000e+01 4.060000e+02
    endloop
  endfacet
  facet normal 0.000000e+00 0.000000e+00 1.000000e+00
    outer loop
      vertex   -1.244739e+01 2.975000e+01 4.060000e+02
      vertex   -1.746028e+00 3.002461e+01 4.060000e+02
      vertex   -1.885755e+00 3.033372e+01 4.060000e+02
    endloop
  endfacet
  facet normal 0.000000e+00 0.000000e+00 1.000000e+00
    outer loop
      vertex   -1.244739e+01 2.975000e+01 4.060000e+02
      vertex   -1.885755e+00 3.033372e+01 4.060000e+02
      vertex   -1.216715e+01 3.057825e+01 4.060000e+02
    endloop
  endfacet
  facet normal -0.000000e+00 0.000000e+00 1.000000e+00
    outer loop
      vertex   -1.216715e+01 3.057825e+01 4.060000e+02
      vertex   -1.885755e+00 3.033372e+01 4.060000e+02
      vertex   -1.971232e+00 3.066200e+01 4.060000e+02
    endloop
  endfacet
  facet normal 0.000000e+00 0.000000e+00 1.000000e+00
    outer loop
      vertex   -1.216715e+01 3.057825e+01 4.060000e+02
      vertex   -1.971232e+00 3.066200e+01 4.060000e+02
      vertex   -1.183187e+01 3.138579e+01 4.060000e+02
    endloop
  endfacet
  facet normal 0.000000e+00 0.000000e+00 1.000000e+00
    outer loop
      vertex   -1.183187e+01 3.138579e+01 4.060000e+02
      vertex   -1.971232e+00 3.066200e+01 4.060000e+02
      vertex   -2.000000e+00 3.100000e+01 4.060000e+02
    endloop
  endfacet
  facet normal 0.000000e+00 0.000000e+00 1.000000e+00
    outer loop
      vertex   -1.220776e+00 2.226871e+01 4.060000e+02
      vertex   -1.216715e+01 2.142175e+01 4.060000e+02
      vertex   -1.250000e+00 2.200000e+01 4.060000e+02
    endloop
  endfacet
  facet normal 0.000000e+00 0.000000e+00 1.000000e+00
    outer loop
      vertex   -1.250000e+00 2.200000e+01 4.060000e+02
      vertex   -1.216715e+01 2.142175e+01 4.060000e+02
      vertex   -1.183187e+01 2.061421e+01 4.060000e+02
    endloop
  endfacet
  facet normal 0.000000e+00 0.000000e+00 1.000000e+00
    outer loop
      vertex   -1.250000e+00 2.200000e+01 4.060000e+02
      vertex   -1.183187e+01 2.061421e+01 4.060000e+02
      vertex   -1.220776e+00 2.173129e+01 4.060000e+02
    endloop
  endfacet
  facet normal 0.000000e+00 0.000000e+00 1.000000e+00
    outer loop
      vertex   -1.220776e+00 2.173129e+01 4.060000e+02
      vertex   -1.183187e+01 2.061421e+01 4.060000e+02
      vertex   -1.144307e+01 1.983103e+01 4.060000e+02
    endloop
  endfacet
  facet normal 0.000000e+00 0.000000e+00 1.000000e+00
    outer loop
      vertex   -1.220776e+00 2.173129e+01 4.060000e+02
      vertex   -1.144307e+01 1.983103e+01 4.060000e+02
      vertex   -1.100250e+01 1.907576e+01 4.060000e+02
    endloop
  endfacet
  facet normal 0.000000e+00 -0.000000e+00 1.000000e+00
    outer loop
      vertex   -1.216715e+01 2.142175e+01 4.060000e+02
      vertex   -1.220776e+00 2.226871e+01 4.060000e+02
      vertex   -1.244739e+01 2.225000e+01 4.060000e+02
    endloop
  endfacet
  facet normal 0.000000e+00 0.000000e+00 1.000000e+00
    outer loop
      vertex   -1.244739e+01 2.225000e+01 4.060000e+02
      vertex   -1.220776e+00 2.226871e+01 4.060000e+02
      vertex   -1.134469e+00 2.252486e+01 4.060000e+02
    endloop
  endfacet
  facet normal 0.000000e+00 0.000000e+00 1.000000e+00
    outer loop
      vertex   -1.244739e+01 2.225000e+01 4.060000e+02
      vertex   -1.134469e+00 2.252486e+01 4.060000e+02
      vertex   -9.951163e-01 2.275647e+01 4.060000e+02
    endloop
  endfacet
  facet normal 0.000000e+00 0.000000e+00 1.000000e+00
    outer loop
      vertex   -8.092329e-01 2.295270e+01 4.060000e+02
      vertex   -1.327980e+01 2.567844e+01 4.060000e+02
      vertex   -9.951163e-01 2.275647e+01 4.060000e+02
    endloop
  endfacet
  facet normal 0.000000e+00 0.000000e+00 1.000000e+00
    outer loop
      vertex   -9.951163e-01 2.275647e+01 4.060000e+02
      vertex   -1.327980e+01 2.567844e+01 4.060000e+02
      vertex   -1.336817e+01 2.536783e+01 4.060000e+02
    endloop
  endfacet
  facet normal 0.000000e+00 0.000000e+00 1.000000e+00
    outer loop
      vertex   -9.951163e-01 2.275647e+01 4.060000e+02
      vertex   -1.336817e+01 2.536783e+01 4.060000e+02
      vertex   -1.244739e+01 2.225000e+01 4.060000e+02
    endloop
  endfacet
  facet normal 0.000000e+00 0.000000e+00 1.000000e+00
    outer loop
      vertex   -1.244739e+01 2.225000e+01 4.060000e+02
      vertex   -1.336817e+01 2.536783e+01 4.060000e+02
      vertex   -1.351212e+01 2.507874e+01 4.060000e+02
    endloop
  endfacet
  facet normal 0.000000e+00 0.000000e+00 1.000000e+00
    outer loop
      vertex   -1.244739e+01 2.225000e+01 4.060000e+02
      vertex   -1.351212e+01 2.507874e+01 4.060000e+02
      vertex   -1.370673e+01 2.482103e+01 4.060000e+02
    endloop
  endfacet
  facet normal 0.000000e+00 0.000000e+00 1.000000e+00
    outer loop
      vertex   1.071071e+00 2.264444e+01 4.060000e+02
      vertex   1.184566e+00 2.239913e+01 4.060000e+02
      vertex   1.244739e+01 2.225000e+01 4.060000e+02
    endloop
  endfacet
  facet normal 0.000000e+00 0.000000e+00 1.000000e+00
    outer loop
      vertex   1.244739e+01 2.225000e+01 4.060000e+02
      vertex   1.184566e+00 2.239913e+01 4.060000e+02
      vertex   1.242672e+00 2.213515e+01 4.060000e+02
    endloop
  endfacet
  facet normal 0.000000e+00 0.000000e+00 1.000000e+00
    outer loop
      vertex   1.244739e+01 2.225000e+01 4.060000e+02
      vertex   1.242672e+00 2.213515e+01 4.060000e+02
      vertex   1.216715e+01 2.142175e+01 4.060000e+02
    endloop
  endfacet
  facet normal 0.000000e+00 0.000000e+00 1.000000e+00
    outer loop
      vertex   1.216715e+01 2.142175e+01 4.060000e+02
      vertex   1.242672e+00 2.213515e+01 4.060000e+02
      vertex   1.183187e+01 2.061421e+01 4.060000e+02
    endloop
  endfacet
  facet normal 0.000000e+00 0.000000e+00 1.000000e+00
    outer loop
      vertex   1.183187e+01 2.061421e+01 4.060000e+02
      vertex   1.242672e+00 2.213515e+01 4.060000e+02
      vertex   1.242672e+00 2.186485e+01 4.060000e+02
    endloop
  endfacet
  facet normal 0.000000e+00 0.000000e+00 1.000000e+00
    outer loop
      vertex   1.183187e+01 2.061421e+01 4.060000e+02
      vertex   1.242672e+00 2.186485e+01 4.060000e+02
      vertex   1.144307e+01 1.983103e+01 4.060000e+02
    endloop
  endfacet
  facet normal 0.000000e+00 0.000000e+00 1.000000e+00
    outer loop
      vertex   1.144307e+01 1.983103e+01 4.060000e+02
      vertex   1.242672e+00 2.186485e+01 4.060000e+02
      vertex   1.184566e+00 2.160087e+01 4.060000e+02
    endloop
  endfacet
  facet normal 0.000000e+00 0.000000e+00 1.000000e+00
    outer loop
      vertex   1.144307e+01 1.983103e+01 4.060000e+02
      vertex   1.184566e+00 2.160087e+01 4.060000e+02
      vertex   1.100250e+01 1.907576e+01 4.060000e+02
    endloop
  endfacet
  facet normal 0.000000e+00 0.000000e+00 1.000000e+00
    outer loop
      vertex   1.100250e+01 1.907576e+01 4.060000e+02
      vertex   1.184566e+00 2.160087e+01 4.060000e+02
      vertex   1.071071e+00 2.135556e+01 4.060000e+02
    endloop
  endfacet
  facet normal 0.000000e+00 0.000000e+00 1.000000e+00
    outer loop
      vertex   1.100250e+01 1.907576e+01 4.060000e+02
      vertex   1.071071e+00 2.135556e+01 4.060000e+02
      vertex   1.051215e+01 1.835182e+01 4.060000e+02
    endloop
  endfacet
  facet normal 0.000000e+00 0.000000e+00 1.000000e+00
    outer loop
      vertex   1.051215e+01 1.835182e+01 4.060000e+02
      vertex   1.071071e+00 2.135556e+01 4.060000e+02
      vertex   9.974247e+00 1.766247e+01 4.060000e+02
    endloop
  endfacet
  facet normal 0.000000e+00 0.000000e+00 1.000000e+00
    outer loop
      vertex   9.974247e+00 1.766247e+01 4.060000e+02
      vertex   1.071071e+00 2.135556e+01 4.060000e+02
      vertex   9.074944e-01 2.114038e+01 4.060000e+02
    endloop
  endfacet
  facet normal 0.000000e+00 0.000000e+00 1.000000e+00
    outer loop
      vertex   9.974247e+00 1.766247e+01 4.060000e+02
      vertex   9.074944e-01 2.114038e+01 4.060000e+02
      vertex   9.391223e+00 1.701084e+01 4.060000e+02
    endloop
  endfacet
  facet normal 0.000000e+00 0.000000e+00 1.000000e+00
    outer loop
      vertex   9.391223e+00 1.701084e+01 4.060000e+02
      vertex   9.074944e-01 2.114038e+01 4.060000e+02
      vertex   8.765714e+00 1.639988e+01 4.060000e+02
    endloop
  endfacet
  facet normal 0.000000e+00 0.000000e+00 1.000000e+00
    outer loop
      vertex   8.765714e+00 1.639988e+01 4.060000e+02
      vertex   9.074944e-01 2.114038e+01 4.060000e+02
      vertex   7.014838e-01 2.096539e+01 4.060000e+02
    endloop
  endfacet
  facet normal 0.000000e+00 0.000000e+00 1.000000e+00
    outer loop
      vertex   8.765714e+00 1.639988e+01 4.060000e+02
      vertex   7.014838e-01 2.096539e+01 4.060000e+02
      vertex   8.100550e+00 1.583235e+01 4.060000e+02
    endloop
  endfacet
  facet normal 0.000000e+00 0.000000e+00 1.000000e+00
    outer loop
      vertex   8.100550e+00 1.583235e+01 4.060000e+02
      vertex   7.014838e-01 2.096539e+01 4.060000e+02
      vertex   7.398740e+00 1.531082e+01 4.060000e+02
    endloop
  endfacet
  facet normal 0.000000e+00 0.000000e+00 1.000000e+00
    outer loop
      vertex   7.398740e+00 1.531082e+01 4.060000e+02
      vertex   7.014838e-01 2.096539e+01 4.060000e+02
      vertex   4.626727e-01 2.083878e+01 4.060000e+02
    endloop
  endfacet
  facet normal 0.000000e+00 0.000000e+00 1.000000e+00
    outer loop
      vertex   7.398740e+00 1.531082e+01 4.060000e+02
      vertex   4.626727e-01 2.083878e+01 4.060000e+02
      vertex   6.663460e+00 1.483764e+01 4.060000e+02
    endloop
  endfacet
  facet normal 0.000000e+00 0.000000e+00 1.000000e+00
    outer loop
      vertex   6.663460e+00 1.483764e+01 4.060000e+02
      vertex   4.626727e-01 2.083878e+01 4.060000e+02
      vertex   5.898034e+00 1.441496e+01 4.060000e+02
    endloop
  endfacet
  facet normal 0.000000e+00 0.000000e+00 1.000000e+00
    outer loop
      vertex   5.898034e+00 1.441496e+01 4.060000e+02
      vertex   4.626727e-01 2.083878e+01 4.060000e+02
      vertex   5.105926e+00 1.404469e+01 4.060000e+02
    endloop
  endfacet
  facet normal 0.000000e+00 0.000000e+00 1.000000e+00
    outer loop
      vertex   5.105926e+00 1.404469e+01 4.060000e+02
      vertex   4.626727e-01 2.083878e+01 4.060000e+02
      vertex   2.022275e-01 2.076647e+01 4.060000e+02
    endloop
  endfacet
  facet normal 0.000000e+00 0.000000e+00 1.000000e+00
    outer loop
      vertex   5.105926e+00 1.404469e+01 4.060000e+02
      vertex   2.022275e-01 2.076647e+01 4.060000e+02
      vertex   4.290720e+00 1.372850e+01 4.060000e+02
    endloop
  endfacet
  facet normal 0.000000e+00 0.000000e+00 1.000000e+00
    outer loop
      vertex   4.290720e+00 1.372850e+01 4.060000e+02
      vertex   2.022275e-01 2.076647e+01 4.060000e+02
      vertex   3.456104e+00 1.346783e+01 4.060000e+02
    endloop
  endfacet
  facet normal 0.000000e+00 0.000000e+00 1.000000e+00
    outer loop
      vertex   3.456104e+00 1.346783e+01 4.060000e+02
      vertex   2.022275e-01 2.076647e+01 4.060000e+02
      vertex   2.605852e+00 1.326385e+01 4.060000e+02
    endloop
  endfacet
  facet normal 0.000000e+00 0.000000e+00 1.000000e+00
    outer loop
      vertex   2.605852e+00 1.326385e+01 4.060000e+02
      vertex   2.022275e-01 2.076647e+01 4.060000e+02
      vertex   1.743812e+00 1.311749e+01 4.060000e+02
    endloop
  endfacet
  facet normal 0.000000e+00 0.000000e+00 1.000000e+00
    outer loop
      vertex   1.743812e+00 1.311749e+01 4.060000e+02
      vertex   2.022275e-01 2.076647e+01 4.060000e+02
      vertex   8.738824e-01 1.302941e+01 4.060000e+02
    endloop
  endfacet
  facet normal 0.000000e+00 0.000000e+00 1.000000e+00
    outer loop
      vertex   8.738824e-01 1.302941e+01 4.060000e+02
      vertex   2.022275e-01 2.076647e+01 4.060000e+02
      vertex   -6.767364e-02 2.075183e+01 4.060000e+02
    endloop
  endfacet
  facet normal 0.000000e+00 0.000000e+00 1.000000e+00
    outer loop
      vertex   8.738824e-01 1.302941e+01 4.060000e+02
      vertex   -6.767364e-02 2.075183e+01 4.060000e+02
      vertex   -4.249883e-13 1.300000e+01 4.060000e+02
    endloop
  endfacet
  facet normal 0.000000e+00 0.000000e+00 1.000000e+00
    outer loop
      vertex   -4.249883e-13 1.300000e+01 4.060000e+02
      vertex   -6.767364e-02 2.075183e+01 4.060000e+02
      vertex   -8.738824e-01 1.302941e+01 4.060000e+02
    endloop
  endfacet
  facet normal 0.000000e+00 -0.000000e+00 1.000000e+00
    outer loop
      vertex   -8.738824e-01 1.302941e+01 4.060000e+02
      vertex   -6.767364e-02 2.075183e+01 4.060000e+02
      vertex   -1.743812e+00 1.311749e+01 4.060000e+02
    endloop
  endfacet
  facet normal 0.000000e+00 -0.000000e+00 1.000000e+00
    outer loop
      vertex   -1.743812e+00 1.311749e+01 4.060000e+02
      vertex   -6.767364e-02 2.075183e+01 4.060000e+02
      vertex   -2.605852e+00 1.326385e+01 4.060000e+02
    endloop
  endfacet
  facet normal 0.000000e+00 -0.000000e+00 1.000000e+00
    outer loop
      vertex   -2.605852e+00 1.326385e+01 4.060000e+02
      vertex   -6.767364e-02 2.075183e+01 4.060000e+02
      vertex   -3.456104e+00 1.346783e+01 4.060000e+02
    endloop
  endfacet
  facet normal 0.000000e+00 0.000000e+00 1.000000e+00
    outer loop
      vertex   -3.456104e+00 1.346783e+01 4.060000e+02
      vertex   -6.767364e-02 2.075183e+01 4.060000e+02
      vertex   -3.344104e-01 2.079556e+01 4.060000e+02
    endloop
  endfacet
  facet normal 0.000000e+00 -0.000000e+00 1.000000e+00
    outer loop
      vertex   -3.456104e+00 1.346783e+01 4.060000e+02
      vertex   -3.344104e-01 2.079556e+01 4.060000e+02
      vertex   -4.290720e+00 1.372850e+01 4.060000e+02
    endloop
  endfacet
  facet normal 0.000000e+00 -0.000000e+00 1.000000e+00
    outer loop
      vertex   -4.290720e+00 1.372850e+01 4.060000e+02
      vertex   -3.344104e-01 2.079556e+01 4.060000e+02
      vertex   -5.105926e+00 1.404469e+01 4.060000e+02
    endloop
  endfacet
  facet normal 0.000000e+00 -0.000000e+00 1.000000e+00
    outer loop
      vertex   -5.105926e+00 1.404469e+01 4.060000e+02
      vertex   -3.344104e-01 2.079556e+01 4.060000e+02
      vertex   -5.898034e+00 1.441496e+01 4.060000e+02
    endloop
  endfacet
  facet normal 0.000000e+00 -0.000000e+00 1.000000e+00
    outer loop
      vertex   -5.898034e+00 1.441496e+01 4.060000e+02
      vertex   -3.344104e-01 2.079556e+01 4.060000e+02
      vertex   -6.663460e+00 1.483764e+01 4.060000e+02
    endloop
  endfacet
  facet normal 0.000000e+00 0.000000e+00 1.000000e+00
    outer loop
      vertex   -6.663460e+00 1.483764e+01 4.060000e+02
      vertex   -3.344104e-01 2.079556e+01 4.060000e+02
      vertex   -5.855106e-01 2.089561e+01 4.060000e+02
    endloop
  endfacet
  facet normal 0.000000e+00 -0.000000e+00 1.000000e+00
    outer loop
      vertex   -6.663460e+00 1.483764e+01 4.060000e+02
      vertex   -5.855106e-01 2.089561e+01 4.060000e+02
      vertex   -7.398740e+00 1.531082e+01 4.060000e+02
    endloop
  endfacet
  facet normal 0.000000e+00 -0.000000e+00 1.000000e+00
    outer loop
      vertex   -7.398740e+00 1.531082e+01 4.060000e+02
      vertex   -5.855106e-01 2.089561e+01 4.060000e+02
      vertex   -8.100550e+00 1.583235e+01 4.060000e+02
    endloop
  endfacet
  facet normal 0.000000e+00 0.000000e+00 1.000000e+00
    outer loop
      vertex   -8.100550e+00 1.583235e+01 4.060000e+02
      vertex   -5.855106e-01 2.089561e+01 4.060000e+02
      vertex   -8.092329e-01 2.104730e+01 4.060000e+02
    endloop
  endfacet
  facet normal 0.000000e+00 -0.000000e+00 1.000000e+00
    outer loop
      vertex   -8.100550e+00 1.583235e+01 4.060000e+02
      vertex   -8.092329e-01 2.104730e+01 4.060000e+02
      vertex   -8.765714e+00 1.639988e+01 4.060000e+02
    endloop
  endfacet
  facet normal 0.000000e+00 -0.000000e+00 1.000000e+00
    outer loop
      vertex   -8.765714e+00 1.639988e+01 4.060000e+02
      vertex   -8.092329e-01 2.104730e+01 4.060000e+02
      vertex   -9.391223e+00 1.701084e+01 4.060000e+02
    endloop
  endfacet
  facet normal 0.000000e+00 0.000000e+00 1.000000e+00
    outer loop
      vertex   -9.391223e+00 1.701084e+01 4.060000e+02
      vertex   -8.092329e-01 2.104730e+01 4.060000e+02
      vertex   -9.951163e-01 2.124353e+01 4.060000e+02
    endloop
  endfacet
  facet normal 0.000000e+00 -0.000000e+00 1.000000e+00
    outer loop
      vertex   -9.391223e+00 1.701084e+01 4.060000e+02
      vertex   -9.951163e-01 2.124353e+01 4.060000e+02
      vertex   -9.974247e+00 1.766247e+01 4.060000e+02
    endloop
  endfacet
  facet normal 0.000000e+00 -0.000000e+00 1.000000e+00
    outer loop
      vertex   -9.974247e+00 1.766247e+01 4.060000e+02
      vertex   -9.951163e-01 2.124353e+01 4.060000e+02
      vertex   -1.051215e+01 1.835182e+01 4.060000e+02
    endloop
  endfacet
  facet normal 0.000000e+00 0.000000e+00 1.000000e+00
    outer loop
      vertex   -1.051215e+01 1.835182e+01 4.060000e+02
      vertex   -9.951163e-01 2.124353e+01 4.060000e+02
      vertex   -1.134469e+00 2.147514e+01 4.060000e+02
    endloop
  endfacet
  facet normal 0.000000e+00 -0.000000e+00 1.000000e+00
    outer loop
      vertex   -1.051215e+01 1.835182e+01 4.060000e+02
      vertex   -1.134469e+00 2.147514e+01 4.060000e+02
      vertex   -1.100250e+01 1.907576e+01 4.060000e+02
    endloop
  endfacet
  facet normal 0.000000e+00 0.000000e+00 1.000000e+00
    outer loop
      vertex   -1.100250e+01 1.907576e+01 4.060000e+02
      vertex   -1.134469e+00 2.147514e+01 4.060000e+02
      vertex   -1.220776e+00 2.173129e+01 4.060000e+02
    endloop
  endfacet
  facet normal 0.000000e+00 -0.000000e+00 1.000000e+00
    outer loop
      vertex   1.325000e+01 2.600000e+01 4.060000e+02
      vertex   1.327980e+01 2.632156e+01 4.060000e+02
      vertex   1.189266e+00 2.939201e+01 4.060000e+02
    endloop
  endfacet
  facet normal 0.000000e+00 -0.000000e+00 1.000000e+00
    outer loop
      vertex   1.370673e+01 2.717897e+01 4.060000e+02
      vertex   1.394539e+01 2.739653e+01 4.060000e+02
      vertex   1.244739e+01 2.975000e+01 4.060000e+02
    endloop
  endfacet
  facet normal 0.000000e+00 0.000000e+00 1.000000e+00
    outer loop
      vertex   1.244739e+01 2.975000e+01 4.060000e+02
      vertex   1.394539e+01 2.739653e+01 4.060000e+02
      vertex   1.421996e+01 2.756654e+01 4.060000e+02
    endloop
  endfacet
  facet normal 0.000000e+00 0.000000e+00 1.000000e+00
    outer loop
      vertex   1.244739e+01 2.975000e+01 4.060000e+02
      vertex   1.421996e+01 2.756654e+01 4.060000e+02
      vertex   1.452109e+01 2.768320e+01 4.060000e+02
    endloop
  endfacet
  facet normal -0.000000e+00 0.000000e+00 1.000000e+00
    outer loop
      vertex   1.244739e+01 2.975000e+01 4.060000e+02
      vertex   1.452109e+01 2.768320e+01 4.060000e+02
      vertex   1.500000e+01 2.975000e+01 4.060000e+02
    endloop
  endfacet
  facet normal 0.000000e+00 0.000000e+00 1.000000e+00
    outer loop
      vertex   1.500000e+01 2.975000e+01 4.060000e+02
      vertex   1.452109e+01 2.768320e+01 4.060000e+02
      vertex   1.483853e+01 2.774254e+01 4.060000e+02
    endloop
  endfacet
  facet normal 0.000000e+00 0.000000e+00 1.000000e+00
    outer loop
      vertex   1.500000e+01 2.975000e+01 4.060000e+02
      vertex   1.483853e+01 2.774254e+01 4.060000e+02
      vertex   1.516147e+01 2.774254e+01 4.060000e+02
    endloop
  endfacet
  facet normal 0.000000e+00 -0.000000e+00 1.000000e+00
    outer loop
      vertex   1.547891e+01 2.768320e+01 4.060000e+02
      vertex   1.638047e+01 2.948666e+01 4.060000e+02
      vertex   1.516147e+01 2.774254e+01 4.060000e+02
    endloop
  endfacet
  facet normal 0.000000e+00 0.000000e+00 1.000000e+00
    outer loop
      vertex   1.516147e+01 2.774254e+01 4.060000e+02
      vertex   1.638047e+01 2.948666e+01 4.060000e+02
      vertex   1.593259e+01 2.963219e+01 4.060000e+02
    endloop
  endfacet
  facet normal 0.000000e+00 0.000000e+00 1.000000e+00
    outer loop
      vertex   1.516147e+01 2.774254e+01 4.060000e+02
      vertex   1.593259e+01 2.963219e+01 4.060000e+02
      vertex   1.547000e+01 2.972043e+01 4.060000e+02
    endloop
  endfacet
  facet normal 0.000000e+00 -0.000000e+00 1.000000e+00
    outer loop
      vertex   1.578004e+01 2.756654e+01 4.060000e+02
      vertex   1.720419e+01 2.903381e+01 4.060000e+02
      vertex   1.547891e+01 2.768320e+01 4.060000e+02
    endloop
  endfacet
  facet normal 0.000000e+00 0.000000e+00 1.000000e+00
    outer loop
      vertex   1.547891e+01 2.768320e+01 4.060000e+02
      vertex   1.720419e+01 2.903381e+01 4.060000e+02
      vertex   1.680658e+01 2.928615e+01 4.060000e+02
    endloop
  endfacet
  facet normal 0.000000e+00 0.000000e+00 1.000000e+00
    outer loop
      vertex   1.547891e+01 2.768320e+01 4.060000e+02
      vertex   1.680658e+01 2.928615e+01 4.060000e+02
      vertex   1.638047e+01 2.948666e+01 4.060000e+02
    endloop
  endfacet
  facet normal 0.000000e+00 0.000000e+00 1.000000e+00
    outer loop
      vertex   1.720419e+01 2.903381e+01 4.060000e+02
      vertex   1.578004e+01 2.756654e+01 4.060000e+02
      vertex   1.756705e+01 2.873363e+01 4.060000e+02
    endloop
  endfacet
  facet normal 0.000000e+00 0.000000e+00 1.000000e+00
    outer loop
      vertex   1.756705e+01 2.873363e+01 4.060000e+02
      vertex   1.578004e+01 2.756654e+01 4.060000e+02
      vertex   1.605461e+01 2.739653e+01 4.060000e+02
    endloop
  endfacet
  facet normal 0.000000e+00 0.000000e+00 1.000000e+00
    outer loop
      vertex   1.756705e+01 2.873363e+01 4.060000e+02
      vertex   1.605461e+01 2.739653e+01 4.060000e+02
      vertex   1.788942e+01 2.839034e+01 4.060000e+02
    endloop
  endfacet
  facet normal 0.000000e+00 0.000000e+00 1.000000e+00
    outer loop
      vertex   1.788942e+01 2.839034e+01 4.060000e+02
      vertex   1.605461e+01 2.739653e+01 4.060000e+02
      vertex   1.816623e+01 2.800935e+01 4.060000e+02
    endloop
  endfacet
  facet normal 0.000000e+00 0.000000e+00 1.000000e+00
    outer loop
      vertex   1.816623e+01 2.800935e+01 4.060000e+02
      vertex   1.605461e+01 2.739653e+01 4.060000e+02
      vertex   1.629327e+01 2.717897e+01 4.060000e+02
    endloop
  endfacet
  facet normal 0.000000e+00 0.000000e+00 1.000000e+00
    outer loop
      vertex   1.816623e+01 2.800935e+01 4.060000e+02
      vertex   1.629327e+01 2.717897e+01 4.060000e+02
      vertex   1.839310e+01 2.759667e+01 4.060000e+02
    endloop
  endfacet
  facet normal 0.000000e+00 0.000000e+00 1.000000e+00
    outer loop
      vertex   1.839310e+01 2.759667e+01 4.060000e+02
      vertex   1.629327e+01 2.717897e+01 4.060000e+02
      vertex   1.648788e+01 2.692126e+01 4.060000e+02
    endloop
  endfacet
  facet normal 0.000000e+00 0.000000e+00 1.000000e+00
    outer loop
      vertex   1.839310e+01 2.759667e+01 4.060000e+02
      vertex   1.648788e+01 2.692126e+01 4.060000e+02
      vertex   1.856646e+01 2.715881e+01 4.060000e+02
    endloop
  endfacet
  facet normal 0.000000e+00 0.000000e+00 1.000000e+00
    outer loop
      vertex   1.856646e+01 2.715881e+01 4.060000e+02
      vertex   1.648788e+01 2.692126e+01 4.060000e+02
      vertex   1.663183e+01 2.663217e+01 4.060000e+02
    endloop
  endfacet
  facet normal 0.000000e+00 0.000000e+00 1.000000e+00
    outer loop
      vertex   1.856646e+01 2.715881e+01 4.060000e+02
      vertex   1.663183e+01 2.663217e+01 4.060000e+02
      vertex   1.868358e+01 2.670268e+01 4.060000e+02
    endloop
  endfacet
  facet normal 0.000000e+00 0.000000e+00 1.000000e+00
    outer loop
      vertex   1.868358e+01 2.670268e+01 4.060000e+02
      vertex   1.663183e+01 2.663217e+01 4.060000e+02
      vertex   1.672020e+01 2.632156e+01 4.060000e+02
    endloop
  endfacet
  facet normal 0.000000e+00 0.000000e+00 1.000000e+00
    outer loop
      vertex   1.868358e+01 2.670268e+01 4.060000e+02
      vertex   1.672020e+01 2.632156e+01 4.060000e+02
      vertex   1.874260e+01 2.623546e+01 4.060000e+02
    endloop
  endfacet
  facet normal 0.000000e+00 0.000000e+00 1.000000e+00
    outer loop
      vertex   1.874260e+01 2.623546e+01 4.060000e+02
      vertex   1.672020e+01 2.632156e+01 4.060000e+02
      vertex   1.675000e+01 2.600000e+01 4.060000e+02
    endloop
  endfacet
  facet normal 0.000000e+00 0.000000e+00 1.000000e+00
    outer loop
      vertex   1.874260e+01 2.623546e+01 4.060000e+02
      vertex   1.675000e+01 2.600000e+01 4.060000e+02
      vertex   1.874260e+01 2.576454e+01 4.060000e+02
    endloop
  endfacet
  facet normal 0.000000e+00 0.000000e+00 1.000000e+00
    outer loop
      vertex   1.874260e+01 2.576454e+01 4.060000e+02
      vertex   1.675000e+01 2.600000e+01 4.060000e+02
      vertex   1.672020e+01 2.567844e+01 4.060000e+02
    endloop
  endfacet
  facet normal 0.000000e+00 0.000000e+00 1.000000e+00
    outer loop
      vertex   1.874260e+01 2.576454e+01 4.060000e+02
      vertex   1.672020e+01 2.567844e+01 4.060000e+02
      vertex   1.868358e+01 2.529732e+01 4.060000e+02
    endloop
  endfacet
  facet normal 0.000000e+00 0.000000e+00 1.000000e+00
    outer loop
      vertex   1.868358e+01 2.529732e+01 4.060000e+02
      vertex   1.672020e+01 2.567844e+01 4.060000e+02
      vertex   1.663183e+01 2.536783e+01 4.060000e+02
    endloop
  endfacet
  facet normal 0.000000e+00 0.000000e+00 1.000000e+00
    outer loop
      vertex   1.868358e+01 2.529732e+01 4.060000e+02
      vertex   1.663183e+01 2.536783e+01 4.060000e+02
      vertex   1.856646e+01 2.484119e+01 4.060000e+02
    endloop
  endfacet
  facet normal 0.000000e+00 0.000000e+00 1.000000e+00
    outer loop
      vertex   1.856646e+01 2.484119e+01 4.060000e+02
      vertex   1.663183e+01 2.536783e+01 4.060000e+02
      vertex   1.648788e+01 2.507874e+01 4.060000e+02
    endloop
  endfacet
  facet normal 0.000000e+00 0.000000e+00 1.000000e+00
    outer loop
      vertex   1.856646e+01 2.484119e+01 4.060000e+02
      vertex   1.648788e+01 2.507874e+01 4.060000e+02
      vertex   1.839310e+01 2.440333e+01 4.060000e+02
    endloop
  endfacet
  facet normal 0.000000e+00 0.000000e+00 1.000000e+00
    outer loop
      vertex   1.839310e+01 2.440333e+01 4.060000e+02
      vertex   1.648788e+01 2.507874e+01 4.060000e+02
      vertex   1.629327e+01 2.482103e+01 4.060000e+02
    endloop
  endfacet
  facet normal 0.000000e+00 0.000000e+00 1.000000e+00
    outer loop
      vertex   1.839310e+01 2.440333e+01 4.060000e+02
      vertex   1.629327e+01 2.482103e+01 4.060000e+02
      vertex   1.816623e+01 2.399065e+01 4.060000e+02
    endloop
  endfacet
  facet normal 0.000000e+00 0.000000e+00 1.000000e+00
    outer loop
      vertex   1.816623e+01 2.399065e+01 4.060000e+02
      vertex   1.629327e+01 2.482103e+01 4.060000e+02
      vertex   1.605461e+01 2.460347e+01 4.060000e+02
    endloop
  endfacet
  facet normal 0.000000e+00 0.000000e+00 1.000000e+00
    outer loop
      vertex   1.816623e+01 2.399065e+01 4.060000e+02
      vertex   1.605461e+01 2.460347e+01 4.060000e+02
      vertex   1.788942e+01 2.360966e+01 4.060000e+02
    endloop
  endfacet
  facet normal 0.000000e+00 0.000000e+00 1.000000e+00
    outer loop
      vertex   1.788942e+01 2.360966e+01 4.060000e+02
      vertex   1.605461e+01 2.460347e+01 4.060000e+02
      vertex   1.756705e+01 2.326637e+01 4.060000e+02
    endloop
  endfacet
  facet normal 0.000000e+00 0.000000e+00 1.000000e+00
    outer loop
      vertex   1.756705e+01 2.326637e+01 4.060000e+02
      vertex   1.605461e+01 2.460347e+01 4.060000e+02
      vertex   1.578004e+01 2.443346e+01 4.060000e+02
    endloop
  endfacet
  facet normal 0.000000e+00 0.000000e+00 1.000000e+00
    outer loop
      vertex   1.756705e+01 2.326637e+01 4.060000e+02
      vertex   1.578004e+01 2.443346e+01 4.060000e+02
      vertex   1.720419e+01 2.296619e+01 4.060000e+02
    endloop
  endfacet
  facet normal 0.000000e+00 0.000000e+00 1.000000e+00
    outer loop
      vertex   1.720419e+01 2.296619e+01 4.060000e+02
      vertex   1.578004e+01 2.443346e+01 4.060000e+02
      vertex   1.547891e+01 2.431681e+01 4.060000e+02
    endloop
  endfacet
  facet normal 0.000000e+00 0.000000e+00 1.000000e+00
    outer loop
      vertex   1.720419e+01 2.296619e+01 4.060000e+02
      vertex   1.547891e+01 2.431681e+01 4.060000e+02
      vertex   1.680658e+01 2.271385e+01 4.060000e+02
    endloop
  endfacet
  facet normal 0.000000e+00 0.000000e+00 1.000000e+00
    outer loop
      vertex   1.680658e+01 2.271385e+01 4.060000e+02
      vertex   1.547891e+01 2.431681e+01 4.060000e+02
      vertex   1.638047e+01 2.251334e+01 4.060000e+02
    endloop
  endfacet
  facet normal 0.000000e+00 0.000000e+00 1.000000e+00
    outer loop
      vertex   1.638047e+01 2.251334e+01 4.060000e+02
      vertex   1.547891e+01 2.431681e+01 4.060000e+02
      vertex   1.516147e+01 2.425747e+01 4.060000e+02
    endloop
  endfacet
  facet normal 0.000000e+00 0.000000e+00 1.000000e+00
    outer loop
      vertex   1.638047e+01 2.251334e+01 4.060000e+02
      vertex   1.516147e+01 2.425747e+01 4.060000e+02
      vertex   1.593259e+01 2.236781e+01 4.060000e+02
    endloop
  endfacet
  facet normal 0.000000e+00 0.000000e+00 1.000000e+00
    outer loop
      vertex   -1.593259e+01 2.963219e+01 4.060000e+02
      vertex   -1.638047e+01 2.948666e+01 4.060000e+02
      vertex   -1.516147e+01 2.774254e+01 4.060000e+02
    endloop
  endfacet
  facet normal 0.000000e+00 0.000000e+00 1.000000e+00
    outer loop
      vertex   -1.516147e+01 2.774254e+01 4.060000e+02
      vertex   -1.638047e+01 2.948666e+01 4.060000e+02
      vertex   -1.547891e+01 2.768320e+01 4.060000e+02
    endloop
  endfacet
  facet normal 0.000000e+00 0.000000e+00 1.000000e+00
    outer loop
      vertex   -1.547891e+01 2.768320e+01 4.060000e+02
      vertex   -1.638047e+01 2.948666e+01 4.060000e+02
      vertex   -1.680658e+01 2.928615e+01 4.060000e+02
    endloop
  endfacet
  facet normal 0.000000e+00 0.000000e+00 1.000000e+00
    outer loop
      vertex   -1.547891e+01 2.768320e+01 4.060000e+02
      vertex   -1.680658e+01 2.928615e+01 4.060000e+02
      vertex   -1.720419e+01 2.903381e+01 4.060000e+02
    endloop
  endfacet
  facet normal 0.000000e+00 0.000000e+00 1.000000e+00
    outer loop
      vertex   -1.547891e+01 2.768320e+01 4.060000e+02
      vertex   -1.720419e+01 2.903381e+01 4.060000e+02
      vertex   -1.578004e+01 2.756654e+01 4.060000e+02
    endloop
  endfacet
  facet normal 0.000000e+00 0.000000e+00 1.000000e+00
    outer loop
      vertex   -1.578004e+01 2.756654e+01 4.060000e+02
      vertex   -1.720419e+01 2.903381e+01 4.060000e+02
      vertex   -1.756705e+01 2.873363e+01 4.060000e+02
    endloop
  endfacet
  facet normal 0.000000e+00 0.000000e+00 1.000000e+00
    outer loop
      vertex   -1.578004e+01 2.756654e+01 4.060000e+02
      vertex   -1.756705e+01 2.873363e+01 4.060000e+02
      vertex   -1.605461e+01 2.739653e+01 4.060000e+02
    endloop
  endfacet
  facet normal 0.000000e+00 0.000000e+00 1.000000e+00
    outer loop
      vertex   -1.605461e+01 2.739653e+01 4.060000e+02
      vertex   -1.756705e+01 2.873363e+01 4.060000e+02
      vertex   -1.788942e+01 2.839034e+01 4.060000e+02
    endloop
  endfacet
  facet normal 0.000000e+00 0.000000e+00 1.000000e+00
    outer loop
      vertex   -1.605461e+01 2.739653e+01 4.060000e+02
      vertex   -1.788942e+01 2.839034e+01 4.060000e+02
      vertex   -1.816623e+01 2.800935e+01 4.060000e+02
    endloop
  endfacet
  facet normal 0.000000e+00 0.000000e+00 1.000000e+00
    outer loop
      vertex   -1.605461e+01 2.739653e+01 4.060000e+02
      vertex   -1.816623e+01 2.800935e+01 4.060000e+02
      vertex   -1.629327e+01 2.717897e+01 4.060000e+02
    endloop
  endfacet
  facet normal 0.000000e+00 0.000000e+00 1.000000e+00
    outer loop
      vertex   -1.629327e+01 2.717897e+01 4.060000e+02
      vertex   -1.816623e+01 2.800935e+01 4.060000e+02
      vertex   -1.839310e+01 2.759667e+01 4.060000e+02
    endloop
  endfacet
  facet normal 0.000000e+00 0.000000e+00 1.000000e+00
    outer loop
      vertex   -1.629327e+01 2.717897e+01 4.060000e+02
      vertex   -1.839310e+01 2.759667e+01 4.060000e+02
      vertex   -1.648788e+01 2.692126e+01 4.060000e+02
    endloop
  endfacet
  facet normal 0.000000e+00 0.000000e+00 1.000000e+00
    outer loop
      vertex   -1.648788e+01 2.692126e+01 4.060000e+02
      vertex   -1.839310e+01 2.759667e+01 4.060000e+02
      vertex   -1.856646e+01 2.715881e+01 4.060000e+02
    endloop
  endfacet
  facet normal 0.000000e+00 0.000000e+00 1.000000e+00
    outer loop
      vertex   -1.648788e+01 2.692126e+01 4.060000e+02
      vertex   -1.856646e+01 2.715881e+01 4.060000e+02
      vertex   -1.663183e+01 2.663217e+01 4.060000e+02
    endloop
  endfacet
  facet normal 0.000000e+00 0.000000e+00 1.000000e+00
    outer loop
      vertex   -1.663183e+01 2.663217e+01 4.060000e+02
      vertex   -1.856646e+01 2.715881e+01 4.060000e+02
      vertex   -1.868358e+01 2.670268e+01 4.060000e+02
    endloop
  endfacet
  facet normal 0.000000e+00 0.000000e+00 1.000000e+00
    outer loop
      vertex   -1.663183e+01 2.663217e+01 4.060000e+02
      vertex   -1.868358e+01 2.670268e+01 4.060000e+02
      vertex   -1.672020e+01 2.632156e+01 4.060000e+02
    endloop
  endfacet
  facet normal 0.000000e+00 0.000000e+00 1.000000e+00
    outer loop
      vertex   -1.672020e+01 2.632156e+01 4.060000e+02
      vertex   -1.868358e+01 2.670268e+01 4.060000e+02
      vertex   -1.874260e+01 2.623546e+01 4.060000e+02
    endloop
  endfacet
  facet normal 0.000000e+00 0.000000e+00 1.000000e+00
    outer loop
      vertex   -1.672020e+01 2.632156e+01 4.060000e+02
      vertex   -1.874260e+01 2.623546e+01 4.060000e+02
      vertex   -1.675000e+01 2.600000e+01 4.060000e+02
    endloop
  endfacet
  facet normal 0.000000e+00 0.000000e+00 1.000000e+00
    outer loop
      vertex   -1.675000e+01 2.600000e+01 4.060000e+02
      vertex   -1.874260e+01 2.623546e+01 4.060000e+02
      vertex   -1.874260e+01 2.576454e+01 4.060000e+02
    endloop
  endfacet
  facet normal 0.000000e+00 0.000000e+00 1.000000e+00
    outer loop
      vertex   -1.675000e+01 2.600000e+01 4.060000e+02
      vertex   -1.874260e+01 2.576454e+01 4.060000e+02
      vertex   -1.672020e+01 2.567844e+01 4.060000e+02
    endloop
  endfacet
  facet normal 0.000000e+00 0.000000e+00 1.000000e+00
    outer loop
      vertex   -1.672020e+01 2.567844e+01 4.060000e+02
      vertex   -1.874260e+01 2.576454e+01 4.060000e+02
      vertex   -1.868358e+01 2.529732e+01 4.060000e+02
    endloop
  endfacet
  facet normal 0.000000e+00 0.000000e+00 1.000000e+00
    outer loop
      vertex   -1.672020e+01 2.567844e+01 4.060000e+02
      vertex   -1.868358e+01 2.529732e+01 4.060000e+02
      vertex   -1.663183e+01 2.536783e+01 4.060000e+02
    endloop
  endfacet
  facet normal 0.000000e+00 0.000000e+00 1.000000e+00
    outer loop
      vertex   -1.663183e+01 2.536783e+01 4.060000e+02
      vertex   -1.868358e+01 2.529732e+01 4.060000e+02
      vertex   -1.856646e+01 2.484119e+01 4.060000e+02
    endloop
  endfacet
  facet normal 0.000000e+00 0.000000e+00 1.000000e+00
    outer loop
      vertex   -1.663183e+01 2.536783e+01 4.060000e+02
      vertex   -1.856646e+01 2.484119e+01 4.060000e+02
      vertex   -1.648788e+01 2.507874e+01 4.060000e+02
    endloop
  endfacet
  facet normal 0.000000e+00 0.000000e+00 1.000000e+00
    outer loop
      vertex   -1.648788e+01 2.507874e+01 4.060000e+02
      vertex   -1.856646e+01 2.484119e+01 4.060000e+02
      vertex   -1.839310e+01 2.440333e+01 4.060000e+02
    endloop
  endfacet
  facet normal 0.000000e+00 0.000000e+00 1.000000e+00
    outer loop
      vertex   -1.648788e+01 2.507874e+01 4.060000e+02
      vertex   -1.839310e+01 2.440333e+01 4.060000e+02
      vertex   -1.629327e+01 2.482103e+01 4.060000e+02
    endloop
  endfacet
  facet normal 0.000000e+00 0.000000e+00 1.000000e+00
    outer loop
      vertex   -1.629327e+01 2.482103e+01 4.060000e+02
      vertex   -1.839310e+01 2.440333e+01 4.060000e+02
      vertex   -1.816623e+01 2.399065e+01 4.060000e+02
    endloop
  endfacet
  facet normal 0.000000e+00 0.000000e+00 1.000000e+00
    outer loop
      vertex   -1.629327e+01 2.482103e+01 4.060000e+02
      vertex   -1.816623e+01 2.399065e+01 4.060000e+02
      vertex   -1.605461e+01 2.460347e+01 4.060000e+02
    endloop
  endfacet
  facet normal 0.000000e+00 0.000000e+00 1.000000e+00
    outer loop
      vertex   -1.605461e+01 2.460347e+01 4.060000e+02
      vertex   -1.816623e+01 2.399065e+01 4.060000e+02
      vertex   -1.788942e+01 2.360966e+01 4.060000e+02
    endloop
  endfacet
  facet normal 0.000000e+00 0.000000e+00 1.000000e+00
    outer loop
      vertex   -1.605461e+01 2.460347e+01 4.060000e+02
      vertex   -1.788942e+01 2.360966e+01 4.060000e+02
      vertex   -1.756705e+01 2.326637e+01 4.060000e+02
    endloop
  endfacet
  facet normal 0.000000e+00 0.000000e+00 1.000000e+00
    outer loop
      vertex   -1.605461e+01 2.460347e+01 4.060000e+02
      vertex   -1.756705e+01 2.326637e+01 4.060000e+02
      vertex   -1.578004e+01 2.443346e+01 4.060000e+02
    endloop
  endfacet
  facet normal 0.000000e+00 0.000000e+00 1.000000e+00
    outer loop
      vertex   -1.578004e+01 2.443346e+01 4.060000e+02
      vertex   -1.756705e+01 2.326637e+01 4.060000e+02
      vertex   -1.720419e+01 2.296619e+01 4.060000e+02
    endloop
  endfacet
  facet normal 0.000000e+00 0.000000e+00 1.000000e+00
    outer loop
      vertex   -1.578004e+01 2.443346e+01 4.060000e+02
      vertex   -1.720419e+01 2.296619e+01 4.060000e+02
      vertex   -1.547891e+01 2.431681e+01 4.060000e+02
    endloop
  endfacet
  facet normal 0.000000e+00 0.000000e+00 1.000000e+00
    outer loop
      vertex   -1.547891e+01 2.431681e+01 4.060000e+02
      vertex   -1.720419e+01 2.296619e+01 4.060000e+02
      vertex   -1.680658e+01 2.271385e+01 4.060000e+02
    endloop
  endfacet
  facet normal 0.000000e+00 0.000000e+00 1.000000e+00
    outer loop
      vertex   -1.547891e+01 2.431681e+01 4.060000e+02
      vertex   -1.680658e+01 2.271385e+01 4.060000e+02
      vertex   -1.638047e+01 2.251334e+01 4.060000e+02
    endloop
  endfacet
  facet normal 0.000000e+00 0.000000e+00 1.000000e+00
    outer loop
      vertex   -1.547891e+01 2.431681e+01 4.060000e+02
      vertex   -1.638047e+01 2.251334e+01 4.060000e+02
      vertex   -1.516147e+01 2.425747e+01 4.060000e+02
    endloop
  endfacet
  facet normal 0.000000e+00 0.000000e+00 1.000000e+00
    outer loop
      vertex   -1.516147e+01 2.425747e+01 4.060000e+02
      vertex   -1.638047e+01 2.251334e+01 4.060000e+02
      vertex   -1.593259e+01 2.236781e+01 4.060000e+02
    endloop
  endfacet
  facet normal 0.000000e+00 0.000000e+00 1.000000e+00
    outer loop
      vertex   -1.516147e+01 2.425747e+01 4.060000e+02
      vertex   -1.593259e+01 2.236781e+01 4.060000e+02
      vertex   -1.547000e+01 2.227957e+01 4.060000e+02
    endloop
  endfacet
  facet normal -0.000000e+00 0.000000e+00 1.000000e+00
    outer loop
      vertex   -1.547000e+01 2.227957e+01 4.060000e+02
      vertex   -1.500000e+01 2.225000e+01 4.060000e+02
      vertex   -1.516147e+01 2.425747e+01 4.060000e+02
    endloop
  endfacet
  facet normal -0.000000e+00 0.000000e+00 1.000000e+00
    outer loop
      vertex   -1.516147e+01 2.425747e+01 4.060000e+02
      vertex   -1.500000e+01 2.225000e+01 4.060000e+02
      vertex   -1.483853e+01 2.425747e+01 4.060000e+02
    endloop
  endfacet
  facet normal -0.000000e+00 0.000000e+00 1.000000e+00
    outer loop
      vertex   -1.483853e+01 2.425747e+01 4.060000e+02
      vertex   -1.500000e+01 2.225000e+01 4.060000e+02
      vertex   -1.452109e+01 2.431681e+01 4.060000e+02
    endloop
  endfacet
  facet normal 0.000000e+00 0.000000e+00 1.000000e+00
    outer loop
      vertex   -1.452109e+01 2.431681e+01 4.060000e+02
      vertex   -1.500000e+01 2.225000e+01 4.060000e+02
      vertex   -1.244739e+01 2.225000e+01 4.060000e+02
    endloop
  endfacet
  facet normal -0.000000e+00 0.000000e+00 1.000000e+00
    outer loop
      vertex   -1.452109e+01 2.431681e+01 4.060000e+02
      vertex   -1.244739e+01 2.225000e+01 4.060000e+02
      vertex   -1.421996e+01 2.443346e+01 4.060000e+02
    endloop
  endfacet
  facet normal -0.000000e+00 0.000000e+00 1.000000e+00
    outer loop
      vertex   -1.421996e+01 2.443346e+01 4.060000e+02
      vertex   -1.244739e+01 2.225000e+01 4.060000e+02
      vertex   -1.394539e+01 2.460347e+01 4.060000e+02
    endloop
  endfacet
  facet normal -0.000000e+00 0.000000e+00 1.000000e+00
    outer loop
      vertex   -1.394539e+01 2.460347e+01 4.060000e+02
      vertex   -1.244739e+01 2.225000e+01 4.060000e+02
      vertex   -1.370673e+01 2.482103e+01 4.060000e+02
    endloop
  endfacet
  facet normal 0.000000e+00 0.000000e+00 1.000000e+00
    outer loop
      vertex   1.547000e+01 2.972043e+01 4.060000e+02
      vertex   1.500000e+01 2.975000e+01 4.060000e+02
      vertex   1.516147e+01 2.774254e+01 4.060000e+02
    endloop
  endfacet
  facet normal 0.000000e+00 0.000000e+00 -1.000000e+00
    outer loop
      vertex   -1.971232e+00 3.066200e+01 4.000000e+02
      vertex   -6.298719e+00 3.242854e+01 4.000000e+02
      vertex   -2.000000e+00 3.100000e+01 4.000000e+02
    endloop
  endfacet
  facet normal 0.000000e+00 0.000000e+00 -1.000000e+00
    outer loop
      vertex   -2.000000e+00 3.100000e+01 4.000000e+02
      vertex   -6.298719e+00 3.242854e+01 4.000000e+02
      vertex   -5.753775e+00 3.292056e+01 4.000000e+02
    endloop
  endfacet
  facet normal 0.000000e+00 0.000000e+00 -1.000000e+00
    outer loop
      vertex   -2.000000e+00 3.100000e+01 4.000000e+02
      vertex   -5.753775e+00 3.292056e+01 4.000000e+02
      vertex   -1.971232e+00 3.133800e+01 4.000000e+02
    endloop
  endfacet
  facet normal 0.000000e+00 0.000000e+00 -1.000000e+00
    outer loop
      vertex   -1.971232e+00 3.133800e+01 4.000000e+02
      vertex   -5.753775e+00 3.292056e+01 4.000000e+02
      vertex   -5.170540e+00 3.336651e+01 4.000000e+02
    endloop
  endfacet
  facet normal 0.000000e+00 0.000000e+00 -1.000000e+00
    outer loop
      vertex   -1.971232e+00 3.133800e+01 4.000000e+02
      vertex   -5.170540e+00 3.336651e+01 4.000000e+02
      vertex   -4.552896e+00 3.376345e+01 4.000000e+02
    endloop
  endfacet
  facet normal 0.000000e+00 0.000000e+00 -1.000000e+00
    outer loop
      vertex   -1.885755e+00 3.033372e+01 4.000000e+02
      vertex   -7.259509e+00 3.131973e+01 4.000000e+02
      vertex   -1.971232e+00 3.066200e+01 4.000000e+02
    endloop
  endfacet
  facet normal 0.000000e+00 0.000000e+00 -1.000000e+00
    outer loop
      vertex   -1.971232e+00 3.066200e+01 4.000000e+02
      vertex   -7.259509e+00 3.131973e+01 4.000000e+02
      vertex   -6.801746e+00 3.189375e+01 4.000000e+02
    endloop
  endfacet
  facet normal 0.000000e+00 0.000000e+00 -1.000000e+00
    outer loop
      vertex   -1.971232e+00 3.066200e+01 4.000000e+02
      vertex   -6.801746e+00 3.189375e+01 4.000000e+02
      vertex   -6.298719e+00 3.242854e+01 4.000000e+02
    endloop
  endfacet
  facet normal 0.000000e+00 -0.000000e+00 -1.000000e+00
    outer loop
      vertex   -7.259509e+00 3.131973e+01 4.000000e+02
      vertex   -1.885755e+00 3.033372e+01 4.000000e+02
      vertex   -7.668961e+00 3.071031e+01 4.000000e+02
    endloop
  endfacet
  facet normal 0.000000e+00 0.000000e+00 -1.000000e+00
    outer loop
      vertex   -7.668961e+00 3.071031e+01 4.000000e+02
      vertex   -1.885755e+00 3.033372e+01 4.000000e+02
      vertex   -1.746028e+00 3.002461e+01 4.000000e+02
    endloop
  endfacet
  facet normal 0.000000e+00 -0.000000e+00 -1.000000e+00
    outer loop
      vertex   -7.668961e+00 3.071031e+01 4.000000e+02
      vertex   -1.746028e+00 3.002461e+01 4.000000e+02
      vertex   -8.027377e+00 3.006955e+01 4.000000e+02
    endloop
  endfacet
  facet normal 0.000000e+00 -0.000000e+00 -1.000000e+00
    outer loop
      vertex   -8.027377e+00 3.006955e+01 4.000000e+02
      vertex   -1.746028e+00 3.002461e+01 4.000000e+02
      vertex   -8.332373e+00 2.940170e+01 4.000000e+02
    endloop
  endfacet
  facet normal 0.000000e+00 -0.000000e+00 -1.000000e+00
    outer loop
      vertex   -8.332373e+00 2.940170e+01 4.000000e+02
      vertex   -1.746028e+00 3.002461e+01 4.000000e+02
      vertex   -8.581918e+00 2.871122e+01 4.000000e+02
    endloop
  endfacet
  facet normal 0.000000e+00 0.000000e+00 -1.000000e+00
    outer loop
      vertex   -8.581918e+00 2.871122e+01 4.000000e+02
      vertex   -1.746028e+00 3.002461e+01 4.000000e+02
      vertex   -1.556072e+00 2.974356e+01 4.000000e+02
    endloop
  endfacet
  facet normal 0.000000e+00 -0.000000e+00 -1.000000e+00
    outer loop
      vertex   -8.581918e+00 2.871122e+01 4.000000e+02
      vertex   -1.556072e+00 2.974356e+01 4.000000e+02
      vertex   -8.774351e+00 2.800269e+01 4.000000e+02
    endloop
  endfacet
  facet normal 0.000000e+00 -0.000000e+00 -1.000000e+00
    outer loop
      vertex   -8.774351e+00 2.800269e+01 4.000000e+02
      vertex   -1.556072e+00 2.974356e+01 4.000000e+02
      vertex   -8.908393e+00 2.728083e+01 4.000000e+02
    endloop
  endfacet
  facet normal 0.000000e+00 0.000000e+00 -1.000000e+00
    outer loop
      vertex   -8.908393e+00 2.728083e+01 4.000000e+02
      vertex   -1.556072e+00 2.974356e+01 4.000000e+02
      vertex   -1.321349e+00 2.949866e+01 4.000000e+02
    endloop
  endfacet
  facet normal 0.000000e+00 -0.000000e+00 -1.000000e+00
    outer loop
      vertex   -8.908393e+00 2.728083e+01 4.000000e+02
      vertex   -1.321349e+00 2.949866e+01 4.000000e+02
      vertex   -8.983151e+00 2.655046e+01 4.000000e+02
    endloop
  endfacet
  facet normal 0.000000e+00 -0.000000e+00 -1.000000e+00
    outer loop
      vertex   -8.983151e+00 2.655046e+01 4.000000e+02
      vertex   -1.321349e+00 2.949866e+01 4.000000e+02
      vertex   -8.998127e+00 2.581641e+01 4.000000e+02
    endloop
  endfacet
  facet normal 0.000000e+00 0.000000e+00 -1.000000e+00
    outer loop
      vertex   -8.998127e+00 2.581641e+01 4.000000e+02
      vertex   -1.321349e+00 2.949866e+01 4.000000e+02
      vertex   -9.951163e-01 2.275647e+01 4.000000e+02
    endloop
  endfacet
  facet normal 0.000000e+00 0.000000e+00 -1.000000e+00
    outer loop
      vertex   -8.998127e+00 2.581641e+01 4.000000e+02
      vertex   -9.951163e-01 2.275647e+01 4.000000e+02
      vertex   -8.953223e+00 2.508359e+01 4.000000e+02
    endloop
  endfacet
  facet normal 0.000000e+00 0.000000e+00 -1.000000e+00
    outer loop
      vertex   -8.953223e+00 2.508359e+01 4.000000e+02
      vertex   -9.951163e-01 2.275647e+01 4.000000e+02
      vertex   -8.848736e+00 2.435687e+01 4.000000e+02
    endloop
  endfacet
  facet normal 0.000000e+00 0.000000e+00 -1.000000e+00
    outer loop
      vertex   -8.848736e+00 2.435687e+01 4.000000e+02
      vertex   -9.951163e-01 2.275647e+01 4.000000e+02
      vertex   -8.685362e+00 2.364109e+01 4.000000e+02
    endloop
  endfacet
  facet normal 0.000000e+00 0.000000e+00 -1.000000e+00
    outer loop
      vertex   -8.685362e+00 2.364109e+01 4.000000e+02
      vertex   -9.951163e-01 2.275647e+01 4.000000e+02
      vertex   -1.134469e+00 2.252486e+01 4.000000e+02
    endloop
  endfacet
  facet normal 0.000000e+00 0.000000e+00 -1.000000e+00
    outer loop
      vertex   -8.685362e+00 2.364109e+01 4.000000e+02
      vertex   -1.134469e+00 2.252486e+01 4.000000e+02
      vertex   -8.464189e+00 2.294100e+01 4.000000e+02
    endloop
  endfacet
  facet normal 0.000000e+00 0.000000e+00 -1.000000e+00
    outer loop
      vertex   -8.464189e+00 2.294100e+01 4.000000e+02
      vertex   -1.134469e+00 2.252486e+01 4.000000e+02
      vertex   -8.186688e+00 2.226127e+01 4.000000e+02
    endloop
  endfacet
  facet normal 0.000000e+00 0.000000e+00 -1.000000e+00
    outer loop
      vertex   -8.186688e+00 2.226127e+01 4.000000e+02
      vertex   -1.134469e+00 2.252486e+01 4.000000e+02
      vertex   -7.854706e+00 2.160641e+01 4.000000e+02
    endloop
  endfacet
  facet normal 0.000000e+00 0.000000e+00 -1.000000e+00
    outer loop
      vertex   -7.854706e+00 2.160641e+01 4.000000e+02
      vertex   -1.134469e+00 2.252486e+01 4.000000e+02
      vertex   -1.220776e+00 2.226871e+01 4.000000e+02
    endloop
  endfacet
  facet normal 0.000000e+00 0.000000e+00 -1.000000e+00
    outer loop
      vertex   -7.854706e+00 2.160641e+01 4.000000e+02
      vertex   -1.220776e+00 2.226871e+01 4.000000e+02
      vertex   -7.470452e+00 2.098080e+01 4.000000e+02
    endloop
  endfacet
  facet normal 0.000000e+00 0.000000e+00 -1.000000e+00
    outer loop
      vertex   -7.470452e+00 2.098080e+01 4.000000e+02
      vertex   -1.220776e+00 2.226871e+01 4.000000e+02
      vertex   -7.036483e+00 2.038859e+01 4.000000e+02
    endloop
  endfacet
  facet normal 0.000000e+00 0.000000e+00 -1.000000e+00
    outer loop
      vertex   -7.036483e+00 2.038859e+01 4.000000e+02
      vertex   -1.220776e+00 2.226871e+01 4.000000e+02
      vertex   -1.250000e+00 2.200000e+01 4.000000e+02
    endloop
  endfacet
  facet normal 0.000000e+00 0.000000e+00 -1.000000e+00
    outer loop
      vertex   -7.036483e+00 2.038859e+01 4.000000e+02
      vertex   -1.250000e+00 2.200000e+01 4.000000e+02
      vertex   -6.555688e+00 1.983372e+01 4.000000e+02
    endloop
  endfacet
  facet normal 0.000000e+00 0.000000e+00 -1.000000e+00
    outer loop
      vertex   -6.555688e+00 1.983372e+01 4.000000e+02
      vertex   -1.250000e+00 2.200000e+01 4.000000e+02
      vertex   -6.031266e+00 1.931989e+01 4.000000e+02
    endloop
  endfacet
  facet normal 0.000000e+00 0.000000e+00 -1.000000e+00
    outer loop
      vertex   -6.031266e+00 1.931989e+01 4.000000e+02
      vertex   -1.250000e+00 2.200000e+01 4.000000e+02
      vertex   -1.220776e+00 2.173129e+01 4.000000e+02
    endloop
  endfacet
  facet normal 0.000000e+00 0.000000e+00 -1.000000e+00
    outer loop
      vertex   -6.031266e+00 1.931989e+01 4.000000e+02
      vertex   -1.220776e+00 2.173129e+01 4.000000e+02
      vertex   -5.466707e+00 1.885052e+01 4.000000e+02
    endloop
  endfacet
  facet normal 0.000000e+00 0.000000e+00 -1.000000e+00
    outer loop
      vertex   -5.466707e+00 1.885052e+01 4.000000e+02
      vertex   -1.220776e+00 2.173129e+01 4.000000e+02
      vertex   -4.865767e+00 1.842872e+01 4.000000e+02
    endloop
  endfacet
  facet normal 0.000000e+00 0.000000e+00 -1.000000e+00
    outer loop
      vertex   -4.865767e+00 1.842872e+01 4.000000e+02
      vertex   -1.220776e+00 2.173129e+01 4.000000e+02
      vertex   -1.134469e+00 2.147514e+01 4.000000e+02
    endloop
  endfacet
  facet normal 0.000000e+00 0.000000e+00 -1.000000e+00
    outer loop
      vertex   -4.865767e+00 1.842872e+01 4.000000e+02
      vertex   -1.134469e+00 2.147514e+01 4.000000e+02
      vertex   -4.232447e+00 1.805731e+01 4.000000e+02
    endloop
  endfacet
  facet normal 0.000000e+00 0.000000e+00 -1.000000e+00
    outer loop
      vertex   -4.232447e+00 1.805731e+01 4.000000e+02
      vertex   -1.134469e+00 2.147514e+01 4.000000e+02
      vertex   -9.951163e-01 2.124353e+01 4.000000e+02
    endloop
  endfacet
  facet normal 0.000000e+00 0.000000e+00 -1.000000e+00
    outer loop
      vertex   -4.232447e+00 1.805731e+01 4.000000e+02
      vertex   -9.951163e-01 2.124353e+01 4.000000e+02
      vertex   -3.570961e+00 1.773875e+01 4.000000e+02
    endloop
  endfacet
  facet normal 0.000000e+00 0.000000e+00 -1.000000e+00
    outer loop
      vertex   -3.570961e+00 1.773875e+01 4.000000e+02
      vertex   -9.951163e-01 2.124353e+01 4.000000e+02
      vertex   -8.092329e-01 2.104730e+01 4.000000e+02
    endloop
  endfacet
  facet normal 0.000000e+00 0.000000e+00 -1.000000e+00
    outer loop
      vertex   -3.570961e+00 1.773875e+01 4.000000e+02
      vertex   -8.092329e-01 2.104730e+01 4.000000e+02
      vertex   -2.885710e+00 1.747517e+01 4.000000e+02
    endloop
  endfacet
  facet normal 0.000000e+00 0.000000e+00 -1.000000e+00
    outer loop
      vertex   -2.885710e+00 1.747517e+01 4.000000e+02
      vertex   -8.092329e-01 2.104730e+01 4.000000e+02
      vertex   -2.181256e+00 1.726833e+01 4.000000e+02
    endloop
  endfacet
  facet normal 0.000000e+00 0.000000e+00 -1.000000e+00
    outer loop
      vertex   -2.181256e+00 1.726833e+01 4.000000e+02
      vertex   -8.092329e-01 2.104730e+01 4.000000e+02
      vertex   -5.855106e-01 2.089561e+01 4.000000e+02
    endloop
  endfacet
  facet normal 0.000000e+00 0.000000e+00 -1.000000e+00
    outer loop
      vertex   -2.181256e+00 1.726833e+01 4.000000e+02
      vertex   -5.855106e-01 2.089561e+01 4.000000e+02
      vertex   -1.462285e+00 1.711959e+01 4.000000e+02
    endloop
  endfacet
  facet normal 0.000000e+00 0.000000e+00 -1.000000e+00
    outer loop
      vertex   -1.462285e+00 1.711959e+01 4.000000e+02
      vertex   -5.855106e-01 2.089561e+01 4.000000e+02
      vertex   -3.344104e-01 2.079556e+01 4.000000e+02
    endloop
  endfacet
  facet normal 0.000000e+00 0.000000e+00 -1.000000e+00
    outer loop
      vertex   -1.462285e+00 1.711959e+01 4.000000e+02
      vertex   -3.344104e-01 2.079556e+01 4.000000e+02
      vertex   -7.335836e-01 1.702995e+01 4.000000e+02
    endloop
  endfacet
  facet normal 0.000000e+00 0.000000e+00 -1.000000e+00
    outer loop
      vertex   -7.335836e-01 1.702995e+01 4.000000e+02
      vertex   -3.344104e-01 2.079556e+01 4.000000e+02
      vertex   -6.767364e-02 2.075183e+01 4.000000e+02
    endloop
  endfacet
  facet normal 0.000000e+00 0.000000e+00 -1.000000e+00
    outer loop
      vertex   -7.335836e-01 1.702995e+01 4.000000e+02
      vertex   -6.767364e-02 2.075183e+01 4.000000e+02
      vertex   -1.942890e-15 1.700000e+01 4.000000e+02
    endloop
  endfacet
  facet normal 0.000000e+00 0.000000e+00 -1.000000e+00
    outer loop
      vertex   -1.942890e-15 1.700000e+01 4.000000e+02
      vertex   -6.767364e-02 2.075183e+01 4.000000e+02
      vertex   2.022275e-01 2.076647e+01 4.000000e+02
    endloop
  endfacet
  facet normal 0.000000e+00 0.000000e+00 -1.000000e+00
    outer loop
      vertex   -1.942890e-15 1.700000e+01 4.000000e+02
      vertex   2.022275e-01 2.076647e+01 4.000000e+02
      vertex   7.335836e-01 1.702995e+01 4.000000e+02
    endloop
  endfacet
  facet normal 0.000000e+00 0.000000e+00 -1.000000e+00
    outer loop
      vertex   7.335836e-01 1.702995e+01 4.000000e+02
      vertex   2.022275e-01 2.076647e+01 4.000000e+02
      vertex   4.626727e-01 2.083878e+01 4.000000e+02
    endloop
  endfacet
  facet normal 0.000000e+00 0.000000e+00 -1.000000e+00
    outer loop
      vertex   7.335836e-01 1.702995e+01 4.000000e+02
      vertex   4.626727e-01 2.083878e+01 4.000000e+02
      vertex   1.462285e+00 1.711959e+01 4.000000e+02
    endloop
  endfacet
  facet normal 0.000000e+00 0.000000e+00 -1.000000e+00
    outer loop
      vertex   1.462285e+00 1.711959e+01 4.000000e+02
      vertex   4.626727e-01 2.083878e+01 4.000000e+02
      vertex   2.181256e+00 1.726833e+01 4.000000e+02
    endloop
  endfacet
  facet normal 0.000000e+00 0.000000e+00 -1.000000e+00
    outer loop
      vertex   2.181256e+00 1.726833e+01 4.000000e+02
      vertex   4.626727e-01 2.083878e+01 4.000000e+02
      vertex   7.014838e-01 2.096539e+01 4.000000e+02
    endloop
  endfacet
  facet normal 0.000000e+00 0.000000e+00 -1.000000e+00
    outer loop
      vertex   2.181256e+00 1.726833e+01 4.000000e+02
      vertex   7.014838e-01 2.096539e+01 4.000000e+02
      vertex   2.885710e+00 1.747517e+01 4.000000e+02
    endloop
  endfacet
  facet normal 0.000000e+00 0.000000e+00 -1.000000e+00
    outer loop
      vertex   2.885710e+00 1.747517e+01 4.000000e+02
      vertex   7.014838e-01 2.096539e+01 4.000000e+02
      vertex   9.074944e-01 2.114038e+01 4.000000e+02
    endloop
  endfacet
  facet normal 0.000000e+00 0.000000e+00 -1.000000e+00
    outer loop
      vertex   2.885710e+00 1.747517e+01 4.000000e+02
      vertex   9.074944e-01 2.114038e+01 4.000000e+02
      vertex   3.570961e+00 1.773875e+01 4.000000e+02
    endloop
  endfacet
  facet normal 0.000000e+00 0.000000e+00 -1.000000e+00
    outer loop
      vertex   3.570961e+00 1.773875e+01 4.000000e+02
      vertex   9.074944e-01 2.114038e+01 4.000000e+02
      vertex   1.071071e+00 2.135556e+01 4.000000e+02
    endloop
  endfacet
  facet normal 0.000000e+00 0.000000e+00 -1.000000e+00
    outer loop
      vertex   3.570961e+00 1.773875e+01 4.000000e+02
      vertex   1.071071e+00 2.135556e+01 4.000000e+02
      vertex   4.232447e+00 1.805731e+01 4.000000e+02
    endloop
  endfacet
  facet normal 0.000000e+00 0.000000e+00 -1.000000e+00
    outer loop
      vertex   4.232447e+00 1.805731e+01 4.000000e+02
      vertex   1.071071e+00 2.135556e+01 4.000000e+02
      vertex   4.865767e+00 1.842872e+01 4.000000e+02
    endloop
  endfacet
  facet normal 0.000000e+00 0.000000e+00 -1.000000e+00
    outer loop
      vertex   4.865767e+00 1.842872e+01 4.000000e+02
      vertex   1.071071e+00 2.135556e+01 4.000000e+02
      vertex   1.184566e+00 2.160087e+01 4.000000e+02
    endloop
  endfacet
  facet normal 0.000000e+00 0.000000e+00 -1.000000e+00
    outer loop
      vertex   4.865767e+00 1.842872e+01 4.000000e+02
      vertex   1.184566e+00 2.160087e+01 4.000000e+02
      vertex   5.466707e+00 1.885052e+01 4.000000e+02
    endloop
  endfacet
  facet normal 0.000000e+00 0.000000e+00 -1.000000e+00
    outer loop
      vertex   5.466707e+00 1.885052e+01 4.000000e+02
      vertex   1.184566e+00 2.160087e+01 4.000000e+02
      vertex   1.242672e+00 2.186485e+01 4.000000e+02
    endloop
  endfacet
  facet normal 0.000000e+00 0.000000e+00 -1.000000e+00
    outer loop
      vertex   5.466707e+00 1.885052e+01 4.000000e+02
      vertex   1.242672e+00 2.186485e+01 4.000000e+02
      vertex   6.031266e+00 1.931989e+01 4.000000e+02
    endloop
  endfacet
  facet normal 0.000000e+00 0.000000e+00 -1.000000e+00
    outer loop
      vertex   6.031266e+00 1.931989e+01 4.000000e+02
      vertex   1.242672e+00 2.186485e+01 4.000000e+02
      vertex   6.555688e+00 1.983372e+01 4.000000e+02
    endloop
  endfacet
  facet normal 0.000000e+00 0.000000e+00 -1.000000e+00
    outer loop
      vertex   6.555688e+00 1.983372e+01 4.000000e+02
      vertex   1.242672e+00 2.186485e+01 4.000000e+02
      vertex   1.242672e+00 2.213515e+01 4.000000e+02
    endloop
  endfacet
  facet normal 0.000000e+00 0.000000e+00 -1.000000e+00
    outer loop
      vertex   6.555688e+00 1.983372e+01 4.000000e+02
      vertex   1.242672e+00 2.213515e+01 4.000000e+02
      vertex   7.036483e+00 2.038859e+01 4.000000e+02
    endloop
  endfacet
  facet normal 0.000000e+00 0.000000e+00 -1.000000e+00
    outer loop
      vertex   7.036483e+00 2.038859e+01 4.000000e+02
      vertex   1.242672e+00 2.213515e+01 4.000000e+02
      vertex   7.470452e+00 2.098080e+01 4.000000e+02
    endloop
  endfacet
  facet normal 0.000000e+00 0.000000e+00 -1.000000e+00
    outer loop
      vertex   7.470452e+00 2.098080e+01 4.000000e+02
      vertex   1.242672e+00 2.213515e+01 4.000000e+02
      vertex   1.184566e+00 2.239913e+01 4.000000e+02
    endloop
  endfacet
  facet normal 0.000000e+00 0.000000e+00 -1.000000e+00
    outer loop
      vertex   7.470452e+00 2.098080e+01 4.000000e+02
      vertex   1.184566e+00 2.239913e+01 4.000000e+02
      vertex   7.854706e+00 2.160641e+01 4.000000e+02
    endloop
  endfacet
  facet normal 0.000000e+00 0.000000e+00 -1.000000e+00
    outer loop
      vertex   7.854706e+00 2.160641e+01 4.000000e+02
      vertex   1.184566e+00 2.239913e+01 4.000000e+02
      vertex   8.186688e+00 2.226127e+01 4.000000e+02
    endloop
  endfacet
  facet normal 0.000000e+00 0.000000e+00 -1.000000e+00
    outer loop
      vertex   8.186688e+00 2.226127e+01 4.000000e+02
      vertex   1.184566e+00 2.239913e+01 4.000000e+02
      vertex   8.464189e+00 2.294100e+01 4.000000e+02
    endloop
  endfacet
  facet normal 0.000000e+00 0.000000e+00 -1.000000e+00
    outer loop
      vertex   8.464189e+00 2.294100e+01 4.000000e+02
      vertex   1.184566e+00 2.239913e+01 4.000000e+02
      vertex   1.071071e+00 2.264444e+01 4.000000e+02
    endloop
  endfacet
  facet normal -0.000000e+00 0.000000e+00 -1.000000e+00
    outer loop
      vertex   8.464189e+00 2.294100e+01 4.000000e+02
      vertex   1.071071e+00 2.264444e+01 4.000000e+02
      vertex   8.685362e+00 2.364109e+01 4.000000e+02
    endloop
  endfacet
  facet normal -0.000000e+00 0.000000e+00 -1.000000e+00
    outer loop
      vertex   8.685362e+00 2.364109e+01 4.000000e+02
      vertex   1.071071e+00 2.264444e+01 4.000000e+02
      vertex   8.848736e+00 2.435687e+01 4.000000e+02
    endloop
  endfacet
  facet normal -0.000000e+00 0.000000e+00 -1.000000e+00
    outer loop
      vertex   8.848736e+00 2.435687e+01 4.000000e+02
      vertex   1.071071e+00 2.264444e+01 4.000000e+02
      vertex   8.953223e+00 2.508359e+01 4.000000e+02
    endloop
  endfacet
  facet normal 0.000000e+00 0.000000e+00 -1.000000e+00
    outer loop
      vertex   8.953223e+00 2.508359e+01 4.000000e+02
      vertex   1.071071e+00 2.264444e+01 4.000000e+02
      vertex   9.074944e-01 2.285962e+01 4.000000e+02
    endloop
  endfacet
  facet normal -0.000000e+00 0.000000e+00 -1.000000e+00
    outer loop
      vertex   8.953223e+00 2.508359e+01 4.000000e+02
      vertex   9.074944e-01 2.285962e+01 4.000000e+02
      vertex   8.998127e+00 2.581641e+01 4.000000e+02
    endloop
  endfacet
  facet normal -0.000000e+00 0.000000e+00 -1.000000e+00
    outer loop
      vertex   8.998127e+00 2.581641e+01 4.000000e+02
      vertex   9.074944e-01 2.285962e+01 4.000000e+02
      vertex   1.189266e+00 2.939201e+01 4.000000e+02
    endloop
  endfacet
  facet normal 0.000000e+00 0.000000e+00 -1.000000e+00
    outer loop
      vertex   8.998127e+00 2.581641e+01 4.000000e+02
      vertex   1.189266e+00 2.939201e+01 4.000000e+02
      vertex   1.443912e+00 2.961612e+01 4.000000e+02
    endloop
  endfacet
  facet normal 0.000000e+00 0.000000e+00 -1.000000e+00
    outer loop
      vertex   -9.951163e-01 2.275647e+01 4.000000e+02
      vertex   -1.321349e+00 2.949866e+01 4.000000e+02
      vertex   -8.092329e-01 2.295270e+01 4.000000e+02
    endloop
  endfacet
  facet normal 0.000000e+00 0.000000e+00 -1.000000e+00
    outer loop
      vertex   -8.092329e-01 2.295270e+01 4.000000e+02
      vertex   -1.321349e+00 2.949866e+01 4.000000e+02
      vertex   -1.048615e+00 2.929694e+01 4.000000e+02
    endloop
  endfacet
  facet normal 0.000000e+00 0.000000e+00 -1.000000e+00
    outer loop
      vertex   -8.092329e-01 2.295270e+01 4.000000e+02
      vertex   -1.048615e+00 2.929694e+01 4.000000e+02
      vertex   -5.855106e-01 2.310439e+01 4.000000e+02
    endloop
  endfacet
  facet normal 0.000000e+00 0.000000e+00 -1.000000e+00
    outer loop
      vertex   -5.855106e-01 2.310439e+01 4.000000e+02
      vertex   -1.048615e+00 2.929694e+01 4.000000e+02
      vertex   -7.457130e-01 2.914422e+01 4.000000e+02
    endloop
  endfacet
  facet normal 0.000000e+00 0.000000e+00 -1.000000e+00
    outer loop
      vertex   -5.855106e-01 2.310439e+01 4.000000e+02
      vertex   -7.457130e-01 2.914422e+01 4.000000e+02
      vertex   -3.344104e-01 2.320444e+01 4.000000e+02
    endloop
  endfacet
  facet normal 0.000000e+00 0.000000e+00 -1.000000e+00
    outer loop
      vertex   -3.344104e-01 2.320444e+01 4.000000e+02
      vertex   -7.457130e-01 2.914422e+01 4.000000e+02
      vertex   -4.213585e-01 2.904489e+01 4.000000e+02
    endloop
  endfacet
  facet normal 0.000000e+00 0.000000e+00 -1.000000e+00
    outer loop
      vertex   -3.344104e-01 2.320444e+01 4.000000e+02
      vertex   -4.213585e-01 2.904489e+01 4.000000e+02
      vertex   -6.767364e-02 2.324817e+01 4.000000e+02
    endloop
  endfacet
  facet normal 0.000000e+00 0.000000e+00 -1.000000e+00
    outer loop
      vertex   -6.767364e-02 2.324817e+01 4.000000e+02
      vertex   -4.213585e-01 2.904489e+01 4.000000e+02
      vertex   -8.488241e-02 2.900180e+01 4.000000e+02
    endloop
  endfacet
  facet normal 0.000000e+00 0.000000e+00 -1.000000e+00
    outer loop
      vertex   -6.767364e-02 2.324817e+01 4.000000e+02
      vertex   -8.488241e-02 2.900180e+01 4.000000e+02
      vertex   2.540356e-01 2.901620e+01 4.000000e+02
    endloop
  endfacet
  facet normal 0.000000e+00 0.000000e+00 -1.000000e+00
    outer loop
      vertex   -6.767364e-02 2.324817e+01 4.000000e+02
      vertex   2.540356e-01 2.901620e+01 4.000000e+02
      vertex   2.022275e-01 2.323353e+01 4.000000e+02
    endloop
  endfacet
  facet normal 0.000000e+00 0.000000e+00 -1.000000e+00
    outer loop
      vertex   2.022275e-01 2.323353e+01 4.000000e+02
      vertex   2.540356e-01 2.901620e+01 4.000000e+02
      vertex   5.856455e-01 2.908767e+01 4.000000e+02
    endloop
  endfacet
  facet normal 0.000000e+00 0.000000e+00 -1.000000e+00
    outer loop
      vertex   2.022275e-01 2.323353e+01 4.000000e+02
      vertex   5.856455e-01 2.908767e+01 4.000000e+02
      vertex   4.626727e-01 2.316122e+01 4.000000e+02
    endloop
  endfacet
  facet normal 0.000000e+00 0.000000e+00 -1.000000e+00
    outer loop
      vertex   4.626727e-01 2.316122e+01 4.000000e+02
      vertex   5.856455e-01 2.908767e+01 4.000000e+02
      vertex   9.004075e-01 2.921415e+01 4.000000e+02
    endloop
  endfacet
  facet normal 0.000000e+00 0.000000e+00 -1.000000e+00
    outer loop
      vertex   4.626727e-01 2.316122e+01 4.000000e+02
      vertex   9.004075e-01 2.921415e+01 4.000000e+02
      vertex   7.014838e-01 2.303461e+01 4.000000e+02
    endloop
  endfacet
  facet normal 0.000000e+00 0.000000e+00 -1.000000e+00
    outer loop
      vertex   7.014838e-01 2.303461e+01 4.000000e+02
      vertex   9.004075e-01 2.921415e+01 4.000000e+02
      vertex   1.189266e+00 2.939201e+01 4.000000e+02
    endloop
  endfacet
  facet normal 0.000000e+00 0.000000e+00 -1.000000e+00
    outer loop
      vertex   7.014838e-01 2.303461e+01 4.000000e+02
      vertex   1.189266e+00 2.939201e+01 4.000000e+02
      vertex   9.074944e-01 2.285962e+01 4.000000e+02
    endloop
  endfacet
  facet normal 0.000000e+00 -0.000000e+00 -1.000000e+00
    outer loop
      vertex   1.657019e+00 2.988005e+01 4.000000e+02
      vertex   8.774351e+00 2.800269e+01 4.000000e+02
      vertex   1.443912e+00 2.961612e+01 4.000000e+02
    endloop
  endfacet
  facet normal 0.000000e+00 0.000000e+00 -1.000000e+00
    outer loop
      vertex   1.443912e+00 2.961612e+01 4.000000e+02
      vertex   8.774351e+00 2.800269e+01 4.000000e+02
      vertex   8.908393e+00 2.728083e+01 4.000000e+02
    endloop
  endfacet
  facet normal 0.000000e+00 0.000000e+00 -1.000000e+00
    outer loop
      vertex   1.443912e+00 2.961612e+01 4.000000e+02
      vertex   8.908393e+00 2.728083e+01 4.000000e+02
      vertex   8.983151e+00 2.655046e+01 4.000000e+02
    endloop
  endfacet
  facet normal 0.000000e+00 -0.000000e+00 -1.000000e+00
    outer loop
      vertex   1.822457e+00 3.017620e+01 4.000000e+02
      vertex   8.027377e+00 3.006955e+01 4.000000e+02
      vertex   1.657019e+00 2.988005e+01 4.000000e+02
    endloop
  endfacet
  facet normal 0.000000e+00 0.000000e+00 -1.000000e+00
    outer loop
      vertex   1.657019e+00 2.988005e+01 4.000000e+02
      vertex   8.027377e+00 3.006955e+01 4.000000e+02
      vertex   8.332373e+00 2.940170e+01 4.000000e+02
    endloop
  endfacet
  facet normal 0.000000e+00 0.000000e+00 -1.000000e+00
    outer loop
      vertex   1.657019e+00 2.988005e+01 4.000000e+02
      vertex   8.332373e+00 2.940170e+01 4.000000e+02
      vertex   8.581918e+00 2.871122e+01 4.000000e+02
    endloop
  endfacet
  facet normal 0.000000e+00 -0.000000e+00 -1.000000e+00
    outer loop
      vertex   1.935466e+00 3.049604e+01 4.000000e+02
      vertex   7.259509e+00 3.131973e+01 4.000000e+02
      vertex   1.822457e+00 3.017620e+01 4.000000e+02
    endloop
  endfacet
  facet normal 0.000000e+00 0.000000e+00 -1.000000e+00
    outer loop
      vertex   1.822457e+00 3.017620e+01 4.000000e+02
      vertex   7.259509e+00 3.131973e+01 4.000000e+02
      vertex   7.668961e+00 3.071031e+01 4.000000e+02
    endloop
  endfacet
  facet normal 0.000000e+00 0.000000e+00 -1.000000e+00
    outer loop
      vertex   1.822457e+00 3.017620e+01 4.000000e+02
      vertex   7.668961e+00 3.071031e+01 4.000000e+02
      vertex   8.027377e+00 3.006955e+01 4.000000e+02
    endloop
  endfacet
  facet normal -0.000000e+00 0.000000e+00 -1.000000e+00
    outer loop
      vertex   7.259509e+00 3.131973e+01 4.000000e+02
      vertex   1.935466e+00 3.049604e+01 4.000000e+02
      vertex   6.801746e+00 3.189375e+01 4.000000e+02
    endloop
  endfacet
  facet normal 0.000000e+00 0.000000e+00 -1.000000e+00
    outer loop
      vertex   6.801746e+00 3.189375e+01 4.000000e+02
      vertex   1.935466e+00 3.049604e+01 4.000000e+02
      vertex   1.992795e+00 3.083039e+01 4.000000e+02
    endloop
  endfacet
  facet normal -0.000000e+00 0.000000e+00 -1.000000e+00
    outer loop
      vertex   6.801746e+00 3.189375e+01 4.000000e+02
      vertex   1.992795e+00 3.083039e+01 4.000000e+02
      vertex   6.298719e+00 3.242854e+01 4.000000e+02
    endloop
  endfacet
  facet normal -0.000000e+00 0.000000e+00 -1.000000e+00
    outer loop
      vertex   6.298719e+00 3.242854e+01 4.000000e+02
      vertex   1.992795e+00 3.083039e+01 4.000000e+02
      vertex   5.753775e+00 3.292056e+01 4.000000e+02
    endloop
  endfacet
  facet normal 0.000000e+00 0.000000e+00 -1.000000e+00
    outer loop
      vertex   5.753775e+00 3.292056e+01 4.000000e+02
      vertex   1.992795e+00 3.083039e+01 4.000000e+02
      vertex   1.992795e+00 3.116961e+01 4.000000e+02
    endloop
  endfacet
  facet normal -0.000000e+00 0.000000e+00 -1.000000e+00
    outer loop
      vertex   5.753775e+00 3.292056e+01 4.000000e+02
      vertex   1.992795e+00 3.116961e+01 4.000000e+02
      vertex   5.170540e+00 3.336651e+01 4.000000e+02
    endloop
  endfacet
  facet normal 0.000000e+00 0.000000e+00 -1.000000e+00
    outer loop
      vertex   5.170540e+00 3.336651e+01 4.000000e+02
      vertex   1.992795e+00 3.116961e+01 4.000000e+02
      vertex   1.935466e+00 3.150396e+01 4.000000e+02
    endloop
  endfacet
  facet normal -0.000000e+00 0.000000e+00 -1.000000e+00
    outer loop
      vertex   5.170540e+00 3.336651e+01 4.000000e+02
      vertex   1.935466e+00 3.150396e+01 4.000000e+02
      vertex   4.552896e+00 3.376345e+01 4.000000e+02
    endloop
  endfacet
  facet normal 0.000000e+00 0.000000e+00 -1.000000e+00
    outer loop
      vertex   4.552896e+00 3.376345e+01 4.000000e+02
      vertex   1.935466e+00 3.150396e+01 4.000000e+02
      vertex   1.822457e+00 3.182380e+01 4.000000e+02
    endloop
  endfacet
  facet normal -0.000000e+00 0.000000e+00 -1.000000e+00
    outer loop
      vertex   4.552896e+00 3.376345e+01 4.000000e+02
      vertex   1.822457e+00 3.182380e+01 4.000000e+02
      vertex   3.904954e+00 3.410872e+01 4.000000e+02
    endloop
  endfacet
  facet normal 0.000000e+00 0.000000e+00 -1.000000e+00
    outer loop
      vertex   3.904954e+00 3.410872e+01 4.000000e+02
      vertex   1.822457e+00 3.182380e+01 4.000000e+02
      vertex   1.657019e+00 3.211995e+01 4.000000e+02
    endloop
  endfacet
  facet normal -0.000000e+00 0.000000e+00 -1.000000e+00
    outer loop
      vertex   3.904954e+00 3.410872e+01 4.000000e+02
      vertex   1.657019e+00 3.211995e+01 4.000000e+02
      vertex   3.231024e+00 3.440003e+01 4.000000e+02
    endloop
  endfacet
  facet normal 0.000000e+00 0.000000e+00 -1.000000e+00
    outer loop
      vertex   3.231024e+00 3.440003e+01 4.000000e+02
      vertex   1.657019e+00 3.211995e+01 4.000000e+02
      vertex   1.443912e+00 3.238388e+01 4.000000e+02
    endloop
  endfacet
  facet normal -0.000000e+00 0.000000e+00 -1.000000e+00
    outer loop
      vertex   3.231024e+00 3.440003e+01 4.000000e+02
      vertex   1.443912e+00 3.238388e+01 4.000000e+02
      vertex   2.535593e+00 3.463544e+01 4.000000e+02
    endloop
  endfacet
  facet normal 0.000000e+00 0.000000e+00 -1.000000e+00
    outer loop
      vertex   2.535593e+00 3.463544e+01 4.000000e+02
      vertex   1.443912e+00 3.238388e+01 4.000000e+02
      vertex   1.189266e+00 3.260799e+01 4.000000e+02
    endloop
  endfacet
  facet normal -0.000000e+00 0.000000e+00 -1.000000e+00
    outer loop
      vertex   2.535593e+00 3.463544e+01 4.000000e+02
      vertex   1.189266e+00 3.260799e+01 4.000000e+02
      vertex   1.823288e+00 3.481338e+01 4.000000e+02
    endloop
  endfacet
  facet normal 0.000000e+00 0.000000e+00 -1.000000e+00
    outer loop
      vertex   1.823288e+00 3.481338e+01 4.000000e+02
      vertex   1.189266e+00 3.260799e+01 4.000000e+02
      vertex   9.004075e-01 3.278585e+01 4.000000e+02
    endloop
  endfacet
  facet normal -0.000000e+00 0.000000e+00 -1.000000e+00
    outer loop
      vertex   1.823288e+00 3.481338e+01 4.000000e+02
      vertex   9.004075e-01 3.278585e+01 4.000000e+02
      vertex   1.098849e+00 3.493267e+01 4.000000e+02
    endloop
  endfacet
  facet normal 0.000000e+00 0.000000e+00 -1.000000e+00
    outer loop
      vertex   1.098849e+00 3.493267e+01 4.000000e+02
      vertex   9.004075e-01 3.278585e+01 4.000000e+02
      vertex   5.856455e-01 3.291233e+01 4.000000e+02
    endloop
  endfacet
  facet normal -0.000000e+00 0.000000e+00 -1.000000e+00
    outer loop
      vertex   1.098849e+00 3.493267e+01 4.000000e+02
      vertex   5.856455e-01 3.291233e+01 4.000000e+02
      vertex   3.670973e-01 3.499251e+01 4.000000e+02
    endloop
  endfacet
  facet normal 0.000000e+00 -0.000000e+00 -1.000000e+00
    outer loop
      vertex   3.670973e-01 3.499251e+01 4.000000e+02
      vertex   5.856455e-01 3.291233e+01 4.000000e+02
      vertex   2.540356e-01 3.298380e+01 4.000000e+02
    endloop
  endfacet
  facet normal 0.000000e+00 0.000000e+00 -1.000000e+00
    outer loop
      vertex   3.670973e-01 3.499251e+01 4.000000e+02
      vertex   2.540356e-01 3.298380e+01 4.000000e+02
      vertex   -8.488241e-02 3.299820e+01 4.000000e+02
    endloop
  endfacet
  facet normal 0.000000e+00 0.000000e+00 -1.000000e+00
    outer loop
      vertex   3.670973e-01 3.499251e+01 4.000000e+02
      vertex   -8.488241e-02 3.299820e+01 4.000000e+02
      vertex   -3.670973e-01 3.499251e+01 4.000000e+02
    endloop
  endfacet
  facet normal 0.000000e+00 -0.000000e+00 -1.000000e+00
    outer loop
      vertex   -3.670973e-01 3.499251e+01 4.000000e+02
      vertex   -8.488241e-02 3.299820e+01 4.000000e+02
      vertex   -4.213585e-01 3.295511e+01 4.000000e+02
    endloop
  endfacet
  facet normal 0.000000e+00 0.000000e+00 -1.000000e+00
    outer loop
      vertex   -3.670973e-01 3.499251e+01 4.000000e+02
      vertex   -4.213585e-01 3.295511e+01 4.000000e+02
      vertex   -1.098849e+00 3.493267e+01 4.000000e+02
    endloop
  endfacet
  facet normal 0.000000e+00 0.000000e+00 -1.000000e+00
    outer loop
      vertex   -1.098849e+00 3.493267e+01 4.000000e+02
      vertex   -4.213585e-01 3.295511e+01 4.000000e+02
      vertex   -7.457130e-01 3.285578e+01 4.000000e+02
    endloop
  endfacet
  facet normal 0.000000e+00 -0.000000e+00 -1.000000e+00
    outer loop
      vertex   -1.098849e+00 3.493267e+01 4.000000e+02
      vertex   -7.457130e-01 3.285578e+01 4.000000e+02
      vertex   -1.823288e+00 3.481338e+01 4.000000e+02
    endloop
  endfacet
  facet normal 0.000000e+00 0.000000e+00 -1.000000e+00
    outer loop
      vertex   -1.823288e+00 3.481338e+01 4.000000e+02
      vertex   -7.457130e-01 3.285578e+01 4.000000e+02
      vertex   -1.048615e+00 3.270306e+01 4.000000e+02
    endloop
  endfacet
  facet normal 0.000000e+00 -0.000000e+00 -1.000000e+00
    outer loop
      vertex   -1.823288e+00 3.481338e+01 4.000000e+02
      vertex   -1.048615e+00 3.270306e+01 4.000000e+02
      vertex   -2.535593e+00 3.463544e+01 4.000000e+02
    endloop
  endfacet
  facet normal 0.000000e+00 0.000000e+00 -1.000000e+00
    outer loop
      vertex   -2.535593e+00 3.463544e+01 4.000000e+02
      vertex   -1.048615e+00 3.270306e+01 4.000000e+02
      vertex   -1.321349e+00 3.250135e+01 4.000000e+02
    endloop
  endfacet
  facet normal 0.000000e+00 0.000000e+00 -1.000000e+00
    outer loop
      vertex   -2.535593e+00 3.463544e+01 4.000000e+02
      vertex   -1.321349e+00 3.250135e+01 4.000000e+02
      vertex   -1.556072e+00 3.225644e+01 4.000000e+02
    endloop
  endfacet
  facet normal 0.000000e+00 -0.000000e+00 -1.000000e+00
    outer loop
      vertex   -2.535593e+00 3.463544e+01 4.000000e+02
      vertex   -1.556072e+00 3.225644e+01 4.000000e+02
      vertex   -3.231024e+00 3.440003e+01 4.000000e+02
    endloop
  endfacet
  facet normal 0.000000e+00 0.000000e+00 -1.000000e+00
    outer loop
      vertex   -3.231024e+00 3.440003e+01 4.000000e+02
      vertex   -1.556072e+00 3.225644e+01 4.000000e+02
      vertex   -1.746028e+00 3.197539e+01 4.000000e+02
    endloop
  endfacet
  facet normal 0.000000e+00 -0.000000e+00 -1.000000e+00
    outer loop
      vertex   -3.231024e+00 3.440003e+01 4.000000e+02
      vertex   -1.746028e+00 3.197539e+01 4.000000e+02
      vertex   -3.904954e+00 3.410872e+01 4.000000e+02
    endloop
  endfacet
  facet normal 0.000000e+00 0.000000e+00 -1.000000e+00
    outer loop
      vertex   -3.904954e+00 3.410872e+01 4.000000e+02
      vertex   -1.746028e+00 3.197539e+01 4.000000e+02
      vertex   -1.885755e+00 3.166628e+01 4.000000e+02
    endloop
  endfacet
  facet normal 0.000000e+00 -0.000000e+00 -1.000000e+00
    outer loop
      vertex   -3.904954e+00 3.410872e+01 4.000000e+02
      vertex   -1.885755e+00 3.166628e+01 4.000000e+02
      vertex   -4.552896e+00 3.376345e+01 4.000000e+02
    endloop
  endfacet
  facet normal 0.000000e+00 0.000000e+00 -1.000000e+00
    outer loop
      vertex   -4.552896e+00 3.376345e+01 4.000000e+02
      vertex   -1.885755e+00 3.166628e+01 4.000000e+02
      vertex   -1.971232e+00 3.133800e+01 4.000000e+02
    endloop
  endfacet
  facet normal -0.000000e+00 -0.000000e+00 -1.000000e+00
    outer loop
      vertex   8.581918e+00 2.871122e+01 4.000000e+02
      vertex   8.774351e+00 2.800269e+01 4.000000e+02
      vertex   1.657019e+00 2.988005e+01 4.000000e+02
    endloop
  endfacet
  facet normal -0.000000e+00 -0.000000e+00 -1.000000e+00
    outer loop
      vertex   8.983151e+00 2.655046e+01 4.000000e+02
      vertex   8.998127e+00 2.581641e+01 4.000000e+02
      vertex   1.443912e+00 2.961612e+01 4.000000e+02
    endloop
  endfacet
  facet normal -9.957342e-01 9.226836e-02 0.000000e+00
    outer loop
      vertex   -1.327980e+01 2.567844e+01 4.020000e+02
      vertex   -1.327980e+01 2.567844e+01 4.060000e+02
      vertex   -1.325000e+01 2.600000e+01 4.020000e+02
    endloop
  endfacet
  facet normal -9.957342e-01 9.226836e-02 -3.006925e-14
    outer loop
      vertex   -1.325000e+01 2.600000e+01 4.020000e+02
      vertex   -1.327980e+01 2.567844e+01 4.060000e+02
      vertex   -1.325000e+01 2.600000e+01 4.060000e+02
    endloop
  endfacet
  facet normal -9.957342e-01 -9.226836e-02 -3.006925e-14
    outer loop
      vertex   -1.325000e+01 2.600000e+01 4.020000e+02
      vertex   -1.325000e+01 2.600000e+01 4.060000e+02
      vertex   -1.327980e+01 2.632156e+01 4.020000e+02
    endloop
  endfacet
  facet normal -9.957342e-01 -9.226836e-02 0.000000e+00
    outer loop
      vertex   -1.327980e+01 2.632156e+01 4.020000e+02
      vertex   -1.325000e+01 2.600000e+01 4.060000e+02
      vertex   -1.327980e+01 2.632156e+01 4.060000e+02
    endloop
  endfacet
  facet normal -9.618256e-01 -2.736630e-01 0.000000e+00
    outer loop
      vertex   -1.327980e+01 2.632156e+01 4.020000e+02
      vertex   -1.327980e+01 2.632156e+01 4.060000e+02
      vertex   -1.336817e+01 2.663217e+01 4.020000e+02
    endloop
  endfacet
  facet normal -9.618256e-01 -2.736630e-01 0.000000e+00
    outer loop
      vertex   -1.336817e+01 2.663217e+01 4.020000e+02
      vertex   -1.327980e+01 2.632156e+01 4.060000e+02
      vertex   -1.336817e+01 2.663217e+01 4.060000e+02
    endloop
  endfacet
  facet normal -8.951633e-01 -4.457384e-01 0.000000e+00
    outer loop
      vertex   -1.336817e+01 2.663217e+01 4.020000e+02
      vertex   -1.336817e+01 2.663217e+01 4.060000e+02
      vertex   -1.351212e+01 2.692126e+01 4.020000e+02
    endloop
  endfacet
  facet normal -8.951633e-01 -4.457384e-01 0.000000e+00
    outer loop
      vertex   -1.351212e+01 2.692126e+01 4.020000e+02
      vertex   -1.336817e+01 2.663217e+01 4.060000e+02
      vertex   -1.351212e+01 2.692126e+01 4.060000e+02
    endloop
  endfacet
  facet normal -7.980172e-01 -6.026346e-01 0.000000e+00
    outer loop
      vertex   -1.351212e+01 2.692126e+01 4.020000e+02
      vertex   -1.351212e+01 2.692126e+01 4.060000e+02
      vertex   -1.370673e+01 2.717897e+01 4.020000e+02
    endloop
  endfacet
  facet normal -7.980172e-01 -6.026346e-01 0.000000e+00
    outer loop
      vertex   -1.370673e+01 2.717897e+01 4.020000e+02
      vertex   -1.351212e+01 2.692126e+01 4.060000e+02
      vertex   -1.370673e+01 2.717897e+01 4.060000e+02
    endloop
  endfacet
  facet normal -6.736956e-01 -7.390089e-01 0.000000e+00
    outer loop
      vertex   -1.370673e+01 2.717897e+01 4.020000e+02
      vertex   -1.370673e+01 2.717897e+01 4.060000e+02
      vertex   -1.394539e+01 2.739653e+01 4.020000e+02
    endloop
  endfacet
  facet normal -6.736956e-01 -7.390089e-01 0.000000e+00
    outer loop
      vertex   -1.394539e+01 2.739653e+01 4.020000e+02
      vertex   -1.370673e+01 2.717897e+01 4.060000e+02
      vertex   -1.394539e+01 2.739653e+01 4.060000e+02
    endloop
  endfacet
  facet normal -5.264322e-01 -8.502171e-01 0.000000e+00
    outer loop
      vertex   -1.394539e+01 2.739653e+01 4.020000e+02
      vertex   -1.394539e+01 2.739653e+01 4.060000e+02
      vertex   -1.421996e+01 2.756654e+01 4.020000e+02
    endloop
  endfacet
  facet normal -5.264322e-01 -8.502171e-01 7.551445e-16
    outer loop
      vertex   -1.421996e+01 2.756654e+01 4.020000e+02
      vertex   -1.394539e+01 2.739653e+01 4.060000e+02
      vertex   -1.421996e+01 2.756654e+01 4.060000e+02
    endloop
  endfacet
  facet normal -3.612417e-01 -9.324722e-01 8.282017e-16
    outer loop
      vertex   -1.421996e+01 2.756654e+01 4.020000e+02
      vertex   -1.421996e+01 2.756654e+01 4.060000e+02
      vertex   -1.452109e+01 2.768320e+01 4.020000e+02
    endloop
  endfacet
  facet normal -3.612417e-01 -9.324722e-01 1.604235e-16
    outer loop
      vertex   -1.452109e+01 2.768320e+01 4.020000e+02
      vertex   -1.421996e+01 2.756654e+01 4.060000e+02
      vertex   -1.452109e+01 2.768320e+01 4.060000e+02
    endloop
  endfacet
  facet normal -1.837495e-01 -9.829731e-01 8.160118e-17
    outer loop
      vertex   -1.452109e+01 2.768320e+01 4.020000e+02
      vertex   -1.452109e+01 2.768320e+01 4.060000e+02
      vertex   -1.483853e+01 2.774254e+01 4.020000e+02
    endloop
  endfacet
  facet normal -1.837495e-01 -9.829731e-01 0.000000e+00
    outer loop
      vertex   -1.483853e+01 2.774254e+01 4.020000e+02
      vertex   -1.452109e+01 2.768320e+01 4.060000e+02
      vertex   -1.483853e+01 2.774254e+01 4.060000e+02
    endloop
  endfacet
  facet normal 0.000000e+00 -1.000000e+00 0.000000e+00
    outer loop
      vertex   -1.483853e+01 2.774254e+01 4.020000e+02
      vertex   -1.483853e+01 2.774254e+01 4.060000e+02
      vertex   -1.516147e+01 2.774254e+01 4.020000e+02
    endloop
  endfacet
  facet normal 0.000000e+00 -1.000000e+00 0.000000e+00
    outer loop
      vertex   -1.516147e+01 2.774254e+01 4.020000e+02
      vertex   -1.483853e+01 2.774254e+01 4.060000e+02
      vertex   -1.516147e+01 2.774254e+01 4.060000e+02
    endloop
  endfacet
  facet normal 1.837495e-01 -9.829731e-01 0.000000e+00
    outer loop
      vertex   -1.516147e+01 2.774254e+01 4.020000e+02
      vertex   -1.516147e+01 2.774254e+01 4.060000e+02
      vertex   -1.547891e+01 2.768320e+01 4.020000e+02
    endloop
  endfacet
  facet normal 1.837495e-01 -9.829731e-01 1.664510e-15
    outer loop
      vertex   -1.547891e+01 2.768320e+01 4.020000e+02
      vertex   -1.516147e+01 2.774254e+01 4.060000e+02
      vertex   -1.547891e+01 2.768320e+01 4.060000e+02
    endloop
  endfacet
  facet normal 3.612417e-01 -9.324722e-01 1.495980e-15
    outer loop
      vertex   -1.547891e+01 2.768320e+01 4.020000e+02
      vertex   -1.547891e+01 2.768320e+01 4.060000e+02
      vertex   -1.578004e+01 2.756654e+01 4.020000e+02
    endloop
  endfacet
  facet normal 3.612417e-01 -9.324722e-01 0.000000e+00
    outer loop
      vertex   -1.578004e+01 2.756654e+01 4.020000e+02
      vertex   -1.547891e+01 2.768320e+01 4.060000e+02
      vertex   -1.578004e+01 2.756654e+01 4.060000e+02
    endloop
  endfacet
  facet normal 5.264322e-01 -8.502171e-01 0.000000e+00
    outer loop
      vertex   -1.578004e+01 2.756654e+01 4.020000e+02
      vertex   -1.578004e+01 2.756654e+01 4.060000e+02
      vertex   -1.605461e+01 2.739653e+01 4.020000e+02
    endloop
  endfacet
  facet normal 5.264322e-01 -8.502171e-01 -4.675657e-16
    outer loop
      vertex   -1.605461e+01 2.739653e+01 4.020000e+02
      vertex   -1.578004e+01 2.756654e+01 4.060000e+02
      vertex   -1.605461e+01 2.739653e+01 4.060000e+02
    endloop
  endfacet
  facet normal 6.736956e-01 -7.390089e-01 -5.983619e-16
    outer loop
      vertex   -1.605461e+01 2.739653e+01 4.020000e+02
      vertex   -1.605461e+01 2.739653e+01 4.060000e+02
      vertex   -1.629327e+01 2.717897e+01 4.020000e+02
    endloop
  endfacet
  facet normal 6.736956e-01 -7.390089e-01 0.000000e+00
    outer loop
      vertex   -1.629327e+01 2.717897e+01 4.020000e+02
      vertex   -1.605461e+01 2.739653e+01 4.060000e+02
      vertex   -1.629327e+01 2.717897e+01 4.060000e+02
    endloop
  endfacet
  facet normal 7.980172e-01 -6.026346e-01 0.000000e+00
    outer loop
      vertex   -1.629327e+01 2.717897e+01 4.020000e+02
      vertex   -1.629327e+01 2.717897e+01 4.060000e+02
      vertex   -1.648788e+01 2.692126e+01 4.020000e+02
    endloop
  endfacet
  facet normal 7.980172e-01 -6.026346e-01 0.000000e+00
    outer loop
      vertex   -1.648788e+01 2.692126e+01 4.020000e+02
      vertex   -1.629327e+01 2.717897e+01 4.060000e+02
      vertex   -1.648788e+01 2.692126e+01 4.060000e+02
    endloop
  endfacet
  facet normal 8.951633e-01 -4.457384e-01 0.000000e+00
    outer loop
      vertex   -1.648788e+01 2.692126e+01 4.020000e+02
      vertex   -1.648788e+01 2.692126e+01 4.060000e+02
      vertex   -1.663183e+01 2.663217e+01 4.020000e+02
    endloop
  endfacet
  facet normal 8.951633e-01 -4.457384e-01 0.000000e+00
    outer loop
      vertex   -1.663183e+01 2.663217e+01 4.020000e+02
      vertex   -1.648788e+01 2.692126e+01 4.060000e+02
      vertex   -1.663183e+01 2.663217e+01 4.060000e+02
    endloop
  endfacet
  facet normal 9.618256e-01 -2.736630e-01 0.000000e+00
    outer loop
      vertex   -1.663183e+01 2.663217e+01 4.020000e+02
      vertex   -1.663183e+01 2.663217e+01 4.060000e+02
      vertex   -1.672020e+01 2.632156e+01 4.020000e+02
    endloop
  endfacet
  facet normal 9.618256e-01 -2.736630e-01 0.000000e+00
    outer loop
      vertex   -1.672020e+01 2.632156e+01 4.020000e+02
      vertex   -1.663183e+01 2.663217e+01 4.060000e+02
      vertex   -1.672020e+01 2.632156e+01 4.060000e+02
    endloop
  endfacet
  facet normal 9.957342e-01 -9.226836e-02 0.000000e+00
    outer loop
      vertex   -1.672020e+01 2.632156e+01 4.020000e+02
      vertex   -1.672020e+01 2.632156e+01 4.060000e+02
      vertex   -1.675000e+01 2.600000e+01 4.020000e+02
    endloop
  endfacet
  facet normal 9.957342e-01 -9.226836e-02 0.000000e+00
    outer loop
      vertex   -1.675000e+01 2.600000e+01 4.020000e+02
      vertex   -1.672020e+01 2.632156e+01 4.060000e+02
      vertex   -1.675000e+01 2.600000e+01 4.060000e+02
    endloop
  endfacet
  facet normal 9.957342e-01 9.226836e-02 -0.000000e+00
    outer loop
      vertex   -1.675000e+01 2.600000e+01 4.020000e+02
      vertex   -1.675000e+01 2.600000e+01 4.060000e+02
      vertex   -1.672020e+01 2.567844e+01 4.020000e+02
    endloop
  endfacet
  facet normal 9.957342e-01 9.226836e-02 -0.000000e+00
    outer loop
      vertex   -1.672020e+01 2.567844e+01 4.020000e+02
      vertex   -1.675000e+01 2.600000e+01 4.060000e+02
      vertex   -1.672020e+01 2.567844e+01 4.060000e+02
    endloop
  endfacet
  facet normal 9.618256e-01 2.736630e-01 -0.000000e+00
    outer loop
      vertex   -1.672020e+01 2.567844e+01 4.020000e+02
      vertex   -1.672020e+01 2.567844e+01 4.060000e+02
      vertex   -1.663183e+01 2.536783e+01 4.020000e+02
    endloop
  endfacet
  facet normal 9.618256e-01 2.736630e-01 -0.000000e+00
    outer loop
      vertex   -1.663183e+01 2.536783e+01 4.020000e+02
      vertex   -1.672020e+01 2.567844e+01 4.060000e+02
      vertex   -1.663183e+01 2.536783e+01 4.060000e+02
    endloop
  endfacet
  facet normal 8.951633e-01 4.457384e-01 -0.000000e+00
    outer loop
      vertex   -1.663183e+01 2.536783e+01 4.020000e+02
      vertex   -1.663183e+01 2.536783e+01 4.060000e+02
      vertex   -1.648788e+01 2.507874e+01 4.020000e+02
    endloop
  endfacet
  facet normal 8.951633e-01 4.457384e-01 -0.000000e+00
    outer loop
      vertex   -1.648788e+01 2.507874e+01 4.020000e+02
      vertex   -1.663183e+01 2.536783e+01 4.060000e+02
      vertex   -1.648788e+01 2.507874e+01 4.060000e+02
    endloop
  endfacet
  facet normal 7.980172e-01 6.026346e-01 -0.000000e+00
    outer loop
      vertex   -1.648788e+01 2.507874e+01 4.020000e+02
      vertex   -1.648788e+01 2.507874e+01 4.060000e+02
      vertex   -1.629327e+01 2.482103e+01 4.020000e+02
    endloop
  endfacet
  facet normal 7.980172e-01 6.026346e-01 -0.000000e+00
    outer loop
      vertex   -1.629327e+01 2.482103e+01 4.020000e+02
      vertex   -1.648788e+01 2.507874e+01 4.060000e+02
      vertex   -1.629327e+01 2.482103e+01 4.060000e+02
    endloop
  endfacet
  facet normal 6.736956e-01 7.390089e-01 -0.000000e+00
    outer loop
      vertex   -1.629327e+01 2.482103e+01 4.020000e+02
      vertex   -1.629327e+01 2.482103e+01 4.060000e+02
      vertex   -1.605461e+01 2.460347e+01 4.020000e+02
    endloop
  endfacet
  facet normal 6.736956e-01 7.390089e-01 -0.000000e+00
    outer loop
      vertex   -1.605461e+01 2.460347e+01 4.020000e+02
      vertex   -1.629327e+01 2.482103e+01 4.060000e+02
      vertex   -1.605461e+01 2.460347e+01 4.060000e+02
    endloop
  endfacet
  facet normal 5.264322e-01 8.502171e-01 -0.000000e+00
    outer loop
      vertex   -1.605461e+01 2.460347e+01 4.020000e+02
      vertex   -1.605461e+01 2.460347e+01 4.060000e+02
      vertex   -1.578004e+01 2.443346e+01 4.020000e+02
    endloop
  endfacet
  facet normal 5.264322e-01 8.502171e-01 -5.213617e-16
    outer loop
      vertex   -1.578004e+01 2.443346e+01 4.020000e+02
      vertex   -1.605461e+01 2.460347e+01 4.060000e+02
      vertex   -1.578004e+01 2.443346e+01 4.060000e+02
    endloop
  endfacet
  facet normal 3.612417e-01 9.324722e-01 -6.677782e-16
    outer loop
      vertex   -1.578004e+01 2.443346e+01 4.020000e+02
      vertex   -1.578004e+01 2.443346e+01 4.060000e+02
      vertex   -1.547891e+01 2.431681e+01 4.020000e+02
    endloop
  endfacet
  facet normal 3.612417e-01 9.324722e-01 -0.000000e+00
    outer loop
      vertex   -1.547891e+01 2.431681e+01 4.020000e+02
      vertex   -1.578004e+01 2.443346e+01 4.060000e+02
      vertex   -1.547891e+01 2.431681e+01 4.060000e+02
    endloop
  endfacet
  facet normal 1.837495e-01 9.829731e-01 -0.000000e+00
    outer loop
      vertex   -1.547891e+01 2.431681e+01 4.020000e+02
      vertex   -1.547891e+01 2.431681e+01 4.060000e+02
      vertex   -1.516147e+01 2.425747e+01 4.020000e+02
    endloop
  endfacet
  facet normal 1.837495e-01 9.829731e-01 -0.000000e+00
    outer loop
      vertex   -1.516147e+01 2.425747e+01 4.020000e+02
      vertex   -1.547891e+01 2.431681e+01 4.060000e+02
      vertex   -1.516147e+01 2.425747e+01 4.060000e+02
    endloop
  endfacet
  facet normal 0.000000e+00 1.000000e+00 0.000000e+00
    outer loop
      vertex   -1.516147e+01 2.425747e+01 4.020000e+02
      vertex   -1.516147e+01 2.425747e+01 4.060000e+02
      vertex   -1.483853e+01 2.425747e+01 4.020000e+02
    endloop
  endfacet
  facet normal 0.000000e+00 1.000000e+00 -0.000000e+00
    outer loop
      vertex   -1.483853e+01 2.425747e+01 4.020000e+02
      vertex   -1.516147e+01 2.425747e+01 4.060000e+02
      vertex   -1.483853e+01 2.425747e+01 4.060000e+02
    endloop
  endfacet
  facet normal -1.837495e-01 9.829731e-01 0.000000e+00
    outer loop
      vertex   -1.483853e+01 2.425747e+01 4.020000e+02
      vertex   -1.483853e+01 2.425747e+01 4.060000e+02
      vertex   -1.452109e+01 2.431681e+01 4.020000e+02
    endloop
  endfacet
  facet normal -1.837495e-01 9.829731e-01 8.160118e-17
    outer loop
      vertex   -1.452109e+01 2.431681e+01 4.020000e+02
      vertex   -1.483853e+01 2.425747e+01 4.060000e+02
      vertex   -1.452109e+01 2.431681e+01 4.060000e+02
    endloop
  endfacet
  facet normal -3.612417e-01 9.324722e-01 1.604235e-16
    outer loop
      vertex   -1.452109e+01 2.431681e+01 4.020000e+02
      vertex   -1.452109e+01 2.431681e+01 4.060000e+02
      vertex   -1.421996e+01 2.443346e+01 4.020000e+02
    endloop
  endfacet
  facet normal -3.612417e-01 9.324722e-01 0.000000e+00
    outer loop
      vertex   -1.421996e+01 2.443346e+01 4.020000e+02
      vertex   -1.452109e+01 2.431681e+01 4.060000e+02
      vertex   -1.421996e+01 2.443346e+01 4.060000e+02
    endloop
  endfacet
  facet normal -5.264322e-01 8.502171e-01 0.000000e+00
    outer loop
      vertex   -1.421996e+01 2.443346e+01 4.020000e+02
      vertex   -1.421996e+01 2.443346e+01 4.060000e+02
      vertex   -1.394539e+01 2.460347e+01 4.020000e+02
    endloop
  endfacet
  facet normal -5.264322e-01 8.502171e-01 0.000000e+00
    outer loop
      vertex   -1.394539e+01 2.460347e+01 4.020000e+02
      vertex   -1.421996e+01 2.443346e+01 4.060000e+02
      vertex   -1.394539e+01 2.460347e+01 4.060000e+02
    endloop
  endfacet
  facet normal -6.736956e-01 7.390089e-01 0.000000e+00
    outer loop
      vertex   -1.394539e+01 2.460347e+01 4.020000e+02
      vertex   -1.394539e+01 2.460347e+01 4.060000e+02
      vertex   -1.370673e+01 2.482103e+01 4.020000e+02
    endloop
  endfacet
  facet normal -6.736956e-01 7.390089e-01 0.000000e+00
    outer loop
      vertex   -1.370673e+01 2.482103e+01 4.020000e+02
      vertex   -1.394539e+01 2.460347e+01 4.060000e+02
      vertex   -1.370673e+01 2.482103e+01 4.060000e+02
    endloop
  endfacet
  facet normal -7.980172e-01 6.026346e-01 0.000000e+00
    outer loop
      vertex   -1.370673e+01 2.482103e+01 4.020000e+02
      vertex   -1.370673e+01 2.482103e+01 4.060000e+02
      vertex   -1.351212e+01 2.507874e+01 4.020000e+02
    endloop
  endfacet
  facet normal -7.980172e-01 6.026346e-01 0.000000e+00
    outer loop
      vertex   -1.351212e+01 2.507874e+01 4.020000e+02
      vertex   -1.370673e+01 2.482103e+01 4.060000e+02
      vertex   -1.351212e+01 2.507874e+01 4.060000e+02
    endloop
  endfacet
  facet normal -8.951633e-01 4.457384e-01 0.000000e+00
    outer loop
      vertex   -1.351212e+01 2.507874e+01 4.020000e+02
      vertex   -1.351212e+01 2.507874e+01 4.060000e+02
      vertex   -1.336817e+01 2.536783e+01 4.020000e+02
    endloop
  endfacet
  facet normal -8.951633e-01 4.457384e-01 3.958952e-16
    outer loop
      vertex   -1.336817e+01 2.536783e+01 4.020000e+02
      vertex   -1.351212e+01 2.507874e+01 4.060000e+02
      vertex   -1.336817e+01 2.536783e+01 4.060000e+02
    endloop
  endfacet
  facet normal -9.618256e-01 2.736630e-01 2.430616e-16
    outer loop
      vertex   -1.336817e+01 2.536783e+01 4.020000e+02
      vertex   -1.336817e+01 2.536783e+01 4.060000e+02
      vertex   -1.327980e+01 2.567844e+01 4.020000e+02
    endloop
  endfacet
  facet normal -9.618256e-01 2.736630e-01 0.000000e+00
    outer loop
      vertex   -1.327980e+01 2.567844e+01 4.020000e+02
      vertex   -1.336817e+01 2.536783e+01 4.060000e+02
      vertex   -1.327980e+01 2.567844e+01 4.060000e+02
    endloop
  endfacet
  facet normal -9.957342e-01 9.226836e-02 0.000000e+00
    outer loop
      vertex   1.672020e+01 2.567844e+01 4.020000e+02
      vertex   1.672020e+01 2.567844e+01 4.060000e+02
      vertex   1.675000e+01 2.600000e+01 4.020000e+02
    endloop
  endfacet
  facet normal -9.957342e-01 9.226836e-02 3.095364e-14
    outer loop
      vertex   1.675000e+01 2.600000e+01 4.020000e+02
      vertex   1.672020e+01 2.567844e+01 4.060000e+02
      vertex   1.675000e+01 2.600000e+01 4.060000e+02
    endloop
  endfacet
  facet normal -9.957342e-01 -9.226836e-02 3.095364e-14
    outer loop
      vertex   1.675000e+01 2.600000e+01 4.020000e+02
      vertex   1.675000e+01 2.600000e+01 4.060000e+02
      vertex   1.672020e+01 2.632156e+01 4.020000e+02
    endloop
  endfacet
  facet normal -9.957342e-01 -9.226836e-02 0.000000e+00
    outer loop
      vertex   1.672020e+01 2.632156e+01 4.020000e+02
      vertex   1.675000e+01 2.600000e+01 4.060000e+02
      vertex   1.672020e+01 2.632156e+01 4.060000e+02
    endloop
  endfacet
  facet normal -9.618256e-01 -2.736630e-01 0.000000e+00
    outer loop
      vertex   1.672020e+01 2.632156e+01 4.020000e+02
      vertex   1.672020e+01 2.632156e+01 4.060000e+02
      vertex   1.663183e+01 2.663217e+01 4.020000e+02
    endloop
  endfacet
  facet normal -9.618256e-01 -2.736630e-01 0.000000e+00
    outer loop
      vertex   1.663183e+01 2.663217e+01 4.020000e+02
      vertex   1.672020e+01 2.632156e+01 4.060000e+02
      vertex   1.663183e+01 2.663217e+01 4.060000e+02
    endloop
  endfacet
  facet normal -8.951633e-01 -4.457384e-01 0.000000e+00
    outer loop
      vertex   1.663183e+01 2.663217e+01 4.020000e+02
      vertex   1.663183e+01 2.663217e+01 4.060000e+02
      vertex   1.648788e+01 2.692126e+01 4.020000e+02
    endloop
  endfacet
  facet normal -8.951633e-01 -4.457384e-01 0.000000e+00
    outer loop
      vertex   1.648788e+01 2.692126e+01 4.020000e+02
      vertex   1.663183e+01 2.663217e+01 4.060000e+02
      vertex   1.648788e+01 2.692126e+01 4.060000e+02
    endloop
  endfacet
  facet normal -7.980172e-01 -6.026346e-01 0.000000e+00
    outer loop
      vertex   1.648788e+01 2.692126e+01 4.020000e+02
      vertex   1.648788e+01 2.692126e+01 4.060000e+02
      vertex   1.629327e+01 2.717897e+01 4.020000e+02
    endloop
  endfacet
  facet normal -7.980172e-01 -6.026346e-01 0.000000e+00
    outer loop
      vertex   1.629327e+01 2.717897e+01 4.020000e+02
      vertex   1.648788e+01 2.692126e+01 4.060000e+02
      vertex   1.629327e+01 2.717897e+01 4.060000e+02
    endloop
  endfacet
  facet normal -6.736956e-01 -7.390089e-01 0.000000e+00
    outer loop
      vertex   1.629327e+01 2.717897e+01 4.020000e+02
      vertex   1.629327e+01 2.717897e+01 4.060000e+02
      vertex   1.605461e+01 2.739653e+01 4.020000e+02
    endloop
  endfacet
  facet normal -6.736956e-01 -7.390089e-01 0.000000e+00
    outer loop
      vertex   1.605461e+01 2.739653e+01 4.020000e+02
      vertex   1.629327e+01 2.717897e+01 4.060000e+02
      vertex   1.605461e+01 2.739653e+01 4.060000e+02
    endloop
  endfacet
  facet normal -5.264322e-01 -8.502171e-01 0.000000e+00
    outer loop
      vertex   1.605461e+01 2.739653e+01 4.020000e+02
      vertex   1.605461e+01 2.739653e+01 4.060000e+02
      vertex   1.578004e+01 2.756654e+01 4.020000e+02
    endloop
  endfacet
  facet normal -5.264322e-01 -8.502171e-01 7.551445e-16
    outer loop
      vertex   1.578004e+01 2.756654e+01 4.020000e+02
      vertex   1.605461e+01 2.739653e+01 4.060000e+02
      vertex   1.578004e+01 2.756654e+01 4.060000e+02
    endloop
  endfacet
  facet normal -3.612417e-01 -9.324722e-01 8.282017e-16
    outer loop
      vertex   1.578004e+01 2.756654e+01 4.020000e+02
      vertex   1.578004e+01 2.756654e+01 4.060000e+02
      vertex   1.547891e+01 2.768320e+01 4.020000e+02
    endloop
  endfacet
  facet normal -3.612417e-01 -9.324722e-01 1.604235e-16
    outer loop
      vertex   1.547891e+01 2.768320e+01 4.020000e+02
      vertex   1.578004e+01 2.756654e+01 4.060000e+02
      vertex   1.547891e+01 2.768320e+01 4.060000e+02
    endloop
  endfacet
  facet normal -1.837495e-01 -9.829731e-01 8.160118e-17
    outer loop
      vertex   1.547891e+01 2.768320e+01 4.020000e+02
      vertex   1.547891e+01 2.768320e+01 4.060000e+02
      vertex   1.516147e+01 2.774254e+01 4.020000e+02
    endloop
  endfacet
  facet normal -1.837495e-01 -9.829731e-01 0.000000e+00
    outer loop
      vertex   1.516147e+01 2.774254e+01 4.020000e+02
      vertex   1.547891e+01 2.768320e+01 4.060000e+02
      vertex   1.516147e+01 2.774254e+01 4.060000e+02
    endloop
  endfacet
  facet normal 0.000000e+00 -1.000000e+00 0.000000e+00
    outer loop
      vertex   1.516147e+01 2.774254e+01 4.020000e+02
      vertex   1.516147e+01 2.774254e+01 4.060000e+02
      vertex   1.483853e+01 2.774254e+01 4.020000e+02
    endloop
  endfacet
  facet normal 0.000000e+00 -1.000000e+00 0.000000e+00
    outer loop
      vertex   1.483853e+01 2.774254e+01 4.020000e+02
      vertex   1.516147e+01 2.774254e+01 4.060000e+02
      vertex   1.483853e+01 2.774254e+01 4.060000e+02
    endloop
  endfacet
  facet normal 1.837495e-01 -9.829731e-01 0.000000e+00
    outer loop
      vertex   1.483853e+01 2.774254e+01 4.020000e+02
      vertex   1.483853e+01 2.774254e+01 4.060000e+02
      vertex   1.452109e+01 2.768320e+01 4.020000e+02
    endloop
  endfacet
  facet normal 1.837495e-01 -9.829731e-01 1.664510e-15
    outer loop
      vertex   1.452109e+01 2.768320e+01 4.020000e+02
      vertex   1.483853e+01 2.774254e+01 4.060000e+02
      vertex   1.452109e+01 2.768320e+01 4.060000e+02
    endloop
  endfacet
  facet normal 3.612417e-01 -9.324722e-01 1.495980e-15
    outer loop
      vertex   1.452109e+01 2.768320e+01 4.020000e+02
      vertex   1.452109e+01 2.768320e+01 4.060000e+02
      vertex   1.421996e+01 2.756654e+01 4.020000e+02
    endloop
  endfacet
  facet normal 3.612417e-01 -9.324722e-01 0.000000e+00
    outer loop
      vertex   1.421996e+01 2.756654e+01 4.020000e+02
      vertex   1.452109e+01 2.768320e+01 4.060000e+02
      vertex   1.421996e+01 2.756654e+01 4.060000e+02
    endloop
  endfacet
  facet normal 5.264322e-01 -8.502171e-01 0.000000e+00
    outer loop
      vertex   1.421996e+01 2.756654e+01 4.020000e+02
      vertex   1.421996e+01 2.756654e+01 4.060000e+02
      vertex   1.394539e+01 2.739653e+01 4.020000e+02
    endloop
  endfacet
  facet normal 5.264322e-01 -8.502171e-01 -2.337828e-16
    outer loop
      vertex   1.394539e+01 2.739653e+01 4.020000e+02
      vertex   1.421996e+01 2.756654e+01 4.060000e+02
      vertex   1.394539e+01 2.739653e+01 4.060000e+02
    endloop
  endfacet
  facet normal 6.736956e-01 -7.390089e-01 -2.991810e-16
    outer loop
      vertex   1.394539e+01 2.739653e+01 4.020000e+02
      vertex   1.394539e+01 2.739653e+01 4.060000e+02
      vertex   1.370673e+01 2.717897e+01 4.020000e+02
    endloop
  endfacet
  facet normal 6.736956e-01 -7.390089e-01 0.000000e+00
    outer loop
      vertex   1.370673e+01 2.717897e+01 4.020000e+02
      vertex   1.394539e+01 2.739653e+01 4.060000e+02
      vertex   1.370673e+01 2.717897e+01 4.060000e+02
    endloop
  endfacet
  facet normal 7.980172e-01 -6.026346e-01 0.000000e+00
    outer loop
      vertex   1.370673e+01 2.717897e+01 4.020000e+02
      vertex   1.370673e+01 2.717897e+01 4.060000e+02
      vertex   1.351212e+01 2.692126e+01 4.020000e+02
    endloop
  endfacet
  facet normal 7.980172e-01 -6.026346e-01 0.000000e+00
    outer loop
      vertex   1.351212e+01 2.692126e+01 4.020000e+02
      vertex   1.370673e+01 2.717897e+01 4.060000e+02
      vertex   1.351212e+01 2.692126e+01 4.060000e+02
    endloop
  endfacet
  facet normal 8.951633e-01 -4.457384e-01 0.000000e+00
    outer loop
      vertex   1.351212e+01 2.692126e+01 4.020000e+02
      vertex   1.351212e+01 2.692126e+01 4.060000e+02
      vertex   1.336817e+01 2.663217e+01 4.020000e+02
    endloop
  endfacet
  facet normal 8.951633e-01 -4.457384e-01 0.000000e+00
    outer loop
      vertex   1.336817e+01 2.663217e+01 4.020000e+02
      vertex   1.351212e+01 2.692126e+01 4.060000e+02
      vertex   1.336817e+01 2.663217e+01 4.060000e+02
    endloop
  endfacet
  facet normal 9.618256e-01 -2.736630e-01 0.000000e+00
    outer loop
      vertex   1.336817e+01 2.663217e+01 4.020000e+02
      vertex   1.336817e+01 2.663217e+01 4.060000e+02
      vertex   1.327980e+01 2.632156e+01 4.020000e+02
    endloop
  endfacet
  facet normal 9.618256e-01 -2.736630e-01 0.000000e+00
    outer loop
      vertex   1.327980e+01 2.632156e+01 4.020000e+02
      vertex   1.336817e+01 2.663217e+01 4.060000e+02
      vertex   1.327980e+01 2.632156e+01 4.060000e+02
    endloop
  endfacet
  facet normal 9.957342e-01 -9.226836e-02 0.000000e+00
    outer loop
      vertex   1.327980e+01 2.632156e+01 4.020000e+02
      vertex   1.327980e+01 2.632156e+01 4.060000e+02
      vertex   1.325000e+01 2.600000e+01 4.020000e+02
    endloop
  endfacet
  facet normal 9.957342e-01 -9.226836e-02 0.000000e+00
    outer loop
      vertex   1.325000e+01 2.600000e+01 4.020000e+02
      vertex   1.327980e+01 2.632156e+01 4.060000e+02
      vertex   1.325000e+01 2.600000e+01 4.060000e+02
    endloop
  endfacet
  facet normal 9.957342e-01 9.226836e-02 -0.000000e+00
    outer loop
      vertex   1.325000e+01 2.600000e+01 4.020000e+02
      vertex   1.325000e+01 2.600000e+01 4.060000e+02
      vertex   1.327980e+01 2.567844e+01 4.020000e+02
    endloop
  endfacet
  facet normal 9.957342e-01 9.226836e-02 -0.000000e+00
    outer loop
      vertex   1.327980e+01 2.567844e+01 4.020000e+02
      vertex   1.325000e+01 2.600000e+01 4.060000e+02
      vertex   1.327980e+01 2.567844e+01 4.060000e+02
    endloop
  endfacet
  facet normal 9.618256e-01 2.736630e-01 -0.000000e+00
    outer loop
      vertex   1.327980e+01 2.567844e+01 4.020000e+02
      vertex   1.327980e+01 2.567844e+01 4.060000e+02
      vertex   1.336817e+01 2.536783e+01 4.020000e+02
    endloop
  endfacet
  facet normal 9.618256e-01 2.736630e-01 -0.000000e+00
    outer loop
      vertex   1.336817e+01 2.536783e+01 4.020000e+02
      vertex   1.327980e+01 2.567844e+01 4.060000e+02
      vertex   1.336817e+01 2.536783e+01 4.060000e+02
    endloop
  endfacet
  facet normal 8.951633e-01 4.457384e-01 -0.000000e+00
    outer loop
      vertex   1.336817e+01 2.536783e+01 4.020000e+02
      vertex   1.336817e+01 2.536783e+01 4.060000e+02
      vertex   1.351212e+01 2.507874e+01 4.020000e+02
    endloop
  endfacet
  facet normal 8.951633e-01 4.457384e-01 -0.000000e+00
    outer loop
      vertex   1.351212e+01 2.507874e+01 4.020000e+02
      vertex   1.336817e+01 2.536783e+01 4.060000e+02
      vertex   1.351212e+01 2.507874e+01 4.060000e+02
    endloop
  endfacet
  facet normal 7.980172e-01 6.026346e-01 -0.000000e+00
    outer loop
      vertex   1.351212e+01 2.507874e+01 4.020000e+02
      vertex   1.351212e+01 2.507874e+01 4.060000e+02
      vertex   1.370673e+01 2.482103e+01 4.020000e+02
    endloop
  endfacet
  facet normal 7.980172e-01 6.026346e-01 -0.000000e+00
    outer loop
      vertex   1.370673e+01 2.482103e+01 4.020000e+02
      vertex   1.351212e+01 2.507874e+01 4.060000e+02
      vertex   1.370673e+01 2.482103e+01 4.060000e+02
    endloop
  endfacet
  facet normal 6.736956e-01 7.390089e-01 -0.000000e+00
    outer loop
      vertex   1.370673e+01 2.482103e+01 4.020000e+02
      vertex   1.370673e+01 2.482103e+01 4.060000e+02
      vertex   1.394539e+01 2.460347e+01 4.020000e+02
    endloop
  endfacet
  facet normal 6.736956e-01 7.390089e-01 -0.000000e+00
    outer loop
      vertex   1.394539e+01 2.460347e+01 4.020000e+02
      vertex   1.370673e+01 2.482103e+01 4.060000e+02
      vertex   1.394539e+01 2.460347e+01 4.060000e+02
    endloop
  endfacet
  facet normal 5.264322e-01 8.502171e-01 -0.000000e+00
    outer loop
      vertex   1.394539e+01 2.460347e+01 4.020000e+02
      vertex   1.394539e+01 2.460347e+01 4.060000e+02
      vertex   1.421996e+01 2.443346e+01 4.020000e+02
    endloop
  endfacet
  facet normal 5.264322e-01 8.502171e-01 -5.213617e-16
    outer loop
      vertex   1.421996e+01 2.443346e+01 4.020000e+02
      vertex   1.394539e+01 2.460347e+01 4.060000e+02
      vertex   1.421996e+01 2.443346e+01 4.060000e+02
    endloop
  endfacet
  facet normal 3.612417e-01 9.324722e-01 -6.677782e-16
    outer loop
      vertex   1.421996e+01 2.443346e+01 4.020000e+02
      vertex   1.421996e+01 2.443346e+01 4.060000e+02
      vertex   1.452109e+01 2.431681e+01 4.020000e+02
    endloop
  endfacet
  facet normal 3.612417e-01 9.324722e-01 -0.000000e+00
    outer loop
      vertex   1.452109e+01 2.431681e+01 4.020000e+02
      vertex   1.421996e+01 2.443346e+01 4.060000e+02
      vertex   1.452109e+01 2.431681e+01 4.060000e+02
    endloop
  endfacet
  facet normal 1.837495e-01 9.829731e-01 -0.000000e+00
    outer loop
      vertex   1.452109e+01 2.431681e+01 4.020000e+02
      vertex   1.452109e+01 2.431681e+01 4.060000e+02
      vertex   1.483853e+01 2.425747e+01 4.020000e+02
    endloop
  endfacet
  facet normal 1.837495e-01 9.829731e-01 -0.000000e+00
    outer loop
      vertex   1.483853e+01 2.425747e+01 4.020000e+02
      vertex   1.452109e+01 2.431681e+01 4.060000e+02
      vertex   1.483853e+01 2.425747e+01 4.060000e+02
    endloop
  endfacet
  facet normal 0.000000e+00 1.000000e+00 0.000000e+00
    outer loop
      vertex   1.483853e+01 2.425747e+01 4.020000e+02
      vertex   1.483853e+01 2.425747e+01 4.060000e+02
      vertex   1.516147e+01 2.425747e+01 4.020000e+02
    endloop
  endfacet
  facet normal 0.000000e+00 1.000000e+00 -0.000000e+00
    outer loop
      vertex   1.516147e+01 2.425747e+01 4.020000e+02
      vertex   1.483853e+01 2.425747e+01 4.060000e+02
      vertex   1.516147e+01 2.425747e+01 4.060000e+02
    endloop
  endfacet
  facet normal -1.837495e-01 9.829731e-01 0.000000e+00
    outer loop
      vertex   1.516147e+01 2.425747e+01 4.020000e+02
      vertex   1.516147e+01 2.425747e+01 4.060000e+02
      vertex   1.547891e+01 2.431681e+01 4.020000e+02
    endloop
  endfacet
  facet normal -1.837495e-01 9.829731e-01 8.160118e-17
    outer loop
      vertex   1.547891e+01 2.431681e+01 4.020000e+02
      vertex   1.516147e+01 2.425747e+01 4.060000e+02
      vertex   1.547891e+01 2.431681e+01 4.060000e+02
    endloop
  endfacet
  facet normal -3.612417e-01 9.324722e-01 1.604235e-16
    outer loop
      vertex   1.547891e+01 2.431681e+01 4.020000e+02
      vertex   1.547891e+01 2.431681e+01 4.060000e+02
      vertex   1.578004e+01 2.443346e+01 4.020000e+02
    endloop
  endfacet
  facet normal -3.612417e-01 9.324722e-01 0.000000e+00
    outer loop
      vertex   1.578004e+01 2.443346e+01 4.020000e+02
      vertex   1.547891e+01 2.431681e+01 4.060000e+02
      vertex   1.578004e+01 2.443346e+01 4.060000e+02
    endloop
  endfacet
  facet normal -5.264322e-01 8.502171e-01 0.000000e+00
    outer loop
      vertex   1.578004e+01 2.443346e+01 4.020000e+02
      vertex   1.578004e+01 2.443346e+01 4.060000e+02
      vertex   1.605461e+01 2.460347e+01 4.020000e+02
    endloop
  endfacet
  facet normal -5.264322e-01 8.502171e-01 0.000000e+00
    outer loop
      vertex   1.605461e+01 2.460347e+01 4.020000e+02
      vertex   1.578004e+01 2.443346e+01 4.060000e+02
      vertex   1.605461e+01 2.460347e+01 4.060000e+02
    endloop
  endfacet
  facet normal -6.736956e-01 7.390089e-01 0.000000e+00
    outer loop
      vertex   1.605461e+01 2.460347e+01 4.020000e+02
      vertex   1.605461e+01 2.460347e+01 4.060000e+02
      vertex   1.629327e+01 2.482103e+01 4.020000e+02
    endloop
  endfacet
  facet normal -6.736956e-01 7.390089e-01 0.000000e+00
    outer loop
      vertex   1.629327e+01 2.482103e+01 4.020000e+02
      vertex   1.605461e+01 2.460347e+01 4.060000e+02
      vertex   1.629327e+01 2.482103e+01 4.060000e+02
    endloop
  endfacet
  facet normal -7.980172e-01 6.026346e-01 0.000000e+00
    outer loop
      vertex   1.629327e+01 2.482103e+01 4.020000e+02
      vertex   1.629327e+01 2.482103e+01 4.060000e+02
      vertex   1.648788e+01 2.507874e+01 4.020000e+02
    endloop
  endfacet
  facet normal -7.980172e-01 6.026346e-01 0.000000e+00
    outer loop
      vertex   1.648788e+01 2.507874e+01 4.020000e+02
      vertex   1.629327e+01 2.482103e+01 4.060000e+02
      vertex   1.648788e+01 2.507874e+01 4.060000e+02
    endloop
  endfacet
  facet normal -8.951633e-01 4.457384e-01 0.000000e+00
    outer loop
      vertex   1.648788e+01 2.507874e+01 4.020000e+02
      vertex   1.648788e+01 2.507874e+01 4.060000e+02
      vertex   1.663183e+01 2.536783e+01 4.020000e+02
    endloop
  endfacet
  facet normal -8.951633e-01 4.457384e-01 3.958952e-16
    outer loop
      vertex   1.663183e+01 2.536783e+01 4.020000e+02
      vertex   1.648788e+01 2.507874e+01 4.060000e+02
      vertex   1.663183e+01 2.536783e+01 4.060000e+02
    endloop
  endfacet
  facet normal -9.618256e-01 2.736630e-01 2.430616e-16
    outer loop
      vertex   1.663183e+01 2.536783e+01 4.020000e+02
      vertex   1.663183e+01 2.536783e+01 4.060000e+02
      vertex   1.672020e+01 2.567844e+01 4.020000e+02
    endloop
  endfacet
  facet normal -9.618256e-01 2.736630e-01 0.000000e+00
    outer loop
      vertex   1.672020e+01 2.567844e+01 4.020000e+02
      vertex   1.663183e+01 2.536783e+01 4.060000e+02
      vertex   1.672020e+01 2.567844e+01 4.060000e+02
    endloop
  endfacet
  facet normal 9.941380e-01 -1.081190e-01 0.000000e+00
    outer loop
      vertex   -1.220776e+00 2.226871e+01 4.000000e+02
      vertex   -1.220776e+00 2.226871e+01 4.060000e+02
      vertex   -1.250000e+00 2.200000e+01 4.000000e+02
    endloop
  endfacet
  facet normal 9.941380e-01 -1.081190e-01 -1.471620e-16
    outer loop
      vertex   -1.250000e+00 2.200000e+01 4.000000e+02
      vertex   -1.220776e+00 2.226871e+01 4.060000e+02
      vertex   -1.250000e+00 2.200000e+01 4.060000e+02
    endloop
  endfacet
  facet normal 9.941380e-01 1.081190e-01 -1.471620e-16
    outer loop
      vertex   -1.250000e+00 2.200000e+01 4.000000e+02
      vertex   -1.250000e+00 2.200000e+01 4.060000e+02
      vertex   -1.220776e+00 2.173129e+01 4.000000e+02
    endloop
  endfacet
  facet normal 9.941380e-01 1.081190e-01 -0.000000e+00
    outer loop
      vertex   -1.220776e+00 2.173129e+01 4.000000e+02
      vertex   -1.250000e+00 2.200000e+01 4.060000e+02
      vertex   -1.220776e+00 2.173129e+01 4.060000e+02
    endloop
  endfacet
  facet normal 9.476532e-01 3.193015e-01 -0.000000e+00
    outer loop
      vertex   -1.220776e+00 2.173129e+01 4.000000e+02
      vertex   -1.220776e+00 2.173129e+01 4.060000e+02
      vertex   -1.134469e+00 2.147514e+01 4.000000e+02
    endloop
  endfacet
  facet normal 9.476532e-01 3.193015e-01 -0.000000e+00
    outer loop
      vertex   -1.134469e+00 2.147514e+01 4.000000e+02
      vertex   -1.220776e+00 2.173129e+01 4.060000e+02
      vertex   -1.134469e+00 2.147514e+01 4.060000e+02
    endloop
  endfacet
  facet normal 8.568572e-01 5.155539e-01 -0.000000e+00
    outer loop
      vertex   -1.134469e+00 2.147514e+01 4.000000e+02
      vertex   -1.134469e+00 2.147514e+01 4.060000e+02
      vertex   -9.951163e-01 2.124353e+01 4.000000e+02
    endloop
  endfacet
  facet normal 8.568572e-01 5.155539e-01 -0.000000e+00
    outer loop
      vertex   -9.951163e-01 2.124353e+01 4.000000e+02
      vertex   -1.134469e+00 2.147514e+01 4.060000e+02
      vertex   -9.951163e-01 2.124353e+01 4.060000e+02
    endloop
  endfacet
  facet normal 7.259955e-01 6.876995e-01 -0.000000e+00
    outer loop
      vertex   -9.951163e-01 2.124353e+01 4.000000e+02
      vertex   -9.951163e-01 2.124353e+01 4.060000e+02
      vertex   -8.092329e-01 2.104730e+01 4.000000e+02
    endloop
  endfacet
  facet normal 7.259955e-01 6.876995e-01 -0.000000e+00
    outer loop
      vertex   -8.092329e-01 2.104730e+01 4.000000e+02
      vertex   -9.951163e-01 2.124353e+01 4.060000e+02
      vertex   -8.092329e-01 2.104730e+01 4.060000e+02
    endloop
  endfacet
  facet normal 5.611871e-01 8.276890e-01 -0.000000e+00
    outer loop
      vertex   -8.092329e-01 2.104730e+01 4.000000e+02
      vertex   -8.092329e-01 2.104730e+01 4.060000e+02
      vertex   -5.855106e-01 2.089561e+01 4.000000e+02
    endloop
  endfacet
  facet normal 5.611871e-01 8.276890e-01 -0.000000e+00
    outer loop
      vertex   -5.855106e-01 2.089561e+01 4.000000e+02
      vertex   -8.092329e-01 2.104730e+01 4.060000e+02
      vertex   -5.855106e-01 2.089561e+01 4.060000e+02
    endloop
  endfacet
  facet normal 3.701382e-01 9.289767e-01 -0.000000e+00
    outer loop
      vertex   -5.855106e-01 2.089561e+01 4.000000e+02
      vertex   -5.855106e-01 2.089561e+01 4.060000e+02
      vertex   -3.344104e-01 2.079556e+01 4.000000e+02
    endloop
  endfacet
  facet normal 3.701382e-01 9.289767e-01 -0.000000e+00
    outer loop
      vertex   -3.344104e-01 2.079556e+01 4.000000e+02
      vertex   -5.855106e-01 2.089561e+01 4.060000e+02
      vertex   -3.344104e-01 2.079556e+01 4.060000e+02
    endloop
  endfacet
  facet normal 1.617820e-01 9.868265e-01 -0.000000e+00
    outer loop
      vertex   -3.344104e-01 2.079556e+01 4.000000e+02
      vertex   -3.344104e-01 2.079556e+01 4.060000e+02
      vertex   -6.767364e-02 2.075183e+01 4.000000e+02
    endloop
  endfacet
  facet normal 1.617820e-01 9.868265e-01 -0.000000e+00
    outer loop
      vertex   -6.767364e-02 2.075183e+01 4.000000e+02
      vertex   -3.344104e-01 2.079556e+01 4.060000e+02
      vertex   -6.767364e-02 2.075183e+01 4.060000e+02
    endloop
  endfacet
  facet normal -5.413891e-02 9.985334e-01 0.000000e+00
    outer loop
      vertex   -6.767364e-02 2.075183e+01 4.000000e+02
      vertex   -6.767364e-02 2.075183e+01 4.060000e+02
      vertex   2.022275e-01 2.076647e+01 4.000000e+02
    endloop
  endfacet
  facet normal -5.413891e-02 9.985334e-01 0.000000e+00
    outer loop
      vertex   2.022275e-01 2.076647e+01 4.000000e+02
      vertex   -6.767364e-02 2.075183e+01 4.060000e+02
      vertex   2.022275e-01 2.076647e+01 4.060000e+02
    endloop
  endfacet
  facet normal -2.675283e-01 9.635500e-01 0.000000e+00
    outer loop
      vertex   2.022275e-01 2.076647e+01 4.000000e+02
      vertex   2.022275e-01 2.076647e+01 4.060000e+02
      vertex   4.626727e-01 2.083878e+01 4.000000e+02
    endloop
  endfacet
  facet normal -2.675283e-01 9.635500e-01 0.000000e+00
    outer loop
      vertex   4.626727e-01 2.083878e+01 4.000000e+02
      vertex   2.022275e-01 2.076647e+01 4.060000e+02
      vertex   4.626727e-01 2.083878e+01 4.060000e+02
    endloop
  endfacet
  facet normal -4.684084e-01 8.835120e-01 0.000000e+00
    outer loop
      vertex   4.626727e-01 2.083878e+01 4.000000e+02
      vertex   4.626727e-01 2.083878e+01 4.060000e+02
      vertex   7.014838e-01 2.096539e+01 4.000000e+02
    endloop
  endfacet
  facet normal -4.684084e-01 8.835120e-01 0.000000e+00
    outer loop
      vertex   7.014838e-01 2.096539e+01 4.000000e+02
      vertex   4.626727e-01 2.083878e+01 4.060000e+02
      vertex   7.014838e-01 2.096539e+01 4.060000e+02
    endloop
  endfacet
  facet normal -6.473863e-01 7.621621e-01 0.000000e+00
    outer loop
      vertex   7.014838e-01 2.096539e+01 4.000000e+02
      vertex   7.014838e-01 2.096539e+01 4.060000e+02
      vertex   9.074944e-01 2.114038e+01 4.000000e+02
    endloop
  endfacet
  facet normal -6.473863e-01 7.621621e-01 0.000000e+00
    outer loop
      vertex   9.074944e-01 2.114038e+01 4.000000e+02
      vertex   7.014838e-01 2.096539e+01 4.060000e+02
      vertex   9.074944e-01 2.114038e+01 4.060000e+02
    endloop
  endfacet
  facet normal -7.960931e-01 6.051742e-01 0.000000e+00
    outer loop
      vertex   9.074944e-01 2.114038e+01 4.000000e+02
      vertex   9.074944e-01 2.114038e+01 4.060000e+02
      vertex   1.071071e+00 2.135556e+01 4.000000e+02
    endloop
  endfacet
  facet normal -7.960931e-01 6.051742e-01 0.000000e+00
    outer loop
      vertex   1.071071e+00 2.135556e+01 4.000000e+02
      vertex   9.074944e-01 2.114038e+01 4.060000e+02
      vertex   1.071071e+00 2.135556e+01 4.060000e+02
    endloop
  endfacet
  facet normal -9.075754e-01 4.198891e-01 0.000000e+00
    outer loop
      vertex   1.071071e+00 2.135556e+01 4.000000e+02
      vertex   1.071071e+00 2.135556e+01 4.060000e+02
      vertex   1.184566e+00 2.160087e+01 4.000000e+02
    endloop
  endfacet
  facet normal -9.075754e-01 4.198891e-01 0.000000e+00
    outer loop
      vertex   1.184566e+00 2.160087e+01 4.000000e+02
      vertex   1.071071e+00 2.135556e+01 4.060000e+02
      vertex   1.184566e+00 2.160087e+01 4.060000e+02
    endloop
  endfacet
  facet normal -9.766206e-01 2.149704e-01 0.000000e+00
    outer loop
      vertex   1.184566e+00 2.160087e+01 4.000000e+02
      vertex   1.184566e+00 2.160087e+01 4.060000e+02
      vertex   1.242672e+00 2.186485e+01 4.000000e+02
    endloop
  endfacet
  facet normal -9.766206e-01 2.149704e-01 0.000000e+00
    outer loop
      vertex   1.242672e+00 2.186485e+01 4.000000e+02
      vertex   1.184566e+00 2.160087e+01 4.060000e+02
      vertex   1.242672e+00 2.186485e+01 4.060000e+02
    endloop
  endfacet
  facet normal -1.000000e+00 0.000000e+00 0.000000e+00
    outer loop
      vertex   1.242672e+00 2.186485e+01 4.000000e+02
      vertex   1.242672e+00 2.186485e+01 4.060000e+02
      vertex   1.242672e+00 2.213515e+01 4.000000e+02
    endloop
  endfacet
  facet normal -1.000000e+00 0.000000e+00 0.000000e+00
    outer loop
      vertex   1.242672e+00 2.213515e+01 4.000000e+02
      vertex   1.242672e+00 2.186485e+01 4.060000e+02
      vertex   1.242672e+00 2.213515e+01 4.060000e+02
    endloop
  endfacet
  facet normal -9.766206e-01 -2.149704e-01 0.000000e+00
    outer loop
      vertex   1.242672e+00 2.213515e+01 4.000000e+02
      vertex   1.242672e+00 2.213515e+01 4.060000e+02
      vertex   1.184566e+00 2.239913e+01 4.000000e+02
    endloop
  endfacet
  facet normal -9.766206e-01 -2.149704e-01 0.000000e+00
    outer loop
      vertex   1.184566e+00 2.239913e+01 4.000000e+02
      vertex   1.242672e+00 2.213515e+01 4.060000e+02
      vertex   1.184566e+00 2.239913e+01 4.060000e+02
    endloop
  endfacet
  facet normal -9.075754e-01 -4.198891e-01 0.000000e+00
    outer loop
      vertex   1.184566e+00 2.239913e+01 4.000000e+02
      vertex   1.184566e+00 2.239913e+01 4.060000e+02
      vertex   1.071071e+00 2.264444e+01 4.000000e+02
    endloop
  endfacet
  facet normal -9.075754e-01 -4.198891e-01 0.000000e+00
    outer loop
      vertex   1.071071e+00 2.264444e+01 4.000000e+02
      vertex   1.184566e+00 2.239913e+01 4.060000e+02
      vertex   1.071071e+00 2.264444e+01 4.060000e+02
    endloop
  endfacet
  facet normal -7.960931e-01 -6.051742e-01 0.000000e+00
    outer loop
      vertex   1.071071e+00 2.264444e+01 4.000000e+02
      vertex   1.071071e+00 2.264444e+01 4.060000e+02
      vertex   9.074944e-01 2.285962e+01 4.000000e+02
    endloop
  endfacet
  facet normal -7.960931e-01 -6.051742e-01 0.000000e+00
    outer loop
      vertex   9.074944e-01 2.285962e+01 4.000000e+02
      vertex   1.071071e+00 2.264444e+01 4.060000e+02
      vertex   9.074944e-01 2.285962e+01 4.060000e+02
    endloop
  endfacet
  facet normal -6.473863e-01 -7.621621e-01 0.000000e+00
    outer loop
      vertex   9.074944e-01 2.285962e+01 4.000000e+02
      vertex   9.074944e-01 2.285962e+01 4.060000e+02
      vertex   7.014838e-01 2.303461e+01 4.000000e+02
    endloop
  endfacet
  facet normal -6.473863e-01 -7.621621e-01 0.000000e+00
    outer loop
      vertex   7.014838e-01 2.303461e+01 4.000000e+02
      vertex   9.074944e-01 2.285962e+01 4.060000e+02
      vertex   7.014838e-01 2.303461e+01 4.060000e+02
    endloop
  endfacet
  facet normal -4.684084e-01 -8.835120e-01 0.000000e+00
    outer loop
      vertex   7.014838e-01 2.303461e+01 4.000000e+02
      vertex   7.014838e-01 2.303461e+01 4.060000e+02
      vertex   4.626727e-01 2.316122e+01 4.000000e+02
    endloop
  endfacet
  facet normal -4.684084e-01 -8.835120e-01 0.000000e+00
    outer loop
      vertex   4.626727e-01 2.316122e+01 4.000000e+02
      vertex   7.014838e-01 2.303461e+01 4.060000e+02
      vertex   4.626727e-01 2.316122e+01 4.060000e+02
    endloop
  endfacet
  facet normal -2.675283e-01 -9.635500e-01 0.000000e+00
    outer loop
      vertex   4.626727e-01 2.316122e+01 4.000000e+02
      vertex   4.626727e-01 2.316122e+01 4.060000e+02
      vertex   2.022275e-01 2.323353e+01 4.000000e+02
    endloop
  endfacet
  facet normal -2.675283e-01 -9.635500e-01 0.000000e+00
    outer loop
      vertex   2.022275e-01 2.323353e+01 4.000000e+02
      vertex   4.626727e-01 2.316122e+01 4.060000e+02
      vertex   2.022275e-01 2.323353e+01 4.060000e+02
    endloop
  endfacet
  facet normal -5.413891e-02 -9.985334e-01 0.000000e+00
    outer loop
      vertex   2.022275e-01 2.323353e+01 4.000000e+02
      vertex   2.022275e-01 2.323353e+01 4.060000e+02
      vertex   -6.767364e-02 2.324817e+01 4.000000e+02
    endloop
  endfacet
  facet normal -5.413891e-02 -9.985334e-01 0.000000e+00
    outer loop
      vertex   -6.767364e-02 2.324817e+01 4.000000e+02
      vertex   2.022275e-01 2.323353e+01 4.060000e+02
      vertex   -6.767364e-02 2.324817e+01 4.060000e+02
    endloop
  endfacet
  facet normal 1.617820e-01 -9.868265e-01 0.000000e+00
    outer loop
      vertex   -6.767364e-02 2.324817e+01 4.000000e+02
      vertex   -6.767364e-02 2.324817e+01 4.060000e+02
      vertex   -3.344104e-01 2.320444e+01 4.000000e+02
    endloop
  endfacet
  facet normal 1.617820e-01 -9.868265e-01 0.000000e+00
    outer loop
      vertex   -3.344104e-01 2.320444e+01 4.000000e+02
      vertex   -6.767364e-02 2.324817e+01 4.060000e+02
      vertex   -3.344104e-01 2.320444e+01 4.060000e+02
    endloop
  endfacet
  facet normal 3.701382e-01 -9.289767e-01 0.000000e+00
    outer loop
      vertex   -3.344104e-01 2.320444e+01 4.000000e+02
      vertex   -3.344104e-01 2.320444e+01 4.060000e+02
      vertex   -5.855106e-01 2.310439e+01 4.000000e+02
    endloop
  endfacet
  facet normal 3.701382e-01 -9.289767e-01 0.000000e+00
    outer loop
      vertex   -5.855106e-01 2.310439e+01 4.000000e+02
      vertex   -3.344104e-01 2.320444e+01 4.060000e+02
      vertex   -5.855106e-01 2.310439e+01 4.060000e+02
    endloop
  endfacet
  facet normal 5.611871e-01 -8.276890e-01 0.000000e+00
    outer loop
      vertex   -5.855106e-01 2.310439e+01 4.000000e+02
      vertex   -5.855106e-01 2.310439e+01 4.060000e+02
      vertex   -8.092329e-01 2.295270e+01 4.000000e+02
    endloop
  endfacet
  facet normal 5.611871e-01 -8.276890e-01 0.000000e+00
    outer loop
      vertex   -8.092329e-01 2.295270e+01 4.000000e+02
      vertex   -5.855106e-01 2.310439e+01 4.060000e+02
      vertex   -8.092329e-01 2.295270e+01 4.060000e+02
    endloop
  endfacet
  facet normal 7.259955e-01 -6.876995e-01 0.000000e+00
    outer loop
      vertex   -8.092329e-01 2.295270e+01 4.000000e+02
      vertex   -8.092329e-01 2.295270e+01 4.060000e+02
      vertex   -9.951163e-01 2.275647e+01 4.000000e+02
    endloop
  endfacet
  facet normal 7.259955e-01 -6.876995e-01 0.000000e+00
    outer loop
      vertex   -9.951163e-01 2.275647e+01 4.000000e+02
      vertex   -8.092329e-01 2.295270e+01 4.060000e+02
      vertex   -9.951163e-01 2.275647e+01 4.060000e+02
    endloop
  endfacet
  facet normal 8.568572e-01 -5.155539e-01 0.000000e+00
    outer loop
      vertex   -9.951163e-01 2.275647e+01 4.000000e+02
      vertex   -9.951163e-01 2.275647e+01 4.060000e+02
      vertex   -1.134469e+00 2.252486e+01 4.000000e+02
    endloop
  endfacet
  facet normal 8.568572e-01 -5.155539e-01 0.000000e+00
    outer loop
      vertex   -1.134469e+00 2.252486e+01 4.000000e+02
      vertex   -9.951163e-01 2.275647e+01 4.060000e+02
      vertex   -1.134469e+00 2.252486e+01 4.060000e+02
    endloop
  endfacet
  facet normal 9.476532e-01 -3.193015e-01 0.000000e+00
    outer loop
      vertex   -1.134469e+00 2.252486e+01 4.000000e+02
      vertex   -1.134469e+00 2.252486e+01 4.060000e+02
      vertex   -1.220776e+00 2.226871e+01 4.000000e+02
    endloop
  endfacet
  facet normal 9.476532e-01 -3.193015e-01 0.000000e+00
    outer loop
      vertex   -1.220776e+00 2.226871e+01 4.000000e+02
      vertex   -1.134469e+00 2.252486e+01 4.060000e+02
      vertex   -1.220776e+00 2.226871e+01 4.060000e+02
    endloop
  endfacet
  facet normal 4.078859e-02 9.991678e-01 1.037712e-18
    outer loop
      vertex   -7.335836e-01 1.702995e+01 3.910000e+02
      vertex   -1.942890e-15 1.700000e+01 4.000000e+02
      vertex   -1.809344e-15 1.700000e+01 3.910000e+02
    endloop
  endfacet
  facet normal -4.078859e-02 9.991678e-01 -6.052413e-19
    outer loop
      vertex   -1.809344e-15 1.700000e+01 3.910000e+02
      vertex   -1.942890e-15 1.700000e+01 4.000000e+02
      vertex   7.335836e-01 1.702995e+01 4.000000e+02
    endloop
  endfacet
  facet normal -4.078859e-02 9.991678e-01 -4.166482e-18
    outer loop
      vertex   -1.809344e-15 1.700000e+01 3.910000e+02
      vertex   7.335836e-01 1.702995e+01 4.000000e+02
      vertex   7.335836e-01 1.702995e+01 3.910000e+02
    endloop
  endfacet
  facet normal -1.220943e-01 9.925185e-01 -1.204906e-17
    outer loop
      vertex   7.335836e-01 1.702995e+01 3.910000e+02
      vertex   7.335836e-01 1.702995e+01 4.000000e+02
      vertex   1.462285e+00 1.711959e+01 4.000000e+02
    endloop
  endfacet
  facet normal -1.220943e-01 9.925185e-01 -4.137425e-17
    outer loop
      vertex   7.335836e-01 1.702995e+01 3.910000e+02
      vertex   1.462285e+00 1.711959e+01 4.000000e+02
      vertex   1.462285e+00 1.711959e+01 3.910000e+02
    endloop
  endfacet
  facet normal -2.025875e-01 9.792642e-01 -6.997428e-17
    outer loop
      vertex   1.462285e+00 1.711959e+01 3.910000e+02
      vertex   1.462285e+00 1.711959e+01 4.000000e+02
      vertex   2.181256e+00 1.726833e+01 4.000000e+02
    endloop
  endfacet
  facet normal -2.025875e-01 9.792642e-01 -7.017086e-17
    outer loop
      vertex   1.462285e+00 1.711959e+01 3.910000e+02
      vertex   2.181256e+00 1.726833e+01 4.000000e+02
      vertex   2.181256e+00 1.726833e+01 3.910000e+02
    endloop
  endfacet
  facet normal -2.817326e-01 9.594930e-01 -9.731119e-17
    outer loop
      vertex   2.181256e+00 1.726833e+01 3.910000e+02
      vertex   2.181256e+00 1.726833e+01 4.000000e+02
      vertex   2.885710e+00 1.747517e+01 4.000000e+02
    endloop
  endfacet
  facet normal -2.817326e-01 9.594930e-01 -1.683407e-16
    outer loop
      vertex   2.181256e+00 1.726833e+01 3.910000e+02
      vertex   2.885710e+00 1.747517e+01 4.000000e+02
      vertex   2.885710e+00 1.747517e+01 3.910000e+02
    endloop
  endfacet
  facet normal -3.590027e-01 9.333365e-01 -2.125723e-16
    outer loop
      vertex   2.885710e+00 1.747517e+01 3.910000e+02
      vertex   2.885710e+00 1.747517e+01 4.000000e+02
      vertex   3.570961e+00 1.773875e+01 4.000000e+02
    endloop
  endfacet
  facet normal -3.590027e-01 9.333365e-01 1.929571e-16
    outer loop
      vertex   2.885710e+00 1.747517e+01 3.910000e+02
      vertex   3.570961e+00 1.773875e+01 4.000000e+02
      vertex   3.570961e+00 1.773875e+01 3.910000e+02
    endloop
  endfacet
  facet normal -4.338837e-01 9.009689e-01 1.415615e-16
    outer loop
      vertex   3.570961e+00 1.773875e+01 3.910000e+02
      vertex   3.570961e+00 1.773875e+01 4.000000e+02
      vertex   4.232447e+00 1.805731e+01 4.000000e+02
    endloop
  endfacet
  facet normal -4.338837e-01 9.009689e-01 -2.159052e-16
    outer loop
      vertex   3.570961e+00 1.773875e+01 3.910000e+02
      vertex   4.232447e+00 1.805731e+01 4.000000e+02
      vertex   4.232447e+00 1.805731e+01 3.910000e+02
    endloop
  endfacet
  facet normal -5.058774e-01 8.626054e-01 -2.496163e-16
    outer loop
      vertex   4.232447e+00 1.805731e+01 3.910000e+02
      vertex   4.232447e+00 1.805731e+01 4.000000e+02
      vertex   4.865767e+00 1.842872e+01 4.000000e+02
    endloop
  endfacet
  facet normal -5.058774e-01 8.626054e-01 3.995461e-17
    outer loop
      vertex   4.232447e+00 1.805731e+01 3.910000e+02
      vertex   4.865767e+00 1.842872e+01 4.000000e+02
      vertex   4.865767e+00 1.842872e+01 3.910000e+02
    endloop
  endfacet
  facet normal -5.745044e-01 8.185015e-01 -1.707481e-17
    outer loop
      vertex   4.865767e+00 1.842872e+01 3.910000e+02
      vertex   4.865767e+00 1.842872e+01 4.000000e+02
      vertex   5.466707e+00 1.885052e+01 4.000000e+02
    endloop
  endfacet
  facet normal -5.745044e-01 8.185015e-01 -5.861922e-16
    outer loop
      vertex   4.865767e+00 1.842872e+01 3.910000e+02
      vertex   5.466707e+00 1.885052e+01 4.000000e+02
      vertex   5.466707e+00 1.885052e+01 3.910000e+02
    endloop
  endfacet
  facet normal -6.393083e-01 7.689505e-01 -5.439891e-16
    outer loop
      vertex   5.466707e+00 1.885052e+01 3.910000e+02
      vertex   5.466707e+00 1.885052e+01 4.000000e+02
      vertex   6.031266e+00 1.931989e+01 4.000000e+02
    endloop
  endfacet
  facet normal -6.393083e-01 7.689505e-01 -3.074625e-16
    outer loop
      vertex   5.466707e+00 1.885052e+01 3.910000e+02
      vertex   6.031266e+00 1.931989e+01 4.000000e+02
      vertex   6.031266e+00 1.931989e+01 3.910000e+02
    endloop
  endfacet
  facet normal -6.998577e-01 7.142823e-01 -2.819601e-16
    outer loop
      vertex   6.031266e+00 1.931989e+01 3.910000e+02
      vertex   6.031266e+00 1.931989e+01 4.000000e+02
      vertex   6.555688e+00 1.983372e+01 4.000000e+02
    endloop
  endfacet
  facet normal -6.998577e-01 7.142823e-01 -1.392405e-16
    outer loop
      vertex   6.031266e+00 1.931989e+01 3.910000e+02
      vertex   6.555688e+00 1.983372e+01 4.000000e+02
      vertex   6.555688e+00 1.983372e+01 3.910000e+02
    endloop
  endfacet
  facet normal -7.557496e-01 6.548607e-01 -1.491645e-16
    outer loop
      vertex   6.555688e+00 1.983372e+01 3.910000e+02
      vertex   6.555688e+00 1.983372e+01 4.000000e+02
      vertex   7.036483e+00 2.038859e+01 4.000000e+02
    endloop
  endfacet
  facet normal -7.557496e-01 6.548607e-01 -7.144510e-17
    outer loop
      vertex   6.555688e+00 1.983372e+01 3.910000e+02
      vertex   7.036483e+00 2.038859e+01 4.000000e+02
      vertex   7.036483e+00 2.038859e+01 3.910000e+02
    endloop
  endfacet
  facet normal -8.066121e-01 5.910811e-01 -7.960172e-17
    outer loop
      vertex   7.036483e+00 2.038859e+01 3.910000e+02
      vertex   7.036483e+00 2.038859e+01 4.000000e+02
      vertex   7.470452e+00 2.098080e+01 4.000000e+02
    endloop
  endfacet
  facet normal -8.066121e-01 5.910811e-01 -7.740530e-17
    outer loop
      vertex   7.036483e+00 2.038859e+01 3.910000e+02
      vertex   7.470452e+00 2.098080e+01 4.000000e+02
      vertex   7.470452e+00 2.098080e+01 3.910000e+02
    endloop
  endfacet
  facet normal -8.521068e-01 5.233680e-01 -8.409143e-17
    outer loop
      vertex   7.470452e+00 2.098080e+01 3.910000e+02
      vertex   7.470452e+00 2.098080e+01 4.000000e+02
      vertex   7.854706e+00 2.160641e+01 4.000000e+02
    endloop
  endfacet
  facet normal -8.521068e-01 5.233680e-01 -2.533318e-16
    outer loop
      vertex   7.470452e+00 2.098080e+01 3.910000e+02
      vertex   7.854706e+00 2.160641e+01 4.000000e+02
      vertex   7.854706e+00 2.160641e+01 3.910000e+02
    endloop
  endfacet
  facet normal -8.919308e-01 4.521719e-01 -2.640646e-16
    outer loop
      vertex   7.854706e+00 2.160641e+01 3.910000e+02
      vertex   7.854706e+00 2.160641e+01 4.000000e+02
      vertex   8.186688e+00 2.226127e+01 4.000000e+02
    endloop
  endfacet
  facet normal -8.919308e-01 4.521719e-01 -3.505955e-16
    outer loop
      vertex   7.854706e+00 2.160641e+01 3.910000e+02
      vertex   8.186688e+00 2.226127e+01 4.000000e+02
      vertex   8.186688e+00 2.226127e+01 3.910000e+02
    endloop
  endfacet
  facet normal -9.258192e-01 3.779667e-01 -3.654634e-16
    outer loop
      vertex   8.186688e+00 2.226127e+01 3.910000e+02
      vertex   8.186688e+00 2.226127e+01 4.000000e+02
      vertex   8.464189e+00 2.294100e+01 4.000000e+02
    endloop
  endfacet
  facet normal -9.258192e-01 3.779667e-01 -3.673762e-16
    outer loop
      vertex   8.186688e+00 2.226127e+01 3.910000e+02
      vertex   8.464189e+00 2.294100e+01 4.000000e+02
      vertex   8.464189e+00 2.294100e+01 3.910000e+02
    endloop
  endfacet
  facet normal -9.535464e-01 3.012462e-01 -3.764086e-16
    outer loop
      vertex   8.464189e+00 2.294100e+01 3.910000e+02
      vertex   8.464189e+00 2.294100e+01 4.000000e+02
      vertex   8.685362e+00 2.364109e+01 4.000000e+02
    endloop
  endfacet
  facet normal -9.535464e-01 3.012462e-01 -2.590581e-16
    outer loop
      vertex   8.464189e+00 2.294100e+01 3.910000e+02
      vertex   8.685362e+00 2.364109e+01 4.000000e+02
      vertex   8.685362e+00 2.364109e+01 3.910000e+02
    endloop
  endfacet
  facet normal -9.749279e-01 2.225209e-01 -2.970096e-16
    outer loop
      vertex   8.685362e+00 2.364109e+01 3.910000e+02
      vertex   8.685362e+00 2.364109e+01 4.000000e+02
      vertex   8.848736e+00 2.435687e+01 4.000000e+02
    endloop
  endfacet
  facet normal -9.749279e-01 2.225209e-01 -1.916639e-16
    outer loop
      vertex   8.685362e+00 2.364109e+01 3.910000e+02
      vertex   8.848736e+00 2.435687e+01 4.000000e+02
      vertex   8.848736e+00 2.435687e+01 3.910000e+02
    endloop
  endfacet
  facet normal -9.898214e-01 1.423148e-01 -1.953640e-16
    outer loop
      vertex   8.848736e+00 2.435687e+01 3.910000e+02
      vertex   8.848736e+00 2.435687e+01 4.000000e+02
      vertex   8.953223e+00 2.508359e+01 4.000000e+02
    endloop
  endfacet
  facet normal -9.898214e-01 1.423148e-01 -3.347430e-16
    outer loop
      vertex   8.848736e+00 2.435687e+01 3.910000e+02
      vertex   8.953223e+00 2.508359e+01 4.000000e+02
      vertex   8.953223e+00 2.508359e+01 3.910000e+02
    endloop
  endfacet
  facet normal -9.981279e-01 6.116166e-02 -3.698636e-16
    outer loop
      vertex   8.953223e+00 2.508359e+01 3.910000e+02
      vertex   8.953223e+00 2.508359e+01 4.000000e+02
      vertex   8.998127e+00 2.581641e+01 4.000000e+02
    endloop
  endfacet
  facet normal -9.981279e-01 6.116166e-02 -2.207575e-16
    outer loop
      vertex   8.953223e+00 2.508359e+01 3.910000e+02
      vertex   8.998127e+00 2.581641e+01 4.000000e+02
      vertex   8.998127e+00 2.581641e+01 3.910000e+02
    endloop
  endfacet
  facet normal -9.997919e-01 -2.039854e-02 -1.892797e-16
    outer loop
      vertex   8.998127e+00 2.581641e+01 3.910000e+02
      vertex   8.998127e+00 2.581641e+01 4.000000e+02
      vertex   8.983151e+00 2.655046e+01 4.000000e+02
    endloop
  endfacet
  facet normal -9.997919e-01 -2.039854e-02 -1.972839e-16
    outer loop
      vertex   8.998127e+00 2.581641e+01 3.910000e+02
      vertex   8.983151e+00 2.655046e+01 4.000000e+02
      vertex   8.983151e+00 2.655046e+01 3.910000e+02
    endloop
  endfacet
  facet normal -9.948025e-01 -1.018230e-01 -1.963471e-16
    outer loop
      vertex   8.983151e+00 2.655046e+01 3.910000e+02
      vertex   8.983151e+00 2.655046e+01 4.000000e+02
      vertex   8.908393e+00 2.728083e+01 4.000000e+02
    endloop
  endfacet
  facet normal -9.948025e-01 -1.018230e-01 -3.522070e-16
    outer loop
      vertex   8.983151e+00 2.655046e+01 3.910000e+02
      vertex   8.908393e+00 2.728083e+01 4.000000e+02
      vertex   8.908393e+00 2.728083e+01 3.910000e+02
    endloop
  endfacet
  facet normal -9.831929e-01 -1.825698e-01 -3.160427e-16
    outer loop
      vertex   8.908393e+00 2.728083e+01 3.910000e+02
      vertex   8.908393e+00 2.728083e+01 4.000000e+02
      vertex   8.774351e+00 2.800269e+01 4.000000e+02
    endloop
  endfacet
  facet normal -9.831929e-01 -1.825698e-01 -4.936845e-17
    outer loop
      vertex   8.908393e+00 2.728083e+01 3.910000e+02
      vertex   8.774351e+00 2.800269e+01 4.000000e+02
      vertex   8.774351e+00 2.800269e+01 3.910000e+02
    endloop
  endfacet
  facet normal -9.650403e-01 -2.621017e-01 1.645429e-17
    outer loop
      vertex   8.774351e+00 2.800269e+01 3.910000e+02
      vertex   8.774351e+00 2.800269e+01 4.000000e+02
      vertex   8.581918e+00 2.871122e+01 4.000000e+02
    endloop
  endfacet
  facet normal -9.650403e-01 -2.621017e-01 -1.924862e-16
    outer loop
      vertex   8.774351e+00 2.800269e+01 3.910000e+02
      vertex   8.581918e+00 2.871122e+01 4.000000e+02
      vertex   8.581918e+00 2.871122e+01 3.910000e+02
    endloop
  endfacet
  facet normal -9.404655e-01 -3.398893e-01 -1.856225e-16
    outer loop
      vertex   8.581918e+00 2.871122e+01 3.910000e+02
      vertex   8.581918e+00 2.871122e+01 4.000000e+02
      vertex   8.332373e+00 2.940170e+01 4.000000e+02
    endloop
  endfacet
  facet normal -9.404655e-01 -3.398893e-01 -3.696150e-16
    outer loop
      vertex   8.581918e+00 2.871122e+01 3.910000e+02
      vertex   8.332373e+00 2.940170e+01 4.000000e+02
      vertex   8.332373e+00 2.940170e+01 3.910000e+02
    endloop
  endfacet
  facet normal -9.096320e-01 -4.154150e-01 -3.590736e-16
    outer loop
      vertex   8.332373e+00 2.940170e+01 3.910000e+02
      vertex   8.332373e+00 2.940170e+01 4.000000e+02
      vertex   8.027377e+00 3.006955e+01 4.000000e+02
    endloop
  endfacet
  facet normal -9.096320e-01 -4.154150e-01 -9.531998e-19
    outer loop
      vertex   8.332373e+00 2.940170e+01 3.910000e+02
      vertex   8.027377e+00 3.006955e+01 4.000000e+02
      vertex   8.027377e+00 3.006955e+01 3.910000e+02
    endloop
  endfacet
  facet normal -8.727451e-01 -4.881762e-01 0.000000e+00
    outer loop
      vertex   8.027377e+00 3.006955e+01 3.910000e+02
      vertex   8.027377e+00 3.006955e+01 4.000000e+02
      vertex   7.668961e+00 3.071031e+01 4.000000e+02
    endloop
  endfacet
  facet normal -8.727451e-01 -4.881762e-01 -3.838067e-16
    outer loop
      vertex   8.027377e+00 3.006955e+01 3.910000e+02
      vertex   7.668961e+00 3.071031e+01 4.000000e+02
      vertex   7.668961e+00 3.071031e+01 3.910000e+02
    endloop
  endfacet
  facet normal -8.300502e-01 -5.576887e-01 -4.402907e-16
    outer loop
      vertex   7.668961e+00 3.071031e+01 3.910000e+02
      vertex   7.668961e+00 3.071031e+01 4.000000e+02
      vertex   7.259509e+00 3.131973e+01 4.000000e+02
    endloop
  endfacet
  facet normal -8.300502e-01 -5.576887e-01 6.588837e-19
    outer loop
      vertex   7.668961e+00 3.071031e+01 3.910000e+02
      vertex   7.259509e+00 3.131973e+01 4.000000e+02
      vertex   7.259509e+00 3.131973e+01 3.910000e+02
    endloop
  endfacet
  facet normal -7.818315e-01 -6.234898e-01 0.000000e+00
    outer loop
      vertex   7.259509e+00 3.131973e+01 3.910000e+02
      vertex   7.259509e+00 3.131973e+01 4.000000e+02
      vertex   6.801746e+00 3.189375e+01 4.000000e+02
    endloop
  endfacet
  facet normal -7.818315e-01 -6.234898e-01 -1.274690e-16
    outer loop
      vertex   7.259509e+00 3.131973e+01 3.910000e+02
      vertex   6.801746e+00 3.189375e+01 4.000000e+02
      vertex   6.801746e+00 3.189375e+01 3.910000e+02
    endloop
  endfacet
  facet normal -7.284098e-01 -6.851417e-01 -3.415980e-17
    outer loop
      vertex   6.801746e+00 3.189375e+01 3.910000e+02
      vertex   6.801746e+00 3.189375e+01 4.000000e+02
      vertex   6.298719e+00 3.242854e+01 4.000000e+02
    endloop
  endfacet
  facet normal -7.284098e-01 -6.851417e-01 -7.481162e-17
    outer loop
      vertex   6.801746e+00 3.189375e+01 3.910000e+02
      vertex   6.298719e+00 3.242854e+01 4.000000e+02
      vertex   6.298719e+00 3.242854e+01 3.910000e+02
    endloop
  endfacet
  facet normal -6.701407e-01 -7.422341e-01 -6.613383e-17
    outer loop
      vertex   6.298719e+00 3.242854e+01 3.910000e+02
      vertex   6.298719e+00 3.242854e+01 4.000000e+02
      vertex   5.753775e+00 3.292056e+01 4.000000e+02
    endloop
  endfacet
  facet normal -6.701407e-01 -7.422341e-01 3.248937e-16
    outer loop
      vertex   6.298719e+00 3.242854e+01 3.910000e+02
      vertex   5.753775e+00 3.292056e+01 4.000000e+02
      vertex   5.753775e+00 3.292056e+01 3.910000e+02
    endloop
  endfacet
  facet normal -6.074119e-01 -7.943871e-01 3.873888e-16
    outer loop
      vertex   5.753775e+00 3.292056e+01 3.910000e+02
      vertex   5.753775e+00 3.292056e+01 4.000000e+02
      vertex   5.170540e+00 3.336651e+01 4.000000e+02
    endloop
  endfacet
  facet normal -6.074119e-01 -7.943871e-01 -3.832608e-16
    outer loop
      vertex   5.753775e+00 3.292056e+01 3.910000e+02
      vertex   5.170540e+00 3.336651e+01 4.000000e+02
      vertex   5.170540e+00 3.336651e+01 3.910000e+02
    endloop
  endfacet
  facet normal -5.406408e-01 -8.412535e-01 -4.507471e-16
    outer loop
      vertex   5.170540e+00 3.336651e+01 3.910000e+02
      vertex   5.170540e+00 3.336651e+01 4.000000e+02
      vertex   4.552896e+00 3.376345e+01 4.000000e+02
    endloop
  endfacet
  facet normal -5.406408e-01 -8.412535e-01 -2.655918e-16
    outer loop
      vertex   5.170540e+00 3.336651e+01 3.910000e+02
      vertex   4.552896e+00 3.376345e+01 4.000000e+02
      vertex   4.552896e+00 3.376345e+01 3.910000e+02
    endloop
  endfacet
  facet normal -4.702719e-01 -8.825216e-01 -2.320474e-16
    outer loop
      vertex   4.552896e+00 3.376345e+01 3.910000e+02
      vertex   4.552896e+00 3.376345e+01 4.000000e+02
      vertex   3.904954e+00 3.410872e+01 4.000000e+02
    endloop
  endfacet
  facet normal -4.702719e-01 -8.825216e-01 -2.098636e-16
    outer loop
      vertex   4.552896e+00 3.376345e+01 3.910000e+02
      vertex   3.904954e+00 3.410872e+01 4.000000e+02
      vertex   3.904954e+00 3.410872e+01 3.910000e+02
    endloop
  endfacet
  facet normal -3.967734e-01 -9.179166e-01 -1.762028e-16
    outer loop
      vertex   3.904954e+00 3.410872e+01 3.910000e+02
      vertex   3.904954e+00 3.410872e+01 4.000000e+02
      vertex   3.231024e+00 3.440003e+01 4.000000e+02
    endloop
  endfacet
  facet normal -3.967734e-01 -9.179166e-01 -2.162309e-16
    outer loop
      vertex   3.904954e+00 3.410872e+01 3.910000e+02
      vertex   3.231024e+00 3.440003e+01 4.000000e+02
      vertex   3.231024e+00 3.440003e+01 3.910000e+02
    endloop
  endfacet
  facet normal -3.206345e-01 -9.472030e-01 -1.740326e-16
    outer loop
      vertex   3.231024e+00 3.440003e+01 3.910000e+02
      vertex   3.231024e+00 3.440003e+01 4.000000e+02
      vertex   2.535593e+00 3.463544e+01 4.000000e+02
    endloop
  endfacet
  facet normal -3.206345e-01 -9.472030e-01 -1.644513e-17
    outer loop
      vertex   3.231024e+00 3.440003e+01 3.910000e+02
      vertex   2.535593e+00 3.463544e+01 4.000000e+02
      vertex   2.535593e+00 3.463544e+01 3.910000e+02
    endloop
  endfacet
  facet normal -2.423617e-01 -9.701860e-01 -1.195891e-17
    outer loop
      vertex   2.535593e+00 3.463544e+01 3.910000e+02
      vertex   2.535593e+00 3.463544e+01 4.000000e+02
      vertex   1.823288e+00 3.481338e+01 4.000000e+02
    endloop
  endfacet
  facet normal -2.423617e-01 -9.701860e-01 -1.164248e-17
    outer loop
      vertex   2.535593e+00 3.463544e+01 3.910000e+02
      vertex   1.823288e+00 3.481338e+01 4.000000e+02
      vertex   1.823288e+00 3.481338e+01 3.910000e+02
    endloop
  endfacet
  facet normal -1.624761e-01 -9.867125e-01 -8.017100e-18
    outer loop
      vertex   1.823288e+00 3.481338e+01 3.910000e+02
      vertex   1.823288e+00 3.481338e+01 4.000000e+02
      vertex   1.098849e+00 3.493267e+01 4.000000e+02
    endloop
  endfacet
  facet normal -1.624761e-01 -9.867125e-01 -7.143199e-18
    outer loop
      vertex   1.823288e+00 3.481338e+01 3.910000e+02
      vertex   1.098849e+00 3.493267e+01 4.000000e+02
      vertex   1.098849e+00 3.493267e+01 3.910000e+02
    endloop
  endfacet
  facet normal -8.150928e-02 -9.966726e-01 -4.021933e-18
    outer loop
      vertex   1.098849e+00 3.493267e+01 3.910000e+02
      vertex   1.098849e+00 3.493267e+01 4.000000e+02
      vertex   3.670973e-01 3.499251e+01 4.000000e+02
    endloop
  endfacet
  facet normal -8.150928e-02 -9.966726e-01 -3.645556e-18
    outer loop
      vertex   1.098849e+00 3.493267e+01 3.910000e+02
      vertex   3.670973e-01 3.499251e+01 4.000000e+02
      vertex   3.670973e-01 3.499251e+01 3.910000e+02
    endloop
  endfacet
  facet normal 7.742283e-14 -1.000000e+00 3.820294e-30
    outer loop
      vertex   3.670973e-01 3.499251e+01 3.910000e+02
      vertex   3.670973e-01 3.499251e+01 4.000000e+02
      vertex   -3.670973e-01 3.499251e+01 4.000000e+02
    endloop
  endfacet
  facet normal 7.742283e-14 -1.000000e+00 7.258558e-29
    outer loop
      vertex   3.670973e-01 3.499251e+01 3.910000e+02
      vertex   -3.670973e-01 3.499251e+01 4.000000e+02
      vertex   -3.670973e-01 3.499251e+01 3.910000e+02
    endloop
  endfacet
  facet normal 8.150928e-02 -9.966726e-01 7.641672e-17
    outer loop
      vertex   -3.670973e-01 3.499251e+01 3.910000e+02
      vertex   -3.670973e-01 3.499251e+01 4.000000e+02
      vertex   -1.098849e+00 3.493267e+01 4.000000e+02
    endloop
  endfacet
  facet normal 8.150928e-02 -9.966726e-01 -3.200776e-17
    outer loop
      vertex   -3.670973e-01 3.499251e+01 3.910000e+02
      vertex   -1.098849e+00 3.493267e+01 4.000000e+02
      vertex   -1.098849e+00 3.493267e+01 3.910000e+02
    endloop
  endfacet
  facet normal 1.624761e-01 -9.867125e-01 -6.413680e-17
    outer loop
      vertex   -1.098849e+00 3.493267e+01 3.910000e+02
      vertex   -1.098849e+00 3.493267e+01 4.000000e+02
      vertex   -1.823288e+00 3.481338e+01 4.000000e+02
    endloop
  endfacet
  facet normal 1.624761e-01 -9.867125e-01 7.952307e-17
    outer loop
      vertex   -1.098849e+00 3.493267e+01 3.910000e+02
      vertex   -1.823288e+00 3.481338e+01 4.000000e+02
      vertex   -1.823288e+00 3.481338e+01 3.910000e+02
    endloop
  endfacet
  facet normal 2.423617e-01 -9.701860e-01 1.195891e-16
    outer loop
      vertex   -1.823288e+00 3.481338e+01 3.910000e+02
      vertex   -1.823288e+00 3.481338e+01 4.000000e+02
      vertex   -2.535593e+00 3.463544e+01 4.000000e+02
    endloop
  endfacet
  facet normal 2.423617e-01 -9.701860e-01 -9.768293e-17
    outer loop
      vertex   -1.823288e+00 3.481338e+01 3.910000e+02
      vertex   -2.535593e+00 3.463544e+01 4.000000e+02
      vertex   -2.535593e+00 3.463544e+01 3.910000e+02
    endloop
  endfacet
  facet normal 3.206345e-01 -9.472030e-01 -1.265692e-16
    outer loop
      vertex   -2.535593e+00 3.463544e+01 3.910000e+02
      vertex   -2.535593e+00 3.463544e+01 4.000000e+02
      vertex   -3.231024e+00 3.440003e+01 4.000000e+02
    endloop
  endfacet
  facet normal 3.206345e-01 -9.472030e-01 1.571782e-16
    outer loop
      vertex   -2.535593e+00 3.463544e+01 3.910000e+02
      vertex   -3.231024e+00 3.440003e+01 4.000000e+02
      vertex   -3.231024e+00 3.440003e+01 3.910000e+02
    endloop
  endfacet
  facet normal 3.967734e-01 -9.179166e-01 1.957809e-16
    outer loop
      vertex   -3.231024e+00 3.440003e+01 3.910000e+02
      vertex   -3.231024e+00 3.440003e+01 4.000000e+02
      vertex   -3.904954e+00 3.410872e+01 4.000000e+02
    endloop
  endfacet
  facet normal 3.967734e-01 -9.179166e-01 2.172148e-16
    outer loop
      vertex   -3.231024e+00 3.440003e+01 3.910000e+02
      vertex   -3.904954e+00 3.410872e+01 4.000000e+02
      vertex   -3.904954e+00 3.410872e+01 3.910000e+02
    endloop
  endfacet
  facet normal 4.702719e-01 -8.825216e-01 2.552522e-16
    outer loop
      vertex   -3.904954e+00 3.410872e+01 3.910000e+02
      vertex   -3.904954e+00 3.410872e+01 4.000000e+02
      vertex   -4.552896e+00 3.376345e+01 4.000000e+02
    endloop
  endfacet
  facet normal 4.702719e-01 -8.825216e-01 2.791723e-16
    outer loop
      vertex   -3.904954e+00 3.410872e+01 3.910000e+02
      vertex   -4.552896e+00 3.376345e+01 4.000000e+02
      vertex   -4.552896e+00 3.376345e+01 3.910000e+02
    endloop
  endfacet
  facet normal 5.406408e-01 -8.412535e-01 3.201237e-16
    outer loop
      vertex   -4.552896e+00 3.376345e+01 3.910000e+02
      vertex   -4.552896e+00 3.376345e+01 4.000000e+02
      vertex   -5.170540e+00 3.336651e+01 4.000000e+02
    endloop
  endfacet
  facet normal 5.406408e-01 -8.412535e-01 1.064118e-16
    outer loop
      vertex   -4.552896e+00 3.376345e+01 3.910000e+02
      vertex   -5.170540e+00 3.336651e+01 4.000000e+02
      vertex   -5.170540e+00 3.336651e+01 3.910000e+02
    endloop
  endfacet
  facet normal 6.074119e-01 -7.943871e-01 1.198867e-16
    outer loop
      vertex   -5.170540e+00 3.336651e+01 3.910000e+02
      vertex   -5.170540e+00 3.336651e+01 4.000000e+02
      vertex   -5.753775e+00 3.292056e+01 4.000000e+02
    endloop
  endfacet
  facet normal 6.074119e-01 -7.943871e-01 6.860655e-16
    outer loop
      vertex   -5.170540e+00 3.336651e+01 3.910000e+02
      vertex   -5.753775e+00 3.292056e+01 4.000000e+02
      vertex   -5.753775e+00 3.292056e+01 3.910000e+02
    endloop
  endfacet
  facet normal 6.701407e-01 -7.422341e-01 6.521217e-16
    outer loop
      vertex   -5.753775e+00 3.292056e+01 3.910000e+02
      vertex   -5.753775e+00 3.292056e+01 4.000000e+02
      vertex   -6.298719e+00 3.242854e+01 4.000000e+02
    endloop
  endfacet
  facet normal 6.701407e-01 -7.422341e-01 3.303183e-16
    outer loop
      vertex   -5.753775e+00 3.292056e+01 3.910000e+02
      vertex   -6.298719e+00 3.242854e+01 4.000000e+02
      vertex   -6.298719e+00 3.242854e+01 3.910000e+02
    endloop
  endfacet
  facet normal 7.284098e-01 -6.851417e-01 3.594210e-16
    outer loop
      vertex   -6.298719e+00 3.242854e+01 3.910000e+02
      vertex   -6.298719e+00 3.242854e+01 4.000000e+02
      vertex   -6.801746e+00 3.189375e+01 4.000000e+02
    endloop
  endfacet
  facet normal 7.284098e-01 -6.851417e-01 -2.496033e-16
    outer loop
      vertex   -6.298719e+00 3.242854e+01 3.910000e+02
      vertex   -6.801746e+00 3.189375e+01 4.000000e+02
      vertex   -6.801746e+00 3.189375e+01 3.910000e+02
    endloop
  endfacet
  facet normal 7.818315e-01 -6.234898e-01 -1.836153e-16
    outer loop
      vertex   -6.801746e+00 3.189375e+01 3.910000e+02
      vertex   -6.801746e+00 3.189375e+01 4.000000e+02
      vertex   -7.259509e+00 3.131973e+01 4.000000e+02
    endloop
  endfacet
  facet normal 7.818315e-01 -6.234898e-01 7.632873e-17
    outer loop
      vertex   -6.801746e+00 3.189375e+01 3.910000e+02
      vertex   -7.259509e+00 3.131973e+01 4.000000e+02
      vertex   -7.259509e+00 3.131973e+01 3.910000e+02
    endloop
  endfacet
  facet normal 8.300502e-01 -5.576887e-01 8.191474e-17
    outer loop
      vertex   -7.259509e+00 3.131973e+01 3.910000e+02
      vertex   -7.259509e+00 3.131973e+01 4.000000e+02
      vertex   -7.668961e+00 3.071031e+01 4.000000e+02
    endloop
  endfacet
  facet normal 8.300502e-01 -5.576887e-01 3.553079e-19
    outer loop
      vertex   -7.259509e+00 3.131973e+01 3.910000e+02
      vertex   -7.668961e+00 3.071031e+01 4.000000e+02
      vertex   -7.668961e+00 3.071031e+01 3.910000e+02
    endloop
  endfacet
  facet normal 8.727451e-01 -4.881762e-01 0.000000e+00
    outer loop
      vertex   -7.668961e+00 3.071031e+01 3.910000e+02
      vertex   -7.668961e+00 3.071031e+01 4.000000e+02
      vertex   -8.027377e+00 3.006955e+01 4.000000e+02
    endloop
  endfacet
  facet normal 8.727451e-01 -4.881762e-01 1.735312e-16
    outer loop
      vertex   -7.668961e+00 3.071031e+01 3.910000e+02
      vertex   -8.027377e+00 3.006955e+01 4.000000e+02
      vertex   -8.027377e+00 3.006955e+01 3.910000e+02
    endloop
  endfacet
  facet normal 9.096320e-01 -4.154150e-01 1.795368e-16
    outer loop
      vertex   -8.027377e+00 3.006955e+01 3.910000e+02
      vertex   -8.027377e+00 3.006955e+01 4.000000e+02
      vertex   -8.332373e+00 2.940170e+01 4.000000e+02
    endloop
  endfacet
  facet normal 9.096320e-01 -4.154150e-01 1.958304e-16
    outer loop
      vertex   -8.027377e+00 3.006955e+01 3.910000e+02
      vertex   -8.332373e+00 2.940170e+01 4.000000e+02
      vertex   -8.332373e+00 2.940170e+01 3.910000e+02
    endloop
  endfacet
  facet normal 9.404655e-01 -3.398893e-01 2.370750e-16
    outer loop
      vertex   -8.332373e+00 2.940170e+01 3.910000e+02
      vertex   -8.332373e+00 2.940170e+01 4.000000e+02
      vertex   -8.581918e+00 2.871122e+01 4.000000e+02
    endloop
  endfacet
  facet normal 9.404655e-01 -3.398893e-01 3.731995e-16
    outer loop
      vertex   -8.332373e+00 2.940170e+01 3.910000e+02
      vertex   -8.581918e+00 2.871122e+01 4.000000e+02
      vertex   -8.581918e+00 2.871122e+01 3.910000e+02
    endloop
  endfacet
  facet normal 9.650403e-01 -2.621017e-01 3.809457e-16
    outer loop
      vertex   -8.581918e+00 2.871122e+01 3.910000e+02
      vertex   -8.581918e+00 2.871122e+01 4.000000e+02
      vertex   -8.774351e+00 2.800269e+01 4.000000e+02
    endloop
  endfacet
  facet normal 9.650403e-01 -2.621017e-01 3.817533e-16
    outer loop
      vertex   -8.581918e+00 2.871122e+01 3.910000e+02
      vertex   -8.774351e+00 2.800269e+01 4.000000e+02
      vertex   -8.774351e+00 2.800269e+01 3.910000e+02
    endloop
  endfacet
  facet normal 9.831929e-01 -1.825698e-01 3.881114e-16
    outer loop
      vertex   -8.774351e+00 2.800269e+01 3.910000e+02
      vertex   -8.774351e+00 2.800269e+01 4.000000e+02
      vertex   -8.908393e+00 2.728083e+01 4.000000e+02
    endloop
  endfacet
  facet normal 9.831929e-01 -1.825698e-01 1.945479e-16
    outer loop
      vertex   -8.774351e+00 2.800269e+01 3.910000e+02
      vertex   -8.908393e+00 2.728083e+01 4.000000e+02
      vertex   -8.908393e+00 2.728083e+01 3.910000e+02
    endloop
  endfacet
  facet normal 9.948025e-01 -1.018230e-01 1.963471e-16
    outer loop
      vertex   -8.908393e+00 2.728083e+01 3.910000e+02
      vertex   -8.908393e+00 2.728083e+01 4.000000e+02
      vertex   -8.983151e+00 2.655046e+01 4.000000e+02
    endloop
  endfacet
  facet normal 9.948025e-01 -1.018230e-01 1.962776e-16
    outer loop
      vertex   -8.908393e+00 2.728083e+01 3.910000e+02
      vertex   -8.983151e+00 2.655046e+01 4.000000e+02
      vertex   -8.983151e+00 2.655046e+01 3.910000e+02
    endloop
  endfacet
  facet normal 9.997919e-01 -2.039854e-02 1.973319e-16
    outer loop
      vertex   -8.983151e+00 2.655046e+01 3.910000e+02
      vertex   -8.983151e+00 2.655046e+01 4.000000e+02
      vertex   -8.998127e+00 2.581641e+01 4.000000e+02
    endloop
  endfacet
  facet normal 9.997919e-01 -2.039854e-02 1.973184e-16
    outer loop
      vertex   -8.983151e+00 2.655046e+01 3.910000e+02
      vertex   -8.998127e+00 2.581641e+01 4.000000e+02
      vertex   -8.998127e+00 2.581641e+01 3.910000e+02
    endloop
  endfacet
  facet normal 9.981279e-01 6.116166e-02 1.970035e-16
    outer loop
      vertex   -8.998127e+00 2.581641e+01 3.910000e+02
      vertex   -8.998127e+00 2.581641e+01 4.000000e+02
      vertex   -8.953223e+00 2.508359e+01 4.000000e+02
    endloop
  endfacet
  facet normal 9.981279e-01 6.116166e-02 3.456088e-16
    outer loop
      vertex   -8.998127e+00 2.581641e+01 3.910000e+02
      vertex   -8.953223e+00 2.508359e+01 4.000000e+02
      vertex   -8.953223e+00 2.508359e+01 3.910000e+02
    endloop
  endfacet
  facet normal 9.898214e-01 1.423148e-01 2.783716e-16
    outer loop
      vertex   -8.953223e+00 2.508359e+01 3.910000e+02
      vertex   -8.953223e+00 2.508359e+01 4.000000e+02
      vertex   -8.848736e+00 2.435687e+01 4.000000e+02
    endloop
  endfacet
  facet normal 9.898214e-01 1.423148e-01 1.400326e-16
    outer loop
      vertex   -8.953223e+00 2.508359e+01 3.910000e+02
      vertex   -8.848736e+00 2.435687e+01 4.000000e+02
      vertex   -8.848736e+00 2.435687e+01 3.910000e+02
    endloop
  endfacet
  facet normal 9.749279e-01 2.225209e-01 1.045852e-16
    outer loop
      vertex   -8.848736e+00 2.435687e+01 3.910000e+02
      vertex   -8.848736e+00 2.435687e+01 4.000000e+02
      vertex   -8.685362e+00 2.364109e+01 4.000000e+02
    endloop
  endfacet
  facet normal 9.749279e-01 2.225209e-01 3.847611e-16
    outer loop
      vertex   -8.848736e+00 2.435687e+01 3.910000e+02
      vertex   -8.685362e+00 2.364109e+01 4.000000e+02
      vertex   -8.685362e+00 2.364109e+01 3.910000e+02
    endloop
  endfacet
  facet normal 9.535464e-01 3.012462e-01 3.764086e-16
    outer loop
      vertex   -8.685362e+00 2.364109e+01 3.910000e+02
      vertex   -8.685362e+00 2.364109e+01 4.000000e+02
      vertex   -8.464189e+00 2.294100e+01 4.000000e+02
    endloop
  endfacet
  facet normal 9.535464e-01 3.012462e-01 3.766054e-16
    outer loop
      vertex   -8.685362e+00 2.364109e+01 3.910000e+02
      vertex   -8.464189e+00 2.294100e+01 4.000000e+02
      vertex   -8.464189e+00 2.294100e+01 3.910000e+02
    endloop
  endfacet
  facet normal 9.258192e-01 3.779667e-01 3.654634e-16
    outer loop
      vertex   -8.464189e+00 2.294100e+01 3.910000e+02
      vertex   -8.464189e+00 2.294100e+01 4.000000e+02
      vertex   -8.186688e+00 2.226127e+01 4.000000e+02
    endloop
  endfacet
  facet normal 9.258192e-01 3.779667e-01 1.829103e-16
    outer loop
      vertex   -8.464189e+00 2.294100e+01 3.910000e+02
      vertex   -8.186688e+00 2.226127e+01 4.000000e+02
      vertex   -8.186688e+00 2.226127e+01 3.910000e+02
    endloop
  endfacet
  facet normal 8.919308e-01 4.521719e-01 1.760430e-16
    outer loop
      vertex   -8.186688e+00 2.226127e+01 3.910000e+02
      vertex   -8.186688e+00 2.226127e+01 4.000000e+02
      vertex   -7.854706e+00 2.160641e+01 4.000000e+02
    endloop
  endfacet
  facet normal 8.919308e-01 4.521719e-01 2.678420e-16
    outer loop
      vertex   -8.186688e+00 2.226127e+01 3.910000e+02
      vertex   -7.854706e+00 2.160641e+01 4.000000e+02
      vertex   -7.854706e+00 2.160641e+01 3.910000e+02
    endloop
  endfacet
  facet normal 8.521068e-01 5.233680e-01 2.906888e-16
    outer loop
      vertex   -7.854706e+00 2.160641e+01 3.910000e+02
      vertex   -7.854706e+00 2.160641e+01 4.000000e+02
      vertex   -7.470452e+00 2.098080e+01 4.000000e+02
    endloop
  endfacet
  facet normal 8.521068e-01 5.233680e-01 8.512020e-17
    outer loop
      vertex   -7.854706e+00 2.160641e+01 3.910000e+02
      vertex   -7.470452e+00 2.098080e+01 4.000000e+02
      vertex   -7.470452e+00 2.098080e+01 3.910000e+02
    endloop
  endfacet
  facet normal 8.066121e-01 5.910811e-01 7.960172e-17
    outer loop
      vertex   -7.470452e+00 2.098080e+01 3.910000e+02
      vertex   -7.470452e+00 2.098080e+01 4.000000e+02
      vertex   -7.036483e+00 2.038859e+01 4.000000e+02
    endloop
  endfacet
  facet normal 8.066121e-01 5.910811e-01 1.578202e-16
    outer loop
      vertex   -7.470452e+00 2.098080e+01 3.910000e+02
      vertex   -7.036483e+00 2.038859e+01 4.000000e+02
      vertex   -7.036483e+00 2.038859e+01 3.910000e+02
    endloop
  endfacet
  facet normal 7.557496e-01 6.548607e-01 1.491645e-16
    outer loop
      vertex   -7.036483e+00 2.038859e+01 3.910000e+02
      vertex   -7.036483e+00 2.038859e+01 4.000000e+02
      vertex   -6.555688e+00 1.983372e+01 4.000000e+02
    endloop
  endfacet
  facet normal 7.557496e-01 6.548607e-01 7.385544e-17
    outer loop
      vertex   -7.036483e+00 2.038859e+01 3.910000e+02
      vertex   -6.555688e+00 1.983372e+01 4.000000e+02
      vertex   -6.555688e+00 1.983372e+01 3.910000e+02
    endloop
  endfacet
  facet normal 6.998577e-01 7.142823e-01 6.906650e-17
    outer loop
      vertex   -6.555688e+00 1.983372e+01 3.910000e+02
      vertex   -6.555688e+00 1.983372e+01 4.000000e+02
      vertex   -6.031266e+00 1.931989e+01 4.000000e+02
    endloop
  endfacet
  facet normal 6.998577e-01 7.142823e-01 2.821600e-16
    outer loop
      vertex   -6.555688e+00 1.983372e+01 3.910000e+02
      vertex   -6.031266e+00 1.931989e+01 4.000000e+02
      vertex   -6.031266e+00 1.931989e+01 3.910000e+02
    endloop
  endfacet
  facet normal 6.393083e-01 7.689505e-01 3.035401e-16
    outer loop
      vertex   -6.031266e+00 1.931989e+01 3.910000e+02
      vertex   -6.031266e+00 1.931989e+01 4.000000e+02
      vertex   -5.466707e+00 1.885052e+01 4.000000e+02
    endloop
  endfacet
  facet normal 6.393083e-01 7.689505e-01 1.220637e-16
    outer loop
      vertex   -6.031266e+00 1.931989e+01 3.910000e+02
      vertex   -5.466707e+00 1.885052e+01 4.000000e+02
      vertex   -5.466707e+00 1.885052e+01 3.910000e+02
    endloop
  endfacet
  facet normal 5.745044e-01 8.185015e-01 1.133917e-16
    outer loop
      vertex   -5.466707e+00 1.885052e+01 3.910000e+02
      vertex   -5.466707e+00 1.885052e+01 4.000000e+02
      vertex   -4.865767e+00 1.842872e+01 4.000000e+02
    endloop
  endfacet
  facet normal 5.745044e-01 8.185015e-01 2.434465e-16
    outer loop
      vertex   -5.466707e+00 1.885052e+01 3.910000e+02
      vertex   -4.865767e+00 1.842872e+01 4.000000e+02
      vertex   -4.865767e+00 1.842872e+01 3.910000e+02
    endloop
  endfacet
  facet normal 5.058774e-01 8.626054e-01 1.587226e-16
    outer loop
      vertex   -4.865767e+00 1.842872e+01 3.910000e+02
      vertex   -4.865767e+00 1.842872e+01 4.000000e+02
      vertex   -4.232447e+00 1.805731e+01 4.000000e+02
    endloop
  endfacet
  facet normal 5.058774e-01 8.626054e-01 3.889205e-16
    outer loop
      vertex   -4.865767e+00 1.842872e+01 3.910000e+02
      vertex   -4.232447e+00 1.805731e+01 4.000000e+02
      vertex   -4.232447e+00 1.805731e+01 3.910000e+02
    endloop
  endfacet
  facet normal 4.338837e-01 9.009689e-01 3.984723e-16
    outer loop
      vertex   -4.232447e+00 1.805731e+01 3.910000e+02
      vertex   -4.232447e+00 1.805731e+01 4.000000e+02
      vertex   -3.570961e+00 1.773875e+01 4.000000e+02
    endloop
  endfacet
  facet normal 4.338837e-01 9.009689e-01 5.261763e-17
    outer loop
      vertex   -4.232447e+00 1.805731e+01 3.910000e+02
      vertex   -3.570961e+00 1.773875e+01 4.000000e+02
      vertex   -3.570961e+00 1.773875e+01 3.910000e+02
    endloop
  endfacet
  facet normal 3.590027e-01 9.333365e-01 -3.185802e-17
    outer loop
      vertex   -3.570961e+00 1.773875e+01 3.910000e+02
      vertex   -3.570961e+00 1.773875e+01 4.000000e+02
      vertex   -2.885710e+00 1.747517e+01 4.000000e+02
    endloop
  endfacet
  facet normal 3.590027e-01 9.333365e-01 6.934620e-17
    outer loop
      vertex   -3.570961e+00 1.773875e+01 3.910000e+02
      vertex   -2.885710e+00 1.747517e+01 4.000000e+02
      vertex   -2.885710e+00 1.747517e+01 3.910000e+02
    endloop
  endfacet
  facet normal 2.817326e-01 9.594930e-01 5.560639e-17
    outer loop
      vertex   -2.885710e+00 1.747517e+01 3.910000e+02
      vertex   -2.885710e+00 1.747517e+01 4.000000e+02
      vertex   -2.181256e+00 1.726833e+01 4.000000e+02
    endloop
  endfacet
  facet normal 2.817326e-01 9.594930e-01 -1.697882e-16
    outer loop
      vertex   -2.885710e+00 1.747517e+01 3.910000e+02
      vertex   -2.181256e+00 1.726833e+01 4.000000e+02
      vertex   -2.181256e+00 1.726833e+01 3.910000e+02
    endloop
  endfacet
  facet normal 2.025875e-01 9.792642e-01 -2.366157e-16
    outer loop
      vertex   -2.181256e+00 1.726833e+01 3.910000e+02
      vertex   -2.181256e+00 1.726833e+01 4.000000e+02
      vertex   -1.462285e+00 1.711959e+01 4.000000e+02
    endloop
  endfacet
  facet normal 2.025875e-01 9.792642e-01 -2.442938e-17
    outer loop
      vertex   -2.181256e+00 1.726833e+01 3.910000e+02
      vertex   -1.462285e+00 1.711959e+01 4.000000e+02
      vertex   -1.462285e+00 1.711959e+01 3.910000e+02
    endloop
  endfacet
  facet normal 1.220943e-01 9.925185e-01 -1.506132e-17
    outer loop
      vertex   -1.462285e+00 1.711959e+01 3.910000e+02
      vertex   -1.462285e+00 1.711959e+01 4.000000e+02
      vertex   -7.335836e-01 1.702995e+01 4.000000e+02
    endloop
  endfacet
  facet normal 1.220943e-01 9.925185e-01 6.483801e-17
    outer loop
      vertex   -1.462285e+00 1.711959e+01 3.910000e+02
      vertex   -7.335836e-01 1.702995e+01 4.000000e+02
      vertex   -7.335836e-01 1.702995e+01 3.910000e+02
    endloop
  endfacet
  facet normal 4.078859e-02 9.991678e-01 2.163589e-17
    outer loop
      vertex   -7.335836e-01 1.702995e+01 3.910000e+02
      vertex   -7.335836e-01 1.702995e+01 4.000000e+02
      vertex   -1.942890e-15 1.700000e+01 4.000000e+02
    endloop
  endfacet
endsolid
