solid ASCII
  facet normal 9.967573e-01 -8.046657e-02 0.000000e+00
    outer loop
      vertex   -4.935251e+00 2.580206e+01 4.250000e+02
      vertex   -4.935251e+00 2.580206e+01 4.280000e+02
      vertex   -5.000000e+00 2.500000e+01 4.250000e+02
    endloop
  endfacet
  facet normal 9.967573e-01 -8.046657e-02 0.000000e+00
    outer loop
      vertex   -5.000000e+00 2.500000e+01 4.250000e+02
      vertex   -4.935251e+00 2.580206e+01 4.280000e+02
      vertex   -5.000000e+00 2.500000e+01 4.280000e+02
    endloop
  endfacet
  facet normal 9.967573e-01 8.046657e-02 -0.000000e+00
    outer loop
      vertex   -5.000000e+00 2.500000e+01 4.250000e+02
      vertex   -5.000000e+00 2.500000e+01 4.280000e+02
      vertex   -4.935251e+00 2.419794e+01 4.250000e+02
    endloop
  endfacet
  facet normal 9.967573e-01 8.046657e-02 -0.000000e+00
    outer loop
      vertex   -4.935251e+00 2.419794e+01 4.250000e+02
      vertex   -5.000000e+00 2.500000e+01 4.280000e+02
      vertex   -4.935251e+00 2.419794e+01 4.280000e+02
    endloop
  endfacet
  facet normal 9.709418e-01 2.393157e-01 -0.000000e+00
    outer loop
      vertex   -4.935251e+00 2.419794e+01 4.250000e+02
      vertex   -4.935251e+00 2.419794e+01 4.280000e+02
      vertex   -4.742682e+00 2.341666e+01 4.250000e+02
    endloop
  endfacet
  facet normal 9.709418e-01 2.393157e-01 -4.049845e-18
    outer loop
      vertex   -4.742682e+00 2.341666e+01 4.250000e+02
      vertex   -4.935251e+00 2.419794e+01 4.280000e+02
      vertex   -4.742682e+00 2.341666e+01 4.280000e+02
    endloop
  endfacet
  facet normal 9.199794e-01 3.919666e-01 1.918131e-16
    outer loop
      vertex   -4.742682e+00 2.341666e+01 4.250000e+02
      vertex   -4.742682e+00 2.341666e+01 4.280000e+02
      vertex   -4.427280e+00 2.267638e+01 4.250000e+02
    endloop
  endfacet
  facet normal 9.199794e-01 3.919666e-01 -2.723686e-16
    outer loop
      vertex   -4.427280e+00 2.267638e+01 4.250000e+02
      vertex   -4.742682e+00 2.341666e+01 4.280000e+02
      vertex   -4.427280e+00 2.267638e+01 4.280000e+02
    endloop
  endfacet
  facet normal 8.451901e-01 5.344658e-01 -2.502265e-16
    outer loop
      vertex   -4.427280e+00 2.267638e+01 4.250000e+02
      vertex   -4.427280e+00 2.267638e+01 4.280000e+02
      vertex   -3.997214e+00 2.199629e+01 4.250000e+02
    endloop
  endfacet
  facet normal 8.451901e-01 5.344658e-01 -1.177449e-16
    outer loop
      vertex   -3.997214e+00 2.199629e+01 4.250000e+02
      vertex   -4.427280e+00 2.267638e+01 4.280000e+02
      vertex   -3.997214e+00 2.199629e+01 4.280000e+02
    endloop
  endfacet
  facet normal 7.485107e-01 6.631227e-01 1.204839e-16
    outer loop
      vertex   -3.997214e+00 2.199629e+01 4.250000e+02
      vertex   -3.997214e+00 2.199629e+01 4.280000e+02
      vertex   -3.463622e+00 2.139399e+01 4.250000e+02
    endloop
  endfacet
  facet normal 7.485107e-01 6.631227e-01 -0.000000e+00
    outer loop
      vertex   -3.463622e+00 2.139399e+01 4.250000e+02
      vertex   -3.997214e+00 2.199629e+01 4.280000e+02
      vertex   -3.463622e+00 2.139399e+01 4.280000e+02
    endloop
  endfacet
  facet normal 6.324454e-01 7.746050e-01 -0.000000e+00
    outer loop
      vertex   -3.463622e+00 2.139399e+01 4.250000e+02
      vertex   -3.463622e+00 2.139399e+01 4.280000e+02
      vertex   -2.840324e+00 2.088508e+01 4.250000e+02
    endloop
  endfacet
  facet normal 6.324454e-01 7.746050e-01 -0.000000e+00
    outer loop
      vertex   -2.840324e+00 2.088508e+01 4.250000e+02
      vertex   -3.463622e+00 2.139399e+01 4.280000e+02
      vertex   -2.840324e+00 2.088508e+01 4.280000e+02
    endloop
  endfacet
  facet normal 5.000000e-01 8.660254e-01 -0.000000e+00
    outer loop
      vertex   -2.840324e+00 2.088508e+01 4.250000e+02
      vertex   -2.840324e+00 2.088508e+01 4.280000e+02
      vertex   -2.143463e+00 2.048275e+01 4.250000e+02
    endloop
  endfacet
  facet normal 5.000000e-01 8.660254e-01 -0.000000e+00
    outer loop
      vertex   -2.143463e+00 2.048275e+01 4.250000e+02
      vertex   -2.840324e+00 2.088508e+01 4.280000e+02
      vertex   -2.143463e+00 2.048275e+01 4.280000e+02
    endloop
  endfacet
  facet normal 3.546049e-01 9.350162e-01 -0.000000e+00
    outer loop
      vertex   -2.143463e+00 2.048275e+01 4.250000e+02
      vertex   -2.143463e+00 2.048275e+01 4.280000e+02
      vertex   -1.391087e+00 2.019741e+01 4.250000e+02
    endloop
  endfacet
  facet normal 3.546049e-01 9.350162e-01 -2.624603e-16
    outer loop
      vertex   -1.391087e+00 2.019741e+01 4.250000e+02
      vertex   -2.143463e+00 2.048275e+01 4.280000e+02
      vertex   -1.391087e+00 2.019741e+01 4.280000e+02
    endloop
  endfacet
  facet normal 2.000257e-01 9.797907e-01 -1.480488e-16
    outer loop
      vertex   -1.391087e+00 2.019741e+01 4.250000e+02
      vertex   -1.391087e+00 2.019741e+01 4.280000e+02
      vertex   -6.026834e-01 2.003646e+01 4.250000e+02
    endloop
  endfacet
  facet normal 2.000257e-01 9.797907e-01 -2.220731e-16
    outer loop
      vertex   -6.026834e-01 2.003646e+01 4.250000e+02
      vertex   -1.391087e+00 2.019741e+01 4.280000e+02
      vertex   -6.026834e-01 2.003646e+01 4.280000e+02
    endloop
  endfacet
  facet normal 4.026594e-02 9.991890e-01 -4.470417e-17
    outer loop
      vertex   -6.026834e-01 2.003646e+01 4.250000e+02
      vertex   -6.026834e-01 2.003646e+01 4.280000e+02
      vertex   2.013297e-01 2.000406e+01 4.250000e+02
    endloop
  endfacet
  facet normal 4.026594e-02 9.991890e-01 -0.000000e+00
    outer loop
      vertex   2.013297e-01 2.000406e+01 4.250000e+02
      vertex   -6.026834e-01 2.003646e+01 4.280000e+02
      vertex   2.013297e-01 2.000406e+01 4.280000e+02
    endloop
  endfacet
  facet normal -1.205367e-01 9.927089e-01 0.000000e+00
    outer loop
      vertex   2.013297e-01 2.000406e+01 4.250000e+02
      vertex   2.013297e-01 2.000406e+01 4.280000e+02
      vertex   1.000128e+00 2.010105e+01 4.250000e+02
    endloop
  endfacet
  facet normal -1.205367e-01 9.927089e-01 0.000000e+00
    outer loop
      vertex   1.000128e+00 2.010105e+01 4.250000e+02
      vertex   2.013297e-01 2.000406e+01 4.280000e+02
      vertex   1.000128e+00 2.010105e+01 4.280000e+02
    endloop
  endfacet
  facet normal -2.782175e-01 9.605181e-01 0.000000e+00
    outer loop
      vertex   1.000128e+00 2.010105e+01 4.250000e+02
      vertex   1.000128e+00 2.010105e+01 4.280000e+02
      vertex   1.773024e+00 2.032492e+01 4.250000e+02
    endloop
  endfacet
  facet normal -2.782175e-01 9.605181e-01 1.029611e-16
    outer loop
      vertex   1.773024e+00 2.032492e+01 4.250000e+02
      vertex   1.000128e+00 2.010105e+01 4.280000e+02
      vertex   1.773024e+00 2.032492e+01 4.280000e+02
    endloop
  endfacet
  facet normal -4.286926e-01 9.034504e-01 1.586481e-16
    outer loop
      vertex   1.773024e+00 2.032492e+01 4.250000e+02
      vertex   1.773024e+00 2.032492e+01 4.280000e+02
      vertex   2.500000e+00 2.066987e+01 4.250000e+02
    endloop
  endfacet
  facet normal -4.286926e-01 9.034504e-01 3.172962e-16
    outer loop
      vertex   2.500000e+00 2.066987e+01 4.250000e+02
      vertex   1.773024e+00 2.032492e+01 4.280000e+02
      vertex   2.500000e+00 2.066987e+01 4.280000e+02
    endloop
  endfacet
  facet normal -5.680647e-01 8.229839e-01 4.204524e-16
    outer loop
      vertex   2.500000e+00 2.066987e+01 4.250000e+02
      vertex   2.500000e+00 2.066987e+01 4.280000e+02
      vertex   3.162227e+00 2.112698e+01 4.250000e+02
    endloop
  endfacet
  facet normal -5.680647e-01 8.229839e-01 -6.382468e-16
    outer loop
      vertex   3.162227e+00 2.112698e+01 4.250000e+02
      vertex   2.500000e+00 2.066987e+01 4.280000e+02
      vertex   3.162227e+00 2.112698e+01 4.280000e+02
    endloop
  endfacet
  facet normal -6.927244e-01 7.212024e-01 -4.439001e-16
    outer loop
      vertex   3.162227e+00 2.112698e+01 4.250000e+02
      vertex   3.162227e+00 2.112698e+01 4.280000e+02
      vertex   3.742554e+00 2.168439e+01 4.250000e+02
    endloop
  endfacet
  facet normal -6.927244e-01 7.212024e-01 -6.489877e-16
    outer loop
      vertex   3.742554e+00 2.168439e+01 4.250000e+02
      vertex   3.162227e+00 2.112698e+01 4.280000e+02
      vertex   3.742554e+00 2.168439e+01 4.280000e+02
    endloop
  endfacet
  facet normal -7.994428e-01 6.007423e-01 -4.747391e-16
    outer loop
      vertex   3.742554e+00 2.168439e+01 4.250000e+02
      vertex   3.742554e+00 2.168439e+01 4.280000e+02
      vertex   4.225950e+00 2.232767e+01 4.250000e+02
    endloop
  endfacet
  facet normal -7.994428e-01 6.007423e-01 4.733652e-16
    outer loop
      vertex   4.225950e+00 2.232767e+01 4.250000e+02
      vertex   3.742554e+00 2.168439e+01 4.280000e+02
      vertex   4.225950e+00 2.232767e+01 4.280000e+02
    endloop
  endfacet
  facet normal -8.854560e-01 4.647232e-01 5.242953e-16
    outer loop
      vertex   4.225950e+00 2.232767e+01 4.250000e+02
      vertex   4.225950e+00 2.232767e+01 4.280000e+02
      vertex   4.599897e+00 2.304017e+01 4.250000e+02
    endloop
  endfacet
  facet normal -8.854560e-01 4.647232e-01 0.000000e+00
    outer loop
      vertex   4.599897e+00 2.304017e+01 4.250000e+02
      vertex   4.225950e+00 2.232767e+01 4.280000e+02
      vertex   4.599897e+00 2.304017e+01 4.280000e+02
    endloop
  endfacet
  facet normal -9.485364e-01 3.166680e-01 0.000000e+00
    outer loop
      vertex   4.599897e+00 2.304017e+01 4.250000e+02
      vertex   4.599897e+00 2.304017e+01 4.280000e+02
      vertex   4.854709e+00 2.380342e+01 4.250000e+02
    endloop
  endfacet
  facet normal -9.485364e-01 3.166680e-01 2.808232e-16
    outer loop
      vertex   4.854709e+00 2.380342e+01 4.250000e+02
      vertex   4.599897e+00 2.304017e+01 4.280000e+02
      vertex   4.854709e+00 2.380342e+01 4.280000e+02
    endloop
  endfacet
  facet normal -9.870503e-01 1.604113e-01 2.922256e-16
    outer loop
      vertex   4.854709e+00 2.380342e+01 4.250000e+02
      vertex   4.854709e+00 2.380342e+01 4.280000e+02
      vertex   4.983787e+00 2.459767e+01 4.250000e+02
    endloop
  endfacet
  facet normal -9.870503e-01 1.604113e-01 2.922256e-16
    outer loop
      vertex   4.983787e+00 2.459767e+01 4.250000e+02
      vertex   4.854709e+00 2.380342e+01 4.280000e+02
      vertex   4.983787e+00 2.459767e+01 4.280000e+02
    endloop
  endfacet
  facet normal -1.000000e+00 1.103786e-15 2.960595e-16
    outer loop
      vertex   4.983787e+00 2.459767e+01 4.250000e+02
      vertex   4.983787e+00 2.459767e+01 4.280000e+02
      vertex   4.983787e+00 2.540233e+01 4.250000e+02
    endloop
  endfacet
  facet normal -1.000000e+00 -1.103786e-15 -2.960595e-16
    outer loop
      vertex   4.983787e+00 2.540233e+01 4.250000e+02
      vertex   4.983787e+00 2.459767e+01 4.280000e+02
      vertex   4.983787e+00 2.540233e+01 4.280000e+02
    endloop
  endfacet
  facet normal -9.870503e-01 -1.604113e-01 -2.922256e-16
    outer loop
      vertex   4.983787e+00 2.540233e+01 4.250000e+02
      vertex   4.983787e+00 2.540233e+01 4.280000e+02
      vertex   4.854709e+00 2.619658e+01 4.250000e+02
    endloop
  endfacet
  facet normal -9.870503e-01 -1.604113e-01 -2.922256e-16
    outer loop
      vertex   4.854709e+00 2.619658e+01 4.250000e+02
      vertex   4.983787e+00 2.540233e+01 4.280000e+02
      vertex   4.854709e+00 2.619658e+01 4.280000e+02
    endloop
  endfacet
  facet normal -9.485364e-01 -3.166680e-01 -2.808232e-16
    outer loop
      vertex   4.854709e+00 2.619658e+01 4.250000e+02
      vertex   4.854709e+00 2.619658e+01 4.280000e+02
      vertex   4.599897e+00 2.695983e+01 4.250000e+02
    endloop
  endfacet
  facet normal -9.485364e-01 -3.166680e-01 0.000000e+00
    outer loop
      vertex   4.599897e+00 2.695983e+01 4.250000e+02
      vertex   4.854709e+00 2.619658e+01 4.280000e+02
      vertex   4.599897e+00 2.695983e+01 4.280000e+02
    endloop
  endfacet
  facet normal -8.854560e-01 -4.647232e-01 0.000000e+00
    outer loop
      vertex   4.599897e+00 2.695983e+01 4.250000e+02
      vertex   4.599897e+00 2.695983e+01 4.280000e+02
      vertex   4.225950e+00 2.767233e+01 4.250000e+02
    endloop
  endfacet
  facet normal -8.854560e-01 -4.647232e-01 -5.242953e-16
    outer loop
      vertex   4.225950e+00 2.767233e+01 4.250000e+02
      vertex   4.599897e+00 2.695983e+01 4.280000e+02
      vertex   4.225950e+00 2.767233e+01 4.280000e+02
    endloop
  endfacet
  facet normal -7.994428e-01 -6.007423e-01 -4.733652e-16
    outer loop
      vertex   4.225950e+00 2.767233e+01 4.250000e+02
      vertex   4.225950e+00 2.767233e+01 4.280000e+02
      vertex   3.742554e+00 2.831561e+01 4.250000e+02
    endloop
  endfacet
  facet normal -7.994428e-01 -6.007423e-01 4.747391e-16
    outer loop
      vertex   3.742554e+00 2.831561e+01 4.250000e+02
      vertex   4.225950e+00 2.767233e+01 4.280000e+02
      vertex   3.742554e+00 2.831561e+01 4.280000e+02
    endloop
  endfacet
  facet normal -6.927244e-01 -7.212024e-01 6.489877e-16
    outer loop
      vertex   3.742554e+00 2.831561e+01 4.250000e+02
      vertex   3.742554e+00 2.831561e+01 4.280000e+02
      vertex   3.162227e+00 2.887303e+01 4.250000e+02
    endloop
  endfacet
  facet normal -6.927244e-01 -7.212024e-01 4.439001e-16
    outer loop
      vertex   3.162227e+00 2.887303e+01 4.250000e+02
      vertex   3.742554e+00 2.831561e+01 4.280000e+02
      vertex   3.162227e+00 2.887303e+01 4.280000e+02
    endloop
  endfacet
  facet normal -5.680647e-01 -8.229839e-01 6.382468e-16
    outer loop
      vertex   3.162227e+00 2.887303e+01 4.250000e+02
      vertex   3.162227e+00 2.887303e+01 4.280000e+02
      vertex   2.500000e+00 2.933013e+01 4.250000e+02
    endloop
  endfacet
  facet normal -5.680647e-01 -8.229839e-01 -4.204524e-16
    outer loop
      vertex   2.500000e+00 2.933013e+01 4.250000e+02
      vertex   3.162227e+00 2.887303e+01 4.280000e+02
      vertex   2.500000e+00 2.933013e+01 4.280000e+02
    endloop
  endfacet
  facet normal -4.286926e-01 -9.034504e-01 -3.172962e-16
    outer loop
      vertex   2.500000e+00 2.933013e+01 4.250000e+02
      vertex   2.500000e+00 2.933013e+01 4.280000e+02
      vertex   1.773024e+00 2.967508e+01 4.250000e+02
    endloop
  endfacet
  facet normal -4.286926e-01 -9.034504e-01 -1.586481e-16
    outer loop
      vertex   1.773024e+00 2.967508e+01 4.250000e+02
      vertex   2.500000e+00 2.933013e+01 4.280000e+02
      vertex   1.773024e+00 2.967508e+01 4.280000e+02
    endloop
  endfacet
  facet normal -2.782175e-01 -9.605181e-01 -1.029611e-16
    outer loop
      vertex   1.773024e+00 2.967508e+01 4.250000e+02
      vertex   1.773024e+00 2.967508e+01 4.280000e+02
      vertex   1.000128e+00 2.989895e+01 4.250000e+02
    endloop
  endfacet
  facet normal -2.782175e-01 -9.605181e-01 0.000000e+00
    outer loop
      vertex   1.000128e+00 2.989895e+01 4.250000e+02
      vertex   1.773024e+00 2.967508e+01 4.280000e+02
      vertex   1.000128e+00 2.989895e+01 4.280000e+02
    endloop
  endfacet
  facet normal -1.205367e-01 -9.927089e-01 0.000000e+00
    outer loop
      vertex   1.000128e+00 2.989895e+01 4.250000e+02
      vertex   1.000128e+00 2.989895e+01 4.280000e+02
      vertex   2.013297e-01 2.999595e+01 4.250000e+02
    endloop
  endfacet
  facet normal -1.205367e-01 -9.927089e-01 0.000000e+00
    outer loop
      vertex   2.013297e-01 2.999595e+01 4.250000e+02
      vertex   1.000128e+00 2.989895e+01 4.280000e+02
      vertex   2.013297e-01 2.999595e+01 4.280000e+02
    endloop
  endfacet
  facet normal 4.026594e-02 -9.991890e-01 0.000000e+00
    outer loop
      vertex   2.013297e-01 2.999595e+01 4.250000e+02
      vertex   2.013297e-01 2.999595e+01 4.280000e+02
      vertex   -6.026834e-01 2.996354e+01 4.250000e+02
    endloop
  endfacet
  facet normal 4.026594e-02 -9.991890e-01 4.470417e-17
    outer loop
      vertex   -6.026834e-01 2.996354e+01 4.250000e+02
      vertex   2.013297e-01 2.999595e+01 4.280000e+02
      vertex   -6.026834e-01 2.996354e+01 4.280000e+02
    endloop
  endfacet
  facet normal 2.000257e-01 -9.797907e-01 2.220731e-16
    outer loop
      vertex   -6.026834e-01 2.996354e+01 4.250000e+02
      vertex   -6.026834e-01 2.996354e+01 4.280000e+02
      vertex   -1.391087e+00 2.980259e+01 4.250000e+02
    endloop
  endfacet
  facet normal 2.000257e-01 -9.797907e-01 1.480488e-16
    outer loop
      vertex   -1.391087e+00 2.980259e+01 4.250000e+02
      vertex   -6.026834e-01 2.996354e+01 4.280000e+02
      vertex   -1.391087e+00 2.980259e+01 4.280000e+02
    endloop
  endfacet
  facet normal 3.546049e-01 -9.350162e-01 2.624603e-16
    outer loop
      vertex   -1.391087e+00 2.980259e+01 4.250000e+02
      vertex   -1.391087e+00 2.980259e+01 4.280000e+02
      vertex   -2.143463e+00 2.951725e+01 4.250000e+02
    endloop
  endfacet
  facet normal 3.546049e-01 -9.350162e-01 0.000000e+00
    outer loop
      vertex   -2.143463e+00 2.951725e+01 4.250000e+02
      vertex   -1.391087e+00 2.980259e+01 4.280000e+02
      vertex   -2.143463e+00 2.951725e+01 4.280000e+02
    endloop
  endfacet
  facet normal 5.000000e-01 -8.660254e-01 0.000000e+00
    outer loop
      vertex   -2.143463e+00 2.951725e+01 4.250000e+02
      vertex   -2.143463e+00 2.951725e+01 4.280000e+02
      vertex   -2.840324e+00 2.911492e+01 4.250000e+02
    endloop
  endfacet
  facet normal 5.000000e-01 -8.660254e-01 0.000000e+00
    outer loop
      vertex   -2.840324e+00 2.911492e+01 4.250000e+02
      vertex   -2.143463e+00 2.951725e+01 4.280000e+02
      vertex   -2.840324e+00 2.911492e+01 4.280000e+02
    endloop
  endfacet
  facet normal 6.324454e-01 -7.746050e-01 0.000000e+00
    outer loop
      vertex   -2.840324e+00 2.911492e+01 4.250000e+02
      vertex   -2.840324e+00 2.911492e+01 4.280000e+02
      vertex   -3.463622e+00 2.860601e+01 4.250000e+02
    endloop
  endfacet
  facet normal 6.324454e-01 -7.746050e-01 0.000000e+00
    outer loop
      vertex   -3.463622e+00 2.860601e+01 4.250000e+02
      vertex   -2.840324e+00 2.911492e+01 4.280000e+02
      vertex   -3.463622e+00 2.860601e+01 4.280000e+02
    endloop
  endfacet
  facet normal 7.485107e-01 -6.631227e-01 0.000000e+00
    outer loop
      vertex   -3.463622e+00 2.860601e+01 4.250000e+02
      vertex   -3.463622e+00 2.860601e+01 4.280000e+02
      vertex   -3.997214e+00 2.800371e+01 4.250000e+02
    endloop
  endfacet
  facet normal 7.485107e-01 -6.631227e-01 -1.204839e-16
    outer loop
      vertex   -3.997214e+00 2.800371e+01 4.250000e+02
      vertex   -3.463622e+00 2.860601e+01 4.280000e+02
      vertex   -3.997214e+00 2.800371e+01 4.280000e+02
    endloop
  endfacet
  facet normal 8.451901e-01 -5.344658e-01 1.177449e-16
    outer loop
      vertex   -3.997214e+00 2.800371e+01 4.250000e+02
      vertex   -3.997214e+00 2.800371e+01 4.280000e+02
      vertex   -4.427280e+00 2.732362e+01 4.250000e+02
    endloop
  endfacet
  facet normal 8.451901e-01 -5.344658e-01 2.502265e-16
    outer loop
      vertex   -4.427280e+00 2.732362e+01 4.250000e+02
      vertex   -3.997214e+00 2.800371e+01 4.280000e+02
      vertex   -4.427280e+00 2.732362e+01 4.280000e+02
    endloop
  endfacet
  facet normal 9.199794e-01 -3.919666e-01 2.723686e-16
    outer loop
      vertex   -4.427280e+00 2.732362e+01 4.250000e+02
      vertex   -4.427280e+00 2.732362e+01 4.280000e+02
      vertex   -4.742682e+00 2.658334e+01 4.250000e+02
    endloop
  endfacet
  facet normal 9.199794e-01 -3.919666e-01 -1.918131e-16
    outer loop
      vertex   -4.742682e+00 2.658334e+01 4.250000e+02
      vertex   -4.427280e+00 2.732362e+01 4.280000e+02
      vertex   -4.742682e+00 2.658334e+01 4.280000e+02
    endloop
  endfacet
  facet normal 9.709418e-01 -2.393157e-01 4.049845e-18
    outer loop
      vertex   -4.742682e+00 2.658334e+01 4.250000e+02
      vertex   -4.742682e+00 2.658334e+01 4.280000e+02
      vertex   -4.935251e+00 2.580206e+01 4.250000e+02
    endloop
  endfacet
  facet normal 9.709418e-01 -2.393157e-01 0.000000e+00
    outer loop
      vertex   -4.935251e+00 2.580206e+01 4.250000e+02
      vertex   -4.742682e+00 2.658334e+01 4.280000e+02
      vertex   -4.935251e+00 2.580206e+01 4.280000e+02
    endloop
  endfacet
  facet normal 9.914449e-01 -1.305262e-01 0.000000e+00
    outer loop
      vertex   -1.669037e+01 2.645293e+01 4.175800e+02
      vertex   -1.669037e+01 2.645293e+01 4.280000e+02
      vertex   -1.675000e+01 2.600000e+01 4.175800e+02
    endloop
  endfacet
  facet normal 9.914449e-01 -1.305262e-01 0.000000e+00
    outer loop
      vertex   -1.675000e+01 2.600000e+01 4.175800e+02
      vertex   -1.669037e+01 2.645293e+01 4.280000e+02
      vertex   -1.675000e+01 2.600000e+01 4.280000e+02
    endloop
  endfacet
  facet normal 9.914449e-01 1.305262e-01 -0.000000e+00
    outer loop
      vertex   -1.675000e+01 2.600000e+01 4.175800e+02
      vertex   -1.675000e+01 2.600000e+01 4.280000e+02
      vertex   -1.669037e+01 2.554707e+01 4.175800e+02
    endloop
  endfacet
  facet normal 9.914449e-01 1.305262e-01 -0.000000e+00
    outer loop
      vertex   -1.669037e+01 2.554707e+01 4.175800e+02
      vertex   -1.675000e+01 2.600000e+01 4.280000e+02
      vertex   -1.669037e+01 2.554707e+01 4.280000e+02
    endloop
  endfacet
  facet normal 9.238795e-01 3.826834e-01 -0.000000e+00
    outer loop
      vertex   -1.669037e+01 2.554707e+01 4.175800e+02
      vertex   -1.669037e+01 2.554707e+01 4.280000e+02
      vertex   -1.651554e+01 2.512500e+01 4.175800e+02
    endloop
  endfacet
  facet normal 9.238795e-01 3.826834e-01 -0.000000e+00
    outer loop
      vertex   -1.651554e+01 2.512500e+01 4.175800e+02
      vertex   -1.669037e+01 2.554707e+01 4.280000e+02
      vertex   -1.651554e+01 2.512500e+01 4.280000e+02
    endloop
  endfacet
  facet normal 7.933533e-01 6.087614e-01 -0.000000e+00
    outer loop
      vertex   -1.651554e+01 2.512500e+01 4.175800e+02
      vertex   -1.651554e+01 2.512500e+01 4.280000e+02
      vertex   -1.623744e+01 2.476256e+01 4.175800e+02
    endloop
  endfacet
  facet normal 7.933533e-01 6.087614e-01 -0.000000e+00
    outer loop
      vertex   -1.623744e+01 2.476256e+01 4.175800e+02
      vertex   -1.651554e+01 2.512500e+01 4.280000e+02
      vertex   -1.623744e+01 2.476256e+01 4.280000e+02
    endloop
  endfacet
  facet normal 6.087614e-01 7.933533e-01 -0.000000e+00
    outer loop
      vertex   -1.623744e+01 2.476256e+01 4.175800e+02
      vertex   -1.623744e+01 2.476256e+01 4.280000e+02
      vertex   -1.587500e+01 2.448446e+01 4.175800e+02
    endloop
  endfacet
  facet normal 6.087614e-01 7.933533e-01 -1.037790e-16
    outer loop
      vertex   -1.587500e+01 2.448446e+01 4.175800e+02
      vertex   -1.623744e+01 2.476256e+01 4.280000e+02
      vertex   -1.587500e+01 2.448446e+01 4.280000e+02
    endloop
  endfacet
  facet normal 3.826834e-01 9.238795e-01 -6.523823e-17
    outer loop
      vertex   -1.587500e+01 2.448446e+01 4.175800e+02
      vertex   -1.587500e+01 2.448446e+01 4.280000e+02
      vertex   -1.545293e+01 2.430963e+01 4.175800e+02
    endloop
  endfacet
  facet normal 3.826834e-01 9.238795e-01 -6.523823e-17
    outer loop
      vertex   -1.545293e+01 2.430963e+01 4.175800e+02
      vertex   -1.587500e+01 2.448446e+01 4.280000e+02
      vertex   -1.545293e+01 2.430963e+01 4.280000e+02
    endloop
  endfacet
  facet normal 1.305262e-01 9.914449e-01 -2.225154e-17
    outer loop
      vertex   -1.545293e+01 2.430963e+01 4.175800e+02
      vertex   -1.545293e+01 2.430963e+01 4.280000e+02
      vertex   -1.500000e+01 2.425000e+01 4.175800e+02
    endloop
  endfacet
  facet normal 1.305262e-01 9.914449e-01 -0.000000e+00
    outer loop
      vertex   -1.500000e+01 2.425000e+01 4.175800e+02
      vertex   -1.545293e+01 2.430963e+01 4.280000e+02
      vertex   -1.500000e+01 2.425000e+01 4.280000e+02
    endloop
  endfacet
  facet normal -1.305262e-01 9.914449e-01 0.000000e+00
    outer loop
      vertex   -1.500000e+01 2.425000e+01 4.175800e+02
      vertex   -1.500000e+01 2.425000e+01 4.280000e+02
      vertex   -1.454707e+01 2.430963e+01 4.175800e+02
    endloop
  endfacet
  facet normal -1.305262e-01 9.914449e-01 0.000000e+00
    outer loop
      vertex   -1.454707e+01 2.430963e+01 4.175800e+02
      vertex   -1.500000e+01 2.425000e+01 4.280000e+02
      vertex   -1.454707e+01 2.430963e+01 4.280000e+02
    endloop
  endfacet
  facet normal -3.826834e-01 9.238795e-01 0.000000e+00
    outer loop
      vertex   -1.454707e+01 2.430963e+01 4.175800e+02
      vertex   -1.454707e+01 2.430963e+01 4.280000e+02
      vertex   -1.412500e+01 2.448446e+01 4.175800e+02
    endloop
  endfacet
  facet normal -3.826834e-01 9.238795e-01 6.523823e-17
    outer loop
      vertex   -1.412500e+01 2.448446e+01 4.175800e+02
      vertex   -1.454707e+01 2.430963e+01 4.280000e+02
      vertex   -1.412500e+01 2.448446e+01 4.280000e+02
    endloop
  endfacet
  facet normal -6.087614e-01 7.933533e-01 1.037790e-16
    outer loop
      vertex   -1.412500e+01 2.448446e+01 4.175800e+02
      vertex   -1.412500e+01 2.448446e+01 4.280000e+02
      vertex   -1.376256e+01 2.476256e+01 4.175800e+02
    endloop
  endfacet
  facet normal -6.087614e-01 7.933533e-01 -5.409899e-16
    outer loop
      vertex   -1.376256e+01 2.476256e+01 4.175800e+02
      vertex   -1.412500e+01 2.448446e+01 4.280000e+02
      vertex   -1.376256e+01 2.476256e+01 4.280000e+02
    endloop
  endfacet
  facet normal -7.933533e-01 6.087614e-01 -4.151161e-16
    outer loop
      vertex   -1.376256e+01 2.476256e+01 4.175800e+02
      vertex   -1.376256e+01 2.476256e+01 4.280000e+02
      vertex   -1.348446e+01 2.512500e+01 4.175800e+02
    endloop
  endfacet
  facet normal -7.933533e-01 6.087614e-01 0.000000e+00
    outer loop
      vertex   -1.348446e+01 2.512500e+01 4.175800e+02
      vertex   -1.376256e+01 2.476256e+01 4.280000e+02
      vertex   -1.348446e+01 2.512500e+01 4.280000e+02
    endloop
  endfacet
  facet normal -9.238795e-01 3.826834e-01 0.000000e+00
    outer loop
      vertex   -1.348446e+01 2.512500e+01 4.175800e+02
      vertex   -1.348446e+01 2.512500e+01 4.280000e+02
      vertex   -1.330963e+01 2.554707e+01 4.175800e+02
    endloop
  endfacet
  facet normal -9.238795e-01 3.826834e-01 0.000000e+00
    outer loop
      vertex   -1.330963e+01 2.554707e+01 4.175800e+02
      vertex   -1.348446e+01 2.512500e+01 4.280000e+02
      vertex   -1.330963e+01 2.554707e+01 4.280000e+02
    endloop
  endfacet
  facet normal -9.914449e-01 1.305262e-01 0.000000e+00
    outer loop
      vertex   -1.330963e+01 2.554707e+01 4.175800e+02
      vertex   -1.330963e+01 2.554707e+01 4.280000e+02
      vertex   -1.325000e+01 2.600000e+01 4.175800e+02
    endloop
  endfacet
  facet normal -9.914449e-01 1.305262e-01 0.000000e+00
    outer loop
      vertex   -1.325000e+01 2.600000e+01 4.175800e+02
      vertex   -1.330963e+01 2.554707e+01 4.280000e+02
      vertex   -1.325000e+01 2.600000e+01 4.280000e+02
    endloop
  endfacet
  facet normal -9.914449e-01 -1.305262e-01 0.000000e+00
    outer loop
      vertex   -1.325000e+01 2.600000e+01 4.175800e+02
      vertex   -1.325000e+01 2.600000e+01 4.280000e+02
      vertex   -1.330963e+01 2.645293e+01 4.175800e+02
    endloop
  endfacet
  facet normal -9.914449e-01 -1.305262e-01 0.000000e+00
    outer loop
      vertex   -1.330963e+01 2.645293e+01 4.175800e+02
      vertex   -1.325000e+01 2.600000e+01 4.280000e+02
      vertex   -1.330963e+01 2.645293e+01 4.280000e+02
    endloop
  endfacet
  facet normal -9.238795e-01 -3.826834e-01 0.000000e+00
    outer loop
      vertex   -1.330963e+01 2.645293e+01 4.175800e+02
      vertex   -1.330963e+01 2.645293e+01 4.280000e+02
      vertex   -1.348446e+01 2.687500e+01 4.175800e+02
    endloop
  endfacet
  facet normal -9.238795e-01 -3.826834e-01 0.000000e+00
    outer loop
      vertex   -1.348446e+01 2.687500e+01 4.175800e+02
      vertex   -1.330963e+01 2.645293e+01 4.280000e+02
      vertex   -1.348446e+01 2.687500e+01 4.280000e+02
    endloop
  endfacet
  facet normal -7.933533e-01 -6.087614e-01 0.000000e+00
    outer loop
      vertex   -1.348446e+01 2.687500e+01 4.175800e+02
      vertex   -1.348446e+01 2.687500e+01 4.280000e+02
      vertex   -1.376256e+01 2.723744e+01 4.175800e+02
    endloop
  endfacet
  facet normal -7.933533e-01 -6.087614e-01 4.151161e-16
    outer loop
      vertex   -1.376256e+01 2.723744e+01 4.175800e+02
      vertex   -1.348446e+01 2.687500e+01 4.280000e+02
      vertex   -1.376256e+01 2.723744e+01 4.280000e+02
    endloop
  endfacet
  facet normal -6.087614e-01 -7.933533e-01 5.409899e-16
    outer loop
      vertex   -1.376256e+01 2.723744e+01 4.175800e+02
      vertex   -1.376256e+01 2.723744e+01 4.280000e+02
      vertex   -1.412500e+01 2.751554e+01 4.175800e+02
    endloop
  endfacet
  facet normal -6.087614e-01 -7.933533e-01 -1.037790e-16
    outer loop
      vertex   -1.412500e+01 2.751554e+01 4.175800e+02
      vertex   -1.376256e+01 2.723744e+01 4.280000e+02
      vertex   -1.412500e+01 2.751554e+01 4.280000e+02
    endloop
  endfacet
  facet normal -3.826834e-01 -9.238795e-01 -6.523823e-17
    outer loop
      vertex   -1.412500e+01 2.751554e+01 4.175800e+02
      vertex   -1.412500e+01 2.751554e+01 4.280000e+02
      vertex   -1.454707e+01 2.769037e+01 4.175800e+02
    endloop
  endfacet
  facet normal -3.826834e-01 -9.238795e-01 0.000000e+00
    outer loop
      vertex   -1.454707e+01 2.769037e+01 4.175800e+02
      vertex   -1.412500e+01 2.751554e+01 4.280000e+02
      vertex   -1.454707e+01 2.769037e+01 4.280000e+02
    endloop
  endfacet
  facet normal -1.305262e-01 -9.914449e-01 0.000000e+00
    outer loop
      vertex   -1.454707e+01 2.769037e+01 4.175800e+02
      vertex   -1.454707e+01 2.769037e+01 4.280000e+02
      vertex   -1.500000e+01 2.775000e+01 4.175800e+02
    endloop
  endfacet
  facet normal -1.305262e-01 -9.914449e-01 0.000000e+00
    outer loop
      vertex   -1.500000e+01 2.775000e+01 4.175800e+02
      vertex   -1.454707e+01 2.769037e+01 4.280000e+02
      vertex   -1.500000e+01 2.775000e+01 4.280000e+02
    endloop
  endfacet
  facet normal 1.305262e-01 -9.914449e-01 0.000000e+00
    outer loop
      vertex   -1.500000e+01 2.775000e+01 4.175800e+02
      vertex   -1.500000e+01 2.775000e+01 4.280000e+02
      vertex   -1.545293e+01 2.769037e+01 4.175800e+02
    endloop
  endfacet
  facet normal 1.305262e-01 -9.914449e-01 2.225154e-17
    outer loop
      vertex   -1.545293e+01 2.769037e+01 4.175800e+02
      vertex   -1.500000e+01 2.775000e+01 4.280000e+02
      vertex   -1.545293e+01 2.769037e+01 4.280000e+02
    endloop
  endfacet
  facet normal 3.826834e-01 -9.238795e-01 6.523823e-17
    outer loop
      vertex   -1.545293e+01 2.769037e+01 4.175800e+02
      vertex   -1.545293e+01 2.769037e+01 4.280000e+02
      vertex   -1.587500e+01 2.751554e+01 4.175800e+02
    endloop
  endfacet
  facet normal 3.826834e-01 -9.238795e-01 6.523823e-17
    outer loop
      vertex   -1.587500e+01 2.751554e+01 4.175800e+02
      vertex   -1.545293e+01 2.769037e+01 4.280000e+02
      vertex   -1.587500e+01 2.751554e+01 4.280000e+02
    endloop
  endfacet
  facet normal 6.087614e-01 -7.933533e-01 1.037790e-16
    outer loop
      vertex   -1.587500e+01 2.751554e+01 4.175800e+02
      vertex   -1.587500e+01 2.751554e+01 4.280000e+02
      vertex   -1.623744e+01 2.723744e+01 4.175800e+02
    endloop
  endfacet
  facet normal 6.087614e-01 -7.933533e-01 0.000000e+00
    outer loop
      vertex   -1.623744e+01 2.723744e+01 4.175800e+02
      vertex   -1.587500e+01 2.751554e+01 4.280000e+02
      vertex   -1.623744e+01 2.723744e+01 4.280000e+02
    endloop
  endfacet
  facet normal 7.933533e-01 -6.087614e-01 0.000000e+00
    outer loop
      vertex   -1.623744e+01 2.723744e+01 4.175800e+02
      vertex   -1.623744e+01 2.723744e+01 4.280000e+02
      vertex   -1.651554e+01 2.687500e+01 4.175800e+02
    endloop
  endfacet
  facet normal 7.933533e-01 -6.087614e-01 0.000000e+00
    outer loop
      vertex   -1.651554e+01 2.687500e+01 4.175800e+02
      vertex   -1.623744e+01 2.723744e+01 4.280000e+02
      vertex   -1.651554e+01 2.687500e+01 4.280000e+02
    endloop
  endfacet
  facet normal 9.238795e-01 -3.826834e-01 0.000000e+00
    outer loop
      vertex   -1.651554e+01 2.687500e+01 4.175800e+02
      vertex   -1.651554e+01 2.687500e+01 4.280000e+02
      vertex   -1.669037e+01 2.645293e+01 4.175800e+02
    endloop
  endfacet
  facet normal 9.238795e-01 -3.826834e-01 0.000000e+00
    outer loop
      vertex   -1.669037e+01 2.645293e+01 4.175800e+02
      vertex   -1.651554e+01 2.687500e+01 4.280000e+02
      vertex   -1.669037e+01 2.645293e+01 4.280000e+02
    endloop
  endfacet
  facet normal 9.914449e-01 -1.305262e-01 0.000000e+00
    outer loop
      vertex   1.330963e+01 2.645293e+01 4.175800e+02
      vertex   1.330963e+01 2.645293e+01 4.280000e+02
      vertex   1.325000e+01 2.600000e+01 4.175800e+02
    endloop
  endfacet
  facet normal 9.914449e-01 -1.305262e-01 0.000000e+00
    outer loop
      vertex   1.325000e+01 2.600000e+01 4.175800e+02
      vertex   1.330963e+01 2.645293e+01 4.280000e+02
      vertex   1.325000e+01 2.600000e+01 4.280000e+02
    endloop
  endfacet
  facet normal 9.914449e-01 1.305262e-01 -0.000000e+00
    outer loop
      vertex   1.325000e+01 2.600000e+01 4.175800e+02
      vertex   1.325000e+01 2.600000e+01 4.280000e+02
      vertex   1.330963e+01 2.554707e+01 4.175800e+02
    endloop
  endfacet
  facet normal 9.914449e-01 1.305262e-01 -0.000000e+00
    outer loop
      vertex   1.330963e+01 2.554707e+01 4.175800e+02
      vertex   1.325000e+01 2.600000e+01 4.280000e+02
      vertex   1.330963e+01 2.554707e+01 4.280000e+02
    endloop
  endfacet
  facet normal 9.238795e-01 3.826834e-01 -0.000000e+00
    outer loop
      vertex   1.330963e+01 2.554707e+01 4.175800e+02
      vertex   1.330963e+01 2.554707e+01 4.280000e+02
      vertex   1.348446e+01 2.512500e+01 4.175800e+02
    endloop
  endfacet
  facet normal 9.238795e-01 3.826834e-01 -0.000000e+00
    outer loop
      vertex   1.348446e+01 2.512500e+01 4.175800e+02
      vertex   1.330963e+01 2.554707e+01 4.280000e+02
      vertex   1.348446e+01 2.512500e+01 4.280000e+02
    endloop
  endfacet
  facet normal 7.933533e-01 6.087614e-01 -0.000000e+00
    outer loop
      vertex   1.348446e+01 2.512500e+01 4.175800e+02
      vertex   1.348446e+01 2.512500e+01 4.280000e+02
      vertex   1.376256e+01 2.476256e+01 4.175800e+02
    endloop
  endfacet
  facet normal 7.933533e-01 6.087614e-01 -0.000000e+00
    outer loop
      vertex   1.376256e+01 2.476256e+01 4.175800e+02
      vertex   1.348446e+01 2.512500e+01 4.280000e+02
      vertex   1.376256e+01 2.476256e+01 4.280000e+02
    endloop
  endfacet
  facet normal 6.087614e-01 7.933533e-01 -0.000000e+00
    outer loop
      vertex   1.376256e+01 2.476256e+01 4.175800e+02
      vertex   1.376256e+01 2.476256e+01 4.280000e+02
      vertex   1.412500e+01 2.448446e+01 4.175800e+02
    endloop
  endfacet
  facet normal 6.087614e-01 7.933533e-01 -1.037790e-16
    outer loop
      vertex   1.412500e+01 2.448446e+01 4.175800e+02
      vertex   1.376256e+01 2.476256e+01 4.280000e+02
      vertex   1.412500e+01 2.448446e+01 4.280000e+02
    endloop
  endfacet
  facet normal 3.826834e-01 9.238795e-01 -6.523823e-17
    outer loop
      vertex   1.412500e+01 2.448446e+01 4.175800e+02
      vertex   1.412500e+01 2.448446e+01 4.280000e+02
      vertex   1.454707e+01 2.430963e+01 4.175800e+02
    endloop
  endfacet
  facet normal 3.826834e-01 9.238795e-01 -6.523823e-17
    outer loop
      vertex   1.454707e+01 2.430963e+01 4.175800e+02
      vertex   1.412500e+01 2.448446e+01 4.280000e+02
      vertex   1.454707e+01 2.430963e+01 4.280000e+02
    endloop
  endfacet
  facet normal 1.305262e-01 9.914449e-01 -2.225154e-17
    outer loop
      vertex   1.454707e+01 2.430963e+01 4.175800e+02
      vertex   1.454707e+01 2.430963e+01 4.280000e+02
      vertex   1.500000e+01 2.425000e+01 4.175800e+02
    endloop
  endfacet
  facet normal 1.305262e-01 9.914449e-01 -0.000000e+00
    outer loop
      vertex   1.500000e+01 2.425000e+01 4.175800e+02
      vertex   1.454707e+01 2.430963e+01 4.280000e+02
      vertex   1.500000e+01 2.425000e+01 4.280000e+02
    endloop
  endfacet
  facet normal -1.305262e-01 9.914449e-01 0.000000e+00
    outer loop
      vertex   1.500000e+01 2.425000e+01 4.175800e+02
      vertex   1.500000e+01 2.425000e+01 4.280000e+02
      vertex   1.545293e+01 2.430963e+01 4.175800e+02
    endloop
  endfacet
  facet normal -1.305262e-01 9.914449e-01 0.000000e+00
    outer loop
      vertex   1.545293e+01 2.430963e+01 4.175800e+02
      vertex   1.500000e+01 2.425000e+01 4.280000e+02
      vertex   1.545293e+01 2.430963e+01 4.280000e+02
    endloop
  endfacet
  facet normal -3.826834e-01 9.238795e-01 0.000000e+00
    outer loop
      vertex   1.545293e+01 2.430963e+01 4.175800e+02
      vertex   1.545293e+01 2.430963e+01 4.280000e+02
      vertex   1.587500e+01 2.448446e+01 4.175800e+02
    endloop
  endfacet
  facet normal -3.826834e-01 9.238795e-01 6.523823e-17
    outer loop
      vertex   1.587500e+01 2.448446e+01 4.175800e+02
      vertex   1.545293e+01 2.430963e+01 4.280000e+02
      vertex   1.587500e+01 2.448446e+01 4.280000e+02
    endloop
  endfacet
  facet normal -6.087614e-01 7.933533e-01 1.037790e-16
    outer loop
      vertex   1.587500e+01 2.448446e+01 4.175800e+02
      vertex   1.587500e+01 2.448446e+01 4.280000e+02
      vertex   1.623744e+01 2.476256e+01 4.175800e+02
    endloop
  endfacet
  facet normal -6.087614e-01 7.933533e-01 -5.409899e-16
    outer loop
      vertex   1.623744e+01 2.476256e+01 4.175800e+02
      vertex   1.587500e+01 2.448446e+01 4.280000e+02
      vertex   1.623744e+01 2.476256e+01 4.280000e+02
    endloop
  endfacet
  facet normal -7.933533e-01 6.087614e-01 -4.151161e-16
    outer loop
      vertex   1.623744e+01 2.476256e+01 4.175800e+02
      vertex   1.623744e+01 2.476256e+01 4.280000e+02
      vertex   1.651554e+01 2.512500e+01 4.175800e+02
    endloop
  endfacet
  facet normal -7.933533e-01 6.087614e-01 0.000000e+00
    outer loop
      vertex   1.651554e+01 2.512500e+01 4.175800e+02
      vertex   1.623744e+01 2.476256e+01 4.280000e+02
      vertex   1.651554e+01 2.512500e+01 4.280000e+02
    endloop
  endfacet
  facet normal -9.238795e-01 3.826834e-01 0.000000e+00
    outer loop
      vertex   1.651554e+01 2.512500e+01 4.175800e+02
      vertex   1.651554e+01 2.512500e+01 4.280000e+02
      vertex   1.669037e+01 2.554707e+01 4.175800e+02
    endloop
  endfacet
  facet normal -9.238795e-01 3.826834e-01 0.000000e+00
    outer loop
      vertex   1.669037e+01 2.554707e+01 4.175800e+02
      vertex   1.651554e+01 2.512500e+01 4.280000e+02
      vertex   1.669037e+01 2.554707e+01 4.280000e+02
    endloop
  endfacet
  facet normal -9.914449e-01 1.305262e-01 0.000000e+00
    outer loop
      vertex   1.669037e+01 2.554707e+01 4.175800e+02
      vertex   1.669037e+01 2.554707e+01 4.280000e+02
      vertex   1.675000e+01 2.600000e+01 4.175800e+02
    endloop
  endfacet
  facet normal -9.914449e-01 1.305262e-01 0.000000e+00
    outer loop
      vertex   1.675000e+01 2.600000e+01 4.175800e+02
      vertex   1.669037e+01 2.554707e+01 4.280000e+02
      vertex   1.675000e+01 2.600000e+01 4.280000e+02
    endloop
  endfacet
  facet normal -9.914449e-01 -1.305262e-01 0.000000e+00
    outer loop
      vertex   1.675000e+01 2.600000e+01 4.175800e+02
      vertex   1.675000e+01 2.600000e+01 4.280000e+02
      vertex   1.669037e+01 2.645293e+01 4.175800e+02
    endloop
  endfacet
  facet normal -9.914449e-01 -1.305262e-01 0.000000e+00
    outer loop
      vertex   1.669037e+01 2.645293e+01 4.175800e+02
      vertex   1.675000e+01 2.600000e+01 4.280000e+02
      vertex   1.669037e+01 2.645293e+01 4.280000e+02
    endloop
  endfacet
  facet normal -9.238795e-01 -3.826834e-01 0.000000e+00
    outer loop
      vertex   1.669037e+01 2.645293e+01 4.175800e+02
      vertex   1.669037e+01 2.645293e+01 4.280000e+02
      vertex   1.651554e+01 2.687500e+01 4.175800e+02
    endloop
  endfacet
  facet normal -9.238795e-01 -3.826834e-01 0.000000e+00
    outer loop
      vertex   1.651554e+01 2.687500e+01 4.175800e+02
      vertex   1.669037e+01 2.645293e+01 4.280000e+02
      vertex   1.651554e+01 2.687500e+01 4.280000e+02
    endloop
  endfacet
  facet normal -7.933533e-01 -6.087614e-01 0.000000e+00
    outer loop
      vertex   1.651554e+01 2.687500e+01 4.175800e+02
      vertex   1.651554e+01 2.687500e+01 4.280000e+02
      vertex   1.623744e+01 2.723744e+01 4.175800e+02
    endloop
  endfacet
  facet normal -7.933533e-01 -6.087614e-01 4.151161e-16
    outer loop
      vertex   1.623744e+01 2.723744e+01 4.175800e+02
      vertex   1.651554e+01 2.687500e+01 4.280000e+02
      vertex   1.623744e+01 2.723744e+01 4.280000e+02
    endloop
  endfacet
  facet normal -6.087614e-01 -7.933533e-01 5.409899e-16
    outer loop
      vertex   1.623744e+01 2.723744e+01 4.175800e+02
      vertex   1.623744e+01 2.723744e+01 4.280000e+02
      vertex   1.587500e+01 2.751554e+01 4.175800e+02
    endloop
  endfacet
  facet normal -6.087614e-01 -7.933533e-01 -1.037790e-16
    outer loop
      vertex   1.587500e+01 2.751554e+01 4.175800e+02
      vertex   1.623744e+01 2.723744e+01 4.280000e+02
      vertex   1.587500e+01 2.751554e+01 4.280000e+02
    endloop
  endfacet
  facet normal -3.826834e-01 -9.238795e-01 -6.523823e-17
    outer loop
      vertex   1.587500e+01 2.751554e+01 4.175800e+02
      vertex   1.587500e+01 2.751554e+01 4.280000e+02
      vertex   1.545293e+01 2.769037e+01 4.175800e+02
    endloop
  endfacet
  facet normal -3.826834e-01 -9.238795e-01 0.000000e+00
    outer loop
      vertex   1.545293e+01 2.769037e+01 4.175800e+02
      vertex   1.587500e+01 2.751554e+01 4.280000e+02
      vertex   1.545293e+01 2.769037e+01 4.280000e+02
    endloop
  endfacet
  facet normal -1.305262e-01 -9.914449e-01 0.000000e+00
    outer loop
      vertex   1.545293e+01 2.769037e+01 4.175800e+02
      vertex   1.545293e+01 2.769037e+01 4.280000e+02
      vertex   1.500000e+01 2.775000e+01 4.175800e+02
    endloop
  endfacet
  facet normal -1.305262e-01 -9.914449e-01 0.000000e+00
    outer loop
      vertex   1.500000e+01 2.775000e+01 4.175800e+02
      vertex   1.545293e+01 2.769037e+01 4.280000e+02
      vertex   1.500000e+01 2.775000e+01 4.280000e+02
    endloop
  endfacet
  facet normal 1.305262e-01 -9.914449e-01 0.000000e+00
    outer loop
      vertex   1.500000e+01 2.775000e+01 4.175800e+02
      vertex   1.500000e+01 2.775000e+01 4.280000e+02
      vertex   1.454707e+01 2.769037e+01 4.175800e+02
    endloop
  endfacet
  facet normal 1.305262e-01 -9.914449e-01 2.225154e-17
    outer loop
      vertex   1.454707e+01 2.769037e+01 4.175800e+02
      vertex   1.500000e+01 2.775000e+01 4.280000e+02
      vertex   1.454707e+01 2.769037e+01 4.280000e+02
    endloop
  endfacet
  facet normal 3.826834e-01 -9.238795e-01 6.523823e-17
    outer loop
      vertex   1.454707e+01 2.769037e+01 4.175800e+02
      vertex   1.454707e+01 2.769037e+01 4.280000e+02
      vertex   1.412500e+01 2.751554e+01 4.175800e+02
    endloop
  endfacet
  facet normal 3.826834e-01 -9.238795e-01 6.523823e-17
    outer loop
      vertex   1.412500e+01 2.751554e+01 4.175800e+02
      vertex   1.454707e+01 2.769037e+01 4.280000e+02
      vertex   1.412500e+01 2.751554e+01 4.280000e+02
    endloop
  endfacet
  facet normal 6.087614e-01 -7.933533e-01 1.037790e-16
    outer loop
      vertex   1.412500e+01 2.751554e+01 4.175800e+02
      vertex   1.412500e+01 2.751554e+01 4.280000e+02
      vertex   1.376256e+01 2.723744e+01 4.175800e+02
    endloop
  endfacet
  facet normal 6.087614e-01 -7.933533e-01 0.000000e+00
    outer loop
      vertex   1.376256e+01 2.723744e+01 4.175800e+02
      vertex   1.412500e+01 2.751554e+01 4.280000e+02
      vertex   1.376256e+01 2.723744e+01 4.280000e+02
    endloop
  endfacet
  facet normal 7.933533e-01 -6.087614e-01 0.000000e+00
    outer loop
      vertex   1.376256e+01 2.723744e+01 4.175800e+02
      vertex   1.376256e+01 2.723744e+01 4.280000e+02
      vertex   1.348446e+01 2.687500e+01 4.175800e+02
    endloop
  endfacet
  facet normal 7.933533e-01 -6.087614e-01 0.000000e+00
    outer loop
      vertex   1.348446e+01 2.687500e+01 4.175800e+02
      vertex   1.376256e+01 2.723744e+01 4.280000e+02
      vertex   1.348446e+01 2.687500e+01 4.280000e+02
    endloop
  endfacet
  facet normal 9.238795e-01 -3.826834e-01 0.000000e+00
    outer loop
      vertex   1.348446e+01 2.687500e+01 4.175800e+02
      vertex   1.348446e+01 2.687500e+01 4.280000e+02
      vertex   1.330963e+01 2.645293e+01 4.175800e+02
    endloop
  endfacet
  facet normal 9.238795e-01 -3.826834e-01 0.000000e+00
    outer loop
      vertex   1.330963e+01 2.645293e+01 4.175800e+02
      vertex   1.348446e+01 2.687500e+01 4.280000e+02
      vertex   1.330963e+01 2.645293e+01 4.280000e+02
    endloop
  endfacet
  facet normal -1.000000e+00 -0.000000e+00 -0.000000e+00
    outer loop
      vertex   1.400000e+01 1.050000e+02 4.280000e+02
      vertex   1.400000e+01 1.050000e+02 4.250000e+02
      vertex   1.400000e+01 9.700000e+01 4.280000e+02
    endloop
  endfacet
  facet normal -1.000000e+00 0.000000e+00 0.000000e+00
    outer loop
      vertex   1.400000e+01 9.700000e+01 4.280000e+02
      vertex   1.400000e+01 1.050000e+02 4.250000e+02
      vertex   1.400000e+01 9.700000e+01 4.250000e+02
    endloop
  endfacet
  facet normal 1.000000e+00 -0.000000e+00 0.000000e+00
    outer loop
      vertex   -1.100000e+01 9.700000e+01 4.280000e+02
      vertex   -1.100000e+01 9.700000e+01 4.250000e+02
      vertex   -1.100000e+01 1.050000e+02 4.280000e+02
    endloop
  endfacet
  facet normal 1.000000e+00 0.000000e+00 0.000000e+00
    outer loop
      vertex   -1.100000e+01 1.050000e+02 4.280000e+02
      vertex   -1.100000e+01 9.700000e+01 4.250000e+02
      vertex   -1.100000e+01 1.050000e+02 4.250000e+02
    endloop
  endfacet
  facet normal 0.000000e+00 1.000000e+00 -0.000000e+00
    outer loop
      vertex   1.400000e+01 9.700000e+01 4.250000e+02
      vertex   -1.100000e+01 9.700000e+01 4.250000e+02
      vertex   1.400000e+01 9.700000e+01 4.280000e+02
    endloop
  endfacet
  facet normal 0.000000e+00 1.000000e+00 0.000000e+00
    outer loop
      vertex   1.400000e+01 9.700000e+01 4.280000e+02
      vertex   -1.100000e+01 9.700000e+01 4.250000e+02
      vertex   -1.100000e+01 9.700000e+01 4.280000e+02
    endloop
  endfacet
  facet normal 0.000000e+00 0.000000e+00 1.000000e+00
    outer loop
      vertex   -4.935251e+00 2.580206e+01 4.280000e+02
      vertex   -1.325000e+01 2.600000e+01 4.280000e+02
      vertex   -5.000000e+00 2.500000e+01 4.280000e+02
    endloop
  endfacet
  facet normal 0.000000e+00 0.000000e+00 1.000000e+00
    outer loop
      vertex   -5.000000e+00 2.500000e+01 4.280000e+02
      vertex   -1.325000e+01 2.600000e+01 4.280000e+02
      vertex   -1.330963e+01 2.554707e+01 4.280000e+02
    endloop
  endfacet
  facet normal 0.000000e+00 0.000000e+00 1.000000e+00
    outer loop
      vertex   -5.000000e+00 2.500000e+01 4.280000e+02
      vertex   -1.330963e+01 2.554707e+01 4.280000e+02
      vertex   -4.935251e+00 2.419794e+01 4.280000e+02
    endloop
  endfacet
  facet normal 0.000000e+00 0.000000e+00 1.000000e+00
    outer loop
      vertex   -4.935251e+00 2.419794e+01 4.280000e+02
      vertex   -1.330963e+01 2.554707e+01 4.280000e+02
      vertex   -4.742682e+00 2.341666e+01 4.280000e+02
    endloop
  endfacet
  facet normal 0.000000e+00 0.000000e+00 1.000000e+00
    outer loop
      vertex   -4.742682e+00 2.341666e+01 4.280000e+02
      vertex   -1.330963e+01 2.554707e+01 4.280000e+02
      vertex   -1.348446e+01 2.512500e+01 4.280000e+02
    endloop
  endfacet
  facet normal 0.000000e+00 0.000000e+00 1.000000e+00
    outer loop
      vertex   -4.742682e+00 2.341666e+01 4.280000e+02
      vertex   -1.348446e+01 2.512500e+01 4.280000e+02
      vertex   -4.427280e+00 2.267638e+01 4.280000e+02
    endloop
  endfacet
  facet normal 0.000000e+00 0.000000e+00 1.000000e+00
    outer loop
      vertex   -4.427280e+00 2.267638e+01 4.280000e+02
      vertex   -1.348446e+01 2.512500e+01 4.280000e+02
      vertex   -1.376256e+01 2.476256e+01 4.280000e+02
    endloop
  endfacet
  facet normal 0.000000e+00 0.000000e+00 1.000000e+00
    outer loop
      vertex   -4.427280e+00 2.267638e+01 4.280000e+02
      vertex   -1.376256e+01 2.476256e+01 4.280000e+02
      vertex   -3.997214e+00 2.199629e+01 4.280000e+02
    endloop
  endfacet
  facet normal 0.000000e+00 0.000000e+00 1.000000e+00
    outer loop
      vertex   -3.997214e+00 2.199629e+01 4.280000e+02
      vertex   -1.376256e+01 2.476256e+01 4.280000e+02
      vertex   -1.412500e+01 2.448446e+01 4.280000e+02
    endloop
  endfacet
  facet normal 0.000000e+00 0.000000e+00 1.000000e+00
    outer loop
      vertex   -3.997214e+00 2.199629e+01 4.280000e+02
      vertex   -1.412500e+01 2.448446e+01 4.280000e+02
      vertex   -3.463622e+00 2.139399e+01 4.280000e+02
    endloop
  endfacet
  facet normal 0.000000e+00 0.000000e+00 1.000000e+00
    outer loop
      vertex   -3.463622e+00 2.139399e+01 4.280000e+02
      vertex   -1.412500e+01 2.448446e+01 4.280000e+02
      vertex   -1.454707e+01 2.430963e+01 4.280000e+02
    endloop
  endfacet
  facet normal 0.000000e+00 0.000000e+00 1.000000e+00
    outer loop
      vertex   -3.463622e+00 2.139399e+01 4.280000e+02
      vertex   -1.454707e+01 2.430963e+01 4.280000e+02
      vertex   -2.500000e+01 1.500000e+01 4.280000e+02
    endloop
  endfacet
  facet normal 0.000000e+00 0.000000e+00 1.000000e+00
    outer loop
      vertex   -2.500000e+01 1.500000e+01 4.280000e+02
      vertex   -1.454707e+01 2.430963e+01 4.280000e+02
      vertex   -1.500000e+01 2.425000e+01 4.280000e+02
    endloop
  endfacet
  facet normal 0.000000e+00 0.000000e+00 1.000000e+00
    outer loop
      vertex   -2.500000e+01 1.500000e+01 4.280000e+02
      vertex   -1.500000e+01 2.425000e+01 4.280000e+02
      vertex   -1.545293e+01 2.430963e+01 4.280000e+02
    endloop
  endfacet
  facet normal -0.000000e+00 -0.000000e+00 1.000000e+00
    outer loop
      vertex   -1.325000e+01 2.600000e+01 4.280000e+02
      vertex   -4.935251e+00 2.580206e+01 4.280000e+02
      vertex   -1.330963e+01 2.645293e+01 4.280000e+02
    endloop
  endfacet
  facet normal -0.000000e+00 0.000000e+00 1.000000e+00
    outer loop
      vertex   -1.330963e+01 2.645293e+01 4.280000e+02
      vertex   -4.935251e+00 2.580206e+01 4.280000e+02
      vertex   -4.742682e+00 2.658334e+01 4.280000e+02
    endloop
  endfacet
  facet normal 0.000000e+00 -0.000000e+00 1.000000e+00
    outer loop
      vertex   -1.330963e+01 2.645293e+01 4.280000e+02
      vertex   -4.742682e+00 2.658334e+01 4.280000e+02
      vertex   -1.348446e+01 2.687500e+01 4.280000e+02
    endloop
  endfacet
  facet normal -0.000000e+00 0.000000e+00 1.000000e+00
    outer loop
      vertex   -1.348446e+01 2.687500e+01 4.280000e+02
      vertex   -4.742682e+00 2.658334e+01 4.280000e+02
      vertex   -4.427280e+00 2.732362e+01 4.280000e+02
    endloop
  endfacet
  facet normal 0.000000e+00 0.000000e+00 1.000000e+00
    outer loop
      vertex   -1.348446e+01 2.687500e+01 4.280000e+02
      vertex   -4.427280e+00 2.732362e+01 4.280000e+02
      vertex   -3.997214e+00 2.800371e+01 4.280000e+02
    endloop
  endfacet
  facet normal 0.000000e+00 -0.000000e+00 1.000000e+00
    outer loop
      vertex   -1.348446e+01 2.687500e+01 4.280000e+02
      vertex   -3.997214e+00 2.800371e+01 4.280000e+02
      vertex   -1.376256e+01 2.723744e+01 4.280000e+02
    endloop
  endfacet
  facet normal 0.000000e+00 0.000000e+00 1.000000e+00
    outer loop
      vertex   -1.376256e+01 2.723744e+01 4.280000e+02
      vertex   -3.997214e+00 2.800371e+01 4.280000e+02
      vertex   -3.463622e+00 2.860601e+01 4.280000e+02
    endloop
  endfacet
  facet normal 0.000000e+00 -0.000000e+00 1.000000e+00
    outer loop
      vertex   -1.376256e+01 2.723744e+01 4.280000e+02
      vertex   -3.463622e+00 2.860601e+01 4.280000e+02
      vertex   -1.412500e+01 2.751554e+01 4.280000e+02
    endloop
  endfacet
  facet normal 0.000000e+00 0.000000e+00 1.000000e+00
    outer loop
      vertex   -1.412500e+01 2.751554e+01 4.280000e+02
      vertex   -3.463622e+00 2.860601e+01 4.280000e+02
      vertex   -2.840324e+00 2.911492e+01 4.280000e+02
    endloop
  endfacet
  facet normal 0.000000e+00 0.000000e+00 1.000000e+00
    outer loop
      vertex   -1.412500e+01 2.751554e+01 4.280000e+02
      vertex   -2.840324e+00 2.911492e+01 4.280000e+02
      vertex   -1.100000e+01 9.700000e+01 4.280000e+02
    endloop
  endfacet
  facet normal 0.000000e+00 0.000000e+00 1.000000e+00
    outer loop
      vertex   -1.100000e+01 9.700000e+01 4.280000e+02
      vertex   -2.840324e+00 2.911492e+01 4.280000e+02
      vertex   -2.143463e+00 2.951725e+01 4.280000e+02
    endloop
  endfacet
  facet normal 0.000000e+00 0.000000e+00 1.000000e+00
    outer loop
      vertex   -1.100000e+01 9.700000e+01 4.280000e+02
      vertex   -2.143463e+00 2.951725e+01 4.280000e+02
      vertex   -1.391087e+00 2.980259e+01 4.280000e+02
    endloop
  endfacet
  facet normal 0.000000e+00 -0.000000e+00 1.000000e+00
    outer loop
      vertex   -1.391087e+00 2.980259e+01 4.280000e+02
      vertex   -6.026834e-01 2.996354e+01 4.280000e+02
      vertex   -1.100000e+01 9.700000e+01 4.280000e+02
    endloop
  endfacet
  facet normal 0.000000e+00 0.000000e+00 1.000000e+00
    outer loop
      vertex   -1.100000e+01 9.700000e+01 4.280000e+02
      vertex   -6.026834e-01 2.996354e+01 4.280000e+02
      vertex   2.013297e-01 2.999595e+01 4.280000e+02
    endloop
  endfacet
  facet normal -0.000000e+00 0.000000e+00 1.000000e+00
    outer loop
      vertex   -1.100000e+01 9.700000e+01 4.280000e+02
      vertex   2.013297e-01 2.999595e+01 4.280000e+02
      vertex   1.400000e+01 9.700000e+01 4.280000e+02
    endloop
  endfacet
  facet normal 0.000000e+00 0.000000e+00 1.000000e+00
    outer loop
      vertex   1.400000e+01 9.700000e+01 4.280000e+02
      vertex   2.013297e-01 2.999595e+01 4.280000e+02
      vertex   1.000128e+00 2.989895e+01 4.280000e+02
    endloop
  endfacet
  facet normal 0.000000e+00 0.000000e+00 1.000000e+00
    outer loop
      vertex   1.400000e+01 9.700000e+01 4.280000e+02
      vertex   1.000128e+00 2.989895e+01 4.280000e+02
      vertex   1.773024e+00 2.967508e+01 4.280000e+02
    endloop
  endfacet
  facet normal -0.000000e+00 0.000000e+00 1.000000e+00
    outer loop
      vertex   1.773024e+00 2.967508e+01 4.280000e+02
      vertex   2.500000e+00 2.933013e+01 4.280000e+02
      vertex   1.400000e+01 9.700000e+01 4.280000e+02
    endloop
  endfacet
  facet normal 0.000000e+00 0.000000e+00 1.000000e+00
    outer loop
      vertex   1.400000e+01 9.700000e+01 4.280000e+02
      vertex   2.500000e+00 2.933013e+01 4.280000e+02
      vertex   3.162227e+00 2.887303e+01 4.280000e+02
    endloop
  endfacet
  facet normal 0.000000e+00 0.000000e+00 1.000000e+00
    outer loop
      vertex   1.400000e+01 9.700000e+01 4.280000e+02
      vertex   3.162227e+00 2.887303e+01 4.280000e+02
      vertex   1.454707e+01 2.769037e+01 4.280000e+02
    endloop
  endfacet
  facet normal 0.000000e+00 0.000000e+00 1.000000e+00
    outer loop
      vertex   1.454707e+01 2.769037e+01 4.280000e+02
      vertex   3.162227e+00 2.887303e+01 4.280000e+02
      vertex   1.412500e+01 2.751554e+01 4.280000e+02
    endloop
  endfacet
  facet normal 0.000000e+00 0.000000e+00 1.000000e+00
    outer loop
      vertex   1.412500e+01 2.751554e+01 4.280000e+02
      vertex   3.162227e+00 2.887303e+01 4.280000e+02
      vertex   3.742554e+00 2.831561e+01 4.280000e+02
    endloop
  endfacet
  facet normal 0.000000e+00 0.000000e+00 1.000000e+00
    outer loop
      vertex   1.412500e+01 2.751554e+01 4.280000e+02
      vertex   3.742554e+00 2.831561e+01 4.280000e+02
      vertex   1.376256e+01 2.723744e+01 4.280000e+02
    endloop
  endfacet
  facet normal 0.000000e+00 0.000000e+00 1.000000e+00
    outer loop
      vertex   1.376256e+01 2.723744e+01 4.280000e+02
      vertex   3.742554e+00 2.831561e+01 4.280000e+02
      vertex   4.225950e+00 2.767233e+01 4.280000e+02
    endloop
  endfacet
  facet normal 0.000000e+00 0.000000e+00 1.000000e+00
    outer loop
      vertex   1.376256e+01 2.723744e+01 4.280000e+02
      vertex   4.225950e+00 2.767233e+01 4.280000e+02
      vertex   1.348446e+01 2.687500e+01 4.280000e+02
    endloop
  endfacet
  facet normal 0.000000e+00 0.000000e+00 1.000000e+00
    outer loop
      vertex   1.348446e+01 2.687500e+01 4.280000e+02
      vertex   4.225950e+00 2.767233e+01 4.280000e+02
      vertex   4.599897e+00 2.695983e+01 4.280000e+02
    endloop
  endfacet
  facet normal 0.000000e+00 0.000000e+00 1.000000e+00
    outer loop
      vertex   1.348446e+01 2.687500e+01 4.280000e+02
      vertex   4.599897e+00 2.695983e+01 4.280000e+02
      vertex   1.330963e+01 2.645293e+01 4.280000e+02
    endloop
  endfacet
  facet normal 0.000000e+00 0.000000e+00 1.000000e+00
    outer loop
      vertex   1.330963e+01 2.645293e+01 4.280000e+02
      vertex   4.599897e+00 2.695983e+01 4.280000e+02
      vertex   4.854709e+00 2.619658e+01 4.280000e+02
    endloop
  endfacet
  facet normal 0.000000e+00 0.000000e+00 1.000000e+00
    outer loop
      vertex   1.330963e+01 2.645293e+01 4.280000e+02
      vertex   4.854709e+00 2.619658e+01 4.280000e+02
      vertex   1.325000e+01 2.600000e+01 4.280000e+02
    endloop
  endfacet
  facet normal 0.000000e+00 0.000000e+00 1.000000e+00
    outer loop
      vertex   1.325000e+01 2.600000e+01 4.280000e+02
      vertex   4.854709e+00 2.619658e+01 4.280000e+02
      vertex   4.983787e+00 2.540233e+01 4.280000e+02
    endloop
  endfacet
  facet normal 0.000000e+00 0.000000e+00 1.000000e+00
    outer loop
      vertex   1.325000e+01 2.600000e+01 4.280000e+02
      vertex   4.983787e+00 2.540233e+01 4.280000e+02
      vertex   4.983787e+00 2.459767e+01 4.280000e+02
    endloop
  endfacet
  facet normal 0.000000e+00 0.000000e+00 1.000000e+00
    outer loop
      vertex   1.325000e+01 2.600000e+01 4.280000e+02
      vertex   4.983787e+00 2.459767e+01 4.280000e+02
      vertex   1.330963e+01 2.554707e+01 4.280000e+02
    endloop
  endfacet
  facet normal 0.000000e+00 0.000000e+00 1.000000e+00
    outer loop
      vertex   1.330963e+01 2.554707e+01 4.280000e+02
      vertex   4.983787e+00 2.459767e+01 4.280000e+02
      vertex   4.854709e+00 2.380342e+01 4.280000e+02
    endloop
  endfacet
  facet normal 0.000000e+00 0.000000e+00 1.000000e+00
    outer loop
      vertex   1.330963e+01 2.554707e+01 4.280000e+02
      vertex   4.854709e+00 2.380342e+01 4.280000e+02
      vertex   1.348446e+01 2.512500e+01 4.280000e+02
    endloop
  endfacet
  facet normal 0.000000e+00 0.000000e+00 1.000000e+00
    outer loop
      vertex   1.348446e+01 2.512500e+01 4.280000e+02
      vertex   4.854709e+00 2.380342e+01 4.280000e+02
      vertex   4.599897e+00 2.304017e+01 4.280000e+02
    endloop
  endfacet
  facet normal 0.000000e+00 0.000000e+00 1.000000e+00
    outer loop
      vertex   1.348446e+01 2.512500e+01 4.280000e+02
      vertex   4.599897e+00 2.304017e+01 4.280000e+02
      vertex   1.376256e+01 2.476256e+01 4.280000e+02
    endloop
  endfacet
  facet normal 0.000000e+00 0.000000e+00 1.000000e+00
    outer loop
      vertex   1.376256e+01 2.476256e+01 4.280000e+02
      vertex   4.599897e+00 2.304017e+01 4.280000e+02
      vertex   4.225950e+00 2.232767e+01 4.280000e+02
    endloop
  endfacet
  facet normal 0.000000e+00 0.000000e+00 1.000000e+00
    outer loop
      vertex   1.376256e+01 2.476256e+01 4.280000e+02
      vertex   4.225950e+00 2.232767e+01 4.280000e+02
      vertex   1.412500e+01 2.448446e+01 4.280000e+02
    endloop
  endfacet
  facet normal 0.000000e+00 0.000000e+00 1.000000e+00
    outer loop
      vertex   1.412500e+01 2.448446e+01 4.280000e+02
      vertex   4.225950e+00 2.232767e+01 4.280000e+02
      vertex   3.742554e+00 2.168439e+01 4.280000e+02
    endloop
  endfacet
  facet normal 0.000000e+00 0.000000e+00 1.000000e+00
    outer loop
      vertex   1.412500e+01 2.448446e+01 4.280000e+02
      vertex   3.742554e+00 2.168439e+01 4.280000e+02
      vertex   1.454707e+01 2.430963e+01 4.280000e+02
    endloop
  endfacet
  facet normal 0.000000e+00 0.000000e+00 1.000000e+00
    outer loop
      vertex   1.454707e+01 2.430963e+01 4.280000e+02
      vertex   3.742554e+00 2.168439e+01 4.280000e+02
      vertex   3.162227e+00 2.112698e+01 4.280000e+02
    endloop
  endfacet
  facet normal 0.000000e+00 0.000000e+00 1.000000e+00
    outer loop
      vertex   1.454707e+01 2.430963e+01 4.280000e+02
      vertex   3.162227e+00 2.112698e+01 4.280000e+02
      vertex   2.500000e+01 1.500000e+01 4.280000e+02
    endloop
  endfacet
  facet normal 0.000000e+00 0.000000e+00 1.000000e+00
    outer loop
      vertex   2.500000e+01 1.500000e+01 4.280000e+02
      vertex   3.162227e+00 2.112698e+01 4.280000e+02
      vertex   2.500000e+00 2.066987e+01 4.280000e+02
    endloop
  endfacet
  facet normal 0.000000e+00 0.000000e+00 1.000000e+00
    outer loop
      vertex   2.500000e+01 1.500000e+01 4.280000e+02
      vertex   2.500000e+00 2.066987e+01 4.280000e+02
      vertex   1.773024e+00 2.032492e+01 4.280000e+02
    endloop
  endfacet
  facet normal 0.000000e+00 0.000000e+00 1.000000e+00
    outer loop
      vertex   1.773024e+00 2.032492e+01 4.280000e+02
      vertex   1.000128e+00 2.010105e+01 4.280000e+02
      vertex   2.500000e+01 1.500000e+01 4.280000e+02
    endloop
  endfacet
  facet normal 0.000000e+00 0.000000e+00 1.000000e+00
    outer loop
      vertex   2.500000e+01 1.500000e+01 4.280000e+02
      vertex   1.000128e+00 2.010105e+01 4.280000e+02
      vertex   2.013297e-01 2.000406e+01 4.280000e+02
    endloop
  endfacet
  facet normal 0.000000e+00 0.000000e+00 1.000000e+00
    outer loop
      vertex   2.500000e+01 1.500000e+01 4.280000e+02
      vertex   2.013297e-01 2.000406e+01 4.280000e+02
      vertex   -2.500000e+01 1.500000e+01 4.280000e+02
    endloop
  endfacet
  facet normal 0.000000e+00 0.000000e+00 1.000000e+00
    outer loop
      vertex   -2.500000e+01 1.500000e+01 4.280000e+02
      vertex   2.013297e-01 2.000406e+01 4.280000e+02
      vertex   -6.026834e-01 2.003646e+01 4.280000e+02
    endloop
  endfacet
  facet normal 0.000000e+00 0.000000e+00 1.000000e+00
    outer loop
      vertex   -2.500000e+01 1.500000e+01 4.280000e+02
      vertex   -6.026834e-01 2.003646e+01 4.280000e+02
      vertex   -1.391087e+00 2.019741e+01 4.280000e+02
    endloop
  endfacet
  facet normal 0.000000e+00 0.000000e+00 1.000000e+00
    outer loop
      vertex   -1.391087e+00 2.019741e+01 4.280000e+02
      vertex   -2.143463e+00 2.048275e+01 4.280000e+02
      vertex   -2.500000e+01 1.500000e+01 4.280000e+02
    endloop
  endfacet
  facet normal 0.000000e+00 0.000000e+00 1.000000e+00
    outer loop
      vertex   -2.500000e+01 1.500000e+01 4.280000e+02
      vertex   -2.143463e+00 2.048275e+01 4.280000e+02
      vertex   -2.840324e+00 2.088508e+01 4.280000e+02
    endloop
  endfacet
  facet normal 0.000000e+00 0.000000e+00 1.000000e+00
    outer loop
      vertex   -2.500000e+01 1.500000e+01 4.280000e+02
      vertex   -2.840324e+00 2.088508e+01 4.280000e+02
      vertex   -3.463622e+00 2.139399e+01 4.280000e+02
    endloop
  endfacet
  facet normal 0.000000e+00 0.000000e+00 1.000000e+00
    outer loop
      vertex   -1.669037e+01 2.554707e+01 4.280000e+02
      vertex   -1.675000e+01 2.600000e+01 4.280000e+02
      vertex   -2.500000e+01 1.500000e+01 4.280000e+02
    endloop
  endfacet
  facet normal 0.000000e+00 0.000000e+00 1.000000e+00
    outer loop
      vertex   -2.500000e+01 1.500000e+01 4.280000e+02
      vertex   -1.675000e+01 2.600000e+01 4.280000e+02
      vertex   -1.669037e+01 2.645293e+01 4.280000e+02
    endloop
  endfacet
  facet normal 0.000000e+00 0.000000e+00 1.000000e+00
    outer loop
      vertex   -2.500000e+01 1.500000e+01 4.280000e+02
      vertex   -1.669037e+01 2.645293e+01 4.280000e+02
      vertex   -1.651554e+01 2.687500e+01 4.280000e+02
    endloop
  endfacet
  facet normal 0.000000e+00 0.000000e+00 1.000000e+00
    outer loop
      vertex   -1.623744e+01 2.723744e+01 4.280000e+02
      vertex   -2.090500e+01 9.853446e+01 4.280000e+02
      vertex   -1.651554e+01 2.687500e+01 4.280000e+02
    endloop
  endfacet
  facet normal 0.000000e+00 0.000000e+00 1.000000e+00
    outer loop
      vertex   -1.651554e+01 2.687500e+01 4.280000e+02
      vertex   -2.090500e+01 9.853446e+01 4.280000e+02
      vertex   -2.126744e+01 9.881257e+01 4.280000e+02
    endloop
  endfacet
  facet normal 0.000000e+00 0.000000e+00 1.000000e+00
    outer loop
      vertex   -1.651554e+01 2.687500e+01 4.280000e+02
      vertex   -2.126744e+01 9.881257e+01 4.280000e+02
      vertex   -2.500000e+01 1.500000e+01 4.280000e+02
    endloop
  endfacet
  facet normal 0.000000e+00 0.000000e+00 1.000000e+00
    outer loop
      vertex   -2.500000e+01 1.500000e+01 4.280000e+02
      vertex   -2.126744e+01 9.881257e+01 4.280000e+02
      vertex   -2.154555e+01 9.917500e+01 4.280000e+02
    endloop
  endfacet
  facet normal 0.000000e+00 0.000000e+00 1.000000e+00
    outer loop
      vertex   -2.500000e+01 1.500000e+01 4.280000e+02
      vertex   -2.154555e+01 9.917500e+01 4.280000e+02
      vertex   -2.500000e+01 1.050000e+02 4.280000e+02
    endloop
  endfacet
  facet normal 0.000000e+00 0.000000e+00 1.000000e+00
    outer loop
      vertex   -2.500000e+01 1.050000e+02 4.280000e+02
      vertex   -2.154555e+01 9.917500e+01 4.280000e+02
      vertex   -2.172037e+01 9.959707e+01 4.280000e+02
    endloop
  endfacet
  facet normal 0.000000e+00 0.000000e+00 1.000000e+00
    outer loop
      vertex   -2.500000e+01 1.050000e+02 4.280000e+02
      vertex   -2.172037e+01 9.959707e+01 4.280000e+02
      vertex   -2.178000e+01 1.000500e+02 4.280000e+02
    endloop
  endfacet
  facet normal 0.000000e+00 0.000000e+00 1.000000e+00
    outer loop
      vertex   -2.090500e+01 9.853446e+01 4.280000e+02
      vertex   -1.623744e+01 2.723744e+01 4.280000e+02
      vertex   -2.048293e+01 9.835963e+01 4.280000e+02
    endloop
  endfacet
  facet normal 0.000000e+00 0.000000e+00 1.000000e+00
    outer loop
      vertex   -2.048293e+01 9.835963e+01 4.280000e+02
      vertex   -1.623744e+01 2.723744e+01 4.280000e+02
      vertex   -1.587500e+01 2.751554e+01 4.280000e+02
    endloop
  endfacet
  facet normal 0.000000e+00 0.000000e+00 1.000000e+00
    outer loop
      vertex   -2.048293e+01 9.835963e+01 4.280000e+02
      vertex   -1.587500e+01 2.751554e+01 4.280000e+02
      vertex   -2.003000e+01 9.830000e+01 4.280000e+02
    endloop
  endfacet
  facet normal 0.000000e+00 0.000000e+00 1.000000e+00
    outer loop
      vertex   -2.003000e+01 9.830000e+01 4.280000e+02
      vertex   -1.587500e+01 2.751554e+01 4.280000e+02
      vertex   -1.545293e+01 2.769037e+01 4.280000e+02
    endloop
  endfacet
  facet normal -0.000000e+00 0.000000e+00 1.000000e+00
    outer loop
      vertex   -2.003000e+01 9.830000e+01 4.280000e+02
      vertex   -1.545293e+01 2.769037e+01 4.280000e+02
      vertex   -1.957707e+01 9.835963e+01 4.280000e+02
    endloop
  endfacet
  facet normal 0.000000e+00 0.000000e+00 1.000000e+00
    outer loop
      vertex   -1.957707e+01 9.835963e+01 4.280000e+02
      vertex   -1.545293e+01 2.769037e+01 4.280000e+02
      vertex   -1.100000e+01 9.700000e+01 4.280000e+02
    endloop
  endfacet
  facet normal -0.000000e+00 0.000000e+00 1.000000e+00
    outer loop
      vertex   -1.957707e+01 9.835963e+01 4.280000e+02
      vertex   -1.100000e+01 9.700000e+01 4.280000e+02
      vertex   -1.915500e+01 9.853446e+01 4.280000e+02
    endloop
  endfacet
  facet normal -0.000000e+00 0.000000e+00 1.000000e+00
    outer loop
      vertex   -1.915500e+01 9.853446e+01 4.280000e+02
      vertex   -1.100000e+01 9.700000e+01 4.280000e+02
      vertex   -1.879256e+01 9.881257e+01 4.280000e+02
    endloop
  endfacet
  facet normal -0.000000e+00 0.000000e+00 1.000000e+00
    outer loop
      vertex   -1.879256e+01 9.881257e+01 4.280000e+02
      vertex   -1.100000e+01 9.700000e+01 4.280000e+02
      vertex   -1.851446e+01 9.917500e+01 4.280000e+02
    endloop
  endfacet
  facet normal -0.000000e+00 0.000000e+00 1.000000e+00
    outer loop
      vertex   -1.851446e+01 9.917500e+01 4.280000e+02
      vertex   -1.100000e+01 9.700000e+01 4.280000e+02
      vertex   -1.833963e+01 9.959707e+01 4.280000e+02
    endloop
  endfacet
  facet normal -0.000000e+00 0.000000e+00 1.000000e+00
    outer loop
      vertex   -1.833963e+01 9.959707e+01 4.280000e+02
      vertex   -1.100000e+01 9.700000e+01 4.280000e+02
      vertex   -1.828000e+01 1.000500e+02 4.280000e+02
    endloop
  endfacet
  facet normal -0.000000e+00 0.000000e+00 1.000000e+00
    outer loop
      vertex   -1.828000e+01 1.000500e+02 4.280000e+02
      vertex   -1.100000e+01 9.700000e+01 4.280000e+02
      vertex   -1.100000e+01 1.050000e+02 4.280000e+02
    endloop
  endfacet
  facet normal 0.000000e+00 -0.000000e+00 1.000000e+00
    outer loop
      vertex   -1.828000e+01 1.000500e+02 4.280000e+02
      vertex   -1.100000e+01 1.050000e+02 4.280000e+02
      vertex   -1.833963e+01 1.005029e+02 4.280000e+02
    endloop
  endfacet
  facet normal 0.000000e+00 -0.000000e+00 1.000000e+00
    outer loop
      vertex   -1.833963e+01 1.005029e+02 4.280000e+02
      vertex   -1.100000e+01 1.050000e+02 4.280000e+02
      vertex   -1.851446e+01 1.009250e+02 4.280000e+02
    endloop
  endfacet
  facet normal 0.000000e+00 -0.000000e+00 1.000000e+00
    outer loop
      vertex   -1.851446e+01 1.009250e+02 4.280000e+02
      vertex   -1.100000e+01 1.050000e+02 4.280000e+02
      vertex   -1.879256e+01 1.012874e+02 4.280000e+02
    endloop
  endfacet
  facet normal 0.000000e+00 -0.000000e+00 1.000000e+00
    outer loop
      vertex   -1.879256e+01 1.012874e+02 4.280000e+02
      vertex   -1.100000e+01 1.050000e+02 4.280000e+02
      vertex   -1.915500e+01 1.015655e+02 4.280000e+02
    endloop
  endfacet
  facet normal 0.000000e+00 -0.000000e+00 1.000000e+00
    outer loop
      vertex   -1.915500e+01 1.015655e+02 4.280000e+02
      vertex   -1.100000e+01 1.050000e+02 4.280000e+02
      vertex   -1.957707e+01 1.017404e+02 4.280000e+02
    endloop
  endfacet
  facet normal 0.000000e+00 -0.000000e+00 1.000000e+00
    outer loop
      vertex   -1.957707e+01 1.017404e+02 4.280000e+02
      vertex   -1.100000e+01 1.050000e+02 4.280000e+02
      vertex   -2.500000e+01 1.050000e+02 4.280000e+02
    endloop
  endfacet
  facet normal 0.000000e+00 0.000000e+00 1.000000e+00
    outer loop
      vertex   -1.957707e+01 1.017404e+02 4.280000e+02
      vertex   -2.500000e+01 1.050000e+02 4.280000e+02
      vertex   -2.003000e+01 1.018000e+02 4.280000e+02
    endloop
  endfacet
  facet normal 0.000000e+00 0.000000e+00 1.000000e+00
    outer loop
      vertex   -2.003000e+01 1.018000e+02 4.280000e+02
      vertex   -2.500000e+01 1.050000e+02 4.280000e+02
      vertex   -2.048293e+01 1.017404e+02 4.280000e+02
    endloop
  endfacet
  facet normal 0.000000e+00 0.000000e+00 1.000000e+00
    outer loop
      vertex   -2.048293e+01 1.017404e+02 4.280000e+02
      vertex   -2.500000e+01 1.050000e+02 4.280000e+02
      vertex   -2.090500e+01 1.015655e+02 4.280000e+02
    endloop
  endfacet
  facet normal 0.000000e+00 0.000000e+00 1.000000e+00
    outer loop
      vertex   -2.090500e+01 1.015655e+02 4.280000e+02
      vertex   -2.500000e+01 1.050000e+02 4.280000e+02
      vertex   -2.126744e+01 1.012874e+02 4.280000e+02
    endloop
  endfacet
  facet normal 0.000000e+00 0.000000e+00 1.000000e+00
    outer loop
      vertex   -2.126744e+01 1.012874e+02 4.280000e+02
      vertex   -2.500000e+01 1.050000e+02 4.280000e+02
      vertex   -2.154555e+01 1.009250e+02 4.280000e+02
    endloop
  endfacet
  facet normal 0.000000e+00 0.000000e+00 1.000000e+00
    outer loop
      vertex   -2.154555e+01 1.009250e+02 4.280000e+02
      vertex   -2.500000e+01 1.050000e+02 4.280000e+02
      vertex   -2.172037e+01 1.005029e+02 4.280000e+02
    endloop
  endfacet
  facet normal 0.000000e+00 0.000000e+00 1.000000e+00
    outer loop
      vertex   -2.172037e+01 1.005029e+02 4.280000e+02
      vertex   -2.500000e+01 1.050000e+02 4.280000e+02
      vertex   -2.178000e+01 1.000500e+02 4.280000e+02
    endloop
  endfacet
  facet normal 0.000000e+00 0.000000e+00 1.000000e+00
    outer loop
      vertex   -1.545293e+01 2.769037e+01 4.280000e+02
      vertex   -1.500000e+01 2.775000e+01 4.280000e+02
      vertex   -1.100000e+01 9.700000e+01 4.280000e+02
    endloop
  endfacet
  facet normal 0.000000e+00 0.000000e+00 1.000000e+00
    outer loop
      vertex   -1.100000e+01 9.700000e+01 4.280000e+02
      vertex   -1.500000e+01 2.775000e+01 4.280000e+02
      vertex   -1.454707e+01 2.769037e+01 4.280000e+02
    endloop
  endfacet
  facet normal 0.000000e+00 0.000000e+00 1.000000e+00
    outer loop
      vertex   -1.100000e+01 9.700000e+01 4.280000e+02
      vertex   -1.454707e+01 2.769037e+01 4.280000e+02
      vertex   -1.412500e+01 2.751554e+01 4.280000e+02
    endloop
  endfacet
  facet normal 0.000000e+00 0.000000e+00 1.000000e+00
    outer loop
      vertex   -1.545293e+01 2.430963e+01 4.280000e+02
      vertex   -1.587500e+01 2.448446e+01 4.280000e+02
      vertex   -2.500000e+01 1.500000e+01 4.280000e+02
    endloop
  endfacet
  facet normal 0.000000e+00 0.000000e+00 1.000000e+00
    outer loop
      vertex   -2.500000e+01 1.500000e+01 4.280000e+02
      vertex   -1.587500e+01 2.448446e+01 4.280000e+02
      vertex   -1.623744e+01 2.476256e+01 4.280000e+02
    endloop
  endfacet
  facet normal 0.000000e+00 0.000000e+00 1.000000e+00
    outer loop
      vertex   -2.500000e+01 1.500000e+01 4.280000e+02
      vertex   -1.623744e+01 2.476256e+01 4.280000e+02
      vertex   -1.651554e+01 2.512500e+01 4.280000e+02
    endloop
  endfacet
  facet normal 0.000000e+00 0.000000e+00 1.000000e+00
    outer loop
      vertex   -1.651554e+01 2.512500e+01 4.280000e+02
      vertex   -1.669037e+01 2.554707e+01 4.280000e+02
      vertex   -2.500000e+01 1.500000e+01 4.280000e+02
    endloop
  endfacet
  facet normal 0.000000e+00 -0.000000e+00 1.000000e+00
    outer loop
      vertex   1.454707e+01 2.769037e+01 4.280000e+02
      vertex   1.500000e+01 2.775000e+01 4.280000e+02
      vertex   1.400000e+01 9.700000e+01 4.280000e+02
    endloop
  endfacet
  facet normal 0.000000e+00 0.000000e+00 1.000000e+00
    outer loop
      vertex   1.400000e+01 9.700000e+01 4.280000e+02
      vertex   1.500000e+01 2.775000e+01 4.280000e+02
      vertex   1.545293e+01 2.769037e+01 4.280000e+02
    endloop
  endfacet
  facet normal -0.000000e+00 0.000000e+00 1.000000e+00
    outer loop
      vertex   1.400000e+01 9.700000e+01 4.280000e+02
      vertex   1.545293e+01 2.769037e+01 4.280000e+02
      vertex   2.004000e+01 9.822000e+01 4.280000e+02
    endloop
  endfacet
  facet normal 0.000000e+00 0.000000e+00 1.000000e+00
    outer loop
      vertex   2.004000e+01 9.822000e+01 4.280000e+02
      vertex   1.545293e+01 2.769037e+01 4.280000e+02
      vertex   1.587500e+01 2.751554e+01 4.280000e+02
    endloop
  endfacet
  facet normal -0.000000e+00 0.000000e+00 1.000000e+00
    outer loop
      vertex   2.004000e+01 9.822000e+01 4.280000e+02
      vertex   1.587500e+01 2.751554e+01 4.280000e+02
      vertex   2.049293e+01 9.827963e+01 4.280000e+02
    endloop
  endfacet
  facet normal 0.000000e+00 0.000000e+00 1.000000e+00
    outer loop
      vertex   2.049293e+01 9.827963e+01 4.280000e+02
      vertex   1.587500e+01 2.751554e+01 4.280000e+02
      vertex   1.623744e+01 2.723744e+01 4.280000e+02
    endloop
  endfacet
  facet normal -0.000000e+00 0.000000e+00 1.000000e+00
    outer loop
      vertex   2.049293e+01 9.827963e+01 4.280000e+02
      vertex   1.623744e+01 2.723744e+01 4.280000e+02
      vertex   2.091500e+01 9.845446e+01 4.280000e+02
    endloop
  endfacet
  facet normal 0.000000e+00 0.000000e+00 1.000000e+00
    outer loop
      vertex   2.091500e+01 9.845446e+01 4.280000e+02
      vertex   1.623744e+01 2.723744e+01 4.280000e+02
      vertex   1.651554e+01 2.687500e+01 4.280000e+02
    endloop
  endfacet
  facet normal -0.000000e+00 0.000000e+00 1.000000e+00
    outer loop
      vertex   2.091500e+01 9.845446e+01 4.280000e+02
      vertex   1.651554e+01 2.687500e+01 4.280000e+02
      vertex   2.127744e+01 9.873257e+01 4.280000e+02
    endloop
  endfacet
  facet normal 0.000000e+00 0.000000e+00 1.000000e+00
    outer loop
      vertex   2.127744e+01 9.873257e+01 4.280000e+02
      vertex   1.651554e+01 2.687500e+01 4.280000e+02
      vertex   2.500000e+01 1.500000e+01 4.280000e+02
    endloop
  endfacet
  facet normal -0.000000e+00 0.000000e+00 1.000000e+00
    outer loop
      vertex   2.127744e+01 9.873257e+01 4.280000e+02
      vertex   2.500000e+01 1.500000e+01 4.280000e+02
      vertex   2.155555e+01 9.909500e+01 4.280000e+02
    endloop
  endfacet
  facet normal -0.000000e+00 0.000000e+00 1.000000e+00
    outer loop
      vertex   2.155555e+01 9.909500e+01 4.280000e+02
      vertex   2.500000e+01 1.500000e+01 4.280000e+02
      vertex   2.500000e+01 1.050000e+02 4.280000e+02
    endloop
  endfacet
  facet normal 0.000000e+00 0.000000e+00 1.000000e+00
    outer loop
      vertex   2.155555e+01 9.909500e+01 4.280000e+02
      vertex   2.500000e+01 1.050000e+02 4.280000e+02
      vertex   2.173037e+01 9.951707e+01 4.280000e+02
    endloop
  endfacet
  facet normal 0.000000e+00 0.000000e+00 1.000000e+00
    outer loop
      vertex   2.173037e+01 9.951707e+01 4.280000e+02
      vertex   2.500000e+01 1.050000e+02 4.280000e+02
      vertex   2.179000e+01 9.997000e+01 4.280000e+02
    endloop
  endfacet
  facet normal 0.000000e+00 -0.000000e+00 1.000000e+00
    outer loop
      vertex   2.179000e+01 9.997000e+01 4.280000e+02
      vertex   2.500000e+01 1.050000e+02 4.280000e+02
      vertex   2.173037e+01 1.004229e+02 4.280000e+02
    endloop
  endfacet
  facet normal 0.000000e+00 -0.000000e+00 1.000000e+00
    outer loop
      vertex   2.173037e+01 1.004229e+02 4.280000e+02
      vertex   2.500000e+01 1.050000e+02 4.280000e+02
      vertex   2.155555e+01 1.008450e+02 4.280000e+02
    endloop
  endfacet
  facet normal 0.000000e+00 -0.000000e+00 1.000000e+00
    outer loop
      vertex   2.155555e+01 1.008450e+02 4.280000e+02
      vertex   2.500000e+01 1.050000e+02 4.280000e+02
      vertex   2.127744e+01 1.012074e+02 4.280000e+02
    endloop
  endfacet
  facet normal 0.000000e+00 -0.000000e+00 1.000000e+00
    outer loop
      vertex   2.127744e+01 1.012074e+02 4.280000e+02
      vertex   2.500000e+01 1.050000e+02 4.280000e+02
      vertex   2.091500e+01 1.014855e+02 4.280000e+02
    endloop
  endfacet
  facet normal 0.000000e+00 -0.000000e+00 1.000000e+00
    outer loop
      vertex   2.091500e+01 1.014855e+02 4.280000e+02
      vertex   2.500000e+01 1.050000e+02 4.280000e+02
      vertex   2.049293e+01 1.016604e+02 4.280000e+02
    endloop
  endfacet
  facet normal 0.000000e+00 -0.000000e+00 1.000000e+00
    outer loop
      vertex   2.049293e+01 1.016604e+02 4.280000e+02
      vertex   2.500000e+01 1.050000e+02 4.280000e+02
      vertex   2.004000e+01 1.017200e+02 4.280000e+02
    endloop
  endfacet
  facet normal 0.000000e+00 -0.000000e+00 1.000000e+00
    outer loop
      vertex   2.004000e+01 1.017200e+02 4.280000e+02
      vertex   2.500000e+01 1.050000e+02 4.280000e+02
      vertex   1.400000e+01 1.050000e+02 4.280000e+02
    endloop
  endfacet
  facet normal 0.000000e+00 0.000000e+00 1.000000e+00
    outer loop
      vertex   2.004000e+01 1.017200e+02 4.280000e+02
      vertex   1.400000e+01 1.050000e+02 4.280000e+02
      vertex   1.958707e+01 1.016604e+02 4.280000e+02
    endloop
  endfacet
  facet normal 0.000000e+00 0.000000e+00 1.000000e+00
    outer loop
      vertex   1.958707e+01 1.016604e+02 4.280000e+02
      vertex   1.400000e+01 1.050000e+02 4.280000e+02
      vertex   1.916500e+01 1.014855e+02 4.280000e+02
    endloop
  endfacet
  facet normal 0.000000e+00 0.000000e+00 1.000000e+00
    outer loop
      vertex   1.916500e+01 1.014855e+02 4.280000e+02
      vertex   1.400000e+01 1.050000e+02 4.280000e+02
      vertex   1.880256e+01 1.012074e+02 4.280000e+02
    endloop
  endfacet
  facet normal 0.000000e+00 0.000000e+00 1.000000e+00
    outer loop
      vertex   1.880256e+01 1.012074e+02 4.280000e+02
      vertex   1.400000e+01 1.050000e+02 4.280000e+02
      vertex   1.852446e+01 1.008450e+02 4.280000e+02
    endloop
  endfacet
  facet normal 0.000000e+00 0.000000e+00 1.000000e+00
    outer loop
      vertex   1.852446e+01 1.008450e+02 4.280000e+02
      vertex   1.400000e+01 1.050000e+02 4.280000e+02
      vertex   1.834963e+01 1.004229e+02 4.280000e+02
    endloop
  endfacet
  facet normal 0.000000e+00 0.000000e+00 1.000000e+00
    outer loop
      vertex   1.834963e+01 1.004229e+02 4.280000e+02
      vertex   1.400000e+01 1.050000e+02 4.280000e+02
      vertex   1.829000e+01 9.997000e+01 4.280000e+02
    endloop
  endfacet
  facet normal 0.000000e+00 0.000000e+00 1.000000e+00
    outer loop
      vertex   1.829000e+01 9.997000e+01 4.280000e+02
      vertex   1.400000e+01 1.050000e+02 4.280000e+02
      vertex   1.400000e+01 9.700000e+01 4.280000e+02
    endloop
  endfacet
  facet normal 0.000000e+00 0.000000e+00 1.000000e+00
    outer loop
      vertex   1.829000e+01 9.997000e+01 4.280000e+02
      vertex   1.400000e+01 9.700000e+01 4.280000e+02
      vertex   1.834963e+01 9.951707e+01 4.280000e+02
    endloop
  endfacet
  facet normal 0.000000e+00 0.000000e+00 1.000000e+00
    outer loop
      vertex   1.834963e+01 9.951707e+01 4.280000e+02
      vertex   1.400000e+01 9.700000e+01 4.280000e+02
      vertex   1.852446e+01 9.909500e+01 4.280000e+02
    endloop
  endfacet
  facet normal 0.000000e+00 0.000000e+00 1.000000e+00
    outer loop
      vertex   1.852446e+01 9.909500e+01 4.280000e+02
      vertex   1.400000e+01 9.700000e+01 4.280000e+02
      vertex   1.880256e+01 9.873257e+01 4.280000e+02
    endloop
  endfacet
  facet normal 0.000000e+00 0.000000e+00 1.000000e+00
    outer loop
      vertex   1.880256e+01 9.873257e+01 4.280000e+02
      vertex   1.400000e+01 9.700000e+01 4.280000e+02
      vertex   1.916500e+01 9.845446e+01 4.280000e+02
    endloop
  endfacet
  facet normal 0.000000e+00 0.000000e+00 1.000000e+00
    outer loop
      vertex   1.916500e+01 9.845446e+01 4.280000e+02
      vertex   1.400000e+01 9.700000e+01 4.280000e+02
      vertex   1.958707e+01 9.827963e+01 4.280000e+02
    endloop
  endfacet
  facet normal 0.000000e+00 0.000000e+00 1.000000e+00
    outer loop
      vertex   1.958707e+01 9.827963e+01 4.280000e+02
      vertex   1.400000e+01 9.700000e+01 4.280000e+02
      vertex   2.004000e+01 9.822000e+01 4.280000e+02
    endloop
  endfacet
  facet normal 0.000000e+00 0.000000e+00 1.000000e+00
    outer loop
      vertex   1.651554e+01 2.687500e+01 4.280000e+02
      vertex   1.669037e+01 2.645293e+01 4.280000e+02
      vertex   2.500000e+01 1.500000e+01 4.280000e+02
    endloop
  endfacet
  facet normal 0.000000e+00 0.000000e+00 1.000000e+00
    outer loop
      vertex   2.500000e+01 1.500000e+01 4.280000e+02
      vertex   1.669037e+01 2.645293e+01 4.280000e+02
      vertex   1.675000e+01 2.600000e+01 4.280000e+02
    endloop
  endfacet
  facet normal 0.000000e+00 0.000000e+00 1.000000e+00
    outer loop
      vertex   2.500000e+01 1.500000e+01 4.280000e+02
      vertex   1.675000e+01 2.600000e+01 4.280000e+02
      vertex   1.669037e+01 2.554707e+01 4.280000e+02
    endloop
  endfacet
  facet normal 0.000000e+00 0.000000e+00 1.000000e+00
    outer loop
      vertex   1.669037e+01 2.554707e+01 4.280000e+02
      vertex   1.651554e+01 2.512500e+01 4.280000e+02
      vertex   2.500000e+01 1.500000e+01 4.280000e+02
    endloop
  endfacet
  facet normal 0.000000e+00 0.000000e+00 1.000000e+00
    outer loop
      vertex   2.500000e+01 1.500000e+01 4.280000e+02
      vertex   1.651554e+01 2.512500e+01 4.280000e+02
      vertex   1.623744e+01 2.476256e+01 4.280000e+02
    endloop
  endfacet
  facet normal 0.000000e+00 0.000000e+00 1.000000e+00
    outer loop
      vertex   2.500000e+01 1.500000e+01 4.280000e+02
      vertex   1.623744e+01 2.476256e+01 4.280000e+02
      vertex   1.587500e+01 2.448446e+01 4.280000e+02
    endloop
  endfacet
  facet normal 0.000000e+00 0.000000e+00 1.000000e+00
    outer loop
      vertex   1.587500e+01 2.448446e+01 4.280000e+02
      vertex   1.545293e+01 2.430963e+01 4.280000e+02
      vertex   2.500000e+01 1.500000e+01 4.280000e+02
    endloop
  endfacet
  facet normal 0.000000e+00 0.000000e+00 1.000000e+00
    outer loop
      vertex   2.500000e+01 1.500000e+01 4.280000e+02
      vertex   1.545293e+01 2.430963e+01 4.280000e+02
      vertex   1.500000e+01 2.425000e+01 4.280000e+02
    endloop
  endfacet
  facet normal 0.000000e+00 0.000000e+00 1.000000e+00
    outer loop
      vertex   2.500000e+01 1.500000e+01 4.280000e+02
      vertex   1.500000e+01 2.425000e+01 4.280000e+02
      vertex   1.454707e+01 2.430963e+01 4.280000e+02
    endloop
  endfacet
  facet normal 1.000000e+00 0.000000e+00 0.000000e+00
    outer loop
      vertex   2.500000e+01 1.050000e+02 4.280000e+02
      vertex   2.500000e+01 1.500000e+01 4.280000e+02
      vertex   2.500000e+01 1.050000e+02 4.250000e+02
    endloop
  endfacet
  facet normal 1.000000e+00 0.000000e+00 0.000000e+00
    outer loop
      vertex   2.500000e+01 1.050000e+02 4.250000e+02
      vertex   2.500000e+01 1.500000e+01 4.280000e+02
      vertex   2.500000e+01 1.500000e+01 4.250000e+02
    endloop
  endfacet
  facet normal -0.000000e+00 -1.000000e+00 -0.000000e+00
    outer loop
      vertex   2.500000e+01 1.500000e+01 4.280000e+02
      vertex   -2.500000e+01 1.500000e+01 4.280000e+02
      vertex   2.500000e+01 1.500000e+01 4.250000e+02
    endloop
  endfacet
  facet normal 0.000000e+00 -1.000000e+00 0.000000e+00
    outer loop
      vertex   2.500000e+01 1.500000e+01 4.250000e+02
      vertex   -2.500000e+01 1.500000e+01 4.280000e+02
      vertex   -2.500000e+01 1.500000e+01 4.250000e+02
    endloop
  endfacet
  facet normal -1.000000e+00 0.000000e+00 0.000000e+00
    outer loop
      vertex   -2.500000e+01 1.500000e+01 4.280000e+02
      vertex   -2.500000e+01 1.050000e+02 4.280000e+02
      vertex   -2.500000e+01 1.500000e+01 4.250000e+02
    endloop
  endfacet
  facet normal -1.000000e+00 0.000000e+00 0.000000e+00
    outer loop
      vertex   -2.500000e+01 1.500000e+01 4.250000e+02
      vertex   -2.500000e+01 1.050000e+02 4.280000e+02
      vertex   -2.500000e+01 1.050000e+02 4.250000e+02
    endloop
  endfacet
  facet normal -0.000000e+00 1.000000e+00 0.000000e+00
    outer loop
      vertex   -2.500000e+01 1.050000e+02 4.280000e+02
      vertex   -1.100000e+01 1.050000e+02 4.280000e+02
      vertex   -2.500000e+01 1.050000e+02 4.250000e+02
    endloop
  endfacet
  facet normal 0.000000e+00 1.000000e+00 0.000000e+00
    outer loop
      vertex   -2.500000e+01 1.050000e+02 4.250000e+02
      vertex   -1.100000e+01 1.050000e+02 4.280000e+02
      vertex   -1.100000e+01 1.050000e+02 4.250000e+02
    endloop
  endfacet
  facet normal -0.000000e+00 1.000000e+00 0.000000e+00
    outer loop
      vertex   1.400000e+01 1.050000e+02 4.280000e+02
      vertex   2.500000e+01 1.050000e+02 4.280000e+02
      vertex   1.400000e+01 1.050000e+02 4.250000e+02
    endloop
  endfacet
  facet normal 0.000000e+00 1.000000e+00 0.000000e+00
    outer loop
      vertex   1.400000e+01 1.050000e+02 4.250000e+02
      vertex   2.500000e+01 1.050000e+02 4.280000e+02
      vertex   2.500000e+01 1.050000e+02 4.250000e+02
    endloop
  endfacet
  facet normal 0.000000e+00 0.000000e+00 -1.000000e+00
    outer loop
      vertex   -4.935251e+00 2.419794e+01 4.250000e+02
      vertex   -1.256268e+01 2.544370e+01 4.250000e+02
      vertex   -5.000000e+00 2.500000e+01 4.250000e+02
    endloop
  endfacet
  facet normal 0.000000e+00 0.000000e+00 -1.000000e+00
    outer loop
      vertex   -5.000000e+00 2.500000e+01 4.250000e+02
      vertex   -1.256268e+01 2.544370e+01 4.250000e+02
      vertex   -1.250000e+01 2.600000e+01 4.250000e+02
    endloop
  endfacet
  facet normal 0.000000e+00 0.000000e+00 -1.000000e+00
    outer loop
      vertex   -5.000000e+00 2.500000e+01 4.250000e+02
      vertex   -1.250000e+01 2.600000e+01 4.250000e+02
      vertex   -4.935251e+00 2.580206e+01 4.250000e+02
    endloop
  endfacet
  facet normal 0.000000e+00 0.000000e+00 -1.000000e+00
    outer loop
      vertex   -4.935251e+00 2.580206e+01 4.250000e+02
      vertex   -1.250000e+01 2.600000e+01 4.250000e+02
      vertex   -1.256268e+01 2.655630e+01 4.250000e+02
    endloop
  endfacet
  facet normal 0.000000e+00 0.000000e+00 -1.000000e+00
    outer loop
      vertex   -4.935251e+00 2.580206e+01 4.250000e+02
      vertex   -1.256268e+01 2.655630e+01 4.250000e+02
      vertex   -4.742682e+00 2.658334e+01 4.250000e+02
    endloop
  endfacet
  facet normal -0.000000e+00 0.000000e+00 -1.000000e+00
    outer loop
      vertex   -4.742682e+00 2.658334e+01 4.250000e+02
      vertex   -1.256268e+01 2.655630e+01 4.250000e+02
      vertex   -1.274758e+01 2.708471e+01 4.250000e+02
    endloop
  endfacet
  facet normal 0.000000e+00 0.000000e+00 -1.000000e+00
    outer loop
      vertex   -4.742682e+00 2.658334e+01 4.250000e+02
      vertex   -1.274758e+01 2.708471e+01 4.250000e+02
      vertex   -4.427280e+00 2.732362e+01 4.250000e+02
    endloop
  endfacet
  facet normal -0.000000e+00 0.000000e+00 -1.000000e+00
    outer loop
      vertex   -4.427280e+00 2.732362e+01 4.250000e+02
      vertex   -1.274758e+01 2.708471e+01 4.250000e+02
      vertex   -1.304542e+01 2.755872e+01 4.250000e+02
    endloop
  endfacet
  facet normal 0.000000e+00 0.000000e+00 -1.000000e+00
    outer loop
      vertex   -4.427280e+00 2.732362e+01 4.250000e+02
      vertex   -1.304542e+01 2.755872e+01 4.250000e+02
      vertex   -3.997214e+00 2.800371e+01 4.250000e+02
    endloop
  endfacet
  facet normal 0.000000e+00 0.000000e+00 -1.000000e+00
    outer loop
      vertex   -3.997214e+00 2.800371e+01 4.250000e+02
      vertex   -1.304542e+01 2.755872e+01 4.250000e+02
      vertex   -1.344128e+01 2.795458e+01 4.250000e+02
    endloop
  endfacet
  facet normal -0.000000e+00 0.000000e+00 -1.000000e+00
    outer loop
      vertex   -3.997214e+00 2.800371e+01 4.250000e+02
      vertex   -1.344128e+01 2.795458e+01 4.250000e+02
      vertex   -3.463622e+00 2.860601e+01 4.250000e+02
    endloop
  endfacet
  facet normal -0.000000e+00 0.000000e+00 -1.000000e+00
    outer loop
      vertex   -3.463622e+00 2.860601e+01 4.250000e+02
      vertex   -1.344128e+01 2.795458e+01 4.250000e+02
      vertex   -2.840324e+00 2.911492e+01 4.250000e+02
    endloop
  endfacet
  facet normal 0.000000e+00 0.000000e+00 -1.000000e+00
    outer loop
      vertex   -2.840324e+00 2.911492e+01 4.250000e+02
      vertex   -1.344128e+01 2.795458e+01 4.250000e+02
      vertex   -1.391529e+01 2.825242e+01 4.250000e+02
    endloop
  endfacet
  facet normal -0.000000e+00 0.000000e+00 -1.000000e+00
    outer loop
      vertex   -2.840324e+00 2.911492e+01 4.250000e+02
      vertex   -1.391529e+01 2.825242e+01 4.250000e+02
      vertex   -1.100000e+01 9.700000e+01 4.250000e+02
    endloop
  endfacet
  facet normal 0.000000e+00 0.000000e+00 -1.000000e+00
    outer loop
      vertex   -1.100000e+01 9.700000e+01 4.250000e+02
      vertex   -1.391529e+01 2.825242e+01 4.250000e+02
      vertex   -1.444370e+01 2.843732e+01 4.250000e+02
    endloop
  endfacet
  facet normal 0.000000e+00 0.000000e+00 -1.000000e+00
    outer loop
      vertex   -1.100000e+01 9.700000e+01 4.250000e+02
      vertex   -1.444370e+01 2.843732e+01 4.250000e+02
      vertex   -1.500000e+01 2.850000e+01 4.250000e+02
    endloop
  endfacet
  facet normal 0.000000e+00 -0.000000e+00 -1.000000e+00
    outer loop
      vertex   -1.256268e+01 2.544370e+01 4.250000e+02
      vertex   -4.935251e+00 2.419794e+01 4.250000e+02
      vertex   -1.274758e+01 2.491529e+01 4.250000e+02
    endloop
  endfacet
  facet normal 0.000000e+00 0.000000e+00 -1.000000e+00
    outer loop
      vertex   -1.274758e+01 2.491529e+01 4.250000e+02
      vertex   -4.935251e+00 2.419794e+01 4.250000e+02
      vertex   -4.742682e+00 2.341666e+01 4.250000e+02
    endloop
  endfacet
  facet normal 0.000000e+00 -0.000000e+00 -1.000000e+00
    outer loop
      vertex   -1.274758e+01 2.491529e+01 4.250000e+02
      vertex   -4.742682e+00 2.341666e+01 4.250000e+02
      vertex   -1.304542e+01 2.444128e+01 4.250000e+02
    endloop
  endfacet
  facet normal 0.000000e+00 0.000000e+00 -1.000000e+00
    outer loop
      vertex   -1.304542e+01 2.444128e+01 4.250000e+02
      vertex   -4.742682e+00 2.341666e+01 4.250000e+02
      vertex   -4.427280e+00 2.267638e+01 4.250000e+02
    endloop
  endfacet
  facet normal 0.000000e+00 -0.000000e+00 -1.000000e+00
    outer loop
      vertex   -1.304542e+01 2.444128e+01 4.250000e+02
      vertex   -4.427280e+00 2.267638e+01 4.250000e+02
      vertex   -1.344128e+01 2.404542e+01 4.250000e+02
    endloop
  endfacet
  facet normal 0.000000e+00 0.000000e+00 -1.000000e+00
    outer loop
      vertex   -1.344128e+01 2.404542e+01 4.250000e+02
      vertex   -4.427280e+00 2.267638e+01 4.250000e+02
      vertex   -3.997214e+00 2.199629e+01 4.250000e+02
    endloop
  endfacet
  facet normal 0.000000e+00 -0.000000e+00 -1.000000e+00
    outer loop
      vertex   -1.344128e+01 2.404542e+01 4.250000e+02
      vertex   -3.997214e+00 2.199629e+01 4.250000e+02
      vertex   -1.391529e+01 2.374758e+01 4.250000e+02
    endloop
  endfacet
  facet normal 0.000000e+00 0.000000e+00 -1.000000e+00
    outer loop
      vertex   -1.391529e+01 2.374758e+01 4.250000e+02
      vertex   -3.997214e+00 2.199629e+01 4.250000e+02
      vertex   -3.463622e+00 2.139399e+01 4.250000e+02
    endloop
  endfacet
  facet normal 0.000000e+00 -0.000000e+00 -1.000000e+00
    outer loop
      vertex   -1.391529e+01 2.374758e+01 4.250000e+02
      vertex   -3.463622e+00 2.139399e+01 4.250000e+02
      vertex   -1.444370e+01 2.356268e+01 4.250000e+02
    endloop
  endfacet
  facet normal 0.000000e+00 0.000000e+00 -1.000000e+00
    outer loop
      vertex   -1.444370e+01 2.356268e+01 4.250000e+02
      vertex   -3.463622e+00 2.139399e+01 4.250000e+02
      vertex   -2.840324e+00 2.088508e+01 4.250000e+02
    endloop
  endfacet
  facet normal 0.000000e+00 -0.000000e+00 -1.000000e+00
    outer loop
      vertex   -1.444370e+01 2.356268e+01 4.250000e+02
      vertex   -2.840324e+00 2.088508e+01 4.250000e+02
      vertex   -2.500000e+01 1.500000e+01 4.250000e+02
    endloop
  endfacet
  facet normal 0.000000e+00 0.000000e+00 -1.000000e+00
    outer loop
      vertex   -2.500000e+01 1.500000e+01 4.250000e+02
      vertex   -2.840324e+00 2.088508e+01 4.250000e+02
      vertex   -2.143463e+00 2.048275e+01 4.250000e+02
    endloop
  endfacet
  facet normal 0.000000e+00 0.000000e+00 -1.000000e+00
    outer loop
      vertex   -2.500000e+01 1.500000e+01 4.250000e+02
      vertex   -2.143463e+00 2.048275e+01 4.250000e+02
      vertex   -1.391087e+00 2.019741e+01 4.250000e+02
    endloop
  endfacet
  facet normal 0.000000e+00 -0.000000e+00 -1.000000e+00
    outer loop
      vertex   -1.391087e+00 2.019741e+01 4.250000e+02
      vertex   -6.026834e-01 2.003646e+01 4.250000e+02
      vertex   -2.500000e+01 1.500000e+01 4.250000e+02
    endloop
  endfacet
  facet normal 0.000000e+00 0.000000e+00 -1.000000e+00
    outer loop
      vertex   -2.500000e+01 1.500000e+01 4.250000e+02
      vertex   -6.026834e-01 2.003646e+01 4.250000e+02
      vertex   2.013297e-01 2.000406e+01 4.250000e+02
    endloop
  endfacet
  facet normal 0.000000e+00 0.000000e+00 -1.000000e+00
    outer loop
      vertex   -2.500000e+01 1.500000e+01 4.250000e+02
      vertex   2.013297e-01 2.000406e+01 4.250000e+02
      vertex   2.500000e+01 1.500000e+01 4.250000e+02
    endloop
  endfacet
  facet normal 0.000000e+00 0.000000e+00 -1.000000e+00
    outer loop
      vertex   2.500000e+01 1.500000e+01 4.250000e+02
      vertex   2.013297e-01 2.000406e+01 4.250000e+02
      vertex   1.000128e+00 2.010105e+01 4.250000e+02
    endloop
  endfacet
  facet normal 0.000000e+00 0.000000e+00 -1.000000e+00
    outer loop
      vertex   2.500000e+01 1.500000e+01 4.250000e+02
      vertex   1.000128e+00 2.010105e+01 4.250000e+02
      vertex   1.773024e+00 2.032492e+01 4.250000e+02
    endloop
  endfacet
  facet normal 0.000000e+00 0.000000e+00 -1.000000e+00
    outer loop
      vertex   1.773024e+00 2.032492e+01 4.250000e+02
      vertex   2.500000e+00 2.066987e+01 4.250000e+02
      vertex   2.500000e+01 1.500000e+01 4.250000e+02
    endloop
  endfacet
  facet normal 0.000000e+00 0.000000e+00 -1.000000e+00
    outer loop
      vertex   2.500000e+01 1.500000e+01 4.250000e+02
      vertex   2.500000e+00 2.066987e+01 4.250000e+02
      vertex   3.162227e+00 2.112698e+01 4.250000e+02
    endloop
  endfacet
  facet normal 0.000000e+00 0.000000e+00 -1.000000e+00
    outer loop
      vertex   2.500000e+01 1.500000e+01 4.250000e+02
      vertex   3.162227e+00 2.112698e+01 4.250000e+02
      vertex   1.444370e+01 2.356268e+01 4.250000e+02
    endloop
  endfacet
  facet normal -0.000000e+00 0.000000e+00 -1.000000e+00
    outer loop
      vertex   1.444370e+01 2.356268e+01 4.250000e+02
      vertex   3.162227e+00 2.112698e+01 4.250000e+02
      vertex   1.391529e+01 2.374758e+01 4.250000e+02
    endloop
  endfacet
  facet normal 0.000000e+00 0.000000e+00 -1.000000e+00
    outer loop
      vertex   1.391529e+01 2.374758e+01 4.250000e+02
      vertex   3.162227e+00 2.112698e+01 4.250000e+02
      vertex   3.742554e+00 2.168439e+01 4.250000e+02
    endloop
  endfacet
  facet normal -0.000000e+00 0.000000e+00 -1.000000e+00
    outer loop
      vertex   1.391529e+01 2.374758e+01 4.250000e+02
      vertex   3.742554e+00 2.168439e+01 4.250000e+02
      vertex   1.344128e+01 2.404542e+01 4.250000e+02
    endloop
  endfacet
  facet normal 0.000000e+00 0.000000e+00 -1.000000e+00
    outer loop
      vertex   1.344128e+01 2.404542e+01 4.250000e+02
      vertex   3.742554e+00 2.168439e+01 4.250000e+02
      vertex   4.225950e+00 2.232767e+01 4.250000e+02
    endloop
  endfacet
  facet normal -0.000000e+00 0.000000e+00 -1.000000e+00
    outer loop
      vertex   1.344128e+01 2.404542e+01 4.250000e+02
      vertex   4.225950e+00 2.232767e+01 4.250000e+02
      vertex   1.304542e+01 2.444128e+01 4.250000e+02
    endloop
  endfacet
  facet normal 0.000000e+00 0.000000e+00 -1.000000e+00
    outer loop
      vertex   1.304542e+01 2.444128e+01 4.250000e+02
      vertex   4.225950e+00 2.232767e+01 4.250000e+02
      vertex   4.599897e+00 2.304017e+01 4.250000e+02
    endloop
  endfacet
  facet normal -0.000000e+00 0.000000e+00 -1.000000e+00
    outer loop
      vertex   1.304542e+01 2.444128e+01 4.250000e+02
      vertex   4.599897e+00 2.304017e+01 4.250000e+02
      vertex   1.274758e+01 2.491529e+01 4.250000e+02
    endloop
  endfacet
  facet normal 0.000000e+00 0.000000e+00 -1.000000e+00
    outer loop
      vertex   1.274758e+01 2.491529e+01 4.250000e+02
      vertex   4.599897e+00 2.304017e+01 4.250000e+02
      vertex   4.854709e+00 2.380342e+01 4.250000e+02
    endloop
  endfacet
  facet normal -0.000000e+00 0.000000e+00 -1.000000e+00
    outer loop
      vertex   1.274758e+01 2.491529e+01 4.250000e+02
      vertex   4.854709e+00 2.380342e+01 4.250000e+02
      vertex   1.256268e+01 2.544370e+01 4.250000e+02
    endloop
  endfacet
  facet normal 0.000000e+00 0.000000e+00 -1.000000e+00
    outer loop
      vertex   1.256268e+01 2.544370e+01 4.250000e+02
      vertex   4.854709e+00 2.380342e+01 4.250000e+02
      vertex   4.983787e+00 2.459767e+01 4.250000e+02
    endloop
  endfacet
  facet normal -0.000000e+00 0.000000e+00 -1.000000e+00
    outer loop
      vertex   1.256268e+01 2.544370e+01 4.250000e+02
      vertex   4.983787e+00 2.459767e+01 4.250000e+02
      vertex   1.250000e+01 2.600000e+01 4.250000e+02
    endloop
  endfacet
  facet normal 0.000000e+00 0.000000e+00 -1.000000e+00
    outer loop
      vertex   1.250000e+01 2.600000e+01 4.250000e+02
      vertex   4.983787e+00 2.459767e+01 4.250000e+02
      vertex   4.983787e+00 2.540233e+01 4.250000e+02
    endloop
  endfacet
  facet normal -0.000000e+00 0.000000e+00 -1.000000e+00
    outer loop
      vertex   1.250000e+01 2.600000e+01 4.250000e+02
      vertex   4.983787e+00 2.540233e+01 4.250000e+02
      vertex   1.256268e+01 2.655630e+01 4.250000e+02
    endloop
  endfacet
  facet normal 0.000000e+00 0.000000e+00 -1.000000e+00
    outer loop
      vertex   1.256268e+01 2.655630e+01 4.250000e+02
      vertex   4.983787e+00 2.540233e+01 4.250000e+02
      vertex   4.854709e+00 2.619658e+01 4.250000e+02
    endloop
  endfacet
  facet normal -0.000000e+00 0.000000e+00 -1.000000e+00
    outer loop
      vertex   1.256268e+01 2.655630e+01 4.250000e+02
      vertex   4.854709e+00 2.619658e+01 4.250000e+02
      vertex   4.599897e+00 2.695983e+01 4.250000e+02
    endloop
  endfacet
  facet normal 0.000000e+00 0.000000e+00 -1.000000e+00
    outer loop
      vertex   1.256268e+01 2.655630e+01 4.250000e+02
      vertex   4.599897e+00 2.695983e+01 4.250000e+02
      vertex   1.274758e+01 2.708471e+01 4.250000e+02
    endloop
  endfacet
  facet normal -0.000000e+00 0.000000e+00 -1.000000e+00
    outer loop
      vertex   1.274758e+01 2.708471e+01 4.250000e+02
      vertex   4.599897e+00 2.695983e+01 4.250000e+02
      vertex   4.225950e+00 2.767233e+01 4.250000e+02
    endloop
  endfacet
  facet normal 0.000000e+00 0.000000e+00 -1.000000e+00
    outer loop
      vertex   1.274758e+01 2.708471e+01 4.250000e+02
      vertex   4.225950e+00 2.767233e+01 4.250000e+02
      vertex   1.304542e+01 2.755872e+01 4.250000e+02
    endloop
  endfacet
  facet normal 0.000000e+00 0.000000e+00 -1.000000e+00
    outer loop
      vertex   1.304542e+01 2.755872e+01 4.250000e+02
      vertex   4.225950e+00 2.767233e+01 4.250000e+02
      vertex   3.742554e+00 2.831561e+01 4.250000e+02
    endloop
  endfacet
  facet normal 0.000000e+00 0.000000e+00 -1.000000e+00
    outer loop
      vertex   1.304542e+01 2.755872e+01 4.250000e+02
      vertex   3.742554e+00 2.831561e+01 4.250000e+02
      vertex   1.344128e+01 2.795458e+01 4.250000e+02
    endloop
  endfacet
  facet normal 0.000000e+00 0.000000e+00 -1.000000e+00
    outer loop
      vertex   1.344128e+01 2.795458e+01 4.250000e+02
      vertex   3.742554e+00 2.831561e+01 4.250000e+02
      vertex   3.162227e+00 2.887303e+01 4.250000e+02
    endloop
  endfacet
  facet normal 0.000000e+00 0.000000e+00 -1.000000e+00
    outer loop
      vertex   1.344128e+01 2.795458e+01 4.250000e+02
      vertex   3.162227e+00 2.887303e+01 4.250000e+02
      vertex   1.391529e+01 2.825242e+01 4.250000e+02
    endloop
  endfacet
  facet normal 0.000000e+00 0.000000e+00 -1.000000e+00
    outer loop
      vertex   1.391529e+01 2.825242e+01 4.250000e+02
      vertex   3.162227e+00 2.887303e+01 4.250000e+02
      vertex   2.500000e+00 2.933013e+01 4.250000e+02
    endloop
  endfacet
  facet normal 0.000000e+00 0.000000e+00 -1.000000e+00
    outer loop
      vertex   1.391529e+01 2.825242e+01 4.250000e+02
      vertex   2.500000e+00 2.933013e+01 4.250000e+02
      vertex   1.400000e+01 9.700000e+01 4.250000e+02
    endloop
  endfacet
  facet normal 0.000000e+00 0.000000e+00 -1.000000e+00
    outer loop
      vertex   1.400000e+01 9.700000e+01 4.250000e+02
      vertex   2.500000e+00 2.933013e+01 4.250000e+02
      vertex   1.773024e+00 2.967508e+01 4.250000e+02
    endloop
  endfacet
  facet normal 0.000000e+00 0.000000e+00 -1.000000e+00
    outer loop
      vertex   1.400000e+01 9.700000e+01 4.250000e+02
      vertex   1.773024e+00 2.967508e+01 4.250000e+02
      vertex   1.000128e+00 2.989895e+01 4.250000e+02
    endloop
  endfacet
  facet normal 0.000000e+00 0.000000e+00 -1.000000e+00
    outer loop
      vertex   1.000128e+00 2.989895e+01 4.250000e+02
      vertex   2.013297e-01 2.999595e+01 4.250000e+02
      vertex   1.400000e+01 9.700000e+01 4.250000e+02
    endloop
  endfacet
  facet normal -0.000000e+00 0.000000e+00 -1.000000e+00
    outer loop
      vertex   1.400000e+01 9.700000e+01 4.250000e+02
      vertex   2.013297e-01 2.999595e+01 4.250000e+02
      vertex   -1.100000e+01 9.700000e+01 4.250000e+02
    endloop
  endfacet
  facet normal 0.000000e+00 0.000000e+00 -1.000000e+00
    outer loop
      vertex   -1.100000e+01 9.700000e+01 4.250000e+02
      vertex   2.013297e-01 2.999595e+01 4.250000e+02
      vertex   -6.026834e-01 2.996354e+01 4.250000e+02
    endloop
  endfacet
  facet normal 0.000000e+00 0.000000e+00 -1.000000e+00
    outer loop
      vertex   -1.100000e+01 9.700000e+01 4.250000e+02
      vertex   -6.026834e-01 2.996354e+01 4.250000e+02
      vertex   -1.391087e+00 2.980259e+01 4.250000e+02
    endloop
  endfacet
  facet normal -0.000000e+00 0.000000e+00 -1.000000e+00
    outer loop
      vertex   -1.391087e+00 2.980259e+01 4.250000e+02
      vertex   -2.143463e+00 2.951725e+01 4.250000e+02
      vertex   -1.100000e+01 9.700000e+01 4.250000e+02
    endloop
  endfacet
  facet normal 0.000000e+00 0.000000e+00 -1.000000e+00
    outer loop
      vertex   -1.100000e+01 9.700000e+01 4.250000e+02
      vertex   -2.143463e+00 2.951725e+01 4.250000e+02
      vertex   -2.840324e+00 2.911492e+01 4.250000e+02
    endloop
  endfacet
  facet normal 0.000000e+00 0.000000e+00 -1.000000e+00
    outer loop
      vertex   -1.756268e+01 1.005563e+02 4.250000e+02
      vertex   -1.100000e+01 1.050000e+02 4.250000e+02
      vertex   -1.750000e+01 1.000000e+02 4.250000e+02
    endloop
  endfacet
  facet normal 0.000000e+00 0.000000e+00 -1.000000e+00
    outer loop
      vertex   -1.750000e+01 1.000000e+02 4.250000e+02
      vertex   -1.100000e+01 1.050000e+02 4.250000e+02
      vertex   -1.100000e+01 9.700000e+01 4.250000e+02
    endloop
  endfacet
  facet normal 0.000000e+00 -0.000000e+00 -1.000000e+00
    outer loop
      vertex   -1.750000e+01 1.000000e+02 4.250000e+02
      vertex   -1.100000e+01 9.700000e+01 4.250000e+02
      vertex   -1.756268e+01 9.944370e+01 4.250000e+02
    endloop
  endfacet
  facet normal 0.000000e+00 -0.000000e+00 -1.000000e+00
    outer loop
      vertex   -1.756268e+01 9.944370e+01 4.250000e+02
      vertex   -1.100000e+01 9.700000e+01 4.250000e+02
      vertex   -1.774758e+01 9.891529e+01 4.250000e+02
    endloop
  endfacet
  facet normal 0.000000e+00 -0.000000e+00 -1.000000e+00
    outer loop
      vertex   -1.774758e+01 9.891529e+01 4.250000e+02
      vertex   -1.100000e+01 9.700000e+01 4.250000e+02
      vertex   -1.804542e+01 9.844127e+01 4.250000e+02
    endloop
  endfacet
  facet normal 0.000000e+00 -0.000000e+00 -1.000000e+00
    outer loop
      vertex   -1.804542e+01 9.844127e+01 4.250000e+02
      vertex   -1.100000e+01 9.700000e+01 4.250000e+02
      vertex   -1.844128e+01 9.804542e+01 4.250000e+02
    endloop
  endfacet
  facet normal 0.000000e+00 -0.000000e+00 -1.000000e+00
    outer loop
      vertex   -1.844128e+01 9.804542e+01 4.250000e+02
      vertex   -1.100000e+01 9.700000e+01 4.250000e+02
      vertex   -1.891529e+01 9.774758e+01 4.250000e+02
    endloop
  endfacet
  facet normal 0.000000e+00 -0.000000e+00 -1.000000e+00
    outer loop
      vertex   -1.891529e+01 9.774758e+01 4.250000e+02
      vertex   -1.100000e+01 9.700000e+01 4.250000e+02
      vertex   -1.944370e+01 9.756268e+01 4.250000e+02
    endloop
  endfacet
  facet normal 0.000000e+00 0.000000e+00 -1.000000e+00
    outer loop
      vertex   -1.944370e+01 9.756268e+01 4.250000e+02
      vertex   -1.100000e+01 9.700000e+01 4.250000e+02
      vertex   -1.500000e+01 2.850000e+01 4.250000e+02
    endloop
  endfacet
  facet normal 0.000000e+00 0.000000e+00 -1.000000e+00
    outer loop
      vertex   -1.944370e+01 9.756268e+01 4.250000e+02
      vertex   -1.500000e+01 2.850000e+01 4.250000e+02
      vertex   -1.555630e+01 2.843732e+01 4.250000e+02
    endloop
  endfacet
  facet normal 0.000000e+00 0.000000e+00 -1.000000e+00
    outer loop
      vertex   -1.756268e+01 1.005563e+02 4.250000e+02
      vertex   -1.774758e+01 1.010847e+02 4.250000e+02
      vertex   -1.100000e+01 1.050000e+02 4.250000e+02
    endloop
  endfacet
  facet normal 0.000000e+00 0.000000e+00 -1.000000e+00
    outer loop
      vertex   -1.100000e+01 1.050000e+02 4.250000e+02
      vertex   -1.774758e+01 1.010847e+02 4.250000e+02
      vertex   -1.804542e+01 1.015587e+02 4.250000e+02
    endloop
  endfacet
  facet normal 0.000000e+00 0.000000e+00 -1.000000e+00
    outer loop
      vertex   -1.100000e+01 1.050000e+02 4.250000e+02
      vertex   -1.804542e+01 1.015587e+02 4.250000e+02
      vertex   -1.844128e+01 1.019546e+02 4.250000e+02
    endloop
  endfacet
  facet normal 0.000000e+00 0.000000e+00 -1.000000e+00
    outer loop
      vertex   -1.844128e+01 1.019546e+02 4.250000e+02
      vertex   -1.891529e+01 1.022524e+02 4.250000e+02
      vertex   -1.100000e+01 1.050000e+02 4.250000e+02
    endloop
  endfacet
  facet normal 0.000000e+00 0.000000e+00 -1.000000e+00
    outer loop
      vertex   -1.100000e+01 1.050000e+02 4.250000e+02
      vertex   -1.891529e+01 1.022524e+02 4.250000e+02
      vertex   -1.944370e+01 1.024373e+02 4.250000e+02
    endloop
  endfacet
  facet normal -0.000000e+00 0.000000e+00 -1.000000e+00
    outer loop
      vertex   -1.100000e+01 1.050000e+02 4.250000e+02
      vertex   -1.944370e+01 1.024373e+02 4.250000e+02
      vertex   -2.500000e+01 1.050000e+02 4.250000e+02
    endloop
  endfacet
  facet normal 0.000000e+00 0.000000e+00 -1.000000e+00
    outer loop
      vertex   -2.500000e+01 1.050000e+02 4.250000e+02
      vertex   -1.944370e+01 1.024373e+02 4.250000e+02
      vertex   -2.000000e+01 1.025000e+02 4.250000e+02
    endloop
  endfacet
  facet normal 0.000000e+00 0.000000e+00 -1.000000e+00
    outer loop
      vertex   -2.500000e+01 1.050000e+02 4.250000e+02
      vertex   -2.000000e+01 1.025000e+02 4.250000e+02
      vertex   -2.055630e+01 1.024373e+02 4.250000e+02
    endloop
  endfacet
  facet normal -0.000000e+00 0.000000e+00 -1.000000e+00
    outer loop
      vertex   -2.055630e+01 1.024373e+02 4.250000e+02
      vertex   -2.108471e+01 1.022524e+02 4.250000e+02
      vertex   -2.500000e+01 1.050000e+02 4.250000e+02
    endloop
  endfacet
  facet normal 0.000000e+00 0.000000e+00 -1.000000e+00
    outer loop
      vertex   -2.500000e+01 1.050000e+02 4.250000e+02
      vertex   -2.108471e+01 1.022524e+02 4.250000e+02
      vertex   -2.155872e+01 1.019546e+02 4.250000e+02
    endloop
  endfacet
  facet normal 0.000000e+00 0.000000e+00 -1.000000e+00
    outer loop
      vertex   -2.500000e+01 1.050000e+02 4.250000e+02
      vertex   -2.155872e+01 1.019546e+02 4.250000e+02
      vertex   -2.195458e+01 1.015587e+02 4.250000e+02
    endloop
  endfacet
  facet normal -0.000000e+00 0.000000e+00 -1.000000e+00
    outer loop
      vertex   -2.195458e+01 1.015587e+02 4.250000e+02
      vertex   -2.225242e+01 1.010847e+02 4.250000e+02
      vertex   -2.500000e+01 1.050000e+02 4.250000e+02
    endloop
  endfacet
  facet normal 0.000000e+00 0.000000e+00 -1.000000e+00
    outer loop
      vertex   -2.500000e+01 1.050000e+02 4.250000e+02
      vertex   -2.225242e+01 1.010847e+02 4.250000e+02
      vertex   -2.243732e+01 1.005563e+02 4.250000e+02
    endloop
  endfacet
  facet normal 0.000000e+00 0.000000e+00 -1.000000e+00
    outer loop
      vertex   -2.500000e+01 1.050000e+02 4.250000e+02
      vertex   -2.243732e+01 1.005563e+02 4.250000e+02
      vertex   -2.250000e+01 1.000000e+02 4.250000e+02
    endloop
  endfacet
  facet normal -0.000000e+00 -0.000000e+00 -1.000000e+00
    outer loop
      vertex   -2.250000e+01 1.000000e+02 4.250000e+02
      vertex   -2.243732e+01 9.944370e+01 4.250000e+02
      vertex   -2.500000e+01 1.050000e+02 4.250000e+02
    endloop
  endfacet
  facet normal 0.000000e+00 0.000000e+00 -1.000000e+00
    outer loop
      vertex   -2.500000e+01 1.050000e+02 4.250000e+02
      vertex   -2.243732e+01 9.944370e+01 4.250000e+02
      vertex   -2.225242e+01 9.891529e+01 4.250000e+02
    endloop
  endfacet
  facet normal 0.000000e+00 0.000000e+00 -1.000000e+00
    outer loop
      vertex   -2.500000e+01 1.050000e+02 4.250000e+02
      vertex   -2.225242e+01 9.891529e+01 4.250000e+02
      vertex   -2.500000e+01 1.500000e+01 4.250000e+02
    endloop
  endfacet
  facet normal 0.000000e+00 0.000000e+00 -1.000000e+00
    outer loop
      vertex   -2.500000e+01 1.500000e+01 4.250000e+02
      vertex   -2.225242e+01 9.891529e+01 4.250000e+02
      vertex   -2.195458e+01 9.844127e+01 4.250000e+02
    endloop
  endfacet
  facet normal 0.000000e+00 0.000000e+00 -1.000000e+00
    outer loop
      vertex   -2.500000e+01 1.500000e+01 4.250000e+02
      vertex   -2.195458e+01 9.844127e+01 4.250000e+02
      vertex   -1.725242e+01 2.708471e+01 4.250000e+02
    endloop
  endfacet
  facet normal 0.000000e+00 0.000000e+00 -1.000000e+00
    outer loop
      vertex   -1.725242e+01 2.708471e+01 4.250000e+02
      vertex   -2.195458e+01 9.844127e+01 4.250000e+02
      vertex   -2.155872e+01 9.804542e+01 4.250000e+02
    endloop
  endfacet
  facet normal 0.000000e+00 0.000000e+00 -1.000000e+00
    outer loop
      vertex   -1.725242e+01 2.708471e+01 4.250000e+02
      vertex   -2.155872e+01 9.804542e+01 4.250000e+02
      vertex   -1.695458e+01 2.755872e+01 4.250000e+02
    endloop
  endfacet
  facet normal 0.000000e+00 0.000000e+00 -1.000000e+00
    outer loop
      vertex   -1.695458e+01 2.755872e+01 4.250000e+02
      vertex   -2.155872e+01 9.804542e+01 4.250000e+02
      vertex   -2.108471e+01 9.774758e+01 4.250000e+02
    endloop
  endfacet
  facet normal 0.000000e+00 0.000000e+00 -1.000000e+00
    outer loop
      vertex   -1.695458e+01 2.755872e+01 4.250000e+02
      vertex   -2.108471e+01 9.774758e+01 4.250000e+02
      vertex   -1.655872e+01 2.795458e+01 4.250000e+02
    endloop
  endfacet
  facet normal 0.000000e+00 0.000000e+00 -1.000000e+00
    outer loop
      vertex   -1.655872e+01 2.795458e+01 4.250000e+02
      vertex   -2.108471e+01 9.774758e+01 4.250000e+02
      vertex   -2.055630e+01 9.756268e+01 4.250000e+02
    endloop
  endfacet
  facet normal 0.000000e+00 0.000000e+00 -1.000000e+00
    outer loop
      vertex   -1.655872e+01 2.795458e+01 4.250000e+02
      vertex   -2.055630e+01 9.756268e+01 4.250000e+02
      vertex   -1.608471e+01 2.825242e+01 4.250000e+02
    endloop
  endfacet
  facet normal 0.000000e+00 0.000000e+00 -1.000000e+00
    outer loop
      vertex   -1.608471e+01 2.825242e+01 4.250000e+02
      vertex   -2.055630e+01 9.756268e+01 4.250000e+02
      vertex   -2.000000e+01 9.750000e+01 4.250000e+02
    endloop
  endfacet
  facet normal 0.000000e+00 0.000000e+00 -1.000000e+00
    outer loop
      vertex   -1.608471e+01 2.825242e+01 4.250000e+02
      vertex   -2.000000e+01 9.750000e+01 4.250000e+02
      vertex   -1.555630e+01 2.843732e+01 4.250000e+02
    endloop
  endfacet
  facet normal 0.000000e+00 0.000000e+00 -1.000000e+00
    outer loop
      vertex   -1.555630e+01 2.843732e+01 4.250000e+02
      vertex   -2.000000e+01 9.750000e+01 4.250000e+02
      vertex   -1.944370e+01 9.756268e+01 4.250000e+02
    endloop
  endfacet
  facet normal 0.000000e+00 0.000000e+00 -1.000000e+00
    outer loop
      vertex   1.400000e+01 1.050000e+02 4.250000e+02
      vertex   1.750000e+01 1.000000e+02 4.250000e+02
      vertex   1.400000e+01 9.700000e+01 4.250000e+02
    endloop
  endfacet
  facet normal 0.000000e+00 0.000000e+00 -1.000000e+00
    outer loop
      vertex   1.400000e+01 9.700000e+01 4.250000e+02
      vertex   1.750000e+01 1.000000e+02 4.250000e+02
      vertex   1.756268e+01 9.944370e+01 4.250000e+02
    endloop
  endfacet
  facet normal 0.000000e+00 0.000000e+00 -1.000000e+00
    outer loop
      vertex   1.400000e+01 9.700000e+01 4.250000e+02
      vertex   1.756268e+01 9.944370e+01 4.250000e+02
      vertex   1.774758e+01 9.891529e+01 4.250000e+02
    endloop
  endfacet
  facet normal -0.000000e+00 0.000000e+00 -1.000000e+00
    outer loop
      vertex   2.500000e+01 1.050000e+02 4.250000e+02
      vertex   2.000000e+01 1.025000e+02 4.250000e+02
      vertex   1.400000e+01 1.050000e+02 4.250000e+02
    endloop
  endfacet
  facet normal 0.000000e+00 0.000000e+00 -1.000000e+00
    outer loop
      vertex   1.400000e+01 1.050000e+02 4.250000e+02
      vertex   2.000000e+01 1.025000e+02 4.250000e+02
      vertex   1.944370e+01 1.024373e+02 4.250000e+02
    endloop
  endfacet
  facet normal 0.000000e+00 0.000000e+00 -1.000000e+00
    outer loop
      vertex   1.400000e+01 1.050000e+02 4.250000e+02
      vertex   1.944370e+01 1.024373e+02 4.250000e+02
      vertex   1.891529e+01 1.022524e+02 4.250000e+02
    endloop
  endfacet
  facet normal 0.000000e+00 0.000000e+00 -1.000000e+00
    outer loop
      vertex   2.500000e+01 1.500000e+01 4.250000e+02
      vertex   2.225242e+01 9.891529e+01 4.250000e+02
      vertex   2.500000e+01 1.050000e+02 4.250000e+02
    endloop
  endfacet
  facet normal 0.000000e+00 0.000000e+00 -1.000000e+00
    outer loop
      vertex   2.500000e+01 1.050000e+02 4.250000e+02
      vertex   2.225242e+01 9.891529e+01 4.250000e+02
      vertex   2.243732e+01 9.944370e+01 4.250000e+02
    endloop
  endfacet
  facet normal 0.000000e+00 0.000000e+00 -1.000000e+00
    outer loop
      vertex   2.500000e+01 1.050000e+02 4.250000e+02
      vertex   2.243732e+01 9.944370e+01 4.250000e+02
      vertex   2.250000e+01 1.000000e+02 4.250000e+02
    endloop
  endfacet
  facet normal 0.000000e+00 0.000000e+00 -1.000000e+00
    outer loop
      vertex   -1.725242e+01 2.708471e+01 4.250000e+02
      vertex   -1.743732e+01 2.655630e+01 4.250000e+02
      vertex   -2.500000e+01 1.500000e+01 4.250000e+02
    endloop
  endfacet
  facet normal 0.000000e+00 0.000000e+00 -1.000000e+00
    outer loop
      vertex   -2.500000e+01 1.500000e+01 4.250000e+02
      vertex   -1.743732e+01 2.655630e+01 4.250000e+02
      vertex   -1.750000e+01 2.600000e+01 4.250000e+02
    endloop
  endfacet
  facet normal 0.000000e+00 0.000000e+00 -1.000000e+00
    outer loop
      vertex   -2.500000e+01 1.500000e+01 4.250000e+02
      vertex   -1.750000e+01 2.600000e+01 4.250000e+02
      vertex   -1.743732e+01 2.544370e+01 4.250000e+02
    endloop
  endfacet
  facet normal 0.000000e+00 -0.000000e+00 -1.000000e+00
    outer loop
      vertex   -1.743732e+01 2.544370e+01 4.250000e+02
      vertex   -1.725242e+01 2.491529e+01 4.250000e+02
      vertex   -2.500000e+01 1.500000e+01 4.250000e+02
    endloop
  endfacet
  facet normal 0.000000e+00 0.000000e+00 -1.000000e+00
    outer loop
      vertex   -2.500000e+01 1.500000e+01 4.250000e+02
      vertex   -1.725242e+01 2.491529e+01 4.250000e+02
      vertex   -1.695458e+01 2.444128e+01 4.250000e+02
    endloop
  endfacet
  facet normal 0.000000e+00 0.000000e+00 -1.000000e+00
    outer loop
      vertex   -2.500000e+01 1.500000e+01 4.250000e+02
      vertex   -1.695458e+01 2.444128e+01 4.250000e+02
      vertex   -1.655872e+01 2.404542e+01 4.250000e+02
    endloop
  endfacet
  facet normal 0.000000e+00 -0.000000e+00 -1.000000e+00
    outer loop
      vertex   -1.655872e+01 2.404542e+01 4.250000e+02
      vertex   -1.608471e+01 2.374758e+01 4.250000e+02
      vertex   -2.500000e+01 1.500000e+01 4.250000e+02
    endloop
  endfacet
  facet normal 0.000000e+00 0.000000e+00 -1.000000e+00
    outer loop
      vertex   -2.500000e+01 1.500000e+01 4.250000e+02
      vertex   -1.608471e+01 2.374758e+01 4.250000e+02
      vertex   -1.555630e+01 2.356268e+01 4.250000e+02
    endloop
  endfacet
  facet normal 0.000000e+00 0.000000e+00 -1.000000e+00
    outer loop
      vertex   -2.500000e+01 1.500000e+01 4.250000e+02
      vertex   -1.555630e+01 2.356268e+01 4.250000e+02
      vertex   -1.500000e+01 2.350000e+01 4.250000e+02
    endloop
  endfacet
  facet normal 0.000000e+00 -0.000000e+00 -1.000000e+00
    outer loop
      vertex   -1.500000e+01 2.350000e+01 4.250000e+02
      vertex   -1.444370e+01 2.356268e+01 4.250000e+02
      vertex   -2.500000e+01 1.500000e+01 4.250000e+02
    endloop
  endfacet
  facet normal 0.000000e+00 0.000000e+00 -1.000000e+00
    outer loop
      vertex   2.250000e+01 1.000000e+02 4.250000e+02
      vertex   2.243732e+01 1.005563e+02 4.250000e+02
      vertex   2.500000e+01 1.050000e+02 4.250000e+02
    endloop
  endfacet
  facet normal 0.000000e+00 0.000000e+00 -1.000000e+00
    outer loop
      vertex   2.500000e+01 1.050000e+02 4.250000e+02
      vertex   2.243732e+01 1.005563e+02 4.250000e+02
      vertex   2.225242e+01 1.010847e+02 4.250000e+02
    endloop
  endfacet
  facet normal 0.000000e+00 0.000000e+00 -1.000000e+00
    outer loop
      vertex   2.500000e+01 1.050000e+02 4.250000e+02
      vertex   2.225242e+01 1.010847e+02 4.250000e+02
      vertex   2.195458e+01 1.015587e+02 4.250000e+02
    endloop
  endfacet
  facet normal 0.000000e+00 0.000000e+00 -1.000000e+00
    outer loop
      vertex   2.195458e+01 1.015587e+02 4.250000e+02
      vertex   2.155872e+01 1.019546e+02 4.250000e+02
      vertex   2.500000e+01 1.050000e+02 4.250000e+02
    endloop
  endfacet
  facet normal 0.000000e+00 0.000000e+00 -1.000000e+00
    outer loop
      vertex   2.500000e+01 1.050000e+02 4.250000e+02
      vertex   2.155872e+01 1.019546e+02 4.250000e+02
      vertex   2.108471e+01 1.022524e+02 4.250000e+02
    endloop
  endfacet
  facet normal 0.000000e+00 0.000000e+00 -1.000000e+00
    outer loop
      vertex   2.500000e+01 1.050000e+02 4.250000e+02
      vertex   2.108471e+01 1.022524e+02 4.250000e+02
      vertex   2.055630e+01 1.024373e+02 4.250000e+02
    endloop
  endfacet
  facet normal 0.000000e+00 0.000000e+00 -1.000000e+00
    outer loop
      vertex   2.055630e+01 1.024373e+02 4.250000e+02
      vertex   2.000000e+01 1.025000e+02 4.250000e+02
      vertex   2.500000e+01 1.050000e+02 4.250000e+02
    endloop
  endfacet
  facet normal -0.000000e+00 0.000000e+00 -1.000000e+00
    outer loop
      vertex   1.891529e+01 1.022524e+02 4.250000e+02
      vertex   1.844128e+01 1.019546e+02 4.250000e+02
      vertex   1.400000e+01 1.050000e+02 4.250000e+02
    endloop
  endfacet
  facet normal 0.000000e+00 0.000000e+00 -1.000000e+00
    outer loop
      vertex   1.400000e+01 1.050000e+02 4.250000e+02
      vertex   1.844128e+01 1.019546e+02 4.250000e+02
      vertex   1.804542e+01 1.015587e+02 4.250000e+02
    endloop
  endfacet
  facet normal 0.000000e+00 0.000000e+00 -1.000000e+00
    outer loop
      vertex   1.400000e+01 1.050000e+02 4.250000e+02
      vertex   1.804542e+01 1.015587e+02 4.250000e+02
      vertex   1.774758e+01 1.010847e+02 4.250000e+02
    endloop
  endfacet
  facet normal -0.000000e+00 0.000000e+00 -1.000000e+00
    outer loop
      vertex   1.774758e+01 1.010847e+02 4.250000e+02
      vertex   1.756268e+01 1.005563e+02 4.250000e+02
      vertex   1.400000e+01 1.050000e+02 4.250000e+02
    endloop
  endfacet
  facet normal 0.000000e+00 0.000000e+00 -1.000000e+00
    outer loop
      vertex   1.400000e+01 1.050000e+02 4.250000e+02
      vertex   1.756268e+01 1.005563e+02 4.250000e+02
      vertex   1.750000e+01 1.000000e+02 4.250000e+02
    endloop
  endfacet
  facet normal 0.000000e+00 -0.000000e+00 -1.000000e+00
    outer loop
      vertex   1.774758e+01 9.891529e+01 4.250000e+02
      vertex   1.804542e+01 9.844127e+01 4.250000e+02
      vertex   1.400000e+01 9.700000e+01 4.250000e+02
    endloop
  endfacet
  facet normal 0.000000e+00 0.000000e+00 -1.000000e+00
    outer loop
      vertex   1.400000e+01 9.700000e+01 4.250000e+02
      vertex   1.804542e+01 9.844127e+01 4.250000e+02
      vertex   1.844128e+01 9.804542e+01 4.250000e+02
    endloop
  endfacet
  facet normal 0.000000e+00 0.000000e+00 -1.000000e+00
    outer loop
      vertex   1.400000e+01 9.700000e+01 4.250000e+02
      vertex   1.844128e+01 9.804542e+01 4.250000e+02
      vertex   1.891529e+01 9.774758e+01 4.250000e+02
    endloop
  endfacet
  facet normal 0.000000e+00 -0.000000e+00 -1.000000e+00
    outer loop
      vertex   1.891529e+01 9.774758e+01 4.250000e+02
      vertex   1.944370e+01 9.756268e+01 4.250000e+02
      vertex   1.400000e+01 9.700000e+01 4.250000e+02
    endloop
  endfacet
  facet normal 0.000000e+00 0.000000e+00 -1.000000e+00
    outer loop
      vertex   1.400000e+01 9.700000e+01 4.250000e+02
      vertex   1.944370e+01 9.756268e+01 4.250000e+02
      vertex   1.555630e+01 2.843732e+01 4.250000e+02
    endloop
  endfacet
  facet normal 0.000000e+00 0.000000e+00 -1.000000e+00
    outer loop
      vertex   1.400000e+01 9.700000e+01 4.250000e+02
      vertex   1.555630e+01 2.843732e+01 4.250000e+02
      vertex   1.500000e+01 2.850000e+01 4.250000e+02
    endloop
  endfacet
  facet normal 0.000000e+00 -0.000000e+00 -1.000000e+00
    outer loop
      vertex   1.944370e+01 9.756268e+01 4.250000e+02
      vertex   2.000000e+01 9.750000e+01 4.250000e+02
      vertex   1.555630e+01 2.843732e+01 4.250000e+02
    endloop
  endfacet
  facet normal 0.000000e+00 0.000000e+00 -1.000000e+00
    outer loop
      vertex   1.555630e+01 2.843732e+01 4.250000e+02
      vertex   2.000000e+01 9.750000e+01 4.250000e+02
      vertex   1.608471e+01 2.825242e+01 4.250000e+02
    endloop
  endfacet
  facet normal 0.000000e+00 0.000000e+00 -1.000000e+00
    outer loop
      vertex   1.608471e+01 2.825242e+01 4.250000e+02
      vertex   2.000000e+01 9.750000e+01 4.250000e+02
      vertex   2.055630e+01 9.756268e+01 4.250000e+02
    endloop
  endfacet
  facet normal 0.000000e+00 0.000000e+00 -1.000000e+00
    outer loop
      vertex   1.608471e+01 2.825242e+01 4.250000e+02
      vertex   2.055630e+01 9.756268e+01 4.250000e+02
      vertex   1.655872e+01 2.795458e+01 4.250000e+02
    endloop
  endfacet
  facet normal 0.000000e+00 0.000000e+00 -1.000000e+00
    outer loop
      vertex   1.655872e+01 2.795458e+01 4.250000e+02
      vertex   2.055630e+01 9.756268e+01 4.250000e+02
      vertex   2.108471e+01 9.774758e+01 4.250000e+02
    endloop
  endfacet
  facet normal 0.000000e+00 0.000000e+00 -1.000000e+00
    outer loop
      vertex   1.655872e+01 2.795458e+01 4.250000e+02
      vertex   2.108471e+01 9.774758e+01 4.250000e+02
      vertex   1.695458e+01 2.755872e+01 4.250000e+02
    endloop
  endfacet
  facet normal 0.000000e+00 0.000000e+00 -1.000000e+00
    outer loop
      vertex   1.695458e+01 2.755872e+01 4.250000e+02
      vertex   2.108471e+01 9.774758e+01 4.250000e+02
      vertex   2.155872e+01 9.804542e+01 4.250000e+02
    endloop
  endfacet
  facet normal 0.000000e+00 0.000000e+00 -1.000000e+00
    outer loop
      vertex   1.695458e+01 2.755872e+01 4.250000e+02
      vertex   2.155872e+01 9.804542e+01 4.250000e+02
      vertex   1.725242e+01 2.708471e+01 4.250000e+02
    endloop
  endfacet
  facet normal 0.000000e+00 0.000000e+00 -1.000000e+00
    outer loop
      vertex   1.725242e+01 2.708471e+01 4.250000e+02
      vertex   2.155872e+01 9.804542e+01 4.250000e+02
      vertex   2.195458e+01 9.844127e+01 4.250000e+02
    endloop
  endfacet
  facet normal 0.000000e+00 0.000000e+00 -1.000000e+00
    outer loop
      vertex   1.725242e+01 2.708471e+01 4.250000e+02
      vertex   2.195458e+01 9.844127e+01 4.250000e+02
      vertex   2.500000e+01 1.500000e+01 4.250000e+02
    endloop
  endfacet
  facet normal 0.000000e+00 0.000000e+00 -1.000000e+00
    outer loop
      vertex   2.500000e+01 1.500000e+01 4.250000e+02
      vertex   2.195458e+01 9.844127e+01 4.250000e+02
      vertex   2.225242e+01 9.891529e+01 4.250000e+02
    endloop
  endfacet
  facet normal 0.000000e+00 0.000000e+00 -1.000000e+00
    outer loop
      vertex   1.743732e+01 2.544370e+01 4.250000e+02
      vertex   1.750000e+01 2.600000e+01 4.250000e+02
      vertex   2.500000e+01 1.500000e+01 4.250000e+02
    endloop
  endfacet
  facet normal 0.000000e+00 0.000000e+00 -1.000000e+00
    outer loop
      vertex   2.500000e+01 1.500000e+01 4.250000e+02
      vertex   1.750000e+01 2.600000e+01 4.250000e+02
      vertex   1.743732e+01 2.655630e+01 4.250000e+02
    endloop
  endfacet
  facet normal 0.000000e+00 0.000000e+00 -1.000000e+00
    outer loop
      vertex   2.500000e+01 1.500000e+01 4.250000e+02
      vertex   1.743732e+01 2.655630e+01 4.250000e+02
      vertex   1.725242e+01 2.708471e+01 4.250000e+02
    endloop
  endfacet
  facet normal -0.000000e+00 0.000000e+00 -1.000000e+00
    outer loop
      vertex   1.500000e+01 2.850000e+01 4.250000e+02
      vertex   1.444370e+01 2.843732e+01 4.250000e+02
      vertex   1.400000e+01 9.700000e+01 4.250000e+02
    endloop
  endfacet
  facet normal 0.000000e+00 -0.000000e+00 -1.000000e+00
    outer loop
      vertex   1.400000e+01 9.700000e+01 4.250000e+02
      vertex   1.444370e+01 2.843732e+01 4.250000e+02
      vertex   1.391529e+01 2.825242e+01 4.250000e+02
    endloop
  endfacet
  facet normal 0.000000e+00 0.000000e+00 -1.000000e+00
    outer loop
      vertex   1.444370e+01 2.356268e+01 4.250000e+02
      vertex   1.500000e+01 2.350000e+01 4.250000e+02
      vertex   2.500000e+01 1.500000e+01 4.250000e+02
    endloop
  endfacet
  facet normal 0.000000e+00 0.000000e+00 -1.000000e+00
    outer loop
      vertex   2.500000e+01 1.500000e+01 4.250000e+02
      vertex   1.500000e+01 2.350000e+01 4.250000e+02
      vertex   1.555630e+01 2.356268e+01 4.250000e+02
    endloop
  endfacet
  facet normal 0.000000e+00 0.000000e+00 -1.000000e+00
    outer loop
      vertex   2.500000e+01 1.500000e+01 4.250000e+02
      vertex   1.555630e+01 2.356268e+01 4.250000e+02
      vertex   1.608471e+01 2.374758e+01 4.250000e+02
    endloop
  endfacet
  facet normal 0.000000e+00 0.000000e+00 -1.000000e+00
    outer loop
      vertex   1.608471e+01 2.374758e+01 4.250000e+02
      vertex   1.655872e+01 2.404542e+01 4.250000e+02
      vertex   2.500000e+01 1.500000e+01 4.250000e+02
    endloop
  endfacet
  facet normal 0.000000e+00 0.000000e+00 -1.000000e+00
    outer loop
      vertex   2.500000e+01 1.500000e+01 4.250000e+02
      vertex   1.655872e+01 2.404542e+01 4.250000e+02
      vertex   1.695458e+01 2.444128e+01 4.250000e+02
    endloop
  endfacet
  facet normal 0.000000e+00 0.000000e+00 -1.000000e+00
    outer loop
      vertex   2.500000e+01 1.500000e+01 4.250000e+02
      vertex   1.695458e+01 2.444128e+01 4.250000e+02
      vertex   1.725242e+01 2.491529e+01 4.250000e+02
    endloop
  endfacet
  facet normal 0.000000e+00 0.000000e+00 -1.000000e+00
    outer loop
      vertex   1.725242e+01 2.491529e+01 4.250000e+02
      vertex   1.743732e+01 2.544370e+01 4.250000e+02
      vertex   2.500000e+01 1.500000e+01 4.250000e+02
    endloop
  endfacet
  facet normal -0.000000e+00 0.000000e+00 -1.000000e+00
    outer loop
      vertex   -1.669037e+01 2.554707e+01 4.175800e+02
      vertex   -1.743732e+01 2.544370e+01 4.175800e+02
      vertex   -1.675000e+01 2.600000e+01 4.175800e+02
    endloop
  endfacet
  facet normal -0.000000e+00 0.000000e+00 -1.000000e+00
    outer loop
      vertex   -1.675000e+01 2.600000e+01 4.175800e+02
      vertex   -1.743732e+01 2.544370e+01 4.175800e+02
      vertex   -1.750000e+01 2.600000e+01 4.175800e+02
    endloop
  endfacet
  facet normal 0.000000e+00 0.000000e+00 -1.000000e+00
    outer loop
      vertex   -1.675000e+01 2.600000e+01 4.175800e+02
      vertex   -1.750000e+01 2.600000e+01 4.175800e+02
      vertex   -1.743732e+01 2.655630e+01 4.175800e+02
    endloop
  endfacet
  facet normal 0.000000e+00 0.000000e+00 -1.000000e+00
    outer loop
      vertex   -1.743732e+01 2.544370e+01 4.175800e+02
      vertex   -1.669037e+01 2.554707e+01 4.175800e+02
      vertex   -1.725242e+01 2.491529e+01 4.175800e+02
    endloop
  endfacet
  facet normal 0.000000e+00 0.000000e+00 -1.000000e+00
    outer loop
      vertex   -1.725242e+01 2.491529e+01 4.175800e+02
      vertex   -1.669037e+01 2.554707e+01 4.175800e+02
      vertex   -1.651554e+01 2.512500e+01 4.175800e+02
    endloop
  endfacet
  facet normal 0.000000e+00 0.000000e+00 -1.000000e+00
    outer loop
      vertex   -1.725242e+01 2.491529e+01 4.175800e+02
      vertex   -1.651554e+01 2.512500e+01 4.175800e+02
      vertex   -1.695458e+01 2.444128e+01 4.175800e+02
    endloop
  endfacet
  facet normal 0.000000e+00 0.000000e+00 -1.000000e+00
    outer loop
      vertex   -1.695458e+01 2.444128e+01 4.175800e+02
      vertex   -1.651554e+01 2.512500e+01 4.175800e+02
      vertex   -1.623744e+01 2.476256e+01 4.175800e+02
    endloop
  endfacet
  facet normal 0.000000e+00 0.000000e+00 -1.000000e+00
    outer loop
      vertex   -1.695458e+01 2.444128e+01 4.175800e+02
      vertex   -1.623744e+01 2.476256e+01 4.175800e+02
      vertex   -1.655872e+01 2.404542e+01 4.175800e+02
    endloop
  endfacet
  facet normal 0.000000e+00 0.000000e+00 -1.000000e+00
    outer loop
      vertex   -1.655872e+01 2.404542e+01 4.175800e+02
      vertex   -1.623744e+01 2.476256e+01 4.175800e+02
      vertex   -1.587500e+01 2.448446e+01 4.175800e+02
    endloop
  endfacet
  facet normal 0.000000e+00 0.000000e+00 -1.000000e+00
    outer loop
      vertex   -1.655872e+01 2.404542e+01 4.175800e+02
      vertex   -1.587500e+01 2.448446e+01 4.175800e+02
      vertex   -1.608471e+01 2.374758e+01 4.175800e+02
    endloop
  endfacet
  facet normal 0.000000e+00 0.000000e+00 -1.000000e+00
    outer loop
      vertex   -1.608471e+01 2.374758e+01 4.175800e+02
      vertex   -1.587500e+01 2.448446e+01 4.175800e+02
      vertex   -1.545293e+01 2.430963e+01 4.175800e+02
    endloop
  endfacet
  facet normal 0.000000e+00 0.000000e+00 -1.000000e+00
    outer loop
      vertex   -1.608471e+01 2.374758e+01 4.175800e+02
      vertex   -1.545293e+01 2.430963e+01 4.175800e+02
      vertex   -1.555630e+01 2.356268e+01 4.175800e+02
    endloop
  endfacet
  facet normal 0.000000e+00 0.000000e+00 -1.000000e+00
    outer loop
      vertex   -1.555630e+01 2.356268e+01 4.175800e+02
      vertex   -1.545293e+01 2.430963e+01 4.175800e+02
      vertex   -1.500000e+01 2.425000e+01 4.175800e+02
    endloop
  endfacet
  facet normal 0.000000e+00 0.000000e+00 -1.000000e+00
    outer loop
      vertex   -1.555630e+01 2.356268e+01 4.175800e+02
      vertex   -1.500000e+01 2.425000e+01 4.175800e+02
      vertex   -1.500000e+01 2.350000e+01 4.175800e+02
    endloop
  endfacet
  facet normal 0.000000e+00 0.000000e+00 -1.000000e+00
    outer loop
      vertex   -1.500000e+01 2.350000e+01 4.175800e+02
      vertex   -1.500000e+01 2.425000e+01 4.175800e+02
      vertex   -1.444370e+01 2.356268e+01 4.175800e+02
    endloop
  endfacet
  facet normal 0.000000e+00 0.000000e+00 -1.000000e+00
    outer loop
      vertex   -1.444370e+01 2.356268e+01 4.175800e+02
      vertex   -1.500000e+01 2.425000e+01 4.175800e+02
      vertex   -1.454707e+01 2.430963e+01 4.175800e+02
    endloop
  endfacet
  facet normal 0.000000e+00 0.000000e+00 -1.000000e+00
    outer loop
      vertex   -1.444370e+01 2.356268e+01 4.175800e+02
      vertex   -1.454707e+01 2.430963e+01 4.175800e+02
      vertex   -1.391529e+01 2.374758e+01 4.175800e+02
    endloop
  endfacet
  facet normal 0.000000e+00 0.000000e+00 -1.000000e+00
    outer loop
      vertex   -1.391529e+01 2.374758e+01 4.175800e+02
      vertex   -1.454707e+01 2.430963e+01 4.175800e+02
      vertex   -1.412500e+01 2.448446e+01 4.175800e+02
    endloop
  endfacet
  facet normal 0.000000e+00 0.000000e+00 -1.000000e+00
    outer loop
      vertex   -1.391529e+01 2.374758e+01 4.175800e+02
      vertex   -1.412500e+01 2.448446e+01 4.175800e+02
      vertex   -1.344128e+01 2.404542e+01 4.175800e+02
    endloop
  endfacet
  facet normal 0.000000e+00 0.000000e+00 -1.000000e+00
    outer loop
      vertex   -1.344128e+01 2.404542e+01 4.175800e+02
      vertex   -1.412500e+01 2.448446e+01 4.175800e+02
      vertex   -1.376256e+01 2.476256e+01 4.175800e+02
    endloop
  endfacet
  facet normal 0.000000e+00 0.000000e+00 -1.000000e+00
    outer loop
      vertex   -1.344128e+01 2.404542e+01 4.175800e+02
      vertex   -1.376256e+01 2.476256e+01 4.175800e+02
      vertex   -1.304542e+01 2.444128e+01 4.175800e+02
    endloop
  endfacet
  facet normal 0.000000e+00 0.000000e+00 -1.000000e+00
    outer loop
      vertex   -1.304542e+01 2.444128e+01 4.175800e+02
      vertex   -1.376256e+01 2.476256e+01 4.175800e+02
      vertex   -1.348446e+01 2.512500e+01 4.175800e+02
    endloop
  endfacet
  facet normal 0.000000e+00 0.000000e+00 -1.000000e+00
    outer loop
      vertex   -1.304542e+01 2.444128e+01 4.175800e+02
      vertex   -1.348446e+01 2.512500e+01 4.175800e+02
      vertex   -1.274758e+01 2.491529e+01 4.175800e+02
    endloop
  endfacet
  facet normal 0.000000e+00 0.000000e+00 -1.000000e+00
    outer loop
      vertex   -1.274758e+01 2.491529e+01 4.175800e+02
      vertex   -1.348446e+01 2.512500e+01 4.175800e+02
      vertex   -1.330963e+01 2.554707e+01 4.175800e+02
    endloop
  endfacet
  facet normal 0.000000e+00 0.000000e+00 -1.000000e+00
    outer loop
      vertex   -1.274758e+01 2.491529e+01 4.175800e+02
      vertex   -1.330963e+01 2.554707e+01 4.175800e+02
      vertex   -1.256268e+01 2.544370e+01 4.175800e+02
    endloop
  endfacet
  facet normal 0.000000e+00 0.000000e+00 -1.000000e+00
    outer loop
      vertex   -1.256268e+01 2.544370e+01 4.175800e+02
      vertex   -1.330963e+01 2.554707e+01 4.175800e+02
      vertex   -1.325000e+01 2.600000e+01 4.175800e+02
    endloop
  endfacet
  facet normal 0.000000e+00 0.000000e+00 -1.000000e+00
    outer loop
      vertex   -1.256268e+01 2.544370e+01 4.175800e+02
      vertex   -1.325000e+01 2.600000e+01 4.175800e+02
      vertex   -1.250000e+01 2.600000e+01 4.175800e+02
    endloop
  endfacet
  facet normal 0.000000e+00 0.000000e+00 -1.000000e+00
    outer loop
      vertex   -1.250000e+01 2.600000e+01 4.175800e+02
      vertex   -1.325000e+01 2.600000e+01 4.175800e+02
      vertex   -1.256268e+01 2.655630e+01 4.175800e+02
    endloop
  endfacet
  facet normal 0.000000e+00 0.000000e+00 -1.000000e+00
    outer loop
      vertex   -1.256268e+01 2.655630e+01 4.175800e+02
      vertex   -1.325000e+01 2.600000e+01 4.175800e+02
      vertex   -1.330963e+01 2.645293e+01 4.175800e+02
    endloop
  endfacet
  facet normal -0.000000e+00 0.000000e+00 -1.000000e+00
    outer loop
      vertex   -1.256268e+01 2.655630e+01 4.175800e+02
      vertex   -1.330963e+01 2.645293e+01 4.175800e+02
      vertex   -1.274758e+01 2.708471e+01 4.175800e+02
    endloop
  endfacet
  facet normal 0.000000e+00 0.000000e+00 -1.000000e+00
    outer loop
      vertex   -1.274758e+01 2.708471e+01 4.175800e+02
      vertex   -1.330963e+01 2.645293e+01 4.175800e+02
      vertex   -1.348446e+01 2.687500e+01 4.175800e+02
    endloop
  endfacet
  facet normal -0.000000e+00 0.000000e+00 -1.000000e+00
    outer loop
      vertex   -1.274758e+01 2.708471e+01 4.175800e+02
      vertex   -1.348446e+01 2.687500e+01 4.175800e+02
      vertex   -1.304542e+01 2.755872e+01 4.175800e+02
    endloop
  endfacet
  facet normal 0.000000e+00 0.000000e+00 -1.000000e+00
    outer loop
      vertex   -1.304542e+01 2.755872e+01 4.175800e+02
      vertex   -1.348446e+01 2.687500e+01 4.175800e+02
      vertex   -1.376256e+01 2.723744e+01 4.175800e+02
    endloop
  endfacet
  facet normal -0.000000e+00 0.000000e+00 -1.000000e+00
    outer loop
      vertex   -1.304542e+01 2.755872e+01 4.175800e+02
      vertex   -1.376256e+01 2.723744e+01 4.175800e+02
      vertex   -1.344128e+01 2.795458e+01 4.175800e+02
    endloop
  endfacet
  facet normal 0.000000e+00 0.000000e+00 -1.000000e+00
    outer loop
      vertex   -1.344128e+01 2.795458e+01 4.175800e+02
      vertex   -1.376256e+01 2.723744e+01 4.175800e+02
      vertex   -1.412500e+01 2.751554e+01 4.175800e+02
    endloop
  endfacet
  facet normal -0.000000e+00 0.000000e+00 -1.000000e+00
    outer loop
      vertex   -1.344128e+01 2.795458e+01 4.175800e+02
      vertex   -1.412500e+01 2.751554e+01 4.175800e+02
      vertex   -1.391529e+01 2.825242e+01 4.175800e+02
    endloop
  endfacet
  facet normal 0.000000e+00 0.000000e+00 -1.000000e+00
    outer loop
      vertex   -1.391529e+01 2.825242e+01 4.175800e+02
      vertex   -1.412500e+01 2.751554e+01 4.175800e+02
      vertex   -1.454707e+01 2.769037e+01 4.175800e+02
    endloop
  endfacet
  facet normal -0.000000e+00 0.000000e+00 -1.000000e+00
    outer loop
      vertex   -1.391529e+01 2.825242e+01 4.175800e+02
      vertex   -1.454707e+01 2.769037e+01 4.175800e+02
      vertex   -1.444370e+01 2.843732e+01 4.175800e+02
    endloop
  endfacet
  facet normal 0.000000e+00 0.000000e+00 -1.000000e+00
    outer loop
      vertex   -1.444370e+01 2.843732e+01 4.175800e+02
      vertex   -1.454707e+01 2.769037e+01 4.175800e+02
      vertex   -1.500000e+01 2.775000e+01 4.175800e+02
    endloop
  endfacet
  facet normal -0.000000e+00 0.000000e+00 -1.000000e+00
    outer loop
      vertex   -1.444370e+01 2.843732e+01 4.175800e+02
      vertex   -1.500000e+01 2.775000e+01 4.175800e+02
      vertex   -1.500000e+01 2.850000e+01 4.175800e+02
    endloop
  endfacet
  facet normal 0.000000e+00 -0.000000e+00 -1.000000e+00
    outer loop
      vertex   -1.500000e+01 2.850000e+01 4.175800e+02
      vertex   -1.500000e+01 2.775000e+01 4.175800e+02
      vertex   -1.555630e+01 2.843732e+01 4.175800e+02
    endloop
  endfacet
  facet normal 0.000000e+00 0.000000e+00 -1.000000e+00
    outer loop
      vertex   -1.555630e+01 2.843732e+01 4.175800e+02
      vertex   -1.500000e+01 2.775000e+01 4.175800e+02
      vertex   -1.545293e+01 2.769037e+01 4.175800e+02
    endloop
  endfacet
  facet normal 0.000000e+00 -0.000000e+00 -1.000000e+00
    outer loop
      vertex   -1.555630e+01 2.843732e+01 4.175800e+02
      vertex   -1.545293e+01 2.769037e+01 4.175800e+02
      vertex   -1.608471e+01 2.825242e+01 4.175800e+02
    endloop
  endfacet
  facet normal 0.000000e+00 0.000000e+00 -1.000000e+00
    outer loop
      vertex   -1.608471e+01 2.825242e+01 4.175800e+02
      vertex   -1.545293e+01 2.769037e+01 4.175800e+02
      vertex   -1.587500e+01 2.751554e+01 4.175800e+02
    endloop
  endfacet
  facet normal 0.000000e+00 -0.000000e+00 -1.000000e+00
    outer loop
      vertex   -1.608471e+01 2.825242e+01 4.175800e+02
      vertex   -1.587500e+01 2.751554e+01 4.175800e+02
      vertex   -1.655872e+01 2.795458e+01 4.175800e+02
    endloop
  endfacet
  facet normal 0.000000e+00 0.000000e+00 -1.000000e+00
    outer loop
      vertex   -1.655872e+01 2.795458e+01 4.175800e+02
      vertex   -1.587500e+01 2.751554e+01 4.175800e+02
      vertex   -1.623744e+01 2.723744e+01 4.175800e+02
    endloop
  endfacet
  facet normal 0.000000e+00 -0.000000e+00 -1.000000e+00
    outer loop
      vertex   -1.655872e+01 2.795458e+01 4.175800e+02
      vertex   -1.623744e+01 2.723744e+01 4.175800e+02
      vertex   -1.695458e+01 2.755872e+01 4.175800e+02
    endloop
  endfacet
  facet normal 0.000000e+00 0.000000e+00 -1.000000e+00
    outer loop
      vertex   -1.695458e+01 2.755872e+01 4.175800e+02
      vertex   -1.623744e+01 2.723744e+01 4.175800e+02
      vertex   -1.651554e+01 2.687500e+01 4.175800e+02
    endloop
  endfacet
  facet normal 0.000000e+00 -0.000000e+00 -1.000000e+00
    outer loop
      vertex   -1.695458e+01 2.755872e+01 4.175800e+02
      vertex   -1.651554e+01 2.687500e+01 4.175800e+02
      vertex   -1.725242e+01 2.708471e+01 4.175800e+02
    endloop
  endfacet
  facet normal 0.000000e+00 0.000000e+00 -1.000000e+00
    outer loop
      vertex   -1.725242e+01 2.708471e+01 4.175800e+02
      vertex   -1.651554e+01 2.687500e+01 4.175800e+02
      vertex   -1.669037e+01 2.645293e+01 4.175800e+02
    endloop
  endfacet
  facet normal 0.000000e+00 -0.000000e+00 -1.000000e+00
    outer loop
      vertex   -1.725242e+01 2.708471e+01 4.175800e+02
      vertex   -1.669037e+01 2.645293e+01 4.175800e+02
      vertex   -1.743732e+01 2.655630e+01 4.175800e+02
    endloop
  endfacet
  facet normal 0.000000e+00 0.000000e+00 -1.000000e+00
    outer loop
      vertex   -1.743732e+01 2.655630e+01 4.175800e+02
      vertex   -1.669037e+01 2.645293e+01 4.175800e+02
      vertex   -1.675000e+01 2.600000e+01 4.175800e+02
    endloop
  endfacet
  facet normal 0.000000e+00 0.000000e+00 -1.000000e+00
    outer loop
      vertex   2.070366e+01 1.016023e+02 4.175800e+02
      vertex   2.108471e+01 1.022524e+02 4.175800e+02
      vertex   2.106971e+01 1.013850e+02 4.175800e+02
    endloop
  endfacet
  facet normal 0.000000e+00 0.000000e+00 -1.000000e+00
    outer loop
      vertex   2.106971e+01 1.013850e+02 4.175800e+02
      vertex   2.108471e+01 1.022524e+02 4.175800e+02
      vertex   2.155872e+01 1.019546e+02 4.175800e+02
    endloop
  endfacet
  facet normal 0.000000e+00 0.000000e+00 -1.000000e+00
    outer loop
      vertex   2.106971e+01 1.013850e+02 4.175800e+02
      vertex   2.155872e+01 1.019546e+02 4.175800e+02
      vertex   2.138090e+01 1.010945e+02 4.175800e+02
    endloop
  endfacet
  facet normal 0.000000e+00 0.000000e+00 -1.000000e+00
    outer loop
      vertex   2.138090e+01 1.010945e+02 4.175800e+02
      vertex   2.155872e+01 1.019546e+02 4.175800e+02
      vertex   2.195458e+01 1.015587e+02 4.175800e+02
    endloop
  endfacet
  facet normal 0.000000e+00 0.000000e+00 -1.000000e+00
    outer loop
      vertex   2.138090e+01 1.010945e+02 4.175800e+02
      vertex   2.195458e+01 1.015587e+02 4.175800e+02
      vertex   2.225242e+01 1.010847e+02 4.175800e+02
    endloop
  endfacet
  facet normal -0.000000e+00 0.000000e+00 -1.000000e+00
    outer loop
      vertex   2.108471e+01 1.022524e+02 4.175800e+02
      vertex   2.070366e+01 1.016023e+02 4.175800e+02
      vertex   2.055630e+01 1.024373e+02 4.175800e+02
    endloop
  endfacet
  facet normal 0.000000e+00 -0.000000e+00 -1.000000e+00
    outer loop
      vertex   2.055630e+01 1.024373e+02 4.175800e+02
      vertex   2.070366e+01 1.016023e+02 4.175800e+02
      vertex   2.029597e+01 1.017248e+02 4.175800e+02
    endloop
  endfacet
  facet normal -0.000000e+00 0.000000e+00 -1.000000e+00
    outer loop
      vertex   2.055630e+01 1.024373e+02 4.175800e+02
      vertex   2.029597e+01 1.017248e+02 4.175800e+02
      vertex   2.000000e+01 1.025000e+02 4.175800e+02
    endloop
  endfacet
  facet normal 0.000000e+00 -0.000000e+00 -1.000000e+00
    outer loop
      vertex   2.000000e+01 1.025000e+02 4.175800e+02
      vertex   2.029597e+01 1.017248e+02 4.175800e+02
      vertex   1.987076e+01 1.017452e+02 4.175800e+02
    endloop
  endfacet
  facet normal 0.000000e+00 0.000000e+00 -1.000000e+00
    outer loop
      vertex   2.000000e+01 1.025000e+02 4.175800e+02
      vertex   1.987076e+01 1.017452e+02 4.175800e+02
      vertex   1.944370e+01 1.024373e+02 4.175800e+02
    endloop
  endfacet
  facet normal 0.000000e+00 0.000000e+00 -1.000000e+00
    outer loop
      vertex   1.944370e+01 1.024373e+02 4.175800e+02
      vertex   1.987076e+01 1.017452e+02 4.175800e+02
      vertex   1.945320e+01 1.016624e+02 4.175800e+02
    endloop
  endfacet
  facet normal 0.000000e+00 -0.000000e+00 -1.000000e+00
    outer loop
      vertex   1.944370e+01 1.024373e+02 4.175800e+02
      vertex   1.945320e+01 1.016624e+02 4.175800e+02
      vertex   1.891529e+01 1.022524e+02 4.175800e+02
    endloop
  endfacet
  facet normal 0.000000e+00 0.000000e+00 -1.000000e+00
    outer loop
      vertex   1.891529e+01 1.022524e+02 4.175800e+02
      vertex   1.945320e+01 1.016624e+02 4.175800e+02
      vertex   1.906800e+01 1.014812e+02 4.175800e+02
    endloop
  endfacet
  facet normal 0.000000e+00 -0.000000e+00 -1.000000e+00
    outer loop
      vertex   1.891529e+01 1.022524e+02 4.175800e+02
      vertex   1.906800e+01 1.014812e+02 4.175800e+02
      vertex   1.844128e+01 1.019546e+02 4.175800e+02
    endloop
  endfacet
  facet normal 0.000000e+00 0.000000e+00 -1.000000e+00
    outer loop
      vertex   1.844128e+01 1.019546e+02 4.175800e+02
      vertex   1.906800e+01 1.014812e+02 4.175800e+02
      vertex   1.873795e+01 1.012123e+02 4.175800e+02
    endloop
  endfacet
  facet normal 0.000000e+00 -0.000000e+00 -1.000000e+00
    outer loop
      vertex   1.844128e+01 1.019546e+02 4.175800e+02
      vertex   1.873795e+01 1.012123e+02 4.175800e+02
      vertex   1.804542e+01 1.015587e+02 4.175800e+02
    endloop
  endfacet
  facet normal 0.000000e+00 0.000000e+00 -1.000000e+00
    outer loop
      vertex   1.804542e+01 1.015587e+02 4.175800e+02
      vertex   1.873795e+01 1.012123e+02 4.175800e+02
      vertex   1.848257e+01 1.008717e+02 4.175800e+02
    endloop
  endfacet
  facet normal 0.000000e+00 -0.000000e+00 -1.000000e+00
    outer loop
      vertex   1.804542e+01 1.015587e+02 4.175800e+02
      vertex   1.848257e+01 1.008717e+02 4.175800e+02
      vertex   1.774758e+01 1.010847e+02 4.175800e+02
    endloop
  endfacet
  facet normal 0.000000e+00 0.000000e+00 -1.000000e+00
    outer loop
      vertex   1.774758e+01 1.010847e+02 4.175800e+02
      vertex   1.848257e+01 1.008717e+02 4.175800e+02
      vertex   1.831699e+01 1.004796e+02 4.175800e+02
    endloop
  endfacet
  facet normal 0.000000e+00 -0.000000e+00 -1.000000e+00
    outer loop
      vertex   1.774758e+01 1.010847e+02 4.175800e+02
      vertex   1.831699e+01 1.004796e+02 4.175800e+02
      vertex   1.756268e+01 1.005563e+02 4.175800e+02
    endloop
  endfacet
  facet normal 0.000000e+00 0.000000e+00 -1.000000e+00
    outer loop
      vertex   1.756268e+01 1.005563e+02 4.175800e+02
      vertex   1.831699e+01 1.004796e+02 4.175800e+02
      vertex   1.825099e+01 1.000590e+02 4.175800e+02
    endloop
  endfacet
  facet normal 0.000000e+00 -0.000000e+00 -1.000000e+00
    outer loop
      vertex   1.756268e+01 1.005563e+02 4.175800e+02
      vertex   1.825099e+01 1.000590e+02 4.175800e+02
      vertex   1.750000e+01 1.000000e+02 4.175800e+02
    endloop
  endfacet
  facet normal 0.000000e+00 0.000000e+00 -1.000000e+00
    outer loop
      vertex   1.750000e+01 1.000000e+02 4.175800e+02
      vertex   1.825099e+01 1.000590e+02 4.175800e+02
      vertex   1.828849e+01 9.963497e+01 4.175800e+02
    endloop
  endfacet
  facet normal 0.000000e+00 0.000000e+00 -1.000000e+00
    outer loop
      vertex   1.750000e+01 1.000000e+02 4.175800e+02
      vertex   1.828849e+01 9.963497e+01 4.175800e+02
      vertex   1.756268e+01 9.944370e+01 4.175800e+02
    endloop
  endfacet
  facet normal 0.000000e+00 0.000000e+00 -1.000000e+00
    outer loop
      vertex   1.756268e+01 9.944370e+01 4.175800e+02
      vertex   1.828849e+01 9.963497e+01 4.175800e+02
      vertex   1.842727e+01 9.923252e+01 4.175800e+02
    endloop
  endfacet
  facet normal 0.000000e+00 0.000000e+00 -1.000000e+00
    outer loop
      vertex   1.756268e+01 9.944370e+01 4.175800e+02
      vertex   1.842727e+01 9.923252e+01 4.175800e+02
      vertex   1.774758e+01 9.891529e+01 4.175800e+02
    endloop
  endfacet
  facet normal 0.000000e+00 0.000000e+00 -1.000000e+00
    outer loop
      vertex   1.774758e+01 9.891529e+01 4.175800e+02
      vertex   1.842727e+01 9.923252e+01 4.175800e+02
      vertex   1.804542e+01 9.844127e+01 4.175800e+02
    endloop
  endfacet
  facet normal 0.000000e+00 0.000000e+00 -1.000000e+00
    outer loop
      vertex   1.804542e+01 9.844127e+01 4.175800e+02
      vertex   1.842727e+01 9.923252e+01 4.175800e+02
      vertex   1.865911e+01 9.887550e+01 4.175800e+02
    endloop
  endfacet
  facet normal 0.000000e+00 0.000000e+00 -1.000000e+00
    outer loop
      vertex   1.804542e+01 9.844127e+01 4.175800e+02
      vertex   1.865911e+01 9.887550e+01 4.175800e+02
      vertex   1.844128e+01 9.804542e+01 4.175800e+02
    endloop
  endfacet
  facet normal 0.000000e+00 0.000000e+00 -1.000000e+00
    outer loop
      vertex   1.844128e+01 9.804542e+01 4.175800e+02
      vertex   1.865911e+01 9.887550e+01 4.175800e+02
      vertex   1.897029e+01 9.858501e+01 4.175800e+02
    endloop
  endfacet
  facet normal 0.000000e+00 0.000000e+00 -1.000000e+00
    outer loop
      vertex   1.844128e+01 9.804542e+01 4.175800e+02
      vertex   1.897029e+01 9.858501e+01 4.175800e+02
      vertex   1.891529e+01 9.774758e+01 4.175800e+02
    endloop
  endfacet
  facet normal 0.000000e+00 0.000000e+00 -1.000000e+00
    outer loop
      vertex   1.891529e+01 9.774758e+01 4.175800e+02
      vertex   1.897029e+01 9.858501e+01 4.175800e+02
      vertex   1.933634e+01 9.836771e+01 4.175800e+02
    endloop
  endfacet
  facet normal 0.000000e+00 0.000000e+00 -1.000000e+00
    outer loop
      vertex   1.891529e+01 9.774758e+01 4.175800e+02
      vertex   1.933634e+01 9.836771e+01 4.175800e+02
      vertex   1.944370e+01 9.756268e+01 4.175800e+02
    endloop
  endfacet
  facet normal 0.000000e+00 0.000000e+00 -1.000000e+00
    outer loop
      vertex   1.944370e+01 9.756268e+01 4.175800e+02
      vertex   1.933634e+01 9.836771e+01 4.175800e+02
      vertex   1.974403e+01 9.824521e+01 4.175800e+02
    endloop
  endfacet
  facet normal 0.000000e+00 0.000000e+00 -1.000000e+00
    outer loop
      vertex   1.944370e+01 9.756268e+01 4.175800e+02
      vertex   1.974403e+01 9.824521e+01 4.175800e+02
      vertex   2.000000e+01 9.750000e+01 4.175800e+02
    endloop
  endfacet
  facet normal 0.000000e+00 0.000000e+00 -1.000000e+00
    outer loop
      vertex   2.000000e+01 9.750000e+01 4.175800e+02
      vertex   1.974403e+01 9.824521e+01 4.175800e+02
      vertex   2.016924e+01 9.822478e+01 4.175800e+02
    endloop
  endfacet
  facet normal 0.000000e+00 0.000000e+00 -1.000000e+00
    outer loop
      vertex   2.000000e+01 9.750000e+01 4.175800e+02
      vertex   2.016924e+01 9.822478e+01 4.175800e+02
      vertex   2.055630e+01 9.756268e+01 4.175800e+02
    endloop
  endfacet
  facet normal 0.000000e+00 0.000000e+00 -1.000000e+00
    outer loop
      vertex   2.055630e+01 9.756268e+01 4.175800e+02
      vertex   2.016924e+01 9.822478e+01 4.175800e+02
      vertex   2.058680e+01 9.830762e+01 4.175800e+02
    endloop
  endfacet
  facet normal 0.000000e+00 0.000000e+00 -1.000000e+00
    outer loop
      vertex   2.055630e+01 9.756268e+01 4.175800e+02
      vertex   2.058680e+01 9.830762e+01 4.175800e+02
      vertex   2.108471e+01 9.774758e+01 4.175800e+02
    endloop
  endfacet
  facet normal 0.000000e+00 0.000000e+00 -1.000000e+00
    outer loop
      vertex   2.108471e+01 9.774758e+01 4.175800e+02
      vertex   2.058680e+01 9.830762e+01 4.175800e+02
      vertex   2.097200e+01 9.848883e+01 4.175800e+02
    endloop
  endfacet
  facet normal 0.000000e+00 0.000000e+00 -1.000000e+00
    outer loop
      vertex   2.108471e+01 9.774758e+01 4.175800e+02
      vertex   2.097200e+01 9.848883e+01 4.175800e+02
      vertex   2.155872e+01 9.804542e+01 4.175800e+02
    endloop
  endfacet
  facet normal 0.000000e+00 0.000000e+00 -1.000000e+00
    outer loop
      vertex   2.155872e+01 9.804542e+01 4.175800e+02
      vertex   2.097200e+01 9.848883e+01 4.175800e+02
      vertex   2.130205e+01 9.875768e+01 4.175800e+02
    endloop
  endfacet
  facet normal 0.000000e+00 0.000000e+00 -1.000000e+00
    outer loop
      vertex   2.155872e+01 9.804542e+01 4.175800e+02
      vertex   2.130205e+01 9.875768e+01 4.175800e+02
      vertex   2.195458e+01 9.844127e+01 4.175800e+02
    endloop
  endfacet
  facet normal 0.000000e+00 0.000000e+00 -1.000000e+00
    outer loop
      vertex   2.195458e+01 9.844127e+01 4.175800e+02
      vertex   2.130205e+01 9.875768e+01 4.175800e+02
      vertex   2.155743e+01 9.909827e+01 4.175800e+02
    endloop
  endfacet
  facet normal 0.000000e+00 0.000000e+00 -1.000000e+00
    outer loop
      vertex   2.195458e+01 9.844127e+01 4.175800e+02
      vertex   2.155743e+01 9.909827e+01 4.175800e+02
      vertex   2.225242e+01 9.891529e+01 4.175800e+02
    endloop
  endfacet
  facet normal 0.000000e+00 0.000000e+00 -1.000000e+00
    outer loop
      vertex   2.225242e+01 9.891529e+01 4.175800e+02
      vertex   2.155743e+01 9.909827e+01 4.175800e+02
      vertex   2.172301e+01 9.949045e+01 4.175800e+02
    endloop
  endfacet
  facet normal 0.000000e+00 0.000000e+00 -1.000000e+00
    outer loop
      vertex   2.225242e+01 9.891529e+01 4.175800e+02
      vertex   2.172301e+01 9.949045e+01 4.175800e+02
      vertex   2.243732e+01 9.944370e+01 4.175800e+02
    endloop
  endfacet
  facet normal 0.000000e+00 0.000000e+00 -1.000000e+00
    outer loop
      vertex   2.243732e+01 9.944370e+01 4.175800e+02
      vertex   2.172301e+01 9.949045e+01 4.175800e+02
      vertex   2.178901e+01 9.991100e+01 4.175800e+02
    endloop
  endfacet
  facet normal 0.000000e+00 0.000000e+00 -1.000000e+00
    outer loop
      vertex   2.243732e+01 9.944370e+01 4.175800e+02
      vertex   2.178901e+01 9.991100e+01 4.175800e+02
      vertex   2.250000e+01 1.000000e+02 4.175800e+02
    endloop
  endfacet
  facet normal -0.000000e+00 0.000000e+00 -1.000000e+00
    outer loop
      vertex   2.250000e+01 1.000000e+02 4.175800e+02
      vertex   2.178901e+01 9.991100e+01 4.175800e+02
      vertex   2.175151e+01 1.003350e+02 4.175800e+02
    endloop
  endfacet
  facet normal 0.000000e+00 0.000000e+00 -1.000000e+00
    outer loop
      vertex   2.250000e+01 1.000000e+02 4.175800e+02
      vertex   2.175151e+01 1.003350e+02 4.175800e+02
      vertex   2.243732e+01 1.005563e+02 4.175800e+02
    endloop
  endfacet
  facet normal -0.000000e+00 0.000000e+00 -1.000000e+00
    outer loop
      vertex   2.243732e+01 1.005563e+02 4.175800e+02
      vertex   2.175151e+01 1.003350e+02 4.175800e+02
      vertex   2.161273e+01 1.007375e+02 4.175800e+02
    endloop
  endfacet
  facet normal 0.000000e+00 0.000000e+00 -1.000000e+00
    outer loop
      vertex   2.243732e+01 1.005563e+02 4.175800e+02
      vertex   2.161273e+01 1.007375e+02 4.175800e+02
      vertex   2.225242e+01 1.010847e+02 4.175800e+02
    endloop
  endfacet
  facet normal -0.000000e+00 0.000000e+00 -1.000000e+00
    outer loop
      vertex   2.225242e+01 1.010847e+02 4.175800e+02
      vertex   2.161273e+01 1.007375e+02 4.175800e+02
      vertex   2.138090e+01 1.010945e+02 4.175800e+02
    endloop
  endfacet
  facet normal 0.000000e+00 0.000000e+00 -1.000000e+00
    outer loop
      vertex   -1.877115e+01 1.012657e+02 4.175800e+02
      vertex   -1.804542e+01 1.015587e+02 4.175800e+02
      vertex   -1.851456e+01 1.009252e+02 4.175800e+02
    endloop
  endfacet
  facet normal 0.000000e+00 0.000000e+00 -1.000000e+00
    outer loop
      vertex   -1.851456e+01 1.009252e+02 4.175800e+02
      vertex   -1.804542e+01 1.015587e+02 4.175800e+02
      vertex   -1.774758e+01 1.010847e+02 4.175800e+02
    endloop
  endfacet
  facet normal 0.000000e+00 0.000000e+00 -1.000000e+00
    outer loop
      vertex   -1.851456e+01 1.009252e+02 4.175800e+02
      vertex   -1.774758e+01 1.010847e+02 4.175800e+02
      vertex   -1.833493e+01 1.005385e+02 4.175800e+02
    endloop
  endfacet
  facet normal 0.000000e+00 0.000000e+00 -1.000000e+00
    outer loop
      vertex   -1.833493e+01 1.005385e+02 4.175800e+02
      vertex   -1.774758e+01 1.010847e+02 4.175800e+02
      vertex   -1.756268e+01 1.005563e+02 4.175800e+02
    endloop
  endfacet
  facet normal 0.000000e+00 0.000000e+00 -1.000000e+00
    outer loop
      vertex   -1.833493e+01 1.005385e+02 4.175800e+02
      vertex   -1.756268e+01 1.005563e+02 4.175800e+02
      vertex   -1.825411e+01 1.001199e+02 4.175800e+02
    endloop
  endfacet
  facet normal 0.000000e+00 0.000000e+00 -1.000000e+00
    outer loop
      vertex   -1.825411e+01 1.001199e+02 4.175800e+02
      vertex   -1.756268e+01 1.005563e+02 4.175800e+02
      vertex   -1.750000e+01 1.000000e+02 4.175800e+02
    endloop
  endfacet
  facet normal 0.000000e+00 -0.000000e+00 -1.000000e+00
    outer loop
      vertex   -1.825411e+01 1.001199e+02 4.175800e+02
      vertex   -1.750000e+01 1.000000e+02 4.175800e+02
      vertex   -1.827692e+01 9.969422e+01 4.175800e+02
    endloop
  endfacet
  facet normal 0.000000e+00 0.000000e+00 -1.000000e+00
    outer loop
      vertex   -1.827692e+01 9.969422e+01 4.175800e+02
      vertex   -1.750000e+01 1.000000e+02 4.175800e+02
      vertex   -1.756268e+01 9.944370e+01 4.175800e+02
    endloop
  endfacet
  facet normal 0.000000e+00 -0.000000e+00 -1.000000e+00
    outer loop
      vertex   -1.827692e+01 9.969422e+01 4.175800e+02
      vertex   -1.756268e+01 9.944370e+01 4.175800e+02
      vertex   -1.840199e+01 9.928665e+01 4.175800e+02
    endloop
  endfacet
  facet normal 0.000000e+00 0.000000e+00 -1.000000e+00
    outer loop
      vertex   -1.840199e+01 9.928665e+01 4.175800e+02
      vertex   -1.756268e+01 9.944370e+01 4.175800e+02
      vertex   -1.774758e+01 9.891529e+01 4.175800e+02
    endloop
  endfacet
  facet normal 0.000000e+00 -0.000000e+00 -1.000000e+00
    outer loop
      vertex   -1.840199e+01 9.928665e+01 4.175800e+02
      vertex   -1.774758e+01 9.891529e+01 4.175800e+02
      vertex   -1.862190e+01 9.892141e+01 4.175800e+02
    endloop
  endfacet
  facet normal 0.000000e+00 0.000000e+00 -1.000000e+00
    outer loop
      vertex   -1.862190e+01 9.892141e+01 4.175800e+02
      vertex   -1.774758e+01 9.891529e+01 4.175800e+02
      vertex   -1.804542e+01 9.844127e+01 4.175800e+02
    endloop
  endfacet
  facet normal 0.000000e+00 0.000000e+00 -1.000000e+00
    outer loop
      vertex   -1.862190e+01 9.892141e+01 4.175800e+02
      vertex   -1.804542e+01 9.844127e+01 4.175800e+02
      vertex   -1.844128e+01 9.804542e+01 4.175800e+02
    endloop
  endfacet
  facet normal -0.000000e+00 0.000000e+00 -1.000000e+00
    outer loop
      vertex   -1.804542e+01 1.015587e+02 4.175800e+02
      vertex   -1.877115e+01 1.012657e+02 4.175800e+02
      vertex   -1.844128e+01 1.019546e+02 4.175800e+02
    endloop
  endfacet
  facet normal 0.000000e+00 0.000000e+00 -1.000000e+00
    outer loop
      vertex   -1.844128e+01 1.019546e+02 4.175800e+02
      vertex   -1.877115e+01 1.012657e+02 4.175800e+02
      vertex   -1.910245e+01 1.015340e+02 4.175800e+02
    endloop
  endfacet
  facet normal -0.000000e+00 0.000000e+00 -1.000000e+00
    outer loop
      vertex   -1.844128e+01 1.019546e+02 4.175800e+02
      vertex   -1.910245e+01 1.015340e+02 4.175800e+02
      vertex   -1.891529e+01 1.022524e+02 4.175800e+02
    endloop
  endfacet
  facet normal 0.000000e+00 0.000000e+00 -1.000000e+00
    outer loop
      vertex   -1.891529e+01 1.022524e+02 4.175800e+02
      vertex   -1.910245e+01 1.015340e+02 4.175800e+02
      vertex   -1.948881e+01 1.017142e+02 4.175800e+02
    endloop
  endfacet
  facet normal -0.000000e+00 0.000000e+00 -1.000000e+00
    outer loop
      vertex   -1.891529e+01 1.022524e+02 4.175800e+02
      vertex   -1.948881e+01 1.017142e+02 4.175800e+02
      vertex   -1.944370e+01 1.024373e+02 4.175800e+02
    endloop
  endfacet
  facet normal 0.000000e+00 0.000000e+00 -1.000000e+00
    outer loop
      vertex   -1.944370e+01 1.024373e+02 4.175800e+02
      vertex   -1.948881e+01 1.017142e+02 4.175800e+02
      vertex   -1.990728e+01 1.017957e+02 4.175800e+02
    endloop
  endfacet
  facet normal -0.000000e+00 0.000000e+00 -1.000000e+00
    outer loop
      vertex   -1.944370e+01 1.024373e+02 4.175800e+02
      vertex   -1.990728e+01 1.017957e+02 4.175800e+02
      vertex   -2.000000e+01 1.025000e+02 4.175800e+02
    endloop
  endfacet
  facet normal 0.000000e+00 -0.000000e+00 -1.000000e+00
    outer loop
      vertex   -2.000000e+01 1.025000e+02 4.175800e+02
      vertex   -1.990728e+01 1.017957e+02 4.175800e+02
      vertex   -2.033304e+01 1.017736e+02 4.175800e+02
    endloop
  endfacet
  facet normal 0.000000e+00 0.000000e+00 -1.000000e+00
    outer loop
      vertex   -2.000000e+01 1.025000e+02 4.175800e+02
      vertex   -2.033304e+01 1.017736e+02 4.175800e+02
      vertex   -2.055630e+01 1.024373e+02 4.175800e+02
    endloop
  endfacet
  facet normal 0.000000e+00 -0.000000e+00 -1.000000e+00
    outer loop
      vertex   -2.055630e+01 1.024373e+02 4.175800e+02
      vertex   -2.033304e+01 1.017736e+02 4.175800e+02
      vertex   -2.074081e+01 1.016491e+02 4.175800e+02
    endloop
  endfacet
  facet normal 0.000000e+00 0.000000e+00 -1.000000e+00
    outer loop
      vertex   -2.055630e+01 1.024373e+02 4.175800e+02
      vertex   -2.074081e+01 1.016491e+02 4.175800e+02
      vertex   -2.108471e+01 1.022524e+02 4.175800e+02
    endloop
  endfacet
  facet normal 0.000000e+00 -0.000000e+00 -1.000000e+00
    outer loop
      vertex   -2.108471e+01 1.022524e+02 4.175800e+02
      vertex   -2.074081e+01 1.016491e+02 4.175800e+02
      vertex   -2.110640e+01 1.014298e+02 4.175800e+02
    endloop
  endfacet
  facet normal 0.000000e+00 0.000000e+00 -1.000000e+00
    outer loop
      vertex   -2.108471e+01 1.022524e+02 4.175800e+02
      vertex   -2.110640e+01 1.014298e+02 4.175800e+02
      vertex   -2.155872e+01 1.019546e+02 4.175800e+02
    endloop
  endfacet
  facet normal 0.000000e+00 0.000000e+00 -1.000000e+00
    outer loop
      vertex   -2.155872e+01 1.019546e+02 4.175800e+02
      vertex   -2.110640e+01 1.014298e+02 4.175800e+02
      vertex   -2.140810e+01 1.011286e+02 4.175800e+02
    endloop
  endfacet
  facet normal 0.000000e+00 -0.000000e+00 -1.000000e+00
    outer loop
      vertex   -2.155872e+01 1.019546e+02 4.175800e+02
      vertex   -2.140810e+01 1.011286e+02 4.175800e+02
      vertex   -2.195458e+01 1.015587e+02 4.175800e+02
    endloop
  endfacet
  facet normal 0.000000e+00 -0.000000e+00 -1.000000e+00
    outer loop
      vertex   -2.195458e+01 1.015587e+02 4.175800e+02
      vertex   -2.140810e+01 1.011286e+02 4.175800e+02
      vertex   -2.225242e+01 1.010847e+02 4.175800e+02
    endloop
  endfacet
  facet normal 0.000000e+00 0.000000e+00 -1.000000e+00
    outer loop
      vertex   -2.225242e+01 1.010847e+02 4.175800e+02
      vertex   -2.140810e+01 1.011286e+02 4.175800e+02
      vertex   -2.162801e+01 1.007634e+02 4.175800e+02
    endloop
  endfacet
  facet normal 0.000000e+00 -0.000000e+00 -1.000000e+00
    outer loop
      vertex   -2.225242e+01 1.010847e+02 4.175800e+02
      vertex   -2.162801e+01 1.007634e+02 4.175800e+02
      vertex   -2.243732e+01 1.005563e+02 4.175800e+02
    endloop
  endfacet
  facet normal 0.000000e+00 0.000000e+00 -1.000000e+00
    outer loop
      vertex   -2.243732e+01 1.005563e+02 4.175800e+02
      vertex   -2.162801e+01 1.007634e+02 4.175800e+02
      vertex   -2.175308e+01 1.003558e+02 4.175800e+02
    endloop
  endfacet
  facet normal 0.000000e+00 -0.000000e+00 -1.000000e+00
    outer loop
      vertex   -2.243732e+01 1.005563e+02 4.175800e+02
      vertex   -2.175308e+01 1.003558e+02 4.175800e+02
      vertex   -2.250000e+01 1.000000e+02 4.175800e+02
    endloop
  endfacet
  facet normal 0.000000e+00 0.000000e+00 -1.000000e+00
    outer loop
      vertex   -2.250000e+01 1.000000e+02 4.175800e+02
      vertex   -2.175308e+01 1.003558e+02 4.175800e+02
      vertex   -2.177589e+01 9.993006e+01 4.175800e+02
    endloop
  endfacet
  facet normal 0.000000e+00 0.000000e+00 -1.000000e+00
    outer loop
      vertex   -2.250000e+01 1.000000e+02 4.175800e+02
      vertex   -2.177589e+01 9.993006e+01 4.175800e+02
      vertex   -2.243732e+01 9.944370e+01 4.175800e+02
    endloop
  endfacet
  facet normal 0.000000e+00 0.000000e+00 -1.000000e+00
    outer loop
      vertex   -2.243732e+01 9.944370e+01 4.175800e+02
      vertex   -2.177589e+01 9.993006e+01 4.175800e+02
      vertex   -2.169507e+01 9.951146e+01 4.175800e+02
    endloop
  endfacet
  facet normal 0.000000e+00 0.000000e+00 -1.000000e+00
    outer loop
      vertex   -2.243732e+01 9.944370e+01 4.175800e+02
      vertex   -2.169507e+01 9.951146e+01 4.175800e+02
      vertex   -2.225242e+01 9.891529e+01 4.175800e+02
    endloop
  endfacet
  facet normal 0.000000e+00 0.000000e+00 -1.000000e+00
    outer loop
      vertex   -2.225242e+01 9.891529e+01 4.175800e+02
      vertex   -2.169507e+01 9.951146e+01 4.175800e+02
      vertex   -2.151544e+01 9.912482e+01 4.175800e+02
    endloop
  endfacet
  facet normal 0.000000e+00 0.000000e+00 -1.000000e+00
    outer loop
      vertex   -2.225242e+01 9.891529e+01 4.175800e+02
      vertex   -2.151544e+01 9.912482e+01 4.175800e+02
      vertex   -2.195458e+01 9.844127e+01 4.175800e+02
    endloop
  endfacet
  facet normal 0.000000e+00 0.000000e+00 -1.000000e+00
    outer loop
      vertex   -2.195458e+01 9.844127e+01 4.175800e+02
      vertex   -2.151544e+01 9.912482e+01 4.175800e+02
      vertex   -2.125885e+01 9.878435e+01 4.175800e+02
    endloop
  endfacet
  facet normal 0.000000e+00 0.000000e+00 -1.000000e+00
    outer loop
      vertex   -2.195458e+01 9.844127e+01 4.175800e+02
      vertex   -2.125885e+01 9.878435e+01 4.175800e+02
      vertex   -2.155872e+01 9.804542e+01 4.175800e+02
    endloop
  endfacet
  facet normal 0.000000e+00 0.000000e+00 -1.000000e+00
    outer loop
      vertex   -2.155872e+01 9.804542e+01 4.175800e+02
      vertex   -2.125885e+01 9.878435e+01 4.175800e+02
      vertex   -2.092755e+01 9.851603e+01 4.175800e+02
    endloop
  endfacet
  facet normal 0.000000e+00 0.000000e+00 -1.000000e+00
    outer loop
      vertex   -2.155872e+01 9.804542e+01 4.175800e+02
      vertex   -2.092755e+01 9.851603e+01 4.175800e+02
      vertex   -2.108471e+01 9.774758e+01 4.175800e+02
    endloop
  endfacet
  facet normal 0.000000e+00 0.000000e+00 -1.000000e+00
    outer loop
      vertex   -2.108471e+01 9.774758e+01 4.175800e+02
      vertex   -2.092755e+01 9.851603e+01 4.175800e+02
      vertex   -2.054119e+01 9.833578e+01 4.175800e+02
    endloop
  endfacet
  facet normal 0.000000e+00 0.000000e+00 -1.000000e+00
    outer loop
      vertex   -2.108471e+01 9.774758e+01 4.175800e+02
      vertex   -2.054119e+01 9.833578e+01 4.175800e+02
      vertex   -2.055630e+01 9.756268e+01 4.175800e+02
    endloop
  endfacet
  facet normal 0.000000e+00 0.000000e+00 -1.000000e+00
    outer loop
      vertex   -2.055630e+01 9.756268e+01 4.175800e+02
      vertex   -2.054119e+01 9.833578e+01 4.175800e+02
      vertex   -2.012272e+01 9.825431e+01 4.175800e+02
    endloop
  endfacet
  facet normal 0.000000e+00 0.000000e+00 -1.000000e+00
    outer loop
      vertex   -2.055630e+01 9.756268e+01 4.175800e+02
      vertex   -2.012272e+01 9.825431e+01 4.175800e+02
      vertex   -2.000000e+01 9.750000e+01 4.175800e+02
    endloop
  endfacet
  facet normal 0.000000e+00 0.000000e+00 -1.000000e+00
    outer loop
      vertex   -2.000000e+01 9.750000e+01 4.175800e+02
      vertex   -2.012272e+01 9.825431e+01 4.175800e+02
      vertex   -1.969696e+01 9.827644e+01 4.175800e+02
    endloop
  endfacet
  facet normal 0.000000e+00 0.000000e+00 -1.000000e+00
    outer loop
      vertex   -2.000000e+01 9.750000e+01 4.175800e+02
      vertex   -1.969696e+01 9.827644e+01 4.175800e+02
      vertex   -1.944370e+01 9.756268e+01 4.175800e+02
    endloop
  endfacet
  facet normal 0.000000e+00 0.000000e+00 -1.000000e+00
    outer loop
      vertex   -1.944370e+01 9.756268e+01 4.175800e+02
      vertex   -1.969696e+01 9.827644e+01 4.175800e+02
      vertex   -1.928919e+01 9.840086e+01 4.175800e+02
    endloop
  endfacet
  facet normal 0.000000e+00 0.000000e+00 -1.000000e+00
    outer loop
      vertex   -1.944370e+01 9.756268e+01 4.175800e+02
      vertex   -1.928919e+01 9.840086e+01 4.175800e+02
      vertex   -1.891529e+01 9.774758e+01 4.175800e+02
    endloop
  endfacet
  facet normal 0.000000e+00 0.000000e+00 -1.000000e+00
    outer loop
      vertex   -1.891529e+01 9.774758e+01 4.175800e+02
      vertex   -1.928919e+01 9.840086e+01 4.175800e+02
      vertex   -1.892361e+01 9.862019e+01 4.175800e+02
    endloop
  endfacet
  facet normal 0.000000e+00 0.000000e+00 -1.000000e+00
    outer loop
      vertex   -1.891529e+01 9.774758e+01 4.175800e+02
      vertex   -1.892361e+01 9.862019e+01 4.175800e+02
      vertex   -1.844128e+01 9.804542e+01 4.175800e+02
    endloop
  endfacet
  facet normal 0.000000e+00 0.000000e+00 -1.000000e+00
    outer loop
      vertex   -1.844128e+01 9.804542e+01 4.175800e+02
      vertex   -1.892361e+01 9.862019e+01 4.175800e+02
      vertex   -1.862190e+01 9.892141e+01 4.175800e+02
    endloop
  endfacet
  facet normal -0.000000e+00 0.000000e+00 -1.000000e+00
    outer loop
      vertex   1.330963e+01 2.554707e+01 4.175800e+02
      vertex   1.256268e+01 2.544370e+01 4.175800e+02
      vertex   1.325000e+01 2.600000e+01 4.175800e+02
    endloop
  endfacet
  facet normal -0.000000e+00 0.000000e+00 -1.000000e+00
    outer loop
      vertex   1.325000e+01 2.600000e+01 4.175800e+02
      vertex   1.256268e+01 2.544370e+01 4.175800e+02
      vertex   1.250000e+01 2.600000e+01 4.175800e+02
    endloop
  endfacet
  facet normal 0.000000e+00 0.000000e+00 -1.000000e+00
    outer loop
      vertex   1.325000e+01 2.600000e+01 4.175800e+02
      vertex   1.250000e+01 2.600000e+01 4.175800e+02
      vertex   1.256268e+01 2.655630e+01 4.175800e+02
    endloop
  endfacet
  facet normal 0.000000e+00 0.000000e+00 -1.000000e+00
    outer loop
      vertex   1.256268e+01 2.544370e+01 4.175800e+02
      vertex   1.330963e+01 2.554707e+01 4.175800e+02
      vertex   1.274758e+01 2.491529e+01 4.175800e+02
    endloop
  endfacet
  facet normal 0.000000e+00 0.000000e+00 -1.000000e+00
    outer loop
      vertex   1.274758e+01 2.491529e+01 4.175800e+02
      vertex   1.330963e+01 2.554707e+01 4.175800e+02
      vertex   1.348446e+01 2.512500e+01 4.175800e+02
    endloop
  endfacet
  facet normal 0.000000e+00 0.000000e+00 -1.000000e+00
    outer loop
      vertex   1.274758e+01 2.491529e+01 4.175800e+02
      vertex   1.348446e+01 2.512500e+01 4.175800e+02
      vertex   1.304542e+01 2.444128e+01 4.175800e+02
    endloop
  endfacet
  facet normal 0.000000e+00 0.000000e+00 -1.000000e+00
    outer loop
      vertex   1.304542e+01 2.444128e+01 4.175800e+02
      vertex   1.348446e+01 2.512500e+01 4.175800e+02
      vertex   1.376256e+01 2.476256e+01 4.175800e+02
    endloop
  endfacet
  facet normal 0.000000e+00 0.000000e+00 -1.000000e+00
    outer loop
      vertex   1.304542e+01 2.444128e+01 4.175800e+02
      vertex   1.376256e+01 2.476256e+01 4.175800e+02
      vertex   1.344128e+01 2.404542e+01 4.175800e+02
    endloop
  endfacet
  facet normal 0.000000e+00 0.000000e+00 -1.000000e+00
    outer loop
      vertex   1.344128e+01 2.404542e+01 4.175800e+02
      vertex   1.376256e+01 2.476256e+01 4.175800e+02
      vertex   1.412500e+01 2.448446e+01 4.175800e+02
    endloop
  endfacet
  facet normal 0.000000e+00 0.000000e+00 -1.000000e+00
    outer loop
      vertex   1.344128e+01 2.404542e+01 4.175800e+02
      vertex   1.412500e+01 2.448446e+01 4.175800e+02
      vertex   1.391529e+01 2.374758e+01 4.175800e+02
    endloop
  endfacet
  facet normal 0.000000e+00 0.000000e+00 -1.000000e+00
    outer loop
      vertex   1.391529e+01 2.374758e+01 4.175800e+02
      vertex   1.412500e+01 2.448446e+01 4.175800e+02
      vertex   1.454707e+01 2.430963e+01 4.175800e+02
    endloop
  endfacet
  facet normal 0.000000e+00 0.000000e+00 -1.000000e+00
    outer loop
      vertex   1.391529e+01 2.374758e+01 4.175800e+02
      vertex   1.454707e+01 2.430963e+01 4.175800e+02
      vertex   1.444370e+01 2.356268e+01 4.175800e+02
    endloop
  endfacet
  facet normal 0.000000e+00 0.000000e+00 -1.000000e+00
    outer loop
      vertex   1.444370e+01 2.356268e+01 4.175800e+02
      vertex   1.454707e+01 2.430963e+01 4.175800e+02
      vertex   1.500000e+01 2.425000e+01 4.175800e+02
    endloop
  endfacet
  facet normal 0.000000e+00 0.000000e+00 -1.000000e+00
    outer loop
      vertex   1.444370e+01 2.356268e+01 4.175800e+02
      vertex   1.500000e+01 2.425000e+01 4.175800e+02
      vertex   1.500000e+01 2.350000e+01 4.175800e+02
    endloop
  endfacet
  facet normal 0.000000e+00 0.000000e+00 -1.000000e+00
    outer loop
      vertex   1.500000e+01 2.350000e+01 4.175800e+02
      vertex   1.500000e+01 2.425000e+01 4.175800e+02
      vertex   1.555630e+01 2.356268e+01 4.175800e+02
    endloop
  endfacet
  facet normal 0.000000e+00 0.000000e+00 -1.000000e+00
    outer loop
      vertex   1.555630e+01 2.356268e+01 4.175800e+02
      vertex   1.500000e+01 2.425000e+01 4.175800e+02
      vertex   1.545293e+01 2.430963e+01 4.175800e+02
    endloop
  endfacet
  facet normal 0.000000e+00 0.000000e+00 -1.000000e+00
    outer loop
      vertex   1.555630e+01 2.356268e+01 4.175800e+02
      vertex   1.545293e+01 2.430963e+01 4.175800e+02
      vertex   1.608471e+01 2.374758e+01 4.175800e+02
    endloop
  endfacet
  facet normal 0.000000e+00 0.000000e+00 -1.000000e+00
    outer loop
      vertex   1.608471e+01 2.374758e+01 4.175800e+02
      vertex   1.545293e+01 2.430963e+01 4.175800e+02
      vertex   1.587500e+01 2.448446e+01 4.175800e+02
    endloop
  endfacet
  facet normal 0.000000e+00 0.000000e+00 -1.000000e+00
    outer loop
      vertex   1.608471e+01 2.374758e+01 4.175800e+02
      vertex   1.587500e+01 2.448446e+01 4.175800e+02
      vertex   1.655872e+01 2.404542e+01 4.175800e+02
    endloop
  endfacet
  facet normal 0.000000e+00 0.000000e+00 -1.000000e+00
    outer loop
      vertex   1.655872e+01 2.404542e+01 4.175800e+02
      vertex   1.587500e+01 2.448446e+01 4.175800e+02
      vertex   1.623744e+01 2.476256e+01 4.175800e+02
    endloop
  endfacet
  facet normal 0.000000e+00 0.000000e+00 -1.000000e+00
    outer loop
      vertex   1.655872e+01 2.404542e+01 4.175800e+02
      vertex   1.623744e+01 2.476256e+01 4.175800e+02
      vertex   1.695458e+01 2.444128e+01 4.175800e+02
    endloop
  endfacet
  facet normal 0.000000e+00 0.000000e+00 -1.000000e+00
    outer loop
      vertex   1.695458e+01 2.444128e+01 4.175800e+02
      vertex   1.623744e+01 2.476256e+01 4.175800e+02
      vertex   1.651554e+01 2.512500e+01 4.175800e+02
    endloop
  endfacet
  facet normal 0.000000e+00 0.000000e+00 -1.000000e+00
    outer loop
      vertex   1.695458e+01 2.444128e+01 4.175800e+02
      vertex   1.651554e+01 2.512500e+01 4.175800e+02
      vertex   1.725242e+01 2.491529e+01 4.175800e+02
    endloop
  endfacet
  facet normal 0.000000e+00 0.000000e+00 -1.000000e+00
    outer loop
      vertex   1.725242e+01 2.491529e+01 4.175800e+02
      vertex   1.651554e+01 2.512500e+01 4.175800e+02
      vertex   1.669037e+01 2.554707e+01 4.175800e+02
    endloop
  endfacet
  facet normal 0.000000e+00 0.000000e+00 -1.000000e+00
    outer loop
      vertex   1.725242e+01 2.491529e+01 4.175800e+02
      vertex   1.669037e+01 2.554707e+01 4.175800e+02
      vertex   1.743732e+01 2.544370e+01 4.175800e+02
    endloop
  endfacet
  facet normal 0.000000e+00 0.000000e+00 -1.000000e+00
    outer loop
      vertex   1.743732e+01 2.544370e+01 4.175800e+02
      vertex   1.669037e+01 2.554707e+01 4.175800e+02
      vertex   1.675000e+01 2.600000e+01 4.175800e+02
    endloop
  endfacet
  facet normal 0.000000e+00 0.000000e+00 -1.000000e+00
    outer loop
      vertex   1.743732e+01 2.544370e+01 4.175800e+02
      vertex   1.675000e+01 2.600000e+01 4.175800e+02
      vertex   1.750000e+01 2.600000e+01 4.175800e+02
    endloop
  endfacet
  facet normal 0.000000e+00 0.000000e+00 -1.000000e+00
    outer loop
      vertex   1.750000e+01 2.600000e+01 4.175800e+02
      vertex   1.675000e+01 2.600000e+01 4.175800e+02
      vertex   1.743732e+01 2.655630e+01 4.175800e+02
    endloop
  endfacet
  facet normal 0.000000e+00 0.000000e+00 -1.000000e+00
    outer loop
      vertex   1.743732e+01 2.655630e+01 4.175800e+02
      vertex   1.675000e+01 2.600000e+01 4.175800e+02
      vertex   1.669037e+01 2.645293e+01 4.175800e+02
    endloop
  endfacet
  facet normal -0.000000e+00 0.000000e+00 -1.000000e+00
    outer loop
      vertex   1.743732e+01 2.655630e+01 4.175800e+02
      vertex   1.669037e+01 2.645293e+01 4.175800e+02
      vertex   1.725242e+01 2.708471e+01 4.175800e+02
    endloop
  endfacet
  facet normal 0.000000e+00 0.000000e+00 -1.000000e+00
    outer loop
      vertex   1.725242e+01 2.708471e+01 4.175800e+02
      vertex   1.669037e+01 2.645293e+01 4.175800e+02
      vertex   1.651554e+01 2.687500e+01 4.175800e+02
    endloop
  endfacet
  facet normal -0.000000e+00 0.000000e+00 -1.000000e+00
    outer loop
      vertex   1.725242e+01 2.708471e+01 4.175800e+02
      vertex   1.651554e+01 2.687500e+01 4.175800e+02
      vertex   1.695458e+01 2.755872e+01 4.175800e+02
    endloop
  endfacet
  facet normal 0.000000e+00 0.000000e+00 -1.000000e+00
    outer loop
      vertex   1.695458e+01 2.755872e+01 4.175800e+02
      vertex   1.651554e+01 2.687500e+01 4.175800e+02
      vertex   1.623744e+01 2.723744e+01 4.175800e+02
    endloop
  endfacet
  facet normal -0.000000e+00 0.000000e+00 -1.000000e+00
    outer loop
      vertex   1.695458e+01 2.755872e+01 4.175800e+02
      vertex   1.623744e+01 2.723744e+01 4.175800e+02
      vertex   1.655872e+01 2.795458e+01 4.175800e+02
    endloop
  endfacet
  facet normal 0.000000e+00 0.000000e+00 -1.000000e+00
    outer loop
      vertex   1.655872e+01 2.795458e+01 4.175800e+02
      vertex   1.623744e+01 2.723744e+01 4.175800e+02
      vertex   1.587500e+01 2.751554e+01 4.175800e+02
    endloop
  endfacet
  facet normal -0.000000e+00 0.000000e+00 -1.000000e+00
    outer loop
      vertex   1.655872e+01 2.795458e+01 4.175800e+02
      vertex   1.587500e+01 2.751554e+01 4.175800e+02
      vertex   1.608471e+01 2.825242e+01 4.175800e+02
    endloop
  endfacet
  facet normal 0.000000e+00 0.000000e+00 -1.000000e+00
    outer loop
      vertex   1.608471e+01 2.825242e+01 4.175800e+02
      vertex   1.587500e+01 2.751554e+01 4.175800e+02
      vertex   1.545293e+01 2.769037e+01 4.175800e+02
    endloop
  endfacet
  facet normal -0.000000e+00 0.000000e+00 -1.000000e+00
    outer loop
      vertex   1.608471e+01 2.825242e+01 4.175800e+02
      vertex   1.545293e+01 2.769037e+01 4.175800e+02
      vertex   1.555630e+01 2.843732e+01 4.175800e+02
    endloop
  endfacet
  facet normal 0.000000e+00 0.000000e+00 -1.000000e+00
    outer loop
      vertex   1.555630e+01 2.843732e+01 4.175800e+02
      vertex   1.545293e+01 2.769037e+01 4.175800e+02
      vertex   1.500000e+01 2.775000e+01 4.175800e+02
    endloop
  endfacet
  facet normal -0.000000e+00 0.000000e+00 -1.000000e+00
    outer loop
      vertex   1.555630e+01 2.843732e+01 4.175800e+02
      vertex   1.500000e+01 2.775000e+01 4.175800e+02
      vertex   1.500000e+01 2.850000e+01 4.175800e+02
    endloop
  endfacet
  facet normal 0.000000e+00 -0.000000e+00 -1.000000e+00
    outer loop
      vertex   1.500000e+01 2.850000e+01 4.175800e+02
      vertex   1.500000e+01 2.775000e+01 4.175800e+02
      vertex   1.444370e+01 2.843732e+01 4.175800e+02
    endloop
  endfacet
  facet normal 0.000000e+00 0.000000e+00 -1.000000e+00
    outer loop
      vertex   1.444370e+01 2.843732e+01 4.175800e+02
      vertex   1.500000e+01 2.775000e+01 4.175800e+02
      vertex   1.454707e+01 2.769037e+01 4.175800e+02
    endloop
  endfacet
  facet normal 0.000000e+00 -0.000000e+00 -1.000000e+00
    outer loop
      vertex   1.444370e+01 2.843732e+01 4.175800e+02
      vertex   1.454707e+01 2.769037e+01 4.175800e+02
      vertex   1.391529e+01 2.825242e+01 4.175800e+02
    endloop
  endfacet
  facet normal 0.000000e+00 0.000000e+00 -1.000000e+00
    outer loop
      vertex   1.391529e+01 2.825242e+01 4.175800e+02
      vertex   1.454707e+01 2.769037e+01 4.175800e+02
      vertex   1.412500e+01 2.751554e+01 4.175800e+02
    endloop
  endfacet
  facet normal 0.000000e+00 -0.000000e+00 -1.000000e+00
    outer loop
      vertex   1.391529e+01 2.825242e+01 4.175800e+02
      vertex   1.412500e+01 2.751554e+01 4.175800e+02
      vertex   1.344128e+01 2.795458e+01 4.175800e+02
    endloop
  endfacet
  facet normal 0.000000e+00 0.000000e+00 -1.000000e+00
    outer loop
      vertex   1.344128e+01 2.795458e+01 4.175800e+02
      vertex   1.412500e+01 2.751554e+01 4.175800e+02
      vertex   1.376256e+01 2.723744e+01 4.175800e+02
    endloop
  endfacet
  facet normal 0.000000e+00 -0.000000e+00 -1.000000e+00
    outer loop
      vertex   1.344128e+01 2.795458e+01 4.175800e+02
      vertex   1.376256e+01 2.723744e+01 4.175800e+02
      vertex   1.304542e+01 2.755872e+01 4.175800e+02
    endloop
  endfacet
  facet normal 0.000000e+00 0.000000e+00 -1.000000e+00
    outer loop
      vertex   1.304542e+01 2.755872e+01 4.175800e+02
      vertex   1.376256e+01 2.723744e+01 4.175800e+02
      vertex   1.348446e+01 2.687500e+01 4.175800e+02
    endloop
  endfacet
  facet normal 0.000000e+00 -0.000000e+00 -1.000000e+00
    outer loop
      vertex   1.304542e+01 2.755872e+01 4.175800e+02
      vertex   1.348446e+01 2.687500e+01 4.175800e+02
      vertex   1.274758e+01 2.708471e+01 4.175800e+02
    endloop
  endfacet
  facet normal 0.000000e+00 0.000000e+00 -1.000000e+00
    outer loop
      vertex   1.274758e+01 2.708471e+01 4.175800e+02
      vertex   1.348446e+01 2.687500e+01 4.175800e+02
      vertex   1.330963e+01 2.645293e+01 4.175800e+02
    endloop
  endfacet
  facet normal 0.000000e+00 -0.000000e+00 -1.000000e+00
    outer loop
      vertex   1.274758e+01 2.708471e+01 4.175800e+02
      vertex   1.330963e+01 2.645293e+01 4.175800e+02
      vertex   1.256268e+01 2.655630e+01 4.175800e+02
    endloop
  endfacet
  facet normal 0.000000e+00 0.000000e+00 -1.000000e+00
    outer loop
      vertex   1.256268e+01 2.655630e+01 4.175800e+02
      vertex   1.330963e+01 2.645293e+01 4.175800e+02
      vertex   1.325000e+01 2.600000e+01 4.175800e+02
    endloop
  endfacet
  facet normal 6.823823e-01 7.309955e-01 0.000000e+00
    outer loop
      vertex   1.897029e+01 9.858501e+01 4.250000e+02
      vertex   1.897029e+01 9.858501e+01 4.175800e+02
      vertex   1.865911e+01 9.887550e+01 4.250000e+02
    endloop
  endfacet
  facet normal 6.823823e-01 7.309955e-01 0.000000e+00
    outer loop
      vertex   1.865911e+01 9.887550e+01 4.250000e+02
      vertex   1.897029e+01 9.858501e+01 4.175800e+02
      vertex   1.865911e+01 9.887550e+01 4.175800e+02
    endloop
  endfacet
  facet normal 8.386911e-01 5.446075e-01 0.000000e+00
    outer loop
      vertex   1.865911e+01 9.887550e+01 4.250000e+02
      vertex   1.865911e+01 9.887550e+01 4.175800e+02
      vertex   1.842727e+01 9.923252e+01 4.250000e+02
    endloop
  endfacet
  facet normal 8.386911e-01 5.446075e-01 0.000000e+00
    outer loop
      vertex   1.842727e+01 9.923252e+01 4.250000e+02
      vertex   1.865911e+01 9.887550e+01 4.175800e+02
      vertex   1.842727e+01 9.923252e+01 4.175800e+02
    endloop
  endfacet
  facet normal 9.453721e-01 3.259933e-01 0.000000e+00
    outer loop
      vertex   1.842727e+01 9.923252e+01 4.250000e+02
      vertex   1.842727e+01 9.923252e+01 4.175800e+02
      vertex   1.828849e+01 9.963497e+01 4.250000e+02
    endloop
  endfacet
  facet normal 9.453721e-01 3.259933e-01 0.000000e+00
    outer loop
      vertex   1.828849e+01 9.963497e+01 4.250000e+02
      vertex   1.842727e+01 9.923252e+01 4.175800e+02
      vertex   1.828849e+01 9.963497e+01 4.175800e+02
    endloop
  endfacet
  facet normal 9.961126e-01 8.808924e-02 0.000000e+00
    outer loop
      vertex   1.828849e+01 9.963497e+01 4.250000e+02
      vertex   1.828849e+01 9.963497e+01 4.175800e+02
      vertex   1.825099e+01 1.000590e+02 4.250000e+02
    endloop
  endfacet
  facet normal 9.961126e-01 8.808924e-02 0.000000e+00
    outer loop
      vertex   1.825099e+01 1.000590e+02 4.250000e+02
      vertex   1.828849e+01 9.963497e+01 4.175800e+02
      vertex   1.825099e+01 1.000590e+02 4.175800e+02
    endloop
  endfacet
  facet normal 9.879102e-01 -1.550274e-01 0.000000e+00
    outer loop
      vertex   1.825099e+01 1.000590e+02 4.250000e+02
      vertex   1.825099e+01 1.000590e+02 4.175800e+02
      vertex   1.831699e+01 1.004796e+02 4.250000e+02
    endloop
  endfacet
  facet normal 9.879102e-01 -1.550274e-01 0.000000e+00
    outer loop
      vertex   1.831699e+01 1.004796e+02 4.250000e+02
      vertex   1.825099e+01 1.000590e+02 4.175800e+02
      vertex   1.831699e+01 1.004796e+02 4.175800e+02
    endloop
  endfacet
  facet normal 9.212502e-01 -3.889705e-01 0.000000e+00
    outer loop
      vertex   1.831699e+01 1.004796e+02 4.250000e+02
      vertex   1.831699e+01 1.004796e+02 4.175800e+02
      vertex   1.848257e+01 1.008717e+02 4.250000e+02
    endloop
  endfacet
  facet normal 9.212502e-01 -3.889705e-01 0.000000e+00
    outer loop
      vertex   1.848257e+01 1.008717e+02 4.250000e+02
      vertex   1.831699e+01 1.004796e+02 4.175800e+02
      vertex   1.848257e+01 1.008717e+02 4.175800e+02
    endloop
  endfacet
  facet normal 8.000771e-01 -5.998972e-01 0.000000e+00
    outer loop
      vertex   1.848257e+01 1.008717e+02 4.250000e+02
      vertex   1.848257e+01 1.008717e+02 4.175800e+02
      vertex   1.873795e+01 1.012123e+02 4.250000e+02
    endloop
  endfacet
  facet normal 8.000771e-01 -5.998972e-01 0.000000e+00
    outer loop
      vertex   1.873795e+01 1.012123e+02 4.250000e+02
      vertex   1.848257e+01 1.008717e+02 4.175800e+02
      vertex   1.873795e+01 1.012123e+02 4.175800e+02
    endloop
  endfacet
  facet normal 6.315611e-01 -7.753261e-01 0.000000e+00
    outer loop
      vertex   1.873795e+01 1.012123e+02 4.250000e+02
      vertex   1.873795e+01 1.012123e+02 4.175800e+02
      vertex   1.906800e+01 1.014812e+02 4.250000e+02
    endloop
  endfacet
  facet normal 6.315611e-01 -7.753261e-01 0.000000e+00
    outer loop
      vertex   1.906800e+01 1.014812e+02 4.250000e+02
      vertex   1.873795e+01 1.012123e+02 4.175800e+02
      vertex   1.906800e+01 1.014812e+02 4.175800e+02
    endloop
  endfacet
  facet normal 4.256737e-01 -9.048767e-01 0.000000e+00
    outer loop
      vertex   1.906800e+01 1.014812e+02 4.250000e+02
      vertex   1.906800e+01 1.014812e+02 4.175800e+02
      vertex   1.945320e+01 1.016624e+02 4.250000e+02
    endloop
  endfacet
  facet normal 4.256737e-01 -9.048767e-01 0.000000e+00
    outer loop
      vertex   1.945320e+01 1.016624e+02 4.250000e+02
      vertex   1.906800e+01 1.014812e+02 4.175800e+02
      vertex   1.945320e+01 1.016624e+02 4.175800e+02
    endloop
  endfacet
  facet normal 1.945980e-01 -9.808831e-01 0.000000e+00
    outer loop
      vertex   1.945320e+01 1.016624e+02 4.250000e+02
      vertex   1.945320e+01 1.016624e+02 4.175800e+02
      vertex   1.987076e+01 1.017452e+02 4.250000e+02
    endloop
  endfacet
  facet normal 1.945980e-01 -9.808831e-01 0.000000e+00
    outer loop
      vertex   1.987076e+01 1.017452e+02 4.250000e+02
      vertex   1.945320e+01 1.016624e+02 4.175800e+02
      vertex   1.987076e+01 1.017452e+02 4.175800e+02
    endloop
  endfacet
  facet normal -4.799267e-02 -9.988477e-01 -0.000000e+00
    outer loop
      vertex   1.987076e+01 1.017452e+02 4.250000e+02
      vertex   1.987076e+01 1.017452e+02 4.175800e+02
      vertex   2.029597e+01 1.017248e+02 4.250000e+02
    endloop
  endfacet
  facet normal -4.799267e-02 -9.988477e-01 -0.000000e+00
    outer loop
      vertex   2.029597e+01 1.017248e+02 4.250000e+02
      vertex   1.987076e+01 1.017452e+02 4.175800e+02
      vertex   2.029597e+01 1.017248e+02 4.175800e+02
    endloop
  endfacet
  facet normal -2.877435e-01 -9.577075e-01 -0.000000e+00
    outer loop
      vertex   2.029597e+01 1.017248e+02 4.250000e+02
      vertex   2.029597e+01 1.017248e+02 4.175800e+02
      vertex   2.070366e+01 1.016023e+02 4.250000e+02
    endloop
  endfacet
  facet normal -2.877435e-01 -9.577075e-01 -0.000000e+00
    outer loop
      vertex   2.070366e+01 1.016023e+02 4.250000e+02
      vertex   2.029597e+01 1.017248e+02 4.175800e+02
      vertex   2.070366e+01 1.016023e+02 4.175800e+02
    endloop
  endfacet
  facet normal -5.104676e-01 -8.598970e-01 -0.000000e+00
    outer loop
      vertex   2.070366e+01 1.016023e+02 4.250000e+02
      vertex   2.070366e+01 1.016023e+02 4.175800e+02
      vertex   2.106971e+01 1.013850e+02 4.250000e+02
    endloop
  endfacet
  facet normal -5.104676e-01 -8.598970e-01 -0.000000e+00
    outer loop
      vertex   2.106971e+01 1.013850e+02 4.250000e+02
      vertex   2.070366e+01 1.016023e+02 4.175800e+02
      vertex   2.106971e+01 1.013850e+02 4.175800e+02
    endloop
  endfacet
  facet normal -9.914448e-01 -1.305262e-01 -4.225094e-04
    outer loop
      vertex   -1.833963e+01 1.005029e+02 4.280000e+02
      vertex   -1.828003e+01 1.000599e+02 4.250000e+02
      vertex   -1.828000e+01 1.000500e+02 4.280000e+02
    endloop
  endfacet
  facet normal -9.923416e-01 1.235236e-01 4.179529e-04
    outer loop
      vertex   -1.828000e+01 1.000500e+02 4.280000e+02
      vertex   -1.828003e+01 1.000599e+02 4.250000e+02
      vertex   -1.833586e+01 9.961137e+01 4.250000e+02
    endloop
  endfacet
  facet normal -9.914447e-01 1.305262e-01 -6.226137e-04
    outer loop
      vertex   -1.828000e+01 1.000500e+02 4.280000e+02
      vertex   -1.833586e+01 9.961137e+01 4.250000e+02
      vertex   -1.833963e+01 9.959707e+01 4.280000e+02
    endloop
  endfacet
  facet normal -9.275990e-01 3.735769e-01 6.158249e-04
    outer loop
      vertex   -1.833963e+01 9.959707e+01 4.280000e+02
      vertex   -1.833586e+01 9.961137e+01 4.250000e+02
      vertex   -1.850473e+01 9.919207e+01 4.250000e+02
    endloop
  endfacet
  facet normal -9.238792e-01 3.826833e-01 -8.182529e-04
    outer loop
      vertex   -1.833963e+01 9.959707e+01 4.280000e+02
      vertex   -1.850473e+01 9.919207e+01 4.250000e+02
      vertex   -1.851446e+01 9.917500e+01 4.280000e+02
    endloop
  endfacet
  facet normal -8.009687e-01 5.987057e-01 8.092310e-04
    outer loop
      vertex   -1.851446e+01 9.917500e+01 4.280000e+02
      vertex   -1.850473e+01 9.919207e+01 4.250000e+02
      vertex   -1.877536e+01 9.883002e+01 4.250000e+02
    endloop
  endfacet
  facet normal -7.933529e-01 6.087611e-01 -1.009425e-03
    outer loop
      vertex   -1.851446e+01 9.917500e+01 4.280000e+02
      vertex   -1.877536e+01 9.883002e+01 4.250000e+02
      vertex   -1.879256e+01 9.881257e+01 4.280000e+02
    endloop
  endfacet
  facet normal -6.208991e-01 7.838898e-01 9.981696e-04
    outer loop
      vertex   -1.879256e+01 9.881257e+01 4.280000e+02
      vertex   -1.877536e+01 9.883002e+01 4.250000e+02
      vertex   -1.912970e+01 9.854936e+01 4.250000e+02
    endloop
  endfacet
  facet normal -6.087610e-01 7.933528e-01 -1.196130e-03
    outer loop
      vertex   -1.879256e+01 9.881257e+01 4.280000e+02
      vertex   -1.912970e+01 9.854936e+01 4.250000e+02
      vertex   -1.915500e+01 9.853446e+01 4.280000e+02
    endloop
  endfacet
  facet normal -3.994043e-01 9.167741e-01 1.182639e-03
    outer loop
      vertex   -1.915500e+01 9.853446e+01 4.280000e+02
      vertex   -1.912970e+01 9.854936e+01 4.250000e+02
      vertex   -1.954410e+01 9.836882e+01 4.250000e+02
    endloop
  endfacet
  facet normal -3.826831e-01 9.238787e-01 -1.378364e-03
    outer loop
      vertex   -1.915500e+01 9.853446e+01 4.280000e+02
      vertex   -1.954410e+01 9.836882e+01 4.250000e+02
      vertex   -1.957707e+01 9.835963e+01 4.280000e+02
    endloop
  endfacet
  facet normal -1.512620e-01 9.884928e-01 1.362639e-03
    outer loop
      vertex   -1.957707e+01 9.835963e+01 4.280000e+02
      vertex   -1.954410e+01 9.836882e+01 4.250000e+02
      vertex   -1.999092e+01 9.830044e+01 4.250000e+02
    endloop
  endfacet
  facet normal -1.305260e-01 9.914437e-01 -1.556128e-03
    outer loop
      vertex   -1.957707e+01 9.835963e+01 4.280000e+02
      vertex   -1.999092e+01 9.830044e+01 4.250000e+02
      vertex   -2.003000e+01 9.830000e+01 4.280000e+02
    endloop
  endfacet
  facet normal 1.069721e-01 9.942608e-01 1.538166e-03
    outer loop
      vertex   -2.003000e+01 9.830000e+01 4.280000e+02
      vertex   -1.999092e+01 9.830044e+01 4.250000e+02
      vertex   -2.044035e+01 9.834880e+01 4.250000e+02
    endloop
  endfacet
  facet normal 1.305260e-01 9.914434e-01 -1.729419e-03
    outer loop
      vertex   -2.003000e+01 9.830000e+01 4.280000e+02
      vertex   -2.044035e+01 9.834880e+01 4.250000e+02
      vertex   -2.048293e+01 9.835963e+01 4.280000e+02
    endloop
  endfacet
  facet normal 3.580691e-01 9.336935e-01 1.709221e-03
    outer loop
      vertex   -2.048293e+01 9.835963e+01 4.280000e+02
      vertex   -2.044035e+01 9.834880e+01 4.250000e+02
      vertex   -2.086240e+01 9.851065e+01 4.250000e+02
    endloop
  endfacet
  facet normal 3.826827e-01 9.238779e-01 -1.898236e-03
    outer loop
      vertex   -2.048293e+01 9.835963e+01 4.280000e+02
      vertex   -2.086240e+01 9.851065e+01 4.250000e+02
      vertex   -2.090500e+01 9.853446e+01 4.280000e+02
    endloop
  endfacet
  facet normal 5.852762e-01 8.108318e-01 1.875801e-03
    outer loop
      vertex   -2.090500e+01 9.853446e+01 4.280000e+02
      vertex   -2.086240e+01 9.851065e+01 4.250000e+02
      vertex   -2.122892e+01 9.877521e+01 4.250000e+02
    endloop
  endfacet
  facet normal 6.087601e-01 7.933517e-01 -2.062578e-03
    outer loop
      vertex   -2.090500e+01 9.853446e+01 4.280000e+02
      vertex   -2.122892e+01 9.877521e+01 4.250000e+02
      vertex   -2.126744e+01 9.881257e+01 4.280000e+02
    endloop
  endfacet
  facet normal 7.734345e-01 6.338729e-01 2.037905e-03
    outer loop
      vertex   -2.126744e+01 9.881257e+01 4.280000e+02
      vertex   -2.122892e+01 9.877521e+01 4.250000e+02
      vertex   -2.151544e+01 9.912482e+01 4.250000e+02
    endloop
  endfacet
  facet normal 7.933514e-01 6.087599e-01 -2.222444e-03
    outer loop
      vertex   -2.126744e+01 9.881257e+01 4.280000e+02
      vertex   -2.151544e+01 9.912482e+01 4.250000e+02
      vertex   -2.154555e+01 9.917500e+01 4.280000e+02
    endloop
  endfacet
  facet normal 8.575442e-01 5.144103e-01 1.515240e-19
    outer loop
      vertex   -2.154555e+01 9.917500e+01 4.280000e+02
      vertex   -2.151544e+01 9.912482e+01 4.250000e+02
      vertex   -2.151544e+01 9.912482e+01 4.175800e+02
    endloop
  endfacet
  facet normal 9.068999e-01 4.213457e-01 5.908055e-04
    outer loop
      vertex   -2.154555e+01 9.917500e+01 4.280000e+02
      vertex   -2.151544e+01 9.912482e+01 4.175800e+02
      vertex   -2.169507e+01 9.951146e+01 4.175800e+02
    endloop
  endfacet
  facet normal -9.908767e-01 -1.347711e-01 2.156165e-04
    outer loop
      vertex   -1.828003e+01 1.000599e+02 4.250000e+02
      vertex   -1.833963e+01 1.005029e+02 4.280000e+02
      vertex   -1.834095e+01 1.005078e+02 4.250000e+02
    endloop
  endfacet
  facet normal -9.238795e-01 -3.826834e-01 -2.179414e-04
    outer loop
      vertex   -1.834095e+01 1.005078e+02 4.250000e+02
      vertex   -1.833963e+01 1.005029e+02 4.280000e+02
      vertex   -1.851446e+01 1.009250e+02 4.280000e+02
    endloop
  endfacet
  facet normal -9.233023e-01 -3.840740e-01 8.817308e-06
    outer loop
      vertex   -1.834095e+01 1.005078e+02 4.250000e+02
      vertex   -1.851446e+01 1.009250e+02 4.280000e+02
      vertex   -1.851456e+01 1.009252e+02 4.250000e+02
    endloop
  endfacet
  facet normal -7.933533e-01 -6.087614e-01 -8.911347e-06
    outer loop
      vertex   -1.851456e+01 1.009252e+02 4.250000e+02
      vertex   -1.851446e+01 1.009250e+02 4.280000e+02
      vertex   -1.879256e+01 1.012874e+02 4.280000e+02
    endloop
  endfacet
  facet normal -7.947717e-01 -6.069085e-01 -3.640971e-04
    outer loop
      vertex   -1.851456e+01 1.009252e+02 4.250000e+02
      vertex   -1.879256e+01 1.012874e+02 4.280000e+02
      vertex   -1.877115e+01 1.012657e+02 4.175800e+02
    endloop
  endfacet
  facet normal -6.293712e-01 -7.771048e-01 3.317216e-04
    outer loop
      vertex   -1.877115e+01 1.012657e+02 4.175800e+02
      vertex   -1.879256e+01 1.012874e+02 4.280000e+02
      vertex   -1.910245e+01 1.015340e+02 4.175800e+02
    endloop
  endfacet
  facet normal -6.087613e-01 -7.933532e-01 -6.656424e-04
    outer loop
      vertex   -1.910245e+01 1.015340e+02 4.175800e+02
      vertex   -1.879256e+01 1.012874e+02 4.280000e+02
      vertex   -1.915500e+01 1.015655e+02 4.280000e+02
    endloop
  endfacet
  facet normal -4.227877e-01 -9.062286e-01 6.142498e-04
    outer loop
      vertex   -1.910245e+01 1.015340e+02 4.175800e+02
      vertex   -1.915500e+01 1.015655e+02 4.280000e+02
      vertex   -1.948881e+01 1.017142e+02 4.175800e+02
    endloop
  endfacet
  facet normal -3.826833e-01 -9.238791e-01 -9.223418e-04
    outer loop
      vertex   -1.948881e+01 1.017142e+02 4.175800e+02
      vertex   -1.915500e+01 1.015655e+02 4.280000e+02
      vertex   -1.957707e+01 1.017404e+02 4.280000e+02
    endloop
  endfacet
  facet normal -1.911119e-01 -9.815679e-01 8.451008e-04
    outer loop
      vertex   -1.948881e+01 1.017142e+02 4.175800e+02
      vertex   -1.957707e+01 1.017404e+02 4.280000e+02
      vertex   -1.990728e+01 1.017957e+02 4.175800e+02
    endloop
  endfacet
  facet normal -1.305261e-01 -9.914442e-01 -1.127326e-03
    outer loop
      vertex   -1.990728e+01 1.017957e+02 4.175800e+02
      vertex   -1.957707e+01 1.017404e+02 4.280000e+02
      vertex   -2.003000e+01 1.018000e+02 4.280000e+02
    endloop
  endfacet
  facet normal 5.190617e-02 -9.986514e-01 1.024203e-03
    outer loop
      vertex   -1.990728e+01 1.017957e+02 4.175800e+02
      vertex   -2.003000e+01 1.018000e+02 4.280000e+02
      vertex   -2.033304e+01 1.017736e+02 4.175800e+02
    endloop
  endfacet
  facet normal 1.305261e-01 -9.914440e-01 -1.280533e-03
    outer loop
      vertex   -2.033304e+01 1.017736e+02 4.175800e+02
      vertex   -2.003000e+01 1.018000e+02 4.280000e+02
      vertex   -2.048293e+01 1.017404e+02 4.280000e+02
    endloop
  endfacet
  facet normal 2.918436e-01 -9.564654e-01 1.151502e-03
    outer loop
      vertex   -2.033304e+01 1.017736e+02 4.175800e+02
      vertex   -2.048293e+01 1.017404e+02 4.280000e+02
      vertex   -2.074081e+01 1.016491e+02 4.175800e+02
    endloop
  endfacet
  facet normal 3.826831e-01 -9.238787e-01 -1.381914e-03
    outer loop
      vertex   -2.074081e+01 1.016491e+02 4.175800e+02
      vertex   -2.048293e+01 1.017404e+02 4.280000e+02
      vertex   -2.090500e+01 1.015655e+02 4.280000e+02
    endloop
  endfacet
  facet normal 5.144601e-01 -8.575134e-01 1.226958e-03
    outer loop
      vertex   -2.074081e+01 1.016491e+02 4.175800e+02
      vertex   -2.090500e+01 1.015655e+02 4.280000e+02
      vertex   -2.110640e+01 1.014298e+02 4.175800e+02
    endloop
  endfacet
  facet normal 6.087608e-01 -7.933525e-01 -1.431438e-03
    outer loop
      vertex   -2.110640e+01 1.014298e+02 4.175800e+02
      vertex   -2.090500e+01 1.015655e+02 4.280000e+02
      vertex   -2.126744e+01 1.012874e+02 4.280000e+02
    endloop
  endfacet
  facet normal 7.065436e-01 -7.076684e-01 1.250547e-03
    outer loop
      vertex   -2.110640e+01 1.014298e+02 4.175800e+02
      vertex   -2.126744e+01 1.012874e+02 4.280000e+02
      vertex   -2.140810e+01 1.011286e+02 4.175800e+02
    endloop
  endfacet
  facet normal 7.933525e-01 -6.087608e-01 -1.429091e-03
    outer loop
      vertex   -2.140810e+01 1.011286e+02 4.175800e+02
      vertex   -2.126744e+01 1.012874e+02 4.280000e+02
      vertex   -2.154555e+01 1.009250e+02 4.280000e+02
    endloop
  endfacet
  facet normal 8.566940e-01 -5.158235e-01 1.222263e-03
    outer loop
      vertex   -2.140810e+01 1.011286e+02 4.175800e+02
      vertex   -2.154555e+01 1.009250e+02 4.280000e+02
      vertex   -2.162801e+01 1.007634e+02 4.175800e+02
    endloop
  endfacet
  facet normal 9.238787e-01 -3.826831e-01 -1.374872e-03
    outer loop
      vertex   -2.162801e+01 1.007634e+02 4.175800e+02
      vertex   -2.154555e+01 1.009250e+02 4.280000e+02
      vertex   -2.172037e+01 1.005029e+02 4.280000e+02
    endloop
  endfacet
  facet normal 9.560000e-01 -2.933646e-01 1.142114e-03
    outer loop
      vertex   -2.162801e+01 1.007634e+02 4.175800e+02
      vertex   -2.172037e+01 1.005029e+02 4.280000e+02
      vertex   -2.175308e+01 1.003558e+02 4.175800e+02
    endloop
  endfacet
  facet normal 9.914441e-01 -1.305261e-01 -1.268799e-03
    outer loop
      vertex   -2.175308e+01 1.003558e+02 4.175800e+02
      vertex   -2.172037e+01 1.005029e+02 4.280000e+02
      vertex   -2.178000e+01 1.000500e+02 4.280000e+02
    endloop
  endfacet
  facet normal 9.985676e-01 -5.349456e-02 1.010125e-03
    outer loop
      vertex   -2.175308e+01 1.003558e+02 4.175800e+02
      vertex   -2.178000e+01 1.000500e+02 4.280000e+02
      vertex   -2.177589e+01 9.993006e+01 4.175800e+02
    endloop
  endfacet
  facet normal 9.914442e-01 1.305261e-01 -1.110905e-03
    outer loop
      vertex   -2.177589e+01 9.993006e+01 4.175800e+02
      vertex   -2.178000e+01 1.000500e+02 4.280000e+02
      vertex   -2.172037e+01 9.959707e+01 4.280000e+02
    endloop
  endfacet
  facet normal 9.818706e-01 1.895504e-01 8.263367e-04
    outer loop
      vertex   -2.177589e+01 9.993006e+01 4.175800e+02
      vertex   -2.172037e+01 9.959707e+01 4.280000e+02
      vertex   -2.169507e+01 9.951146e+01 4.175800e+02
    endloop
  endfacet
  facet normal 9.238792e-01 3.826833e-01 -9.012368e-04
    outer loop
      vertex   -2.169507e+01 9.951146e+01 4.175800e+02
      vertex   -2.172037e+01 9.959707e+01 4.280000e+02
      vertex   -2.154555e+01 9.917500e+01 4.280000e+02
    endloop
  endfacet
  facet normal -7.986016e-01 -6.018600e-01 1.514562e-18
    outer loop
      vertex   -1.877115e+01 1.012657e+02 4.175800e+02
      vertex   -1.851456e+01 1.009252e+02 4.175800e+02
      vertex   -1.851456e+01 1.009252e+02 4.250000e+02
    endloop
  endfacet
  facet normal 9.937122e-01 1.119645e-01 -0.000000e+00
    outer loop
      vertex   1.743732e+01 2.655630e+01 4.175800e+02
      vertex   1.743732e+01 2.655630e+01 4.250000e+02
      vertex   1.750000e+01 2.600000e+01 4.175800e+02
    endloop
  endfacet
  facet normal 9.937122e-01 1.119645e-01 -0.000000e+00
    outer loop
      vertex   1.750000e+01 2.600000e+01 4.175800e+02
      vertex   1.743732e+01 2.655630e+01 4.250000e+02
      vertex   1.750000e+01 2.600000e+01 4.250000e+02
    endloop
  endfacet
  facet normal 9.937122e-01 -1.119645e-01 0.000000e+00
    outer loop
      vertex   1.750000e+01 2.600000e+01 4.175800e+02
      vertex   1.750000e+01 2.600000e+01 4.250000e+02
      vertex   1.743732e+01 2.544370e+01 4.175800e+02
    endloop
  endfacet
  facet normal 9.937122e-01 -1.119645e-01 0.000000e+00
    outer loop
      vertex   1.743732e+01 2.544370e+01 4.175800e+02
      vertex   1.750000e+01 2.600000e+01 4.250000e+02
      vertex   1.743732e+01 2.544370e+01 4.250000e+02
    endloop
  endfacet
  facet normal 9.438833e-01 -3.302791e-01 0.000000e+00
    outer loop
      vertex   1.743732e+01 2.544370e+01 4.175800e+02
      vertex   1.743732e+01 2.544370e+01 4.250000e+02
      vertex   1.725242e+01 2.491529e+01 4.175800e+02
    endloop
  endfacet
  facet normal 9.438833e-01 -3.302791e-01 0.000000e+00
    outer loop
      vertex   1.725242e+01 2.491529e+01 4.175800e+02
      vertex   1.743732e+01 2.544370e+01 4.250000e+02
      vertex   1.725242e+01 2.491529e+01 4.250000e+02
    endloop
  endfacet
  facet normal 8.467242e-01 -5.320321e-01 0.000000e+00
    outer loop
      vertex   1.725242e+01 2.491529e+01 4.175800e+02
      vertex   1.725242e+01 2.491529e+01 4.250000e+02
      vertex   1.695458e+01 2.444128e+01 4.175800e+02
    endloop
  endfacet
  facet normal 8.467242e-01 -5.320321e-01 0.000000e+00
    outer loop
      vertex   1.695458e+01 2.444128e+01 4.175800e+02
      vertex   1.725242e+01 2.491529e+01 4.250000e+02
      vertex   1.695458e+01 2.444128e+01 4.250000e+02
    endloop
  endfacet
  facet normal 7.071068e-01 -7.071068e-01 0.000000e+00
    outer loop
      vertex   1.695458e+01 2.444128e+01 4.175800e+02
      vertex   1.695458e+01 2.444128e+01 4.250000e+02
      vertex   1.655872e+01 2.404542e+01 4.175800e+02
    endloop
  endfacet
  facet normal 7.071068e-01 -7.071068e-01 0.000000e+00
    outer loop
      vertex   1.655872e+01 2.404542e+01 4.175800e+02
      vertex   1.695458e+01 2.444128e+01 4.250000e+02
      vertex   1.655872e+01 2.404542e+01 4.250000e+02
    endloop
  endfacet
  facet normal 5.320321e-01 -8.467242e-01 0.000000e+00
    outer loop
      vertex   1.655872e+01 2.404542e+01 4.175800e+02
      vertex   1.655872e+01 2.404542e+01 4.250000e+02
      vertex   1.608471e+01 2.374758e+01 4.175800e+02
    endloop
  endfacet
  facet normal 5.320321e-01 -8.467242e-01 0.000000e+00
    outer loop
      vertex   1.608471e+01 2.374758e+01 4.175800e+02
      vertex   1.655872e+01 2.404542e+01 4.250000e+02
      vertex   1.608471e+01 2.374758e+01 4.250000e+02
    endloop
  endfacet
  facet normal 3.302791e-01 -9.438833e-01 0.000000e+00
    outer loop
      vertex   1.608471e+01 2.374758e+01 4.175800e+02
      vertex   1.608471e+01 2.374758e+01 4.250000e+02
      vertex   1.555630e+01 2.356268e+01 4.175800e+02
    endloop
  endfacet
  facet normal 3.302791e-01 -9.438833e-01 0.000000e+00
    outer loop
      vertex   1.555630e+01 2.356268e+01 4.175800e+02
      vertex   1.608471e+01 2.374758e+01 4.250000e+02
      vertex   1.555630e+01 2.356268e+01 4.250000e+02
    endloop
  endfacet
  facet normal 1.119645e-01 -9.937122e-01 0.000000e+00
    outer loop
      vertex   1.555630e+01 2.356268e+01 4.175800e+02
      vertex   1.555630e+01 2.356268e+01 4.250000e+02
      vertex   1.500000e+01 2.350000e+01 4.175800e+02
    endloop
  endfacet
  facet normal 1.119645e-01 -9.937122e-01 0.000000e+00
    outer loop
      vertex   1.500000e+01 2.350000e+01 4.175800e+02
      vertex   1.555630e+01 2.356268e+01 4.250000e+02
      vertex   1.500000e+01 2.350000e+01 4.250000e+02
    endloop
  endfacet
  facet normal -1.119645e-01 -9.937122e-01 0.000000e+00
    outer loop
      vertex   1.500000e+01 2.350000e+01 4.175800e+02
      vertex   1.500000e+01 2.350000e+01 4.250000e+02
      vertex   1.444370e+01 2.356268e+01 4.175800e+02
    endloop
  endfacet
  facet normal -1.119645e-01 -9.937122e-01 0.000000e+00
    outer loop
      vertex   1.444370e+01 2.356268e+01 4.175800e+02
      vertex   1.500000e+01 2.350000e+01 4.250000e+02
      vertex   1.444370e+01 2.356268e+01 4.250000e+02
    endloop
  endfacet
  facet normal -3.302791e-01 -9.438833e-01 0.000000e+00
    outer loop
      vertex   1.444370e+01 2.356268e+01 4.175800e+02
      vertex   1.444370e+01 2.356268e+01 4.250000e+02
      vertex   1.391529e+01 2.374758e+01 4.175800e+02
    endloop
  endfacet
  facet normal -3.302791e-01 -9.438833e-01 0.000000e+00
    outer loop
      vertex   1.391529e+01 2.374758e+01 4.175800e+02
      vertex   1.444370e+01 2.356268e+01 4.250000e+02
      vertex   1.391529e+01 2.374758e+01 4.250000e+02
    endloop
  endfacet
  facet normal -5.320321e-01 -8.467242e-01 0.000000e+00
    outer loop
      vertex   1.391529e+01 2.374758e+01 4.175800e+02
      vertex   1.391529e+01 2.374758e+01 4.250000e+02
      vertex   1.344128e+01 2.404542e+01 4.175800e+02
    endloop
  endfacet
  facet normal -5.320321e-01 -8.467242e-01 0.000000e+00
    outer loop
      vertex   1.344128e+01 2.404542e+01 4.175800e+02
      vertex   1.391529e+01 2.374758e+01 4.250000e+02
      vertex   1.344128e+01 2.404542e+01 4.250000e+02
    endloop
  endfacet
  facet normal -7.071068e-01 -7.071068e-01 0.000000e+00
    outer loop
      vertex   1.344128e+01 2.404542e+01 4.175800e+02
      vertex   1.344128e+01 2.404542e+01 4.250000e+02
      vertex   1.304542e+01 2.444128e+01 4.175800e+02
    endloop
  endfacet
  facet normal -7.071068e-01 -7.071068e-01 0.000000e+00
    outer loop
      vertex   1.304542e+01 2.444128e+01 4.175800e+02
      vertex   1.344128e+01 2.404542e+01 4.250000e+02
      vertex   1.304542e+01 2.444128e+01 4.250000e+02
    endloop
  endfacet
  facet normal -8.467242e-01 -5.320321e-01 0.000000e+00
    outer loop
      vertex   1.304542e+01 2.444128e+01 4.175800e+02
      vertex   1.304542e+01 2.444128e+01 4.250000e+02
      vertex   1.274758e+01 2.491529e+01 4.175800e+02
    endloop
  endfacet
  facet normal -8.467242e-01 -5.320321e-01 0.000000e+00
    outer loop
      vertex   1.274758e+01 2.491529e+01 4.175800e+02
      vertex   1.304542e+01 2.444128e+01 4.250000e+02
      vertex   1.274758e+01 2.491529e+01 4.250000e+02
    endloop
  endfacet
  facet normal -9.438833e-01 -3.302791e-01 0.000000e+00
    outer loop
      vertex   1.274758e+01 2.491529e+01 4.175800e+02
      vertex   1.274758e+01 2.491529e+01 4.250000e+02
      vertex   1.256268e+01 2.544370e+01 4.175800e+02
    endloop
  endfacet
  facet normal -9.438833e-01 -3.302791e-01 0.000000e+00
    outer loop
      vertex   1.256268e+01 2.544370e+01 4.175800e+02
      vertex   1.274758e+01 2.491529e+01 4.250000e+02
      vertex   1.256268e+01 2.544370e+01 4.250000e+02
    endloop
  endfacet
  facet normal -9.937122e-01 -1.119645e-01 0.000000e+00
    outer loop
      vertex   1.256268e+01 2.544370e+01 4.175800e+02
      vertex   1.256268e+01 2.544370e+01 4.250000e+02
      vertex   1.250000e+01 2.600000e+01 4.175800e+02
    endloop
  endfacet
  facet normal -9.937122e-01 -1.119645e-01 0.000000e+00
    outer loop
      vertex   1.250000e+01 2.600000e+01 4.175800e+02
      vertex   1.256268e+01 2.544370e+01 4.250000e+02
      vertex   1.250000e+01 2.600000e+01 4.250000e+02
    endloop
  endfacet
  facet normal -9.937122e-01 1.119645e-01 0.000000e+00
    outer loop
      vertex   1.250000e+01 2.600000e+01 4.175800e+02
      vertex   1.250000e+01 2.600000e+01 4.250000e+02
      vertex   1.256268e+01 2.655630e+01 4.175800e+02
    endloop
  endfacet
  facet normal -9.937122e-01 1.119645e-01 0.000000e+00
    outer loop
      vertex   1.256268e+01 2.655630e+01 4.175800e+02
      vertex   1.250000e+01 2.600000e+01 4.250000e+02
      vertex   1.256268e+01 2.655630e+01 4.250000e+02
    endloop
  endfacet
  facet normal -9.438833e-01 3.302791e-01 0.000000e+00
    outer loop
      vertex   1.256268e+01 2.655630e+01 4.175800e+02
      vertex   1.256268e+01 2.655630e+01 4.250000e+02
      vertex   1.274758e+01 2.708471e+01 4.175800e+02
    endloop
  endfacet
  facet normal -9.438833e-01 3.302791e-01 0.000000e+00
    outer loop
      vertex   1.274758e+01 2.708471e+01 4.175800e+02
      vertex   1.256268e+01 2.655630e+01 4.250000e+02
      vertex   1.274758e+01 2.708471e+01 4.250000e+02
    endloop
  endfacet
  facet normal -8.467242e-01 5.320321e-01 0.000000e+00
    outer loop
      vertex   1.274758e+01 2.708471e+01 4.175800e+02
      vertex   1.274758e+01 2.708471e+01 4.250000e+02
      vertex   1.304542e+01 2.755872e+01 4.175800e+02
    endloop
  endfacet
  facet normal -8.467242e-01 5.320321e-01 0.000000e+00
    outer loop
      vertex   1.304542e+01 2.755872e+01 4.175800e+02
      vertex   1.274758e+01 2.708471e+01 4.250000e+02
      vertex   1.304542e+01 2.755872e+01 4.250000e+02
    endloop
  endfacet
  facet normal -7.071068e-01 7.071068e-01 0.000000e+00
    outer loop
      vertex   1.304542e+01 2.755872e+01 4.175800e+02
      vertex   1.304542e+01 2.755872e+01 4.250000e+02
      vertex   1.344128e+01 2.795458e+01 4.175800e+02
    endloop
  endfacet
  facet normal -7.071068e-01 7.071068e-01 0.000000e+00
    outer loop
      vertex   1.344128e+01 2.795458e+01 4.175800e+02
      vertex   1.304542e+01 2.755872e+01 4.250000e+02
      vertex   1.344128e+01 2.795458e+01 4.250000e+02
    endloop
  endfacet
  facet normal -5.320321e-01 8.467242e-01 0.000000e+00
    outer loop
      vertex   1.344128e+01 2.795458e+01 4.175800e+02
      vertex   1.344128e+01 2.795458e+01 4.250000e+02
      vertex   1.391529e+01 2.825242e+01 4.175800e+02
    endloop
  endfacet
  facet normal -5.320321e-01 8.467242e-01 0.000000e+00
    outer loop
      vertex   1.391529e+01 2.825242e+01 4.175800e+02
      vertex   1.344128e+01 2.795458e+01 4.250000e+02
      vertex   1.391529e+01 2.825242e+01 4.250000e+02
    endloop
  endfacet
  facet normal -3.302791e-01 9.438833e-01 0.000000e+00
    outer loop
      vertex   1.391529e+01 2.825242e+01 4.175800e+02
      vertex   1.391529e+01 2.825242e+01 4.250000e+02
      vertex   1.444370e+01 2.843732e+01 4.175800e+02
    endloop
  endfacet
  facet normal -3.302791e-01 9.438833e-01 0.000000e+00
    outer loop
      vertex   1.444370e+01 2.843732e+01 4.175800e+02
      vertex   1.391529e+01 2.825242e+01 4.250000e+02
      vertex   1.444370e+01 2.843732e+01 4.250000e+02
    endloop
  endfacet
  facet normal -1.119645e-01 9.937122e-01 0.000000e+00
    outer loop
      vertex   1.444370e+01 2.843732e+01 4.175800e+02
      vertex   1.444370e+01 2.843732e+01 4.250000e+02
      vertex   1.500000e+01 2.850000e+01 4.175800e+02
    endloop
  endfacet
  facet normal -1.119645e-01 9.937122e-01 0.000000e+00
    outer loop
      vertex   1.500000e+01 2.850000e+01 4.175800e+02
      vertex   1.444370e+01 2.843732e+01 4.250000e+02
      vertex   1.500000e+01 2.850000e+01 4.250000e+02
    endloop
  endfacet
  facet normal 1.119645e-01 9.937122e-01 -0.000000e+00
    outer loop
      vertex   1.500000e+01 2.850000e+01 4.175800e+02
      vertex   1.500000e+01 2.850000e+01 4.250000e+02
      vertex   1.555630e+01 2.843732e+01 4.175800e+02
    endloop
  endfacet
  facet normal 1.119645e-01 9.937122e-01 -0.000000e+00
    outer loop
      vertex   1.555630e+01 2.843732e+01 4.175800e+02
      vertex   1.500000e+01 2.850000e+01 4.250000e+02
      vertex   1.555630e+01 2.843732e+01 4.250000e+02
    endloop
  endfacet
  facet normal 3.302791e-01 9.438833e-01 -0.000000e+00
    outer loop
      vertex   1.555630e+01 2.843732e+01 4.175800e+02
      vertex   1.555630e+01 2.843732e+01 4.250000e+02
      vertex   1.608471e+01 2.825242e+01 4.175800e+02
    endloop
  endfacet
  facet normal 3.302791e-01 9.438833e-01 -0.000000e+00
    outer loop
      vertex   1.608471e+01 2.825242e+01 4.175800e+02
      vertex   1.555630e+01 2.843732e+01 4.250000e+02
      vertex   1.608471e+01 2.825242e+01 4.250000e+02
    endloop
  endfacet
  facet normal 5.320321e-01 8.467242e-01 -0.000000e+00
    outer loop
      vertex   1.608471e+01 2.825242e+01 4.175800e+02
      vertex   1.608471e+01 2.825242e+01 4.250000e+02
      vertex   1.655872e+01 2.795458e+01 4.175800e+02
    endloop
  endfacet
  facet normal 5.320321e-01 8.467242e-01 -0.000000e+00
    outer loop
      vertex   1.655872e+01 2.795458e+01 4.175800e+02
      vertex   1.608471e+01 2.825242e+01 4.250000e+02
      vertex   1.655872e+01 2.795458e+01 4.250000e+02
    endloop
  endfacet
  facet normal 7.071068e-01 7.071068e-01 -0.000000e+00
    outer loop
      vertex   1.655872e+01 2.795458e+01 4.175800e+02
      vertex   1.655872e+01 2.795458e+01 4.250000e+02
      vertex   1.695458e+01 2.755872e+01 4.175800e+02
    endloop
  endfacet
  facet normal 7.071068e-01 7.071068e-01 -0.000000e+00
    outer loop
      vertex   1.695458e+01 2.755872e+01 4.175800e+02
      vertex   1.655872e+01 2.795458e+01 4.250000e+02
      vertex   1.695458e+01 2.755872e+01 4.250000e+02
    endloop
  endfacet
  facet normal 8.467242e-01 5.320321e-01 -0.000000e+00
    outer loop
      vertex   1.695458e+01 2.755872e+01 4.175800e+02
      vertex   1.695458e+01 2.755872e+01 4.250000e+02
      vertex   1.725242e+01 2.708471e+01 4.175800e+02
    endloop
  endfacet
  facet normal 8.467242e-01 5.320321e-01 -0.000000e+00
    outer loop
      vertex   1.725242e+01 2.708471e+01 4.175800e+02
      vertex   1.695458e+01 2.755872e+01 4.250000e+02
      vertex   1.725242e+01 2.708471e+01 4.250000e+02
    endloop
  endfacet
  facet normal 9.438833e-01 3.302791e-01 -0.000000e+00
    outer loop
      vertex   1.725242e+01 2.708471e+01 4.175800e+02
      vertex   1.725242e+01 2.708471e+01 4.250000e+02
      vertex   1.743732e+01 2.655630e+01 4.175800e+02
    endloop
  endfacet
  facet normal 9.438833e-01 3.302791e-01 -0.000000e+00
    outer loop
      vertex   1.743732e+01 2.655630e+01 4.175800e+02
      vertex   1.725242e+01 2.708471e+01 4.250000e+02
      vertex   1.743732e+01 2.655630e+01 4.250000e+02
    endloop
  endfacet
  facet normal 9.937122e-01 1.119645e-01 -0.000000e+00
    outer loop
      vertex   2.243732e+01 1.005563e+02 4.175800e+02
      vertex   2.243732e+01 1.005563e+02 4.250000e+02
      vertex   2.250000e+01 1.000000e+02 4.175800e+02
    endloop
  endfacet
  facet normal 9.937122e-01 1.119645e-01 -0.000000e+00
    outer loop
      vertex   2.250000e+01 1.000000e+02 4.175800e+02
      vertex   2.243732e+01 1.005563e+02 4.250000e+02
      vertex   2.250000e+01 1.000000e+02 4.250000e+02
    endloop
  endfacet
  facet normal 9.937122e-01 -1.119645e-01 0.000000e+00
    outer loop
      vertex   2.250000e+01 1.000000e+02 4.175800e+02
      vertex   2.250000e+01 1.000000e+02 4.250000e+02
      vertex   2.243732e+01 9.944370e+01 4.175800e+02
    endloop
  endfacet
  facet normal 9.937122e-01 -1.119645e-01 0.000000e+00
    outer loop
      vertex   2.243732e+01 9.944370e+01 4.175800e+02
      vertex   2.250000e+01 1.000000e+02 4.250000e+02
      vertex   2.243732e+01 9.944370e+01 4.250000e+02
    endloop
  endfacet
  facet normal 9.438833e-01 -3.302791e-01 0.000000e+00
    outer loop
      vertex   2.243732e+01 9.944370e+01 4.175800e+02
      vertex   2.243732e+01 9.944370e+01 4.250000e+02
      vertex   2.225242e+01 9.891529e+01 4.175800e+02
    endloop
  endfacet
  facet normal 9.438833e-01 -3.302791e-01 0.000000e+00
    outer loop
      vertex   2.225242e+01 9.891529e+01 4.175800e+02
      vertex   2.243732e+01 9.944370e+01 4.250000e+02
      vertex   2.225242e+01 9.891529e+01 4.250000e+02
    endloop
  endfacet
  facet normal 8.467242e-01 -5.320321e-01 0.000000e+00
    outer loop
      vertex   2.225242e+01 9.891529e+01 4.175800e+02
      vertex   2.225242e+01 9.891529e+01 4.250000e+02
      vertex   2.195458e+01 9.844127e+01 4.175800e+02
    endloop
  endfacet
  facet normal 8.467242e-01 -5.320321e-01 0.000000e+00
    outer loop
      vertex   2.195458e+01 9.844127e+01 4.175800e+02
      vertex   2.225242e+01 9.891529e+01 4.250000e+02
      vertex   2.195458e+01 9.844127e+01 4.250000e+02
    endloop
  endfacet
  facet normal 7.071068e-01 -7.071068e-01 0.000000e+00
    outer loop
      vertex   2.195458e+01 9.844127e+01 4.175800e+02
      vertex   2.195458e+01 9.844127e+01 4.250000e+02
      vertex   2.155872e+01 9.804542e+01 4.175800e+02
    endloop
  endfacet
  facet normal 7.071068e-01 -7.071068e-01 0.000000e+00
    outer loop
      vertex   2.155872e+01 9.804542e+01 4.175800e+02
      vertex   2.195458e+01 9.844127e+01 4.250000e+02
      vertex   2.155872e+01 9.804542e+01 4.250000e+02
    endloop
  endfacet
  facet normal 5.320321e-01 -8.467242e-01 0.000000e+00
    outer loop
      vertex   2.155872e+01 9.804542e+01 4.175800e+02
      vertex   2.155872e+01 9.804542e+01 4.250000e+02
      vertex   2.108471e+01 9.774758e+01 4.175800e+02
    endloop
  endfacet
  facet normal 5.320321e-01 -8.467242e-01 0.000000e+00
    outer loop
      vertex   2.108471e+01 9.774758e+01 4.175800e+02
      vertex   2.155872e+01 9.804542e+01 4.250000e+02
      vertex   2.108471e+01 9.774758e+01 4.250000e+02
    endloop
  endfacet
  facet normal 3.302791e-01 -9.438833e-01 0.000000e+00
    outer loop
      vertex   2.108471e+01 9.774758e+01 4.175800e+02
      vertex   2.108471e+01 9.774758e+01 4.250000e+02
      vertex   2.055630e+01 9.756268e+01 4.175800e+02
    endloop
  endfacet
  facet normal 3.302791e-01 -9.438833e-01 0.000000e+00
    outer loop
      vertex   2.055630e+01 9.756268e+01 4.175800e+02
      vertex   2.108471e+01 9.774758e+01 4.250000e+02
      vertex   2.055630e+01 9.756268e+01 4.250000e+02
    endloop
  endfacet
  facet normal 1.119645e-01 -9.937122e-01 0.000000e+00
    outer loop
      vertex   2.055630e+01 9.756268e+01 4.175800e+02
      vertex   2.055630e+01 9.756268e+01 4.250000e+02
      vertex   2.000000e+01 9.750000e+01 4.175800e+02
    endloop
  endfacet
  facet normal 1.119645e-01 -9.937122e-01 0.000000e+00
    outer loop
      vertex   2.000000e+01 9.750000e+01 4.175800e+02
      vertex   2.055630e+01 9.756268e+01 4.250000e+02
      vertex   2.000000e+01 9.750000e+01 4.250000e+02
    endloop
  endfacet
  facet normal -1.119645e-01 -9.937122e-01 0.000000e+00
    outer loop
      vertex   2.000000e+01 9.750000e+01 4.175800e+02
      vertex   2.000000e+01 9.750000e+01 4.250000e+02
      vertex   1.944370e+01 9.756268e+01 4.175800e+02
    endloop
  endfacet
  facet normal -1.119645e-01 -9.937122e-01 0.000000e+00
    outer loop
      vertex   1.944370e+01 9.756268e+01 4.175800e+02
      vertex   2.000000e+01 9.750000e+01 4.250000e+02
      vertex   1.944370e+01 9.756268e+01 4.250000e+02
    endloop
  endfacet
  facet normal -3.302791e-01 -9.438833e-01 0.000000e+00
    outer loop
      vertex   1.944370e+01 9.756268e+01 4.175800e+02
      vertex   1.944370e+01 9.756268e+01 4.250000e+02
      vertex   1.891529e+01 9.774758e+01 4.175800e+02
    endloop
  endfacet
  facet normal -3.302791e-01 -9.438833e-01 0.000000e+00
    outer loop
      vertex   1.891529e+01 9.774758e+01 4.175800e+02
      vertex   1.944370e+01 9.756268e+01 4.250000e+02
      vertex   1.891529e+01 9.774758e+01 4.250000e+02
    endloop
  endfacet
  facet normal -5.320321e-01 -8.467242e-01 0.000000e+00
    outer loop
      vertex   1.891529e+01 9.774758e+01 4.175800e+02
      vertex   1.891529e+01 9.774758e+01 4.250000e+02
      vertex   1.844128e+01 9.804542e+01 4.175800e+02
    endloop
  endfacet
  facet normal -5.320321e-01 -8.467242e-01 0.000000e+00
    outer loop
      vertex   1.844128e+01 9.804542e+01 4.175800e+02
      vertex   1.891529e+01 9.774758e+01 4.250000e+02
      vertex   1.844128e+01 9.804542e+01 4.250000e+02
    endloop
  endfacet
  facet normal -7.071068e-01 -7.071068e-01 0.000000e+00
    outer loop
      vertex   1.844128e+01 9.804542e+01 4.175800e+02
      vertex   1.844128e+01 9.804542e+01 4.250000e+02
      vertex   1.804542e+01 9.844127e+01 4.175800e+02
    endloop
  endfacet
  facet normal -7.071068e-01 -7.071068e-01 0.000000e+00
    outer loop
      vertex   1.804542e+01 9.844127e+01 4.175800e+02
      vertex   1.844128e+01 9.804542e+01 4.250000e+02
      vertex   1.804542e+01 9.844127e+01 4.250000e+02
    endloop
  endfacet
  facet normal -8.467242e-01 -5.320321e-01 0.000000e+00
    outer loop
      vertex   1.804542e+01 9.844127e+01 4.175800e+02
      vertex   1.804542e+01 9.844127e+01 4.250000e+02
      vertex   1.774758e+01 9.891529e+01 4.175800e+02
    endloop
  endfacet
  facet normal -8.467242e-01 -5.320321e-01 0.000000e+00
    outer loop
      vertex   1.774758e+01 9.891529e+01 4.175800e+02
      vertex   1.804542e+01 9.844127e+01 4.250000e+02
      vertex   1.774758e+01 9.891529e+01 4.250000e+02
    endloop
  endfacet
  facet normal -9.438833e-01 -3.302791e-01 0.000000e+00
    outer loop
      vertex   1.774758e+01 9.891529e+01 4.175800e+02
      vertex   1.774758e+01 9.891529e+01 4.250000e+02
      vertex   1.756268e+01 9.944370e+01 4.175800e+02
    endloop
  endfacet
  facet normal -9.438833e-01 -3.302791e-01 0.000000e+00
    outer loop
      vertex   1.756268e+01 9.944370e+01 4.175800e+02
      vertex   1.774758e+01 9.891529e+01 4.250000e+02
      vertex   1.756268e+01 9.944370e+01 4.250000e+02
    endloop
  endfacet
  facet normal -9.937122e-01 -1.119645e-01 0.000000e+00
    outer loop
      vertex   1.756268e+01 9.944370e+01 4.175800e+02
      vertex   1.756268e+01 9.944370e+01 4.250000e+02
      vertex   1.750000e+01 1.000000e+02 4.175800e+02
    endloop
  endfacet
  facet normal -9.937122e-01 -1.119645e-01 0.000000e+00
    outer loop
      vertex   1.750000e+01 1.000000e+02 4.175800e+02
      vertex   1.756268e+01 9.944370e+01 4.250000e+02
      vertex   1.750000e+01 1.000000e+02 4.250000e+02
    endloop
  endfacet
  facet normal -9.937122e-01 1.119645e-01 0.000000e+00
    outer loop
      vertex   1.750000e+01 1.000000e+02 4.175800e+02
      vertex   1.750000e+01 1.000000e+02 4.250000e+02
      vertex   1.756268e+01 1.005563e+02 4.175800e+02
    endloop
  endfacet
  facet normal -9.937122e-01 1.119645e-01 0.000000e+00
    outer loop
      vertex   1.756268e+01 1.005563e+02 4.175800e+02
      vertex   1.750000e+01 1.000000e+02 4.250000e+02
      vertex   1.756268e+01 1.005563e+02 4.250000e+02
    endloop
  endfacet
  facet normal -9.438833e-01 3.302791e-01 0.000000e+00
    outer loop
      vertex   1.756268e+01 1.005563e+02 4.175800e+02
      vertex   1.756268e+01 1.005563e+02 4.250000e+02
      vertex   1.774758e+01 1.010847e+02 4.175800e+02
    endloop
  endfacet
  facet normal -9.438833e-01 3.302791e-01 0.000000e+00
    outer loop
      vertex   1.774758e+01 1.010847e+02 4.175800e+02
      vertex   1.756268e+01 1.005563e+02 4.250000e+02
      vertex   1.774758e+01 1.010847e+02 4.250000e+02
    endloop
  endfacet
  facet normal -8.467242e-01 5.320321e-01 0.000000e+00
    outer loop
      vertex   1.774758e+01 1.010847e+02 4.175800e+02
      vertex   1.774758e+01 1.010847e+02 4.250000e+02
      vertex   1.804542e+01 1.015587e+02 4.175800e+02
    endloop
  endfacet
  facet normal -8.467242e-01 5.320321e-01 0.000000e+00
    outer loop
      vertex   1.804542e+01 1.015587e+02 4.175800e+02
      vertex   1.774758e+01 1.010847e+02 4.250000e+02
      vertex   1.804542e+01 1.015587e+02 4.250000e+02
    endloop
  endfacet
  facet normal -7.071068e-01 7.071068e-01 0.000000e+00
    outer loop
      vertex   1.804542e+01 1.015587e+02 4.175800e+02
      vertex   1.804542e+01 1.015587e+02 4.250000e+02
      vertex   1.844128e+01 1.019546e+02 4.175800e+02
    endloop
  endfacet
  facet normal -7.071068e-01 7.071068e-01 0.000000e+00
    outer loop
      vertex   1.844128e+01 1.019546e+02 4.175800e+02
      vertex   1.804542e+01 1.015587e+02 4.250000e+02
      vertex   1.844128e+01 1.019546e+02 4.250000e+02
    endloop
  endfacet
  facet normal -5.320321e-01 8.467242e-01 0.000000e+00
    outer loop
      vertex   1.844128e+01 1.019546e+02 4.175800e+02
      vertex   1.844128e+01 1.019546e+02 4.250000e+02
      vertex   1.891529e+01 1.022524e+02 4.175800e+02
    endloop
  endfacet
  facet normal -5.320321e-01 8.467242e-01 0.000000e+00
    outer loop
      vertex   1.891529e+01 1.022524e+02 4.175800e+02
      vertex   1.844128e+01 1.019546e+02 4.250000e+02
      vertex   1.891529e+01 1.022524e+02 4.250000e+02
    endloop
  endfacet
  facet normal -3.302791e-01 9.438833e-01 0.000000e+00
    outer loop
      vertex   1.891529e+01 1.022524e+02 4.175800e+02
      vertex   1.891529e+01 1.022524e+02 4.250000e+02
      vertex   1.944370e+01 1.024373e+02 4.175800e+02
    endloop
  endfacet
  facet normal -3.302791e-01 9.438833e-01 0.000000e+00
    outer loop
      vertex   1.944370e+01 1.024373e+02 4.175800e+02
      vertex   1.891529e+01 1.022524e+02 4.250000e+02
      vertex   1.944370e+01 1.024373e+02 4.250000e+02
    endloop
  endfacet
  facet normal -1.119645e-01 9.937122e-01 0.000000e+00
    outer loop
      vertex   1.944370e+01 1.024373e+02 4.175800e+02
      vertex   1.944370e+01 1.024373e+02 4.250000e+02
      vertex   2.000000e+01 1.025000e+02 4.175800e+02
    endloop
  endfacet
  facet normal -1.119645e-01 9.937122e-01 0.000000e+00
    outer loop
      vertex   2.000000e+01 1.025000e+02 4.175800e+02
      vertex   1.944370e+01 1.024373e+02 4.250000e+02
      vertex   2.000000e+01 1.025000e+02 4.250000e+02
    endloop
  endfacet
  facet normal 1.119645e-01 9.937122e-01 -0.000000e+00
    outer loop
      vertex   2.000000e+01 1.025000e+02 4.175800e+02
      vertex   2.000000e+01 1.025000e+02 4.250000e+02
      vertex   2.055630e+01 1.024373e+02 4.175800e+02
    endloop
  endfacet
  facet normal 1.119645e-01 9.937122e-01 -0.000000e+00
    outer loop
      vertex   2.055630e+01 1.024373e+02 4.175800e+02
      vertex   2.000000e+01 1.025000e+02 4.250000e+02
      vertex   2.055630e+01 1.024373e+02 4.250000e+02
    endloop
  endfacet
  facet normal 3.302791e-01 9.438833e-01 -0.000000e+00
    outer loop
      vertex   2.055630e+01 1.024373e+02 4.175800e+02
      vertex   2.055630e+01 1.024373e+02 4.250000e+02
      vertex   2.108471e+01 1.022524e+02 4.175800e+02
    endloop
  endfacet
  facet normal 3.302791e-01 9.438833e-01 -0.000000e+00
    outer loop
      vertex   2.108471e+01 1.022524e+02 4.175800e+02
      vertex   2.055630e+01 1.024373e+02 4.250000e+02
      vertex   2.108471e+01 1.022524e+02 4.250000e+02
    endloop
  endfacet
  facet normal 5.320321e-01 8.467242e-01 -0.000000e+00
    outer loop
      vertex   2.108471e+01 1.022524e+02 4.175800e+02
      vertex   2.108471e+01 1.022524e+02 4.250000e+02
      vertex   2.155872e+01 1.019546e+02 4.175800e+02
    endloop
  endfacet
  facet normal 5.320321e-01 8.467242e-01 -0.000000e+00
    outer loop
      vertex   2.155872e+01 1.019546e+02 4.175800e+02
      vertex   2.108471e+01 1.022524e+02 4.250000e+02
      vertex   2.155872e+01 1.019546e+02 4.250000e+02
    endloop
  endfacet
  facet normal 7.071068e-01 7.071068e-01 -0.000000e+00
    outer loop
      vertex   2.155872e+01 1.019546e+02 4.175800e+02
      vertex   2.155872e+01 1.019546e+02 4.250000e+02
      vertex   2.195458e+01 1.015587e+02 4.175800e+02
    endloop
  endfacet
  facet normal 7.071068e-01 7.071068e-01 -0.000000e+00
    outer loop
      vertex   2.195458e+01 1.015587e+02 4.175800e+02
      vertex   2.155872e+01 1.019546e+02 4.250000e+02
      vertex   2.195458e+01 1.015587e+02 4.250000e+02
    endloop
  endfacet
  facet normal 8.467242e-01 5.320321e-01 -0.000000e+00
    outer loop
      vertex   2.195458e+01 1.015587e+02 4.175800e+02
      vertex   2.195458e+01 1.015587e+02 4.250000e+02
      vertex   2.225242e+01 1.010847e+02 4.175800e+02
    endloop
  endfacet
  facet normal 8.467242e-01 5.320321e-01 -0.000000e+00
    outer loop
      vertex   2.225242e+01 1.010847e+02 4.175800e+02
      vertex   2.195458e+01 1.015587e+02 4.250000e+02
      vertex   2.225242e+01 1.010847e+02 4.250000e+02
    endloop
  endfacet
  facet normal 9.438833e-01 3.302791e-01 -0.000000e+00
    outer loop
      vertex   2.225242e+01 1.010847e+02 4.175800e+02
      vertex   2.225242e+01 1.010847e+02 4.250000e+02
      vertex   2.243732e+01 1.005563e+02 4.175800e+02
    endloop
  endfacet
  facet normal 9.438833e-01 3.302791e-01 -0.000000e+00
    outer loop
      vertex   2.243732e+01 1.005563e+02 4.175800e+02
      vertex   2.225242e+01 1.010847e+02 4.250000e+02
      vertex   2.243732e+01 1.005563e+02 4.250000e+02
    endloop
  endfacet
  facet normal 0.000000e+00 0.000000e+00 -1.000000e+00
    outer loop
      vertex   1.897029e+01 9.858501e+01 4.250000e+02
      vertex   1.865911e+01 9.887550e+01 4.250000e+02
      vertex   1.865080e+01 9.890575e+01 4.250000e+02
    endloop
  endfacet
  facet normal -0.000000e+00 -0.000000e+00 -1.000000e+00
    outer loop
      vertex   1.865080e+01 9.890575e+01 4.250000e+02
      vertex   1.865911e+01 9.887550e+01 4.250000e+02
      vertex   1.842727e+01 9.923252e+01 4.250000e+02
    endloop
  endfacet
  facet normal 0.000000e+00 0.000000e+00 -1.000000e+00
    outer loop
      vertex   1.865080e+01 9.890575e+01 4.250000e+02
      vertex   1.842727e+01 9.923252e+01 4.250000e+02
      vertex   1.842429e+01 9.929772e+01 4.250000e+02
    endloop
  endfacet
  facet normal -0.000000e+00 -0.000000e+00 -1.000000e+00
    outer loop
      vertex   1.842429e+01 9.929772e+01 4.250000e+02
      vertex   1.842727e+01 9.923252e+01 4.250000e+02
      vertex   1.828849e+01 9.963497e+01 4.250000e+02
    endloop
  endfacet
  facet normal 0.000000e+00 0.000000e+00 -1.000000e+00
    outer loop
      vertex   1.842429e+01 9.929772e+01 4.250000e+02
      vertex   1.828849e+01 9.963497e+01 4.250000e+02
      vertex   1.830590e+01 9.973467e+01 4.250000e+02
    endloop
  endfacet
  facet normal -0.000000e+00 0.000000e+00 -1.000000e+00
    outer loop
      vertex   1.830590e+01 9.973467e+01 4.250000e+02
      vertex   1.828849e+01 9.963497e+01 4.250000e+02
      vertex   1.825099e+01 1.000590e+02 4.250000e+02
    endloop
  endfacet
  facet normal 0.000000e+00 0.000000e+00 -1.000000e+00
    outer loop
      vertex   1.830590e+01 9.973467e+01 4.250000e+02
      vertex   1.825099e+01 1.000590e+02 4.250000e+02
      vertex   1.830355e+01 1.001874e+02 4.250000e+02
    endloop
  endfacet
  facet normal -0.000000e+00 0.000000e+00 -1.000000e+00
    outer loop
      vertex   1.830355e+01 1.001874e+02 4.250000e+02
      vertex   1.825099e+01 1.000590e+02 4.250000e+02
      vertex   1.831699e+01 1.004796e+02 4.250000e+02
    endloop
  endfacet
  facet normal 0.000000e+00 0.000000e+00 -1.000000e+00
    outer loop
      vertex   1.830355e+01 1.001874e+02 4.250000e+02
      vertex   1.831699e+01 1.004796e+02 4.250000e+02
      vertex   1.841742e+01 1.006255e+02 4.250000e+02
    endloop
  endfacet
  facet normal -0.000000e+00 0.000000e+00 -1.000000e+00
    outer loop
      vertex   1.841742e+01 1.006255e+02 4.250000e+02
      vertex   1.831699e+01 1.004796e+02 4.250000e+02
      vertex   1.848257e+01 1.008717e+02 4.250000e+02
    endloop
  endfacet
  facet normal 0.000000e+00 0.000000e+00 -1.000000e+00
    outer loop
      vertex   1.841742e+01 1.006255e+02 4.250000e+02
      vertex   1.848257e+01 1.008717e+02 4.250000e+02
      vertex   1.863987e+01 1.010198e+02 4.250000e+02
    endloop
  endfacet
  facet normal -0.000000e+00 0.000000e+00 -1.000000e+00
    outer loop
      vertex   1.863987e+01 1.010198e+02 4.250000e+02
      vertex   1.848257e+01 1.008717e+02 4.250000e+02
      vertex   1.873795e+01 1.012123e+02 4.250000e+02
    endloop
  endfacet
  facet normal 0.000000e+00 0.000000e+00 -1.000000e+00
    outer loop
      vertex   1.863987e+01 1.010198e+02 4.250000e+02
      vertex   1.873795e+01 1.012123e+02 4.250000e+02
      vertex   1.895601e+01 1.013439e+02 4.250000e+02
    endloop
  endfacet
  facet normal -0.000000e+00 0.000000e+00 -1.000000e+00
    outer loop
      vertex   1.895601e+01 1.013439e+02 4.250000e+02
      vertex   1.873795e+01 1.012123e+02 4.250000e+02
      vertex   1.906800e+01 1.014812e+02 4.250000e+02
    endloop
  endfacet
  facet normal 0.000000e+00 0.000000e+00 -1.000000e+00
    outer loop
      vertex   1.895601e+01 1.013439e+02 4.250000e+02
      vertex   1.906800e+01 1.014812e+02 4.250000e+02
      vertex   1.934470e+01 1.015760e+02 4.250000e+02
    endloop
  endfacet
  facet normal -0.000000e+00 0.000000e+00 -1.000000e+00
    outer loop
      vertex   1.934470e+01 1.015760e+02 4.250000e+02
      vertex   1.906800e+01 1.014812e+02 4.250000e+02
      vertex   1.945320e+01 1.016624e+02 4.250000e+02
    endloop
  endfacet
  facet normal 0.000000e+00 0.000000e+00 -1.000000e+00
    outer loop
      vertex   1.934470e+01 1.015760e+02 4.250000e+02
      vertex   1.945320e+01 1.016624e+02 4.250000e+02
      vertex   1.977992e+01 1.017006e+02 4.250000e+02
    endloop
  endfacet
  facet normal -0.000000e+00 0.000000e+00 -1.000000e+00
    outer loop
      vertex   1.977992e+01 1.017006e+02 4.250000e+02
      vertex   1.945320e+01 1.016624e+02 4.250000e+02
      vertex   1.987076e+01 1.017452e+02 4.250000e+02
    endloop
  endfacet
  facet normal 0.000000e+00 0.000000e+00 -1.000000e+00
    outer loop
      vertex   1.977992e+01 1.017006e+02 4.250000e+02
      vertex   1.987076e+01 1.017452e+02 4.250000e+02
      vertex   2.023255e+01 1.017094e+02 4.250000e+02
    endloop
  endfacet
  facet normal 0.000000e+00 0.000000e+00 -1.000000e+00
    outer loop
      vertex   2.023255e+01 1.017094e+02 4.250000e+02
      vertex   1.987076e+01 1.017452e+02 4.250000e+02
      vertex   2.029597e+01 1.017248e+02 4.250000e+02
    endloop
  endfacet
  facet normal 0.000000e+00 0.000000e+00 -1.000000e+00
    outer loop
      vertex   2.023255e+01 1.017094e+02 4.250000e+02
      vertex   2.029597e+01 1.017248e+02 4.250000e+02
      vertex   2.067229e+01 1.016018e+02 4.250000e+02
    endloop
  endfacet
  facet normal 0.000000e+00 0.000000e+00 -1.000000e+00
    outer loop
      vertex   2.067229e+01 1.016018e+02 4.250000e+02
      vertex   2.029597e+01 1.017248e+02 4.250000e+02
      vertex   2.070366e+01 1.016023e+02 4.250000e+02
    endloop
  endfacet
  facet normal 0.000000e+00 0.000000e+00 -1.000000e+00
    outer loop
      vertex   2.067229e+01 1.016018e+02 4.250000e+02
      vertex   2.070366e+01 1.016023e+02 4.250000e+02
      vertex   2.106971e+01 1.013850e+02 4.250000e+02
    endloop
  endfacet
  facet normal 9.937122e-01 1.119645e-01 -0.000000e+00
    outer loop
      vertex   -1.256268e+01 2.655630e+01 4.175800e+02
      vertex   -1.256268e+01 2.655630e+01 4.250000e+02
      vertex   -1.250000e+01 2.600000e+01 4.175800e+02
    endloop
  endfacet
  facet normal 9.937122e-01 1.119645e-01 -0.000000e+00
    outer loop
      vertex   -1.250000e+01 2.600000e+01 4.175800e+02
      vertex   -1.256268e+01 2.655630e+01 4.250000e+02
      vertex   -1.250000e+01 2.600000e+01 4.250000e+02
    endloop
  endfacet
  facet normal 9.937122e-01 -1.119645e-01 0.000000e+00
    outer loop
      vertex   -1.250000e+01 2.600000e+01 4.175800e+02
      vertex   -1.250000e+01 2.600000e+01 4.250000e+02
      vertex   -1.256268e+01 2.544370e+01 4.175800e+02
    endloop
  endfacet
  facet normal 9.937122e-01 -1.119645e-01 0.000000e+00
    outer loop
      vertex   -1.256268e+01 2.544370e+01 4.175800e+02
      vertex   -1.250000e+01 2.600000e+01 4.250000e+02
      vertex   -1.256268e+01 2.544370e+01 4.250000e+02
    endloop
  endfacet
  facet normal 9.438833e-01 -3.302791e-01 0.000000e+00
    outer loop
      vertex   -1.256268e+01 2.544370e+01 4.175800e+02
      vertex   -1.256268e+01 2.544370e+01 4.250000e+02
      vertex   -1.274758e+01 2.491529e+01 4.175800e+02
    endloop
  endfacet
  facet normal 9.438833e-01 -3.302791e-01 0.000000e+00
    outer loop
      vertex   -1.274758e+01 2.491529e+01 4.175800e+02
      vertex   -1.256268e+01 2.544370e+01 4.250000e+02
      vertex   -1.274758e+01 2.491529e+01 4.250000e+02
    endloop
  endfacet
  facet normal 8.467242e-01 -5.320321e-01 0.000000e+00
    outer loop
      vertex   -1.274758e+01 2.491529e+01 4.175800e+02
      vertex   -1.274758e+01 2.491529e+01 4.250000e+02
      vertex   -1.304542e+01 2.444128e+01 4.175800e+02
    endloop
  endfacet
  facet normal 8.467242e-01 -5.320321e-01 0.000000e+00
    outer loop
      vertex   -1.304542e+01 2.444128e+01 4.175800e+02
      vertex   -1.274758e+01 2.491529e+01 4.250000e+02
      vertex   -1.304542e+01 2.444128e+01 4.250000e+02
    endloop
  endfacet
  facet normal 7.071068e-01 -7.071068e-01 0.000000e+00
    outer loop
      vertex   -1.304542e+01 2.444128e+01 4.175800e+02
      vertex   -1.304542e+01 2.444128e+01 4.250000e+02
      vertex   -1.344128e+01 2.404542e+01 4.175800e+02
    endloop
  endfacet
  facet normal 7.071068e-01 -7.071068e-01 0.000000e+00
    outer loop
      vertex   -1.344128e+01 2.404542e+01 4.175800e+02
      vertex   -1.304542e+01 2.444128e+01 4.250000e+02
      vertex   -1.344128e+01 2.404542e+01 4.250000e+02
    endloop
  endfacet
  facet normal 5.320321e-01 -8.467242e-01 0.000000e+00
    outer loop
      vertex   -1.344128e+01 2.404542e+01 4.175800e+02
      vertex   -1.344128e+01 2.404542e+01 4.250000e+02
      vertex   -1.391529e+01 2.374758e+01 4.175800e+02
    endloop
  endfacet
  facet normal 5.320321e-01 -8.467242e-01 0.000000e+00
    outer loop
      vertex   -1.391529e+01 2.374758e+01 4.175800e+02
      vertex   -1.344128e+01 2.404542e+01 4.250000e+02
      vertex   -1.391529e+01 2.374758e+01 4.250000e+02
    endloop
  endfacet
  facet normal 3.302791e-01 -9.438833e-01 0.000000e+00
    outer loop
      vertex   -1.391529e+01 2.374758e+01 4.175800e+02
      vertex   -1.391529e+01 2.374758e+01 4.250000e+02
      vertex   -1.444370e+01 2.356268e+01 4.175800e+02
    endloop
  endfacet
  facet normal 3.302791e-01 -9.438833e-01 0.000000e+00
    outer loop
      vertex   -1.444370e+01 2.356268e+01 4.175800e+02
      vertex   -1.391529e+01 2.374758e+01 4.250000e+02
      vertex   -1.444370e+01 2.356268e+01 4.250000e+02
    endloop
  endfacet
  facet normal 1.119645e-01 -9.937122e-01 0.000000e+00
    outer loop
      vertex   -1.444370e+01 2.356268e+01 4.175800e+02
      vertex   -1.444370e+01 2.356268e+01 4.250000e+02
      vertex   -1.500000e+01 2.350000e+01 4.175800e+02
    endloop
  endfacet
  facet normal 1.119645e-01 -9.937122e-01 0.000000e+00
    outer loop
      vertex   -1.500000e+01 2.350000e+01 4.175800e+02
      vertex   -1.444370e+01 2.356268e+01 4.250000e+02
      vertex   -1.500000e+01 2.350000e+01 4.250000e+02
    endloop
  endfacet
  facet normal -1.119645e-01 -9.937122e-01 0.000000e+00
    outer loop
      vertex   -1.500000e+01 2.350000e+01 4.175800e+02
      vertex   -1.500000e+01 2.350000e+01 4.250000e+02
      vertex   -1.555630e+01 2.356268e+01 4.175800e+02
    endloop
  endfacet
  facet normal -1.119645e-01 -9.937122e-01 0.000000e+00
    outer loop
      vertex   -1.555630e+01 2.356268e+01 4.175800e+02
      vertex   -1.500000e+01 2.350000e+01 4.250000e+02
      vertex   -1.555630e+01 2.356268e+01 4.250000e+02
    endloop
  endfacet
  facet normal -3.302791e-01 -9.438833e-01 0.000000e+00
    outer loop
      vertex   -1.555630e+01 2.356268e+01 4.175800e+02
      vertex   -1.555630e+01 2.356268e+01 4.250000e+02
      vertex   -1.608471e+01 2.374758e+01 4.175800e+02
    endloop
  endfacet
  facet normal -3.302791e-01 -9.438833e-01 0.000000e+00
    outer loop
      vertex   -1.608471e+01 2.374758e+01 4.175800e+02
      vertex   -1.555630e+01 2.356268e+01 4.250000e+02
      vertex   -1.608471e+01 2.374758e+01 4.250000e+02
    endloop
  endfacet
  facet normal -5.320321e-01 -8.467242e-01 0.000000e+00
    outer loop
      vertex   -1.608471e+01 2.374758e+01 4.175800e+02
      vertex   -1.608471e+01 2.374758e+01 4.250000e+02
      vertex   -1.655872e+01 2.404542e+01 4.175800e+02
    endloop
  endfacet
  facet normal -5.320321e-01 -8.467242e-01 0.000000e+00
    outer loop
      vertex   -1.655872e+01 2.404542e+01 4.175800e+02
      vertex   -1.608471e+01 2.374758e+01 4.250000e+02
      vertex   -1.655872e+01 2.404542e+01 4.250000e+02
    endloop
  endfacet
  facet normal -7.071068e-01 -7.071068e-01 0.000000e+00
    outer loop
      vertex   -1.655872e+01 2.404542e+01 4.175800e+02
      vertex   -1.655872e+01 2.404542e+01 4.250000e+02
      vertex   -1.695458e+01 2.444128e+01 4.175800e+02
    endloop
  endfacet
  facet normal -7.071068e-01 -7.071068e-01 0.000000e+00
    outer loop
      vertex   -1.695458e+01 2.444128e+01 4.175800e+02
      vertex   -1.655872e+01 2.404542e+01 4.250000e+02
      vertex   -1.695458e+01 2.444128e+01 4.250000e+02
    endloop
  endfacet
  facet normal -8.467242e-01 -5.320321e-01 0.000000e+00
    outer loop
      vertex   -1.695458e+01 2.444128e+01 4.175800e+02
      vertex   -1.695458e+01 2.444128e+01 4.250000e+02
      vertex   -1.725242e+01 2.491529e+01 4.175800e+02
    endloop
  endfacet
  facet normal -8.467242e-01 -5.320321e-01 0.000000e+00
    outer loop
      vertex   -1.725242e+01 2.491529e+01 4.175800e+02
      vertex   -1.695458e+01 2.444128e+01 4.250000e+02
      vertex   -1.725242e+01 2.491529e+01 4.250000e+02
    endloop
  endfacet
  facet normal -9.438833e-01 -3.302791e-01 0.000000e+00
    outer loop
      vertex   -1.725242e+01 2.491529e+01 4.175800e+02
      vertex   -1.725242e+01 2.491529e+01 4.250000e+02
      vertex   -1.743732e+01 2.544370e+01 4.175800e+02
    endloop
  endfacet
  facet normal -9.438833e-01 -3.302791e-01 0.000000e+00
    outer loop
      vertex   -1.743732e+01 2.544370e+01 4.175800e+02
      vertex   -1.725242e+01 2.491529e+01 4.250000e+02
      vertex   -1.743732e+01 2.544370e+01 4.250000e+02
    endloop
  endfacet
  facet normal -9.937122e-01 -1.119645e-01 0.000000e+00
    outer loop
      vertex   -1.743732e+01 2.544370e+01 4.175800e+02
      vertex   -1.743732e+01 2.544370e+01 4.250000e+02
      vertex   -1.750000e+01 2.600000e+01 4.175800e+02
    endloop
  endfacet
  facet normal -9.937122e-01 -1.119645e-01 0.000000e+00
    outer loop
      vertex   -1.750000e+01 2.600000e+01 4.175800e+02
      vertex   -1.743732e+01 2.544370e+01 4.250000e+02
      vertex   -1.750000e+01 2.600000e+01 4.250000e+02
    endloop
  endfacet
  facet normal -9.937122e-01 1.119645e-01 0.000000e+00
    outer loop
      vertex   -1.750000e+01 2.600000e+01 4.175800e+02
      vertex   -1.750000e+01 2.600000e+01 4.250000e+02
      vertex   -1.743732e+01 2.655630e+01 4.175800e+02
    endloop
  endfacet
  facet normal -9.937122e-01 1.119645e-01 0.000000e+00
    outer loop
      vertex   -1.743732e+01 2.655630e+01 4.175800e+02
      vertex   -1.750000e+01 2.600000e+01 4.250000e+02
      vertex   -1.743732e+01 2.655630e+01 4.250000e+02
    endloop
  endfacet
  facet normal -9.438833e-01 3.302791e-01 0.000000e+00
    outer loop
      vertex   -1.743732e+01 2.655630e+01 4.175800e+02
      vertex   -1.743732e+01 2.655630e+01 4.250000e+02
      vertex   -1.725242e+01 2.708471e+01 4.175800e+02
    endloop
  endfacet
  facet normal -9.438833e-01 3.302791e-01 0.000000e+00
    outer loop
      vertex   -1.725242e+01 2.708471e+01 4.175800e+02
      vertex   -1.743732e+01 2.655630e+01 4.250000e+02
      vertex   -1.725242e+01 2.708471e+01 4.250000e+02
    endloop
  endfacet
  facet normal -8.467242e-01 5.320321e-01 0.000000e+00
    outer loop
      vertex   -1.725242e+01 2.708471e+01 4.175800e+02
      vertex   -1.725242e+01 2.708471e+01 4.250000e+02
      vertex   -1.695458e+01 2.755872e+01 4.175800e+02
    endloop
  endfacet
  facet normal -8.467242e-01 5.320321e-01 0.000000e+00
    outer loop
      vertex   -1.695458e+01 2.755872e+01 4.175800e+02
      vertex   -1.725242e+01 2.708471e+01 4.250000e+02
      vertex   -1.695458e+01 2.755872e+01 4.250000e+02
    endloop
  endfacet
  facet normal -7.071068e-01 7.071068e-01 0.000000e+00
    outer loop
      vertex   -1.695458e+01 2.755872e+01 4.175800e+02
      vertex   -1.695458e+01 2.755872e+01 4.250000e+02
      vertex   -1.655872e+01 2.795458e+01 4.175800e+02
    endloop
  endfacet
  facet normal -7.071068e-01 7.071068e-01 0.000000e+00
    outer loop
      vertex   -1.655872e+01 2.795458e+01 4.175800e+02
      vertex   -1.695458e+01 2.755872e+01 4.250000e+02
      vertex   -1.655872e+01 2.795458e+01 4.250000e+02
    endloop
  endfacet
  facet normal -5.320321e-01 8.467242e-01 0.000000e+00
    outer loop
      vertex   -1.655872e+01 2.795458e+01 4.175800e+02
      vertex   -1.655872e+01 2.795458e+01 4.250000e+02
      vertex   -1.608471e+01 2.825242e+01 4.175800e+02
    endloop
  endfacet
  facet normal -5.320321e-01 8.467242e-01 0.000000e+00
    outer loop
      vertex   -1.608471e+01 2.825242e+01 4.175800e+02
      vertex   -1.655872e+01 2.795458e+01 4.250000e+02
      vertex   -1.608471e+01 2.825242e+01 4.250000e+02
    endloop
  endfacet
  facet normal -3.302791e-01 9.438833e-01 0.000000e+00
    outer loop
      vertex   -1.608471e+01 2.825242e+01 4.175800e+02
      vertex   -1.608471e+01 2.825242e+01 4.250000e+02
      vertex   -1.555630e+01 2.843732e+01 4.175800e+02
    endloop
  endfacet
  facet normal -3.302791e-01 9.438833e-01 0.000000e+00
    outer loop
      vertex   -1.555630e+01 2.843732e+01 4.175800e+02
      vertex   -1.608471e+01 2.825242e+01 4.250000e+02
      vertex   -1.555630e+01 2.843732e+01 4.250000e+02
    endloop
  endfacet
  facet normal -1.119645e-01 9.937122e-01 0.000000e+00
    outer loop
      vertex   -1.555630e+01 2.843732e+01 4.175800e+02
      vertex   -1.555630e+01 2.843732e+01 4.250000e+02
      vertex   -1.500000e+01 2.850000e+01 4.175800e+02
    endloop
  endfacet
  facet normal -1.119645e-01 9.937122e-01 0.000000e+00
    outer loop
      vertex   -1.500000e+01 2.850000e+01 4.175800e+02
      vertex   -1.555630e+01 2.843732e+01 4.250000e+02
      vertex   -1.500000e+01 2.850000e+01 4.250000e+02
    endloop
  endfacet
  facet normal 1.119645e-01 9.937122e-01 -0.000000e+00
    outer loop
      vertex   -1.500000e+01 2.850000e+01 4.175800e+02
      vertex   -1.500000e+01 2.850000e+01 4.250000e+02
      vertex   -1.444370e+01 2.843732e+01 4.175800e+02
    endloop
  endfacet
  facet normal 1.119645e-01 9.937122e-01 -0.000000e+00
    outer loop
      vertex   -1.444370e+01 2.843732e+01 4.175800e+02
      vertex   -1.500000e+01 2.850000e+01 4.250000e+02
      vertex   -1.444370e+01 2.843732e+01 4.250000e+02
    endloop
  endfacet
  facet normal 3.302791e-01 9.438833e-01 -0.000000e+00
    outer loop
      vertex   -1.444370e+01 2.843732e+01 4.175800e+02
      vertex   -1.444370e+01 2.843732e+01 4.250000e+02
      vertex   -1.391529e+01 2.825242e+01 4.175800e+02
    endloop
  endfacet
  facet normal 3.302791e-01 9.438833e-01 -0.000000e+00
    outer loop
      vertex   -1.391529e+01 2.825242e+01 4.175800e+02
      vertex   -1.444370e+01 2.843732e+01 4.250000e+02
      vertex   -1.391529e+01 2.825242e+01 4.250000e+02
    endloop
  endfacet
  facet normal 5.320321e-01 8.467242e-01 -0.000000e+00
    outer loop
      vertex   -1.391529e+01 2.825242e+01 4.175800e+02
      vertex   -1.391529e+01 2.825242e+01 4.250000e+02
      vertex   -1.344128e+01 2.795458e+01 4.175800e+02
    endloop
  endfacet
  facet normal 5.320321e-01 8.467242e-01 -0.000000e+00
    outer loop
      vertex   -1.344128e+01 2.795458e+01 4.175800e+02
      vertex   -1.391529e+01 2.825242e+01 4.250000e+02
      vertex   -1.344128e+01 2.795458e+01 4.250000e+02
    endloop
  endfacet
  facet normal 7.071068e-01 7.071068e-01 -0.000000e+00
    outer loop
      vertex   -1.344128e+01 2.795458e+01 4.175800e+02
      vertex   -1.344128e+01 2.795458e+01 4.250000e+02
      vertex   -1.304542e+01 2.755872e+01 4.175800e+02
    endloop
  endfacet
  facet normal 7.071068e-01 7.071068e-01 -0.000000e+00
    outer loop
      vertex   -1.304542e+01 2.755872e+01 4.175800e+02
      vertex   -1.344128e+01 2.795458e+01 4.250000e+02
      vertex   -1.304542e+01 2.755872e+01 4.250000e+02
    endloop
  endfacet
  facet normal 8.467242e-01 5.320321e-01 -0.000000e+00
    outer loop
      vertex   -1.304542e+01 2.755872e+01 4.175800e+02
      vertex   -1.304542e+01 2.755872e+01 4.250000e+02
      vertex   -1.274758e+01 2.708471e+01 4.175800e+02
    endloop
  endfacet
  facet normal 8.467242e-01 5.320321e-01 -0.000000e+00
    outer loop
      vertex   -1.274758e+01 2.708471e+01 4.175800e+02
      vertex   -1.304542e+01 2.755872e+01 4.250000e+02
      vertex   -1.274758e+01 2.708471e+01 4.250000e+02
    endloop
  endfacet
  facet normal 9.438833e-01 3.302791e-01 -0.000000e+00
    outer loop
      vertex   -1.274758e+01 2.708471e+01 4.175800e+02
      vertex   -1.274758e+01 2.708471e+01 4.250000e+02
      vertex   -1.256268e+01 2.655630e+01 4.175800e+02
    endloop
  endfacet
  facet normal 9.438833e-01 3.302791e-01 -0.000000e+00
    outer loop
      vertex   -1.256268e+01 2.655630e+01 4.175800e+02
      vertex   -1.274758e+01 2.708471e+01 4.250000e+02
      vertex   -1.256268e+01 2.655630e+01 4.250000e+02
    endloop
  endfacet
  facet normal -9.069001e-01 -4.213458e-01 -0.000000e+00
    outer loop
      vertex   -1.851456e+01 1.009252e+02 4.250000e+02
      vertex   -1.851456e+01 1.009252e+02 4.175800e+02
      vertex   -1.833493e+01 1.005385e+02 4.250000e+02
    endloop
  endfacet
  facet normal -9.069001e-01 -4.213458e-01 -0.000000e+00
    outer loop
      vertex   -1.833493e+01 1.005385e+02 4.250000e+02
      vertex   -1.851456e+01 1.009252e+02 4.175800e+02
      vertex   -1.833493e+01 1.005385e+02 4.175800e+02
    endloop
  endfacet
  facet normal -9.818710e-01 -1.895505e-01 -0.000000e+00
    outer loop
      vertex   -1.833493e+01 1.005385e+02 4.250000e+02
      vertex   -1.833493e+01 1.005385e+02 4.175800e+02
      vertex   -1.825411e+01 1.001199e+02 4.250000e+02
    endloop
  endfacet
  facet normal -9.818710e-01 -1.895505e-01 -0.000000e+00
    outer loop
      vertex   -1.825411e+01 1.001199e+02 4.250000e+02
      vertex   -1.833493e+01 1.005385e+02 4.175800e+02
      vertex   -1.825411e+01 1.001199e+02 4.175800e+02
    endloop
  endfacet
  facet normal -9.985681e-01 5.349459e-02 0.000000e+00
    outer loop
      vertex   -1.825411e+01 1.001199e+02 4.250000e+02
      vertex   -1.825411e+01 1.001199e+02 4.175800e+02
      vertex   -1.827692e+01 9.969422e+01 4.250000e+02
    endloop
  endfacet
  facet normal -9.985681e-01 5.349459e-02 0.000000e+00
    outer loop
      vertex   -1.827692e+01 9.969422e+01 4.250000e+02
      vertex   -1.825411e+01 1.001199e+02 4.175800e+02
      vertex   -1.827692e+01 9.969422e+01 4.175800e+02
    endloop
  endfacet
  facet normal -9.560006e-01 2.933648e-01 0.000000e+00
    outer loop
      vertex   -1.827692e+01 9.969422e+01 4.250000e+02
      vertex   -1.827692e+01 9.969422e+01 4.175800e+02
      vertex   -1.840199e+01 9.928665e+01 4.250000e+02
    endloop
  endfacet
  facet normal -9.560006e-01 2.933648e-01 0.000000e+00
    outer loop
      vertex   -1.840199e+01 9.928665e+01 4.250000e+02
      vertex   -1.827692e+01 9.969422e+01 4.175800e+02
      vertex   -1.840199e+01 9.928665e+01 4.175800e+02
    endloop
  endfacet
  facet normal -8.566947e-01 5.158238e-01 0.000000e+00
    outer loop
      vertex   -1.840199e+01 9.928665e+01 4.250000e+02
      vertex   -1.840199e+01 9.928665e+01 4.175800e+02
      vertex   -1.862190e+01 9.892141e+01 4.250000e+02
    endloop
  endfacet
  facet normal -8.566947e-01 5.158238e-01 0.000000e+00
    outer loop
      vertex   -1.862190e+01 9.892141e+01 4.250000e+02
      vertex   -1.840199e+01 9.928665e+01 4.175800e+02
      vertex   -1.862190e+01 9.892141e+01 4.175800e+02
    endloop
  endfacet
  facet normal -7.065442e-01 7.076689e-01 0.000000e+00
    outer loop
      vertex   -1.862190e+01 9.892141e+01 4.250000e+02
      vertex   -1.862190e+01 9.892141e+01 4.175800e+02
      vertex   -1.892361e+01 9.862019e+01 4.250000e+02
    endloop
  endfacet
  facet normal -7.065442e-01 7.076689e-01 0.000000e+00
    outer loop
      vertex   -1.892361e+01 9.862019e+01 4.250000e+02
      vertex   -1.862190e+01 9.892141e+01 4.175800e+02
      vertex   -1.892361e+01 9.862019e+01 4.175800e+02
    endloop
  endfacet
  facet normal -5.144605e-01 8.575141e-01 0.000000e+00
    outer loop
      vertex   -1.892361e+01 9.862019e+01 4.250000e+02
      vertex   -1.892361e+01 9.862019e+01 4.175800e+02
      vertex   -1.928919e+01 9.840086e+01 4.250000e+02
    endloop
  endfacet
  facet normal -5.144605e-01 8.575141e-01 0.000000e+00
    outer loop
      vertex   -1.928919e+01 9.840086e+01 4.250000e+02
      vertex   -1.892361e+01 9.862019e+01 4.175800e+02
      vertex   -1.928919e+01 9.840086e+01 4.175800e+02
    endloop
  endfacet
  facet normal -2.918438e-01 9.564660e-01 0.000000e+00
    outer loop
      vertex   -1.928919e+01 9.840086e+01 4.250000e+02
      vertex   -1.928919e+01 9.840086e+01 4.175800e+02
      vertex   -1.969696e+01 9.827644e+01 4.250000e+02
    endloop
  endfacet
  facet normal -2.918438e-01 9.564660e-01 0.000000e+00
    outer loop
      vertex   -1.969696e+01 9.827644e+01 4.250000e+02
      vertex   -1.928919e+01 9.840086e+01 4.175800e+02
      vertex   -1.969696e+01 9.827644e+01 4.175800e+02
    endloop
  endfacet
  facet normal -5.190620e-02 9.986520e-01 0.000000e+00
    outer loop
      vertex   -1.969696e+01 9.827644e+01 4.250000e+02
      vertex   -1.969696e+01 9.827644e+01 4.175800e+02
      vertex   -2.012272e+01 9.825431e+01 4.250000e+02
    endloop
  endfacet
  facet normal -5.190620e-02 9.986520e-01 0.000000e+00
    outer loop
      vertex   -2.012272e+01 9.825431e+01 4.250000e+02
      vertex   -1.969696e+01 9.827644e+01 4.175800e+02
      vertex   -2.012272e+01 9.825431e+01 4.175800e+02
    endloop
  endfacet
  facet normal 1.911120e-01 9.815682e-01 0.000000e+00
    outer loop
      vertex   -2.012272e+01 9.825431e+01 4.250000e+02
      vertex   -2.012272e+01 9.825431e+01 4.175800e+02
      vertex   -2.054119e+01 9.833578e+01 4.250000e+02
    endloop
  endfacet
  facet normal 1.911120e-01 9.815682e-01 0.000000e+00
    outer loop
      vertex   -2.054119e+01 9.833578e+01 4.250000e+02
      vertex   -2.012272e+01 9.825431e+01 4.175800e+02
      vertex   -2.054119e+01 9.833578e+01 4.175800e+02
    endloop
  endfacet
  facet normal 4.227878e-01 9.062287e-01 0.000000e+00
    outer loop
      vertex   -2.054119e+01 9.833578e+01 4.250000e+02
      vertex   -2.054119e+01 9.833578e+01 4.175800e+02
      vertex   -2.092755e+01 9.851603e+01 4.250000e+02
    endloop
  endfacet
  facet normal 4.227878e-01 9.062287e-01 0.000000e+00
    outer loop
      vertex   -2.092755e+01 9.851603e+01 4.250000e+02
      vertex   -2.054119e+01 9.833578e+01 4.175800e+02
      vertex   -2.092755e+01 9.851603e+01 4.175800e+02
    endloop
  endfacet
  facet normal 6.293712e-01 7.771048e-01 0.000000e+00
    outer loop
      vertex   -2.092755e+01 9.851603e+01 4.250000e+02
      vertex   -2.092755e+01 9.851603e+01 4.175800e+02
      vertex   -2.125885e+01 9.878435e+01 4.250000e+02
    endloop
  endfacet
  facet normal 6.293712e-01 7.771048e-01 0.000000e+00
    outer loop
      vertex   -2.125885e+01 9.878435e+01 4.250000e+02
      vertex   -2.092755e+01 9.851603e+01 4.175800e+02
      vertex   -2.125885e+01 9.878435e+01 4.175800e+02
    endloop
  endfacet
  facet normal 7.986016e-01 6.018600e-01 0.000000e+00
    outer loop
      vertex   -2.125885e+01 9.878435e+01 4.250000e+02
      vertex   -2.125885e+01 9.878435e+01 4.175800e+02
      vertex   -2.151544e+01 9.912482e+01 4.250000e+02
    endloop
  endfacet
  facet normal 7.986016e-01 6.018600e-01 0.000000e+00
    outer loop
      vertex   -2.151544e+01 9.912482e+01 4.250000e+02
      vertex   -2.125885e+01 9.878435e+01 4.175800e+02
      vertex   -2.151544e+01 9.912482e+01 4.175800e+02
    endloop
  endfacet
  facet normal 9.937122e-01 1.119645e-01 -0.000000e+00
    outer loop
      vertex   -1.756268e+01 1.005563e+02 4.175800e+02
      vertex   -1.756268e+01 1.005563e+02 4.250000e+02
      vertex   -1.750000e+01 1.000000e+02 4.175800e+02
    endloop
  endfacet
  facet normal 9.937122e-01 1.119645e-01 -0.000000e+00
    outer loop
      vertex   -1.750000e+01 1.000000e+02 4.175800e+02
      vertex   -1.756268e+01 1.005563e+02 4.250000e+02
      vertex   -1.750000e+01 1.000000e+02 4.250000e+02
    endloop
  endfacet
  facet normal 9.937122e-01 -1.119645e-01 0.000000e+00
    outer loop
      vertex   -1.750000e+01 1.000000e+02 4.175800e+02
      vertex   -1.750000e+01 1.000000e+02 4.250000e+02
      vertex   -1.756268e+01 9.944370e+01 4.175800e+02
    endloop
  endfacet
  facet normal 9.937122e-01 -1.119645e-01 0.000000e+00
    outer loop
      vertex   -1.756268e+01 9.944370e+01 4.175800e+02
      vertex   -1.750000e+01 1.000000e+02 4.250000e+02
      vertex   -1.756268e+01 9.944370e+01 4.250000e+02
    endloop
  endfacet
  facet normal 9.438833e-01 -3.302791e-01 0.000000e+00
    outer loop
      vertex   -1.756268e+01 9.944370e+01 4.175800e+02
      vertex   -1.756268e+01 9.944370e+01 4.250000e+02
      vertex   -1.774758e+01 9.891529e+01 4.175800e+02
    endloop
  endfacet
  facet normal 9.438833e-01 -3.302791e-01 0.000000e+00
    outer loop
      vertex   -1.774758e+01 9.891529e+01 4.175800e+02
      vertex   -1.756268e+01 9.944370e+01 4.250000e+02
      vertex   -1.774758e+01 9.891529e+01 4.250000e+02
    endloop
  endfacet
  facet normal 8.467242e-01 -5.320321e-01 0.000000e+00
    outer loop
      vertex   -1.774758e+01 9.891529e+01 4.175800e+02
      vertex   -1.774758e+01 9.891529e+01 4.250000e+02
      vertex   -1.804542e+01 9.844127e+01 4.175800e+02
    endloop
  endfacet
  facet normal 8.467242e-01 -5.320321e-01 0.000000e+00
    outer loop
      vertex   -1.804542e+01 9.844127e+01 4.175800e+02
      vertex   -1.774758e+01 9.891529e+01 4.250000e+02
      vertex   -1.804542e+01 9.844127e+01 4.250000e+02
    endloop
  endfacet
  facet normal 7.071068e-01 -7.071068e-01 0.000000e+00
    outer loop
      vertex   -1.804542e+01 9.844127e+01 4.175800e+02
      vertex   -1.804542e+01 9.844127e+01 4.250000e+02
      vertex   -1.844128e+01 9.804542e+01 4.175800e+02
    endloop
  endfacet
  facet normal 7.071068e-01 -7.071068e-01 0.000000e+00
    outer loop
      vertex   -1.844128e+01 9.804542e+01 4.175800e+02
      vertex   -1.804542e+01 9.844127e+01 4.250000e+02
      vertex   -1.844128e+01 9.804542e+01 4.250000e+02
    endloop
  endfacet
  facet normal 5.320321e-01 -8.467242e-01 0.000000e+00
    outer loop
      vertex   -1.844128e+01 9.804542e+01 4.175800e+02
      vertex   -1.844128e+01 9.804542e+01 4.250000e+02
      vertex   -1.891529e+01 9.774758e+01 4.175800e+02
    endloop
  endfacet
  facet normal 5.320321e-01 -8.467242e-01 0.000000e+00
    outer loop
      vertex   -1.891529e+01 9.774758e+01 4.175800e+02
      vertex   -1.844128e+01 9.804542e+01 4.250000e+02
      vertex   -1.891529e+01 9.774758e+01 4.250000e+02
    endloop
  endfacet
  facet normal 3.302791e-01 -9.438833e-01 0.000000e+00
    outer loop
      vertex   -1.891529e+01 9.774758e+01 4.175800e+02
      vertex   -1.891529e+01 9.774758e+01 4.250000e+02
      vertex   -1.944370e+01 9.756268e+01 4.175800e+02
    endloop
  endfacet
  facet normal 3.302791e-01 -9.438833e-01 0.000000e+00
    outer loop
      vertex   -1.944370e+01 9.756268e+01 4.175800e+02
      vertex   -1.891529e+01 9.774758e+01 4.250000e+02
      vertex   -1.944370e+01 9.756268e+01 4.250000e+02
    endloop
  endfacet
  facet normal 1.119645e-01 -9.937122e-01 0.000000e+00
    outer loop
      vertex   -1.944370e+01 9.756268e+01 4.175800e+02
      vertex   -1.944370e+01 9.756268e+01 4.250000e+02
      vertex   -2.000000e+01 9.750000e+01 4.175800e+02
    endloop
  endfacet
  facet normal 1.119645e-01 -9.937122e-01 0.000000e+00
    outer loop
      vertex   -2.000000e+01 9.750000e+01 4.175800e+02
      vertex   -1.944370e+01 9.756268e+01 4.250000e+02
      vertex   -2.000000e+01 9.750000e+01 4.250000e+02
    endloop
  endfacet
  facet normal -1.119645e-01 -9.937122e-01 0.000000e+00
    outer loop
      vertex   -2.000000e+01 9.750000e+01 4.175800e+02
      vertex   -2.000000e+01 9.750000e+01 4.250000e+02
      vertex   -2.055630e+01 9.756268e+01 4.175800e+02
    endloop
  endfacet
  facet normal -1.119645e-01 -9.937122e-01 0.000000e+00
    outer loop
      vertex   -2.055630e+01 9.756268e+01 4.175800e+02
      vertex   -2.000000e+01 9.750000e+01 4.250000e+02
      vertex   -2.055630e+01 9.756268e+01 4.250000e+02
    endloop
  endfacet
  facet normal -3.302791e-01 -9.438833e-01 0.000000e+00
    outer loop
      vertex   -2.055630e+01 9.756268e+01 4.175800e+02
      vertex   -2.055630e+01 9.756268e+01 4.250000e+02
      vertex   -2.108471e+01 9.774758e+01 4.175800e+02
    endloop
  endfacet
  facet normal -3.302791e-01 -9.438833e-01 0.000000e+00
    outer loop
      vertex   -2.108471e+01 9.774758e+01 4.175800e+02
      vertex   -2.055630e+01 9.756268e+01 4.250000e+02
      vertex   -2.108471e+01 9.774758e+01 4.250000e+02
    endloop
  endfacet
  facet normal -5.320321e-01 -8.467242e-01 0.000000e+00
    outer loop
      vertex   -2.108471e+01 9.774758e+01 4.175800e+02
      vertex   -2.108471e+01 9.774758e+01 4.250000e+02
      vertex   -2.155872e+01 9.804542e+01 4.175800e+02
    endloop
  endfacet
  facet normal -5.320321e-01 -8.467242e-01 0.000000e+00
    outer loop
      vertex   -2.155872e+01 9.804542e+01 4.175800e+02
      vertex   -2.108471e+01 9.774758e+01 4.250000e+02
      vertex   -2.155872e+01 9.804542e+01 4.250000e+02
    endloop
  endfacet
  facet normal -7.071068e-01 -7.071068e-01 0.000000e+00
    outer loop
      vertex   -2.155872e+01 9.804542e+01 4.175800e+02
      vertex   -2.155872e+01 9.804542e+01 4.250000e+02
      vertex   -2.195458e+01 9.844127e+01 4.175800e+02
    endloop
  endfacet
  facet normal -7.071068e-01 -7.071068e-01 0.000000e+00
    outer loop
      vertex   -2.195458e+01 9.844127e+01 4.175800e+02
      vertex   -2.155872e+01 9.804542e+01 4.250000e+02
      vertex   -2.195458e+01 9.844127e+01 4.250000e+02
    endloop
  endfacet
  facet normal -8.467242e-01 -5.320321e-01 0.000000e+00
    outer loop
      vertex   -2.195458e+01 9.844127e+01 4.175800e+02
      vertex   -2.195458e+01 9.844127e+01 4.250000e+02
      vertex   -2.225242e+01 9.891529e+01 4.175800e+02
    endloop
  endfacet
  facet normal -8.467242e-01 -5.320321e-01 0.000000e+00
    outer loop
      vertex   -2.225242e+01 9.891529e+01 4.175800e+02
      vertex   -2.195458e+01 9.844127e+01 4.250000e+02
      vertex   -2.225242e+01 9.891529e+01 4.250000e+02
    endloop
  endfacet
  facet normal -9.438833e-01 -3.302791e-01 0.000000e+00
    outer loop
      vertex   -2.225242e+01 9.891529e+01 4.175800e+02
      vertex   -2.225242e+01 9.891529e+01 4.250000e+02
      vertex   -2.243732e+01 9.944370e+01 4.175800e+02
    endloop
  endfacet
  facet normal -9.438833e-01 -3.302791e-01 0.000000e+00
    outer loop
      vertex   -2.243732e+01 9.944370e+01 4.175800e+02
      vertex   -2.225242e+01 9.891529e+01 4.250000e+02
      vertex   -2.243732e+01 9.944370e+01 4.250000e+02
    endloop
  endfacet
  facet normal -9.937122e-01 -1.119645e-01 0.000000e+00
    outer loop
      vertex   -2.243732e+01 9.944370e+01 4.175800e+02
      vertex   -2.243732e+01 9.944370e+01 4.250000e+02
      vertex   -2.250000e+01 1.000000e+02 4.175800e+02
    endloop
  endfacet
  facet normal -9.937122e-01 -1.119645e-01 0.000000e+00
    outer loop
      vertex   -2.250000e+01 1.000000e+02 4.175800e+02
      vertex   -2.243732e+01 9.944370e+01 4.250000e+02
      vertex   -2.250000e+01 1.000000e+02 4.250000e+02
    endloop
  endfacet
  facet normal -9.937122e-01 1.119645e-01 0.000000e+00
    outer loop
      vertex   -2.250000e+01 1.000000e+02 4.175800e+02
      vertex   -2.250000e+01 1.000000e+02 4.250000e+02
      vertex   -2.243732e+01 1.005563e+02 4.175800e+02
    endloop
  endfacet
  facet normal -9.937122e-01 1.119645e-01 0.000000e+00
    outer loop
      vertex   -2.243732e+01 1.005563e+02 4.175800e+02
      vertex   -2.250000e+01 1.000000e+02 4.250000e+02
      vertex   -2.243732e+01 1.005563e+02 4.250000e+02
    endloop
  endfacet
  facet normal -9.438833e-01 3.302791e-01 0.000000e+00
    outer loop
      vertex   -2.243732e+01 1.005563e+02 4.175800e+02
      vertex   -2.243732e+01 1.005563e+02 4.250000e+02
      vertex   -2.225242e+01 1.010847e+02 4.175800e+02
    endloop
  endfacet
  facet normal -9.438833e-01 3.302791e-01 0.000000e+00
    outer loop
      vertex   -2.225242e+01 1.010847e+02 4.175800e+02
      vertex   -2.243732e+01 1.005563e+02 4.250000e+02
      vertex   -2.225242e+01 1.010847e+02 4.250000e+02
    endloop
  endfacet
  facet normal -8.467242e-01 5.320321e-01 0.000000e+00
    outer loop
      vertex   -2.225242e+01 1.010847e+02 4.175800e+02
      vertex   -2.225242e+01 1.010847e+02 4.250000e+02
      vertex   -2.195458e+01 1.015587e+02 4.175800e+02
    endloop
  endfacet
  facet normal -8.467242e-01 5.320321e-01 0.000000e+00
    outer loop
      vertex   -2.195458e+01 1.015587e+02 4.175800e+02
      vertex   -2.225242e+01 1.010847e+02 4.250000e+02
      vertex   -2.195458e+01 1.015587e+02 4.250000e+02
    endloop
  endfacet
  facet normal -7.071068e-01 7.071068e-01 0.000000e+00
    outer loop
      vertex   -2.195458e+01 1.015587e+02 4.175800e+02
      vertex   -2.195458e+01 1.015587e+02 4.250000e+02
      vertex   -2.155872e+01 1.019546e+02 4.175800e+02
    endloop
  endfacet
  facet normal -7.071068e-01 7.071068e-01 0.000000e+00
    outer loop
      vertex   -2.155872e+01 1.019546e+02 4.175800e+02
      vertex   -2.195458e+01 1.015587e+02 4.250000e+02
      vertex   -2.155872e+01 1.019546e+02 4.250000e+02
    endloop
  endfacet
  facet normal -5.320321e-01 8.467242e-01 0.000000e+00
    outer loop
      vertex   -2.155872e+01 1.019546e+02 4.175800e+02
      vertex   -2.155872e+01 1.019546e+02 4.250000e+02
      vertex   -2.108471e+01 1.022524e+02 4.175800e+02
    endloop
  endfacet
  facet normal -5.320321e-01 8.467242e-01 0.000000e+00
    outer loop
      vertex   -2.108471e+01 1.022524e+02 4.175800e+02
      vertex   -2.155872e+01 1.019546e+02 4.250000e+02
      vertex   -2.108471e+01 1.022524e+02 4.250000e+02
    endloop
  endfacet
  facet normal -3.302791e-01 9.438833e-01 0.000000e+00
    outer loop
      vertex   -2.108471e+01 1.022524e+02 4.175800e+02
      vertex   -2.108471e+01 1.022524e+02 4.250000e+02
      vertex   -2.055630e+01 1.024373e+02 4.175800e+02
    endloop
  endfacet
  facet normal -3.302791e-01 9.438833e-01 0.000000e+00
    outer loop
      vertex   -2.055630e+01 1.024373e+02 4.175800e+02
      vertex   -2.108471e+01 1.022524e+02 4.250000e+02
      vertex   -2.055630e+01 1.024373e+02 4.250000e+02
    endloop
  endfacet
  facet normal -1.119645e-01 9.937122e-01 0.000000e+00
    outer loop
      vertex   -2.055630e+01 1.024373e+02 4.175800e+02
      vertex   -2.055630e+01 1.024373e+02 4.250000e+02
      vertex   -2.000000e+01 1.025000e+02 4.175800e+02
    endloop
  endfacet
  facet normal -1.119645e-01 9.937122e-01 0.000000e+00
    outer loop
      vertex   -2.000000e+01 1.025000e+02 4.175800e+02
      vertex   -2.055630e+01 1.024373e+02 4.250000e+02
      vertex   -2.000000e+01 1.025000e+02 4.250000e+02
    endloop
  endfacet
  facet normal 1.119645e-01 9.937122e-01 -0.000000e+00
    outer loop
      vertex   -2.000000e+01 1.025000e+02 4.175800e+02
      vertex   -2.000000e+01 1.025000e+02 4.250000e+02
      vertex   -1.944370e+01 1.024373e+02 4.175800e+02
    endloop
  endfacet
  facet normal 1.119645e-01 9.937122e-01 -0.000000e+00
    outer loop
      vertex   -1.944370e+01 1.024373e+02 4.175800e+02
      vertex   -2.000000e+01 1.025000e+02 4.250000e+02
      vertex   -1.944370e+01 1.024373e+02 4.250000e+02
    endloop
  endfacet
  facet normal 3.302791e-01 9.438833e-01 -0.000000e+00
    outer loop
      vertex   -1.944370e+01 1.024373e+02 4.175800e+02
      vertex   -1.944370e+01 1.024373e+02 4.250000e+02
      vertex   -1.891529e+01 1.022524e+02 4.175800e+02
    endloop
  endfacet
  facet normal 3.302791e-01 9.438833e-01 -0.000000e+00
    outer loop
      vertex   -1.891529e+01 1.022524e+02 4.175800e+02
      vertex   -1.944370e+01 1.024373e+02 4.250000e+02
      vertex   -1.891529e+01 1.022524e+02 4.250000e+02
    endloop
  endfacet
  facet normal 5.320321e-01 8.467242e-01 -0.000000e+00
    outer loop
      vertex   -1.891529e+01 1.022524e+02 4.175800e+02
      vertex   -1.891529e+01 1.022524e+02 4.250000e+02
      vertex   -1.844128e+01 1.019546e+02 4.175800e+02
    endloop
  endfacet
  facet normal 5.320321e-01 8.467242e-01 -0.000000e+00
    outer loop
      vertex   -1.844128e+01 1.019546e+02 4.175800e+02
      vertex   -1.891529e+01 1.022524e+02 4.250000e+02
      vertex   -1.844128e+01 1.019546e+02 4.250000e+02
    endloop
  endfacet
  facet normal 7.071068e-01 7.071068e-01 -0.000000e+00
    outer loop
      vertex   -1.844128e+01 1.019546e+02 4.175800e+02
      vertex   -1.844128e+01 1.019546e+02 4.250000e+02
      vertex   -1.804542e+01 1.015587e+02 4.175800e+02
    endloop
  endfacet
  facet normal 7.071068e-01 7.071068e-01 -0.000000e+00
    outer loop
      vertex   -1.804542e+01 1.015587e+02 4.175800e+02
      vertex   -1.844128e+01 1.019546e+02 4.250000e+02
      vertex   -1.804542e+01 1.015587e+02 4.250000e+02
    endloop
  endfacet
  facet normal 8.467242e-01 5.320321e-01 -0.000000e+00
    outer loop
      vertex   -1.804542e+01 1.015587e+02 4.175800e+02
      vertex   -1.804542e+01 1.015587e+02 4.250000e+02
      vertex   -1.774758e+01 1.010847e+02 4.175800e+02
    endloop
  endfacet
  facet normal 8.467242e-01 5.320321e-01 -0.000000e+00
    outer loop
      vertex   -1.774758e+01 1.010847e+02 4.175800e+02
      vertex   -1.804542e+01 1.015587e+02 4.250000e+02
      vertex   -1.774758e+01 1.010847e+02 4.250000e+02
    endloop
  endfacet
  facet normal 9.438833e-01 3.302791e-01 -0.000000e+00
    outer loop
      vertex   -1.774758e+01 1.010847e+02 4.175800e+02
      vertex   -1.774758e+01 1.010847e+02 4.250000e+02
      vertex   -1.756268e+01 1.005563e+02 4.175800e+02
    endloop
  endfacet
  facet normal 9.438833e-01 3.302791e-01 -0.000000e+00
    outer loop
      vertex   -1.756268e+01 1.005563e+02 4.175800e+02
      vertex   -1.774758e+01 1.010847e+02 4.250000e+02
      vertex   -1.756268e+01 1.005563e+02 4.250000e+02
    endloop
  endfacet
  facet normal -9.914445e-01 -1.305261e-01 -9.099036e-04
    outer loop
      vertex   2.173037e+01 1.004229e+02 4.280000e+02
      vertex   2.175151e+01 1.003350e+02 4.175800e+02
      vertex   2.179000e+01 9.997000e+01 4.280000e+02
    endloop
  endfacet
  facet normal -9.961124e-01 -8.808923e-02 5.939865e-04
    outer loop
      vertex   2.179000e+01 9.997000e+01 4.280000e+02
      vertex   2.175151e+01 1.003350e+02 4.175800e+02
      vertex   2.178901e+01 9.991100e+01 4.175800e+02
    endloop
  endfacet
  facet normal -9.914447e-01 1.305262e-01 -6.444884e-04
    outer loop
      vertex   2.179000e+01 9.997000e+01 4.280000e+02
      vertex   2.178901e+01 9.991100e+01 4.175800e+02
      vertex   2.173037e+01 9.951707e+01 4.280000e+02
    endloop
  endfacet
  facet normal -9.879101e-01 1.550274e-01 3.016595e-04
    outer loop
      vertex   2.173037e+01 9.951707e+01 4.280000e+02
      vertex   2.178901e+01 9.991100e+01 4.175800e+02
      vertex   2.172301e+01 9.949045e+01 4.175800e+02
    endloop
  endfacet
  facet normal -9.238795e-01 3.826834e-01 -3.252731e-04
    outer loop
      vertex   2.173037e+01 9.951707e+01 4.280000e+02
      vertex   2.172301e+01 9.949045e+01 4.175800e+02
      vertex   2.155555e+01 9.909500e+01 4.280000e+02
    endloop
  endfacet
  facet normal -9.212502e-01 3.889705e-01 -4.441850e-05
    outer loop
      vertex   2.155555e+01 9.909500e+01 4.280000e+02
      vertex   2.172301e+01 9.949045e+01 4.175800e+02
      vertex   2.155743e+01 9.909827e+01 4.175800e+02
    endloop
  endfacet
  facet normal -8.000771e-01 5.998972e-01 4.364394e-05
    outer loop
      vertex   2.155555e+01 9.909500e+01 4.280000e+02
      vertex   2.155743e+01 9.909827e+01 4.175800e+02
      vertex   2.130205e+01 9.875768e+01 4.175800e+02
    endloop
  endfacet
  facet normal -9.453717e-01 -3.259932e-01 8.324686e-04
    outer loop
      vertex   2.175151e+01 1.003350e+02 4.175800e+02
      vertex   2.173037e+01 1.004229e+02 4.280000e+02
      vertex   2.161273e+01 1.007375e+02 4.175800e+02
    endloop
  endfacet
  facet normal -9.238790e-01 -3.826832e-01 -1.121433e-03
    outer loop
      vertex   2.161273e+01 1.007375e+02 4.175800e+02
      vertex   2.173037e+01 1.004229e+02 4.280000e+02
      vertex   2.155555e+01 1.008450e+02 4.280000e+02
    endloop
  endfacet
  facet normal -8.386906e-01 -5.446072e-01 1.017029e-03
    outer loop
      vertex   2.161273e+01 1.007375e+02 4.175800e+02
      vertex   2.155555e+01 1.008450e+02 4.280000e+02
      vertex   2.138090e+01 1.010945e+02 4.175800e+02
    endloop
  endfacet
  facet normal -7.933527e-01 -6.087609e-01 -1.279009e-03
    outer loop
      vertex   2.138090e+01 1.010945e+02 4.175800e+02
      vertex   2.155555e+01 1.008450e+02 4.280000e+02
      vertex   2.127744e+01 1.012074e+02 4.280000e+02
    endloop
  endfacet
  facet normal -6.823818e-01 -7.309950e-01 1.147608e-03
    outer loop
      vertex   2.138090e+01 1.010945e+02 4.175800e+02
      vertex   2.127744e+01 1.012074e+02 4.280000e+02
      vertex   2.106971e+01 1.013850e+02 4.175800e+02
    endloop
  endfacet
  facet normal -6.497403e-01 -7.601563e-01 0.000000e+00
    outer loop
      vertex   2.106971e+01 1.013850e+02 4.175800e+02
      vertex   2.127744e+01 1.012074e+02 4.280000e+02
      vertex   2.106971e+01 1.013850e+02 4.250000e+02
    endloop
  endfacet
  facet normal -6.087544e-01 -7.933442e-01 -4.802114e-03
    outer loop
      vertex   2.106971e+01 1.013850e+02 4.250000e+02
      vertex   2.127744e+01 1.012074e+02 4.280000e+02
      vertex   2.091500e+01 1.014855e+02 4.280000e+02
    endloop
  endfacet
  facet normal -4.788742e-01 -8.778708e-01 4.729117e-03
    outer loop
      vertex   2.106971e+01 1.013850e+02 4.250000e+02
      vertex   2.091500e+01 1.014855e+02 4.280000e+02
      vertex   2.067229e+01 1.016018e+02 4.250000e+02
    endloop
  endfacet
  facet normal -3.826790e-01 -9.238687e-01 -4.835749e-03
    outer loop
      vertex   2.067229e+01 1.016018e+02 4.250000e+02
      vertex   2.091500e+01 1.014855e+02 4.280000e+02
      vertex   2.049293e+01 1.016604e+02 4.280000e+02
    endloop
  endfacet
  facet normal -2.376606e-01 -9.713366e-01 4.761099e-03
    outer loop
      vertex   2.067229e+01 1.016018e+02 4.250000e+02
      vertex   2.049293e+01 1.016604e+02 4.280000e+02
      vertex   2.023255e+01 1.017094e+02 4.250000e+02
    endloop
  endfacet
  facet normal -1.305246e-01 -9.914331e-01 -4.866078e-03
    outer loop
      vertex   2.023255e+01 1.017094e+02 4.250000e+02
      vertex   2.049293e+01 1.016604e+02 4.280000e+02
      vertex   2.004000e+01 1.017200e+02 4.280000e+02
    endloop
  endfacet
  facet normal 1.945754e-02 -9.997992e-01 4.789775e-03
    outer loop
      vertex   2.023255e+01 1.017094e+02 4.250000e+02
      vertex   2.004000e+01 1.017200e+02 4.280000e+02
      vertex   1.977992e+01 1.017006e+02 4.250000e+02
    endloop
  endfacet
  facet normal 1.305246e-01 -9.914330e-01 -4.893101e-03
    outer loop
      vertex   1.977992e+01 1.017006e+02 4.250000e+02
      vertex   2.004000e+01 1.017200e+02 4.280000e+02
      vertex   1.958707e+01 1.016604e+02 4.280000e+02
    endloop
  endfacet
  facet normal 2.752735e-01 -9.613539e-01 4.815145e-03
    outer loop
      vertex   1.977992e+01 1.017006e+02 4.250000e+02
      vertex   1.958707e+01 1.016604e+02 4.280000e+02
      vertex   1.934470e+01 1.015760e+02 4.250000e+02
    endloop
  endfacet
  facet normal 3.826788e-01 -9.238684e-01 -4.916818e-03
    outer loop
      vertex   1.934470e+01 1.015760e+02 4.250000e+02
      vertex   1.958707e+01 1.016604e+02 4.280000e+02
      vertex   1.916500e+01 1.014855e+02 4.280000e+02
    endloop
  endfacet
  facet normal 5.126677e-01 -8.585735e-01 4.837209e-03
    outer loop
      vertex   1.934470e+01 1.015760e+02 4.250000e+02
      vertex   1.916500e+01 1.014855e+02 4.280000e+02
      vertex   1.895601e+01 1.013439e+02 4.250000e+02
    endloop
  endfacet
  facet normal 6.087540e-01 -7.933437e-01 -4.937229e-03
    outer loop
      vertex   1.895601e+01 1.013439e+02 4.250000e+02
      vertex   1.916500e+01 1.014855e+02 4.280000e+02
      vertex   1.880256e+01 1.012074e+02 4.280000e+02
    endloop
  endfacet
  facet normal 7.157535e-01 -6.983362e-01 4.855966e-03
    outer loop
      vertex   1.895601e+01 1.013439e+02 4.250000e+02
      vertex   1.880256e+01 1.012074e+02 4.280000e+02
      vertex   1.863987e+01 1.010198e+02 4.250000e+02
    endloop
  endfacet
  facet normal 7.933436e-01 -6.087540e-01 -4.954333e-03
    outer loop
      vertex   1.863987e+01 1.010198e+02 4.250000e+02
      vertex   1.880256e+01 1.012074e+02 4.280000e+02
      vertex   1.852446e+01 1.008450e+02 4.280000e+02
    endloop
  endfacet
  facet normal 8.709400e-01 -4.913653e-01 4.871418e-03
    outer loop
      vertex   1.863987e+01 1.010198e+02 4.250000e+02
      vertex   1.852446e+01 1.008450e+02 4.280000e+02
      vertex   1.841742e+01 1.006255e+02 4.250000e+02
    endloop
  endfacet
  facet normal 9.238681e-01 -3.826787e-01 -4.968131e-03
    outer loop
      vertex   1.841742e+01 1.006255e+02 4.250000e+02
      vertex   1.852446e+01 1.008450e+02 4.280000e+02
      vertex   1.834963e+01 1.004229e+02 4.280000e+02
    endloop
  endfacet
  facet normal 9.678420e-01 -2.515116e-01 4.883563e-03
    outer loop
      vertex   1.841742e+01 1.006255e+02 4.250000e+02
      vertex   1.834963e+01 1.004229e+02 4.280000e+02
      vertex   1.830355e+01 1.001874e+02 4.250000e+02
    endloop
  endfacet
  facet normal 9.914326e-01 -1.305246e-01 -4.978623e-03
    outer loop
      vertex   1.830355e+01 1.001874e+02 4.250000e+02
      vertex   1.834963e+01 1.004229e+02 4.280000e+02
      vertex   1.829000e+01 9.997000e+01 4.280000e+02
    endloop
  endfacet
  facet normal 9.999746e-01 5.173588e-03 4.892401e-03
    outer loop
      vertex   1.830355e+01 1.001874e+02 4.250000e+02
      vertex   1.829000e+01 9.997000e+01 4.280000e+02
      vertex   1.830590e+01 9.973467e+01 4.250000e+02
    endloop
  endfacet
  facet normal 9.914325e-01 1.305246e-01 -4.985808e-03
    outer loop
      vertex   1.830590e+01 9.973467e+01 4.250000e+02
      vertex   1.829000e+01 9.997000e+01 4.280000e+02
      vertex   1.834963e+01 9.951707e+01 4.280000e+02
    endloop
  endfacet
  facet normal 9.651877e-01 2.615125e-01 4.897933e-03
    outer loop
      vertex   1.830590e+01 9.973467e+01 4.250000e+02
      vertex   1.834963e+01 9.951707e+01 4.280000e+02
      vertex   1.842429e+01 9.929772e+01 4.250000e+02
    endloop
  endfacet
  facet normal 9.238680e-01 3.826787e-01 -4.989687e-03
    outer loop
      vertex   1.842429e+01 9.929772e+01 4.250000e+02
      vertex   1.834963e+01 9.951707e+01 4.280000e+02
      vertex   1.852446e+01 9.909500e+01 4.280000e+02
    endloop
  endfacet
  facet normal 8.658090e-01 5.003507e-01 4.900158e-03
    outer loop
      vertex   1.842429e+01 9.929772e+01 4.250000e+02
      vertex   1.852446e+01 9.909500e+01 4.280000e+02
      vertex   1.865080e+01 9.890575e+01 4.250000e+02
    endloop
  endfacet
  facet normal 7.933435e-01 6.087538e-01 -4.990259e-03
    outer loop
      vertex   1.865080e+01 9.890575e+01 4.250000e+02
      vertex   1.852446e+01 9.909500e+01 4.280000e+02
      vertex   1.880256e+01 9.873257e+01 4.280000e+02
    endloop
  endfacet
  facet normal 7.084892e-01 7.057047e-01 4.899077e-03
    outer loop
      vertex   1.865080e+01 9.890575e+01 4.250000e+02
      vertex   1.880256e+01 9.873257e+01 4.280000e+02
      vertex   1.897029e+01 9.858501e+01 4.250000e+02
    endloop
  endfacet
  facet normal 6.087539e-01 7.933435e-01 -4.987524e-03
    outer loop
      vertex   1.897029e+01 9.858501e+01 4.250000e+02
      vertex   1.880256e+01 9.873257e+01 4.280000e+02
      vertex   1.916500e+01 9.845446e+01 4.280000e+02
    endloop
  endfacet
  facet normal 5.568830e-01 8.305909e-01 0.000000e+00
    outer loop
      vertex   1.897029e+01 9.858501e+01 4.250000e+02
      vertex   1.916500e+01 9.845446e+01 4.280000e+02
      vertex   1.897029e+01 9.858501e+01 4.175800e+02
    endloop
  endfacet
  facet normal 5.104673e-01 8.598963e-01 1.234507e-03
    outer loop
      vertex   1.897029e+01 9.858501e+01 4.175800e+02
      vertex   1.916500e+01 9.845446e+01 4.280000e+02
      vertex   1.933634e+01 9.836771e+01 4.175800e+02
    endloop
  endfacet
  facet normal 3.826831e-01 9.238786e-01 -1.399417e-03
    outer loop
      vertex   1.933634e+01 9.836771e+01 4.175800e+02
      vertex   1.916500e+01 9.845446e+01 4.280000e+02
      vertex   1.958707e+01 9.827963e+01 4.280000e+02
    endloop
  endfacet
  facet normal 2.877433e-01 9.577069e-01 1.170937e-03
    outer loop
      vertex   1.933634e+01 9.836771e+01 4.175800e+02
      vertex   1.958707e+01 9.827963e+01 4.280000e+02
      vertex   1.974403e+01 9.824521e+01 4.175800e+02
    endloop
  endfacet
  facet normal 1.305261e-01 9.914440e-01 -1.308828e-03
    outer loop
      vertex   1.974403e+01 9.824521e+01 4.175800e+02
      vertex   1.958707e+01 9.827963e+01 4.280000e+02
      vertex   2.004000e+01 9.822000e+01 4.280000e+02
    endloop
  endfacet
  facet normal 4.799264e-02 9.988471e-01 1.053336e-03
    outer loop
      vertex   1.974403e+01 9.824521e+01 4.175800e+02
      vertex   2.004000e+01 9.822000e+01 4.280000e+02
      vertex   2.016924e+01 9.822478e+01 4.175800e+02
    endloop
  endfacet
  facet normal -1.305261e-01 9.914442e-01 -1.164225e-03
    outer loop
      vertex   2.016924e+01 9.822478e+01 4.175800e+02
      vertex   2.004000e+01 9.822000e+01 4.280000e+02
      vertex   2.049293e+01 9.827963e+01 4.280000e+02
    endloop
  endfacet
  facet normal -1.945979e-01 9.808827e-01 8.817425e-04
    outer loop
      vertex   2.016924e+01 9.822478e+01 4.175800e+02
      vertex   2.049293e+01 9.827963e+01 4.280000e+02
      vertex   2.058680e+01 9.830762e+01 4.175800e+02
    endloop
  endfacet
  facet normal -3.826833e-01 9.238791e-01 -9.656551e-04
    outer loop
      vertex   2.058680e+01 9.830762e+01 4.175800e+02
      vertex   2.049293e+01 9.827963e+01 4.280000e+02
      vertex   2.091500e+01 9.845446e+01 4.280000e+02
    endloop
  endfacet
  facet normal -4.256736e-01 9.048765e-01 6.562113e-04
    outer loop
      vertex   2.058680e+01 9.830762e+01 4.175800e+02
      vertex   2.091500e+01 9.845446e+01 4.280000e+02
      vertex   2.097200e+01 9.848883e+01 4.175800e+02
    endloop
  endfacet
  facet normal -6.087613e-01 7.933531e-01 -7.131814e-04
    outer loop
      vertex   2.097200e+01 9.848883e+01 4.175800e+02
      vertex   2.091500e+01 9.845446e+01 4.280000e+02
      vertex   2.127744e+01 9.873257e+01 4.280000e+02
    endloop
  endfacet
  facet normal -6.315610e-01 7.753261e-01 3.768152e-04
    outer loop
      vertex   2.097200e+01 9.848883e+01 4.175800e+02
      vertex   2.127744e+01 9.873257e+01 4.280000e+02
      vertex   2.130205e+01 9.875768e+01 4.175800e+02
    endloop
  endfacet
  facet normal -7.933533e-01 6.087614e-01 -4.068855e-04
    outer loop
      vertex   2.130205e+01 9.875768e+01 4.175800e+02
      vertex   2.127744e+01 9.873257e+01 4.280000e+02
      vertex   2.155555e+01 9.909500e+01 4.280000e+02
    endloop
  endfacet
  facet normal 0.000000e+00 0.000000e+00 -1.000000e+00
    outer loop
      vertex   -1.851456e+01 1.009252e+02 4.250000e+02
      vertex   -1.833493e+01 1.005385e+02 4.250000e+02
      vertex   -1.834095e+01 1.005078e+02 4.250000e+02
    endloop
  endfacet
  facet normal 0.000000e+00 0.000000e+00 -1.000000e+00
    outer loop
      vertex   -1.834095e+01 1.005078e+02 4.250000e+02
      vertex   -1.833493e+01 1.005385e+02 4.250000e+02
      vertex   -1.825411e+01 1.001199e+02 4.250000e+02
    endloop
  endfacet
  facet normal 0.000000e+00 0.000000e+00 -1.000000e+00
    outer loop
      vertex   -1.834095e+01 1.005078e+02 4.250000e+02
      vertex   -1.825411e+01 1.001199e+02 4.250000e+02
      vertex   -1.828003e+01 1.000599e+02 4.250000e+02
    endloop
  endfacet
  facet normal 0.000000e+00 0.000000e+00 -1.000000e+00
    outer loop
      vertex   -1.828003e+01 1.000599e+02 4.250000e+02
      vertex   -1.825411e+01 1.001199e+02 4.250000e+02
      vertex   -1.827692e+01 9.969422e+01 4.250000e+02
    endloop
  endfacet
  facet normal 0.000000e+00 -0.000000e+00 -1.000000e+00
    outer loop
      vertex   -1.828003e+01 1.000599e+02 4.250000e+02
      vertex   -1.827692e+01 9.969422e+01 4.250000e+02
      vertex   -1.833586e+01 9.961137e+01 4.250000e+02
    endloop
  endfacet
  facet normal 0.000000e+00 -0.000000e+00 -1.000000e+00
    outer loop
      vertex   -1.833586e+01 9.961137e+01 4.250000e+02
      vertex   -1.827692e+01 9.969422e+01 4.250000e+02
      vertex   -1.840199e+01 9.928665e+01 4.250000e+02
    endloop
  endfacet
  facet normal 0.000000e+00 0.000000e+00 -1.000000e+00
    outer loop
      vertex   -1.833586e+01 9.961137e+01 4.250000e+02
      vertex   -1.840199e+01 9.928665e+01 4.250000e+02
      vertex   -1.850473e+01 9.919207e+01 4.250000e+02
    endloop
  endfacet
  facet normal 0.000000e+00 -0.000000e+00 -1.000000e+00
    outer loop
      vertex   -1.850473e+01 9.919207e+01 4.250000e+02
      vertex   -1.840199e+01 9.928665e+01 4.250000e+02
      vertex   -1.862190e+01 9.892141e+01 4.250000e+02
    endloop
  endfacet
  facet normal 0.000000e+00 0.000000e+00 -1.000000e+00
    outer loop
      vertex   -1.850473e+01 9.919207e+01 4.250000e+02
      vertex   -1.862190e+01 9.892141e+01 4.250000e+02
      vertex   -1.877536e+01 9.883002e+01 4.250000e+02
    endloop
  endfacet
  facet normal 0.000000e+00 -0.000000e+00 -1.000000e+00
    outer loop
      vertex   -1.877536e+01 9.883002e+01 4.250000e+02
      vertex   -1.862190e+01 9.892141e+01 4.250000e+02
      vertex   -1.892361e+01 9.862019e+01 4.250000e+02
    endloop
  endfacet
  facet normal 0.000000e+00 0.000000e+00 -1.000000e+00
    outer loop
      vertex   -1.877536e+01 9.883002e+01 4.250000e+02
      vertex   -1.892361e+01 9.862019e+01 4.250000e+02
      vertex   -1.912970e+01 9.854936e+01 4.250000e+02
    endloop
  endfacet
  facet normal 0.000000e+00 -0.000000e+00 -1.000000e+00
    outer loop
      vertex   -1.912970e+01 9.854936e+01 4.250000e+02
      vertex   -1.892361e+01 9.862019e+01 4.250000e+02
      vertex   -1.928919e+01 9.840086e+01 4.250000e+02
    endloop
  endfacet
  facet normal 0.000000e+00 0.000000e+00 -1.000000e+00
    outer loop
      vertex   -1.912970e+01 9.854936e+01 4.250000e+02
      vertex   -1.928919e+01 9.840086e+01 4.250000e+02
      vertex   -1.954410e+01 9.836882e+01 4.250000e+02
    endloop
  endfacet
  facet normal 0.000000e+00 -0.000000e+00 -1.000000e+00
    outer loop
      vertex   -1.954410e+01 9.836882e+01 4.250000e+02
      vertex   -1.928919e+01 9.840086e+01 4.250000e+02
      vertex   -1.969696e+01 9.827644e+01 4.250000e+02
    endloop
  endfacet
  facet normal 0.000000e+00 0.000000e+00 -1.000000e+00
    outer loop
      vertex   -1.954410e+01 9.836882e+01 4.250000e+02
      vertex   -1.969696e+01 9.827644e+01 4.250000e+02
      vertex   -1.999092e+01 9.830044e+01 4.250000e+02
    endloop
  endfacet
  facet normal 0.000000e+00 -0.000000e+00 -1.000000e+00
    outer loop
      vertex   -1.999092e+01 9.830044e+01 4.250000e+02
      vertex   -1.969696e+01 9.827644e+01 4.250000e+02
      vertex   -2.012272e+01 9.825431e+01 4.250000e+02
    endloop
  endfacet
  facet normal -0.000000e+00 0.000000e+00 -1.000000e+00
    outer loop
      vertex   -1.999092e+01 9.830044e+01 4.250000e+02
      vertex   -2.012272e+01 9.825431e+01 4.250000e+02
      vertex   -2.044035e+01 9.834880e+01 4.250000e+02
    endloop
  endfacet
  facet normal 0.000000e+00 -0.000000e+00 -1.000000e+00
    outer loop
      vertex   -2.044035e+01 9.834880e+01 4.250000e+02
      vertex   -2.012272e+01 9.825431e+01 4.250000e+02
      vertex   -2.054119e+01 9.833578e+01 4.250000e+02
    endloop
  endfacet
  facet normal -0.000000e+00 0.000000e+00 -1.000000e+00
    outer loop
      vertex   -2.044035e+01 9.834880e+01 4.250000e+02
      vertex   -2.054119e+01 9.833578e+01 4.250000e+02
      vertex   -2.086240e+01 9.851065e+01 4.250000e+02
    endloop
  endfacet
  facet normal -0.000000e+00 -0.000000e+00 -1.000000e+00
    outer loop
      vertex   -2.086240e+01 9.851065e+01 4.250000e+02
      vertex   -2.054119e+01 9.833578e+01 4.250000e+02
      vertex   -2.092755e+01 9.851603e+01 4.250000e+02
    endloop
  endfacet
  facet normal 0.000000e+00 0.000000e+00 -1.000000e+00
    outer loop
      vertex   -2.086240e+01 9.851065e+01 4.250000e+02
      vertex   -2.092755e+01 9.851603e+01 4.250000e+02
      vertex   -2.122892e+01 9.877521e+01 4.250000e+02
    endloop
  endfacet
  facet normal -0.000000e+00 -0.000000e+00 -1.000000e+00
    outer loop
      vertex   -2.122892e+01 9.877521e+01 4.250000e+02
      vertex   -2.092755e+01 9.851603e+01 4.250000e+02
      vertex   -2.125885e+01 9.878435e+01 4.250000e+02
    endloop
  endfacet
  facet normal 0.000000e+00 0.000000e+00 -1.000000e+00
    outer loop
      vertex   -2.122892e+01 9.877521e+01 4.250000e+02
      vertex   -2.125885e+01 9.878435e+01 4.250000e+02
      vertex   -2.151544e+01 9.912482e+01 4.250000e+02
    endloop
  endfacet
endsolid
