solid ASCII
  facet normal -0.000000e+00 0.000000e+00 1.000000e+00
    outer loop
      vertex   -9.529708e+00 1.929872e+01 3.960000e+02
      vertex   -9.128779e+00 1.876205e+01 3.960000e+02
      vertex   -8.131728e+00 2.069670e+01 3.960000e+02
    endloop
  endfacet
  facet normal 0.000000e+00 0.000000e+00 1.000000e+00
    outer loop
      vertex   -8.131728e+00 2.069670e+01 3.960000e+02
      vertex   -9.128779e+00 1.876205e+01 3.960000e+02
      vertex   -8.697665e+00 1.824932e+01 3.960000e+02
    endloop
  endfacet
  facet normal 0.000000e+00 0.000000e+00 1.000000e+00
    outer loop
      vertex   -8.131728e+00 2.069670e+01 3.960000e+02
      vertex   -8.697665e+00 1.824932e+01 3.960000e+02
      vertex   -8.237794e+00 1.776221e+01 3.960000e+02
    endloop
  endfacet
  facet normal 0.000000e+00 0.000000e+00 1.000000e+00
    outer loop
      vertex   -8.131728e+00 2.069670e+01 3.960000e+02
      vertex   -8.237794e+00 1.776221e+01 3.960000e+02
      vertex   -5.303301e+00 1.786827e+01 3.960000e+02
    endloop
  endfacet
  facet normal 0.000000e+00 0.000000e+00 1.000000e+00
    outer loop
      vertex   -5.303301e+00 1.786827e+01 3.960000e+02
      vertex   -8.237794e+00 1.776221e+01 3.960000e+02
      vertex   -7.750685e+00 1.730233e+01 3.960000e+02
    endloop
  endfacet
  facet normal 0.000000e+00 0.000000e+00 1.000000e+00
    outer loop
      vertex   -5.303301e+00 1.786827e+01 3.960000e+02
      vertex   -7.750685e+00 1.730233e+01 3.960000e+02
      vertex   -7.237949e+00 1.687122e+01 3.960000e+02
    endloop
  endfacet
  facet normal -0.000000e+00 0.000000e+00 1.000000e+00
    outer loop
      vertex   -7.237949e+00 1.687122e+01 3.960000e+02
      vertex   -6.701281e+00 1.647029e+01 3.960000e+02
      vertex   -5.303301e+00 1.786827e+01 3.960000e+02
    endloop
  endfacet
  facet normal 0.000000e+00 0.000000e+00 1.000000e+00
    outer loop
      vertex   9.529708e+00 3.270128e+01 3.960000e+02
      vertex   9.128779e+00 3.323795e+01 3.960000e+02
      vertex   8.131728e+00 3.130330e+01 3.960000e+02
    endloop
  endfacet
  facet normal 0.000000e+00 0.000000e+00 1.000000e+00
    outer loop
      vertex   8.131728e+00 3.130330e+01 3.960000e+02
      vertex   9.128779e+00 3.323795e+01 3.960000e+02
      vertex   8.697665e+00 3.375069e+01 3.960000e+02
    endloop
  endfacet
  facet normal 0.000000e+00 0.000000e+00 1.000000e+00
    outer loop
      vertex   8.131728e+00 3.130330e+01 3.960000e+02
      vertex   8.697665e+00 3.375069e+01 3.960000e+02
      vertex   8.237794e+00 3.423779e+01 3.960000e+02
    endloop
  endfacet
  facet normal 0.000000e+00 -0.000000e+00 1.000000e+00
    outer loop
      vertex   8.131728e+00 3.130330e+01 3.960000e+02
      vertex   8.237794e+00 3.423779e+01 3.960000e+02
      vertex   5.303301e+00 3.413173e+01 3.960000e+02
    endloop
  endfacet
  facet normal 0.000000e+00 0.000000e+00 1.000000e+00
    outer loop
      vertex   5.303301e+00 3.413173e+01 3.960000e+02
      vertex   8.237794e+00 3.423779e+01 3.960000e+02
      vertex   7.750685e+00 3.469767e+01 3.960000e+02
    endloop
  endfacet
  facet normal 0.000000e+00 0.000000e+00 1.000000e+00
    outer loop
      vertex   5.303301e+00 3.413173e+01 3.960000e+02
      vertex   7.750685e+00 3.469767e+01 3.960000e+02
      vertex   7.237949e+00 3.512878e+01 3.960000e+02
    endloop
  endfacet
  facet normal 0.000000e+00 0.000000e+00 1.000000e+00
    outer loop
      vertex   7.237949e+00 3.512878e+01 3.960000e+02
      vertex   6.701281e+00 3.552971e+01 3.960000e+02
      vertex   5.303301e+00 3.413173e+01 3.960000e+02
    endloop
  endfacet
  facet normal 7.071068e-01 -7.071068e-01 0.000000e+00
    outer loop
      vertex   -5.303301e+00 1.786827e+01 3.960000e+02
      vertex   -6.701281e+00 1.647029e+01 3.960000e+02
      vertex   -5.303301e+00 1.786827e+01 3.910000e+02
    endloop
  endfacet
  facet normal 7.071068e-01 -7.071068e-01 4.644364e-18
    outer loop
      vertex   -5.303301e+00 1.786827e+01 3.910000e+02
      vertex   -6.701281e+00 1.647029e+01 3.960000e+02
      vertex   -6.701281e+00 1.647029e+01 3.910000e+02
    endloop
  endfacet
  facet normal -5.984976e-01 -8.011246e-01 0.000000e+00
    outer loop
      vertex   -6.701281e+00 1.647029e+01 3.910000e+02
      vertex   -6.701281e+00 1.647029e+01 3.960000e+02
      vertex   -7.237949e+00 1.687122e+01 3.910000e+02
    endloop
  endfacet
  facet normal -5.984976e-01 -8.011246e-01 0.000000e+00
    outer loop
      vertex   -7.237949e+00 1.687122e+01 3.910000e+02
      vertex   -6.701281e+00 1.647029e+01 3.960000e+02
      vertex   -7.237949e+00 1.687122e+01 3.960000e+02
    endloop
  endfacet
  facet normal -6.435550e-01 -7.653998e-01 0.000000e+00
    outer loop
      vertex   -7.237949e+00 1.687122e+01 3.910000e+02
      vertex   -7.237949e+00 1.687122e+01 3.960000e+02
      vertex   -7.750685e+00 1.730233e+01 3.910000e+02
    endloop
  endfacet
  facet normal -6.435550e-01 -7.653998e-01 0.000000e+00
    outer loop
      vertex   -7.750685e+00 1.730233e+01 3.910000e+02
      vertex   -7.237949e+00 1.687122e+01 3.960000e+02
      vertex   -7.750685e+00 1.730233e+01 3.960000e+02
    endloop
  endfacet
  facet normal -6.864846e-01 -7.271443e-01 0.000000e+00
    outer loop
      vertex   -7.750685e+00 1.730233e+01 3.910000e+02
      vertex   -7.750685e+00 1.730233e+01 3.960000e+02
      vertex   -8.237794e+00 1.776221e+01 3.910000e+02
    endloop
  endfacet
  facet normal -6.864846e-01 -7.271443e-01 0.000000e+00
    outer loop
      vertex   -8.237794e+00 1.776221e+01 3.910000e+02
      vertex   -7.750685e+00 1.730233e+01 3.960000e+02
      vertex   -8.237794e+00 1.776221e+01 3.960000e+02
    endloop
  endfacet
  facet normal -7.271443e-01 -6.864846e-01 0.000000e+00
    outer loop
      vertex   -8.237794e+00 1.776221e+01 3.910000e+02
      vertex   -8.237794e+00 1.776221e+01 3.960000e+02
      vertex   -8.697665e+00 1.824932e+01 3.910000e+02
    endloop
  endfacet
  facet normal -7.271443e-01 -6.864846e-01 0.000000e+00
    outer loop
      vertex   -8.697665e+00 1.824932e+01 3.910000e+02
      vertex   -8.237794e+00 1.776221e+01 3.960000e+02
      vertex   -8.697665e+00 1.824932e+01 3.960000e+02
    endloop
  endfacet
  facet normal -7.653998e-01 -6.435550e-01 0.000000e+00
    outer loop
      vertex   -8.697665e+00 1.824932e+01 3.910000e+02
      vertex   -8.697665e+00 1.824932e+01 3.960000e+02
      vertex   -9.128779e+00 1.876205e+01 3.910000e+02
    endloop
  endfacet
  facet normal -7.653998e-01 -6.435550e-01 0.000000e+00
    outer loop
      vertex   -9.128779e+00 1.876205e+01 3.910000e+02
      vertex   -8.697665e+00 1.824932e+01 3.960000e+02
      vertex   -9.128779e+00 1.876205e+01 3.960000e+02
    endloop
  endfacet
  facet normal -8.011246e-01 -5.984976e-01 0.000000e+00
    outer loop
      vertex   -9.128779e+00 1.876205e+01 3.910000e+02
      vertex   -9.128779e+00 1.876205e+01 3.960000e+02
      vertex   -9.529708e+00 1.929872e+01 3.910000e+02
    endloop
  endfacet
  facet normal -8.011246e-01 -5.984976e-01 0.000000e+00
    outer loop
      vertex   -9.529708e+00 1.929872e+01 3.910000e+02
      vertex   -9.128779e+00 1.876205e+01 3.960000e+02
      vertex   -9.529708e+00 1.929872e+01 3.960000e+02
    endloop
  endfacet
  facet normal -7.071068e-01 7.071068e-01 0.000000e+00
    outer loop
      vertex   5.303301e+00 3.413173e+01 3.960000e+02
      vertex   6.701281e+00 3.552971e+01 3.960000e+02
      vertex   5.303301e+00 3.413173e+01 3.910000e+02
    endloop
  endfacet
  facet normal -7.071068e-01 7.071068e-01 1.422451e-18
    outer loop
      vertex   5.303301e+00 3.413173e+01 3.910000e+02
      vertex   6.701281e+00 3.552971e+01 3.960000e+02
      vertex   6.701281e+00 3.552971e+01 3.910000e+02
    endloop
  endfacet
  facet normal 5.984976e-01 8.011246e-01 -0.000000e+00
    outer loop
      vertex   6.701281e+00 3.552971e+01 3.910000e+02
      vertex   6.701281e+00 3.552971e+01 3.960000e+02
      vertex   7.237949e+00 3.512878e+01 3.910000e+02
    endloop
  endfacet
  facet normal 5.984976e-01 8.011246e-01 -0.000000e+00
    outer loop
      vertex   7.237949e+00 3.512878e+01 3.910000e+02
      vertex   6.701281e+00 3.552971e+01 3.960000e+02
      vertex   7.237949e+00 3.512878e+01 3.960000e+02
    endloop
  endfacet
  facet normal 6.435550e-01 7.653998e-01 -0.000000e+00
    outer loop
      vertex   7.237949e+00 3.512878e+01 3.910000e+02
      vertex   7.237949e+00 3.512878e+01 3.960000e+02
      vertex   7.750685e+00 3.469767e+01 3.910000e+02
    endloop
  endfacet
  facet normal 6.435550e-01 7.653998e-01 -0.000000e+00
    outer loop
      vertex   7.750685e+00 3.469767e+01 3.910000e+02
      vertex   7.237949e+00 3.512878e+01 3.960000e+02
      vertex   7.750685e+00 3.469767e+01 3.960000e+02
    endloop
  endfacet
  facet normal 6.864846e-01 7.271443e-01 -0.000000e+00
    outer loop
      vertex   7.750685e+00 3.469767e+01 3.910000e+02
      vertex   7.750685e+00 3.469767e+01 3.960000e+02
      vertex   8.237794e+00 3.423779e+01 3.910000e+02
    endloop
  endfacet
  facet normal 6.864846e-01 7.271443e-01 -0.000000e+00
    outer loop
      vertex   8.237794e+00 3.423779e+01 3.910000e+02
      vertex   7.750685e+00 3.469767e+01 3.960000e+02
      vertex   8.237794e+00 3.423779e+01 3.960000e+02
    endloop
  endfacet
  facet normal 7.271443e-01 6.864846e-01 -0.000000e+00
    outer loop
      vertex   8.237794e+00 3.423779e+01 3.910000e+02
      vertex   8.237794e+00 3.423779e+01 3.960000e+02
      vertex   8.697665e+00 3.375069e+01 3.910000e+02
    endloop
  endfacet
  facet normal 7.271443e-01 6.864846e-01 -0.000000e+00
    outer loop
      vertex   8.697665e+00 3.375069e+01 3.910000e+02
      vertex   8.237794e+00 3.423779e+01 3.960000e+02
      vertex   8.697665e+00 3.375069e+01 3.960000e+02
    endloop
  endfacet
  facet normal 7.653998e-01 6.435550e-01 -0.000000e+00
    outer loop
      vertex   8.697665e+00 3.375069e+01 3.910000e+02
      vertex   8.697665e+00 3.375069e+01 3.960000e+02
      vertex   9.128779e+00 3.323795e+01 3.910000e+02
    endloop
  endfacet
  facet normal 7.653998e-01 6.435550e-01 -0.000000e+00
    outer loop
      vertex   9.128779e+00 3.323795e+01 3.910000e+02
      vertex   8.697665e+00 3.375069e+01 3.960000e+02
      vertex   9.128779e+00 3.323795e+01 3.960000e+02
    endloop
  endfacet
  facet normal 8.011246e-01 5.984976e-01 -0.000000e+00
    outer loop
      vertex   9.128779e+00 3.323795e+01 3.910000e+02
      vertex   9.128779e+00 3.323795e+01 3.960000e+02
      vertex   9.529708e+00 3.270128e+01 3.910000e+02
    endloop
  endfacet
  facet normal 8.011246e-01 5.984976e-01 -0.000000e+00
    outer loop
      vertex   9.529708e+00 3.270128e+01 3.910000e+02
      vertex   9.128779e+00 3.323795e+01 3.960000e+02
      vertex   9.529708e+00 3.270128e+01 3.960000e+02
    endloop
  endfacet
  facet normal -7.071068e-01 7.071068e-01 0.000000e+00
    outer loop
      vertex   -9.529708e+00 1.929872e+01 3.960000e+02
      vertex   -8.131728e+00 2.069670e+01 3.960000e+02
      vertex   -9.529708e+00 1.929872e+01 3.910000e+02
    endloop
  endfacet
  facet normal -7.071068e-01 7.071068e-01 7.410853e-18
    outer loop
      vertex   -9.529708e+00 1.929872e+01 3.910000e+02
      vertex   -8.131728e+00 2.069670e+01 3.960000e+02
      vertex   -8.131728e+00 2.069670e+01 3.910000e+02
    endloop
  endfacet
  facet normal 7.071068e-01 7.071068e-01 0.000000e+00
    outer loop
      vertex   -8.131728e+00 2.069670e+01 3.960000e+02
      vertex   -5.303301e+00 1.786827e+01 3.960000e+02
      vertex   -8.131728e+00 2.069670e+01 3.910000e+02
    endloop
  endfacet
  facet normal 7.071068e-01 7.071068e-01 3.896287e-17
    outer loop
      vertex   -8.131728e+00 2.069670e+01 3.910000e+02
      vertex   -5.303301e+00 1.786827e+01 3.960000e+02
      vertex   -5.303301e+00 1.786827e+01 3.910000e+02
    endloop
  endfacet
  facet normal 7.071068e-01 -7.071068e-01 0.000000e+00
    outer loop
      vertex   9.529708e+00 3.270128e+01 3.960000e+02
      vertex   8.131728e+00 3.130330e+01 3.960000e+02
      vertex   9.529708e+00 3.270128e+01 3.910000e+02
    endloop
  endfacet
  facet normal 7.071068e-01 -7.071068e-01 -4.977488e-18
    outer loop
      vertex   9.529708e+00 3.270128e+01 3.910000e+02
      vertex   8.131728e+00 3.130330e+01 3.960000e+02
      vertex   8.131728e+00 3.130330e+01 3.910000e+02
    endloop
  endfacet
  facet normal -7.071068e-01 -7.071068e-01 -0.000000e+00
    outer loop
      vertex   8.131728e+00 3.130330e+01 3.960000e+02
      vertex   5.303301e+00 3.413173e+01 3.960000e+02
      vertex   8.131728e+00 3.130330e+01 3.910000e+02
    endloop
  endfacet
  facet normal -7.071068e-01 -7.071068e-01 -4.354287e-17
    outer loop
      vertex   8.131728e+00 3.130330e+01 3.910000e+02
      vertex   5.303301e+00 3.413173e+01 3.960000e+02
      vertex   5.303301e+00 3.413173e+01 3.910000e+02
    endloop
  endfacet
  facet normal -9.993481e-01 3.610241e-02 0.000000e+00
    outer loop
      vertex   8.976539e+00 2.535058e+01 3.880000e+02
      vertex   8.976539e+00 2.535058e+01 3.910000e+02
      vertex   9.000000e+00 2.600000e+01 3.880000e+02
    endloop
  endfacet
  facet normal -9.993481e-01 3.610241e-02 0.000000e+00
    outer loop
      vertex   9.000000e+00 2.600000e+01 3.880000e+02
      vertex   8.976539e+00 2.535058e+01 3.910000e+02
      vertex   9.000000e+00 2.600000e+01 3.910000e+02
    endloop
  endfacet
  facet normal -9.993481e-01 -3.610241e-02 0.000000e+00
    outer loop
      vertex   9.000000e+00 2.600000e+01 3.880000e+02
      vertex   9.000000e+00 2.600000e+01 3.910000e+02
      vertex   8.976539e+00 2.664942e+01 3.880000e+02
    endloop
  endfacet
  facet normal -9.993481e-01 -3.610241e-02 0.000000e+00
    outer loop
      vertex   8.976539e+00 2.664942e+01 3.880000e+02
      vertex   9.000000e+00 2.600000e+01 3.910000e+02
      vertex   8.976539e+00 2.664942e+01 3.910000e+02
    endloop
  endfacet
  facet normal -9.941380e-01 -1.081190e-01 0.000000e+00
    outer loop
      vertex   8.976539e+00 2.664942e+01 3.880000e+02
      vertex   8.976539e+00 2.664942e+01 3.910000e+02
      vertex   8.906279e+00 2.729545e+01 3.880000e+02
    endloop
  endfacet
  facet normal -9.941380e-01 -1.081190e-01 0.000000e+00
    outer loop
      vertex   8.906279e+00 2.729545e+01 3.880000e+02
      vertex   8.976539e+00 2.664942e+01 3.910000e+02
      vertex   8.906279e+00 2.729545e+01 3.910000e+02
    endloop
  endfacet
  facet normal -9.837448e-01 -1.795719e-01 0.000000e+00
    outer loop
      vertex   8.906279e+00 2.729545e+01 3.880000e+02
      vertex   8.906279e+00 2.729545e+01 3.910000e+02
      vertex   8.789585e+00 2.793473e+01 3.880000e+02
    endloop
  endfacet
  facet normal -9.837448e-01 -1.795719e-01 0.000000e+00
    outer loop
      vertex   8.789585e+00 2.793473e+01 3.880000e+02
      vertex   8.906279e+00 2.729545e+01 3.910000e+02
      vertex   8.789585e+00 2.793473e+01 3.910000e+02
    endloop
  endfacet
  facet normal -9.682229e-01 -2.500887e-01 0.000000e+00
    outer loop
      vertex   8.789585e+00 2.793473e+01 3.880000e+02
      vertex   8.789585e+00 2.793473e+01 3.910000e+02
      vertex   8.627067e+00 2.856393e+01 3.880000e+02
    endloop
  endfacet
  facet normal -9.682229e-01 -2.500887e-01 0.000000e+00
    outer loop
      vertex   8.627067e+00 2.856393e+01 3.880000e+02
      vertex   8.789585e+00 2.793473e+01 3.910000e+02
      vertex   8.627067e+00 2.856393e+01 3.910000e+02
    endloop
  endfacet
  facet normal -9.476532e-01 -3.193015e-01 0.000000e+00
    outer loop
      vertex   8.627067e+00 2.856393e+01 3.880000e+02
      vertex   8.627067e+00 2.856393e+01 3.910000e+02
      vertex   8.419571e+00 2.917975e+01 3.880000e+02
    endloop
  endfacet
  facet normal -9.476532e-01 -3.193015e-01 0.000000e+00
    outer loop
      vertex   8.419571e+00 2.917975e+01 3.880000e+02
      vertex   8.627067e+00 2.856393e+01 3.910000e+02
      vertex   8.419571e+00 2.917975e+01 3.910000e+02
    endloop
  endfacet
  facet normal -9.221428e-01 -3.868497e-01 0.000000e+00
    outer loop
      vertex   8.419571e+00 2.917975e+01 3.880000e+02
      vertex   8.419571e+00 2.917975e+01 3.910000e+02
      vertex   8.168179e+00 2.977900e+01 3.880000e+02
    endloop
  endfacet
  facet normal -9.221428e-01 -3.868497e-01 0.000000e+00
    outer loop
      vertex   8.168179e+00 2.977900e+01 3.880000e+02
      vertex   8.419571e+00 2.917975e+01 3.910000e+02
      vertex   8.168179e+00 2.977900e+01 3.910000e+02
    endloop
  endfacet
  facet normal -8.918248e-01 -4.523810e-01 0.000000e+00
    outer loop
      vertex   8.168179e+00 2.977900e+01 3.880000e+02
      vertex   8.168179e+00 2.977900e+01 3.910000e+02
      vertex   7.874202e+00 3.035855e+01 3.880000e+02
    endloop
  endfacet
  facet normal -8.918248e-01 -4.523810e-01 0.000000e+00
    outer loop
      vertex   7.874202e+00 3.035855e+01 3.880000e+02
      vertex   8.168179e+00 2.977900e+01 3.910000e+02
      vertex   7.874202e+00 3.035855e+01 3.910000e+02
    endloop
  endfacet
  facet normal -8.568572e-01 -5.155539e-01 0.000000e+00
    outer loop
      vertex   7.874202e+00 3.035855e+01 3.880000e+02
      vertex   7.874202e+00 3.035855e+01 3.910000e+02
      vertex   7.539173e+00 3.091537e+01 3.880000e+02
    endloop
  endfacet
  facet normal -8.568572e-01 -5.155539e-01 0.000000e+00
    outer loop
      vertex   7.539173e+00 3.091537e+01 3.880000e+02
      vertex   7.874202e+00 3.035855e+01 3.910000e+02
      vertex   7.539173e+00 3.091537e+01 3.910000e+02
    endloop
  endfacet
  facet normal -8.174223e-01 -5.760388e-01 0.000000e+00
    outer loop
      vertex   7.539173e+00 3.091537e+01 3.880000e+02
      vertex   7.539173e+00 3.091537e+01 3.910000e+02
      vertex   7.164838e+00 3.144657e+01 3.880000e+02
    endloop
  endfacet
  facet normal -8.174223e-01 -5.760388e-01 0.000000e+00
    outer loop
      vertex   7.164838e+00 3.144657e+01 3.880000e+02
      vertex   7.539173e+00 3.091537e+01 3.910000e+02
      vertex   7.164838e+00 3.144657e+01 3.910000e+02
    endloop
  endfacet
  facet normal -7.737258e-01 -6.335206e-01 0.000000e+00
    outer loop
      vertex   7.164838e+00 3.144657e+01 3.880000e+02
      vertex   7.164838e+00 3.144657e+01 3.910000e+02
      vertex   6.753148e+00 3.194937e+01 3.880000e+02
    endloop
  endfacet
  facet normal -7.737258e-01 -6.335206e-01 0.000000e+00
    outer loop
      vertex   6.753148e+00 3.194937e+01 3.880000e+02
      vertex   7.164838e+00 3.144657e+01 3.910000e+02
      vertex   6.753148e+00 3.194937e+01 3.910000e+02
    endloop
  endfacet
  facet normal -7.259955e-01 -6.876995e-01 0.000000e+00
    outer loop
      vertex   6.753148e+00 3.194937e+01 3.880000e+02
      vertex   6.753148e+00 3.194937e+01 3.910000e+02
      vertex   6.306251e+00 3.242115e+01 3.880000e+02
    endloop
  endfacet
  facet normal -7.259955e-01 -6.876995e-01 0.000000e+00
    outer loop
      vertex   6.306251e+00 3.242115e+01 3.880000e+02
      vertex   6.753148e+00 3.194937e+01 3.910000e+02
      vertex   6.306251e+00 3.242115e+01 3.910000e+02
    endloop
  endfacet
  facet normal -6.744801e-01 -7.382930e-01 0.000000e+00
    outer loop
      vertex   6.306251e+00 3.242115e+01 3.880000e+02
      vertex   6.306251e+00 3.242115e+01 3.910000e+02
      vertex   5.826477e+00 3.285946e+01 3.880000e+02
    endloop
  endfacet
  facet normal -6.744801e-01 -7.382930e-01 0.000000e+00
    outer loop
      vertex   5.826477e+00 3.285946e+01 3.880000e+02
      vertex   6.306251e+00 3.242115e+01 3.910000e+02
      vertex   5.826477e+00 3.285946e+01 3.910000e+02
    endloop
  endfacet
  facet normal -6.194484e-01 -7.850374e-01 0.000000e+00
    outer loop
      vertex   5.826477e+00 3.285946e+01 3.880000e+02
      vertex   5.826477e+00 3.285946e+01 3.910000e+02
      vertex   5.316325e+00 3.326200e+01 3.880000e+02
    endloop
  endfacet
  facet normal -6.194484e-01 -7.850374e-01 0.000000e+00
    outer loop
      vertex   5.316325e+00 3.326200e+01 3.880000e+02
      vertex   5.826477e+00 3.285946e+01 3.910000e+02
      vertex   5.316325e+00 3.326200e+01 3.910000e+02
    endloop
  endfacet
  facet normal -5.611871e-01 -8.276890e-01 0.000000e+00
    outer loop
      vertex   5.316325e+00 3.326200e+01 3.880000e+02
      vertex   5.316325e+00 3.326200e+01 3.910000e+02
      vertex   4.778457e+00 3.362669e+01 3.880000e+02
    endloop
  endfacet
  facet normal -5.611871e-01 -8.276890e-01 0.000000e+00
    outer loop
      vertex   4.778457e+00 3.362669e+01 3.880000e+02
      vertex   5.316325e+00 3.326200e+01 3.910000e+02
      vertex   4.778457e+00 3.362669e+01 3.910000e+02
    endloop
  endfacet
  facet normal -5.000000e-01 -8.660254e-01 0.000000e+00
    outer loop
      vertex   4.778457e+00 3.362669e+01 3.880000e+02
      vertex   4.778457e+00 3.362669e+01 3.910000e+02
      vertex   4.215676e+00 3.395161e+01 3.880000e+02
    endloop
  endfacet
  facet normal -5.000000e-01 -8.660254e-01 0.000000e+00
    outer loop
      vertex   4.215676e+00 3.395161e+01 3.880000e+02
      vertex   4.778457e+00 3.362669e+01 3.910000e+02
      vertex   4.215676e+00 3.395161e+01 3.910000e+02
    endloop
  endfacet
  facet normal -4.362062e-01 -8.998468e-01 0.000000e+00
    outer loop
      vertex   4.215676e+00 3.395161e+01 3.880000e+02
      vertex   4.215676e+00 3.395161e+01 3.910000e+02
      vertex   3.630916e+00 3.423507e+01 3.880000e+02
    endloop
  endfacet
  facet normal -4.362062e-01 -8.998468e-01 0.000000e+00
    outer loop
      vertex   3.630916e+00 3.423507e+01 3.880000e+02
      vertex   4.215676e+00 3.395161e+01 3.910000e+02
      vertex   3.630916e+00 3.423507e+01 3.910000e+02
    endloop
  endfacet
  facet normal -3.701382e-01 -9.289767e-01 0.000000e+00
    outer loop
      vertex   3.630916e+00 3.423507e+01 3.880000e+02
      vertex   3.630916e+00 3.423507e+01 3.910000e+02
      vertex   3.027227e+00 3.447561e+01 3.880000e+02
    endloop
  endfacet
  facet normal -3.701382e-01 -9.289767e-01 0.000000e+00
    outer loop
      vertex   3.027227e+00 3.447561e+01 3.880000e+02
      vertex   3.630916e+00 3.423507e+01 3.910000e+02
      vertex   3.027227e+00 3.447561e+01 3.910000e+02
    endloop
  endfacet
  facet normal -3.021404e-01 -9.532634e-01 0.000000e+00
    outer loop
      vertex   3.027227e+00 3.447561e+01 3.880000e+02
      vertex   3.027227e+00 3.447561e+01 3.910000e+02
      vertex   2.407755e+00 3.467195e+01 3.880000e+02
    endloop
  endfacet
  facet normal -3.021404e-01 -9.532634e-01 0.000000e+00
    outer loop
      vertex   2.407755e+00 3.467195e+01 3.880000e+02
      vertex   3.027227e+00 3.447561e+01 3.910000e+02
      vertex   2.407755e+00 3.467195e+01 3.910000e+02
    endloop
  endfacet
  facet normal -2.325675e-01 -9.725803e-01 0.000000e+00
    outer loop
      vertex   2.407755e+00 3.467195e+01 3.880000e+02
      vertex   2.407755e+00 3.467195e+01 3.910000e+02
      vertex   1.775730e+00 3.482308e+01 3.880000e+02
    endloop
  endfacet
  facet normal -2.325675e-01 -9.725803e-01 0.000000e+00
    outer loop
      vertex   1.775730e+00 3.482308e+01 3.880000e+02
      vertex   2.407755e+00 3.467195e+01 3.910000e+02
      vertex   1.775730e+00 3.482308e+01 3.910000e+02
    endloop
  endfacet
  facet normal -1.617820e-01 -9.868265e-01 0.000000e+00
    outer loop
      vertex   1.775730e+00 3.482308e+01 3.880000e+02
      vertex   1.775730e+00 3.482308e+01 3.910000e+02
      vertex   1.134447e+00 3.492822e+01 3.880000e+02
    endloop
  endfacet
  facet normal -1.617820e-01 -9.868265e-01 0.000000e+00
    outer loop
      vertex   1.134447e+00 3.492822e+01 3.880000e+02
      vertex   1.775730e+00 3.482308e+01 3.910000e+02
      vertex   1.134447e+00 3.492822e+01 3.910000e+02
    endloop
  endfacet
  facet normal -9.015308e-02 -9.959279e-01 0.000000e+00
    outer loop
      vertex   1.134447e+00 3.492822e+01 3.880000e+02
      vertex   1.134447e+00 3.492822e+01 3.910000e+02
      vertex   4.872502e-01 3.498680e+01 3.880000e+02
    endloop
  endfacet
  facet normal -9.015308e-02 -9.959279e-01 0.000000e+00
    outer loop
      vertex   4.872502e-01 3.498680e+01 3.880000e+02
      vertex   1.134447e+00 3.492822e+01 3.910000e+02
      vertex   4.872502e-01 3.498680e+01 3.910000e+02
    endloop
  endfacet
  facet normal -1.805415e-02 -9.998370e-01 0.000000e+00
    outer loop
      vertex   4.872502e-01 3.498680e+01 3.880000e+02
      vertex   4.872502e-01 3.498680e+01 3.910000e+02
      vertex   -1.624873e-01 3.499853e+01 3.880000e+02
    endloop
  endfacet
  facet normal -1.805415e-02 -9.998370e-01 0.000000e+00
    outer loop
      vertex   -1.624873e-01 3.499853e+01 3.880000e+02
      vertex   4.872502e-01 3.498680e+01 3.910000e+02
      vertex   -1.624873e-01 3.499853e+01 3.910000e+02
    endloop
  endfacet
  facet normal 5.413891e-02 -9.985334e-01 0.000000e+00
    outer loop
      vertex   -1.624873e-01 3.499853e+01 3.880000e+02
      vertex   -1.624873e-01 3.499853e+01 3.910000e+02
      vertex   -8.113777e-01 3.496335e+01 3.880000e+02
    endloop
  endfacet
  facet normal 5.413891e-02 -9.985334e-01 0.000000e+00
    outer loop
      vertex   -8.113777e-01 3.496335e+01 3.880000e+02
      vertex   -1.624873e-01 3.499853e+01 3.910000e+02
      vertex   -8.113777e-01 3.496335e+01 3.910000e+02
    endloop
  endfacet
  facet normal 1.260497e-01 -9.920239e-01 0.000000e+00
    outer loop
      vertex   -8.113777e-01 3.496335e+01 3.880000e+02
      vertex   -8.113777e-01 3.496335e+01 3.910000e+02
      vertex   -1.456038e+00 3.488144e+01 3.880000e+02
    endloop
  endfacet
  facet normal 1.260497e-01 -9.920239e-01 0.000000e+00
    outer loop
      vertex   -1.456038e+00 3.488144e+01 3.880000e+02
      vertex   -8.113777e-01 3.496335e+01 3.910000e+02
      vertex   -1.456038e+00 3.488144e+01 3.910000e+02
    endloop
  endfacet
  facet normal 1.973033e-01 -9.803425e-01 0.000000e+00
    outer loop
      vertex   -1.456038e+00 3.488144e+01 3.880000e+02
      vertex   -1.456038e+00 3.488144e+01 3.910000e+02
      vertex   -2.093107e+00 3.475322e+01 3.880000e+02
    endloop
  endfacet
  facet normal 1.973033e-01 -9.803425e-01 0.000000e+00
    outer loop
      vertex   -2.093107e+00 3.475322e+01 3.880000e+02
      vertex   -1.456038e+00 3.488144e+01 3.910000e+02
      vertex   -2.093107e+00 3.475322e+01 3.910000e+02
    endloop
  endfacet
  facet normal 2.675283e-01 -9.635500e-01 0.000000e+00
    outer loop
      vertex   -2.093107e+00 3.475322e+01 3.880000e+02
      vertex   -2.093107e+00 3.475322e+01 3.910000e+02
      vertex   -2.719264e+00 3.457937e+01 3.880000e+02
    endloop
  endfacet
  facet normal 2.675283e-01 -9.635500e-01 0.000000e+00
    outer loop
      vertex   -2.719264e+00 3.457937e+01 3.880000e+02
      vertex   -2.093107e+00 3.475322e+01 3.910000e+02
      vertex   -2.719264e+00 3.457937e+01 3.910000e+02
    endloop
  endfacet
  facet normal 3.363586e-01 -9.417340e-01 0.000000e+00
    outer loop
      vertex   -2.719264e+00 3.457937e+01 3.880000e+02
      vertex   -2.719264e+00 3.457937e+01 3.910000e+02
      vertex   -3.331243e+00 3.436079e+01 3.880000e+02
    endloop
  endfacet
  facet normal 3.363586e-01 -9.417340e-01 0.000000e+00
    outer loop
      vertex   -3.331243e+00 3.436079e+01 3.880000e+02
      vertex   -2.719264e+00 3.457937e+01 3.910000e+02
      vertex   -3.331243e+00 3.436079e+01 3.910000e+02
    endloop
  endfacet
  facet normal 4.034352e-01 -9.150082e-01 0.000000e+00
    outer loop
      vertex   -3.331243e+00 3.436079e+01 3.880000e+02
      vertex   -3.331243e+00 3.436079e+01 3.910000e+02
      vertex   -3.925855e+00 3.409862e+01 3.880000e+02
    endloop
  endfacet
  facet normal 4.034352e-01 -9.150082e-01 0.000000e+00
    outer loop
      vertex   -3.925855e+00 3.409862e+01 3.880000e+02
      vertex   -3.331243e+00 3.436079e+01 3.910000e+02
      vertex   -3.925855e+00 3.409862e+01 3.910000e+02
    endloop
  endfacet
  facet normal 4.684084e-01 -8.835120e-01 0.000000e+00
    outer loop
      vertex   -3.925855e+00 3.409862e+01 3.880000e+02
      vertex   -3.925855e+00 3.409862e+01 3.910000e+02
      vertex   -4.500000e+00 3.379423e+01 3.880000e+02
    endloop
  endfacet
  facet normal 4.684084e-01 -8.835120e-01 0.000000e+00
    outer loop
      vertex   -4.500000e+00 3.379423e+01 3.880000e+02
      vertex   -3.925855e+00 3.409862e+01 3.910000e+02
      vertex   -4.500000e+00 3.379423e+01 3.910000e+02
    endloop
  endfacet
  facet normal 5.309397e-01 -8.474096e-01 0.000000e+00
    outer loop
      vertex   -4.500000e+00 3.379423e+01 3.880000e+02
      vertex   -4.500000e+00 3.379423e+01 3.910000e+02
      vertex   -5.050684e+00 3.344920e+01 3.880000e+02
    endloop
  endfacet
  facet normal 5.309397e-01 -8.474096e-01 0.000000e+00
    outer loop
      vertex   -5.050684e+00 3.344920e+01 3.880000e+02
      vertex   -4.500000e+00 3.379423e+01 3.910000e+02
      vertex   -5.050684e+00 3.344920e+01 3.910000e+02
    endloop
  endfacet
  facet normal 5.907028e-01 -8.068892e-01 0.000000e+00
    outer loop
      vertex   -5.050684e+00 3.344920e+01 3.880000e+02
      vertex   -5.050684e+00 3.344920e+01 3.910000e+02
      vertex   -5.575035e+00 3.306534e+01 3.880000e+02
    endloop
  endfacet
  facet normal 5.907028e-01 -8.068892e-01 0.000000e+00
    outer loop
      vertex   -5.575035e+00 3.306534e+01 3.880000e+02
      vertex   -5.050684e+00 3.344920e+01 3.910000e+02
      vertex   -5.575035e+00 3.306534e+01 3.910000e+02
    endloop
  endfacet
  facet normal 6.473863e-01 -7.621621e-01 0.000000e+00
    outer loop
      vertex   -5.575035e+00 3.306534e+01 3.880000e+02
      vertex   -5.575035e+00 3.306534e+01 3.910000e+02
      vertex   -6.070321e+00 3.264464e+01 3.880000e+02
    endloop
  endfacet
  facet normal 6.473863e-01 -7.621621e-01 0.000000e+00
    outer loop
      vertex   -6.070321e+00 3.264464e+01 3.880000e+02
      vertex   -5.575035e+00 3.306534e+01 3.910000e+02
      vertex   -6.070321e+00 3.264464e+01 3.910000e+02
    endloop
  endfacet
  facet normal 7.006946e-01 -7.134613e-01 0.000000e+00
    outer loop
      vertex   -6.070321e+00 3.264464e+01 3.880000e+02
      vertex   -6.070321e+00 3.264464e+01 3.910000e+02
      vertex   -6.533959e+00 3.218930e+01 3.880000e+02
    endloop
  endfacet
  facet normal 7.006946e-01 -7.134613e-01 0.000000e+00
    outer loop
      vertex   -6.533959e+00 3.218930e+01 3.880000e+02
      vertex   -6.070321e+00 3.264464e+01 3.910000e+02
      vertex   -6.533959e+00 3.218930e+01 3.910000e+02
    endloop
  endfacet
  facet normal 7.503498e-01 -6.610410e-01 0.000000e+00
    outer loop
      vertex   -6.533959e+00 3.218930e+01 3.880000e+02
      vertex   -6.533959e+00 3.218930e+01 3.910000e+02
      vertex   -6.963533e+00 3.170169e+01 3.880000e+02
    endloop
  endfacet
  facet normal 7.503498e-01 -6.610410e-01 0.000000e+00
    outer loop
      vertex   -6.963533e+00 3.170169e+01 3.880000e+02
      vertex   -6.533959e+00 3.218930e+01 3.910000e+02
      vertex   -6.963533e+00 3.170169e+01 3.910000e+02
    endloop
  endfacet
  facet normal 7.960931e-01 -6.051742e-01 0.000000e+00
    outer loop
      vertex   -6.963533e+00 3.170169e+01 3.880000e+02
      vertex   -6.963533e+00 3.170169e+01 3.910000e+02
      vertex   -7.356801e+00 3.118435e+01 3.880000e+02
    endloop
  endfacet
  facet normal 7.960931e-01 -6.051742e-01 0.000000e+00
    outer loop
      vertex   -7.356801e+00 3.118435e+01 3.880000e+02
      vertex   -6.963533e+00 3.170169e+01 3.910000e+02
      vertex   -7.356801e+00 3.118435e+01 3.910000e+02
    endloop
  endfacet
  facet normal 8.376858e-01 -5.461524e-01 0.000000e+00
    outer loop
      vertex   -7.356801e+00 3.118435e+01 3.880000e+02
      vertex   -7.356801e+00 3.118435e+01 3.910000e+02
      vertex   -7.711715e+00 3.063999e+01 3.880000e+02
    endloop
  endfacet
  facet normal 8.376858e-01 -5.461524e-01 0.000000e+00
    outer loop
      vertex   -7.711715e+00 3.063999e+01 3.880000e+02
      vertex   -7.356801e+00 3.118435e+01 3.910000e+02
      vertex   -7.711715e+00 3.063999e+01 3.910000e+02
    endloop
  endfacet
  facet normal 8.749113e-01 -4.842832e-01 0.000000e+00
    outer loop
      vertex   -7.711715e+00 3.063999e+01 3.880000e+02
      vertex   -7.711715e+00 3.063999e+01 3.910000e+02
      vertex   -8.026423e+00 3.007143e+01 3.880000e+02
    endloop
  endfacet
  facet normal 8.749113e-01 -4.842832e-01 0.000000e+00
    outer loop
      vertex   -8.026423e+00 3.007143e+01 3.880000e+02
      vertex   -7.711715e+00 3.063999e+01 3.910000e+02
      vertex   -8.026423e+00 3.007143e+01 3.910000e+02
    endloop
  endfacet
  facet normal 9.075754e-01 -4.198891e-01 0.000000e+00
    outer loop
      vertex   -8.026423e+00 3.007143e+01 3.880000e+02
      vertex   -8.026423e+00 3.007143e+01 3.910000e+02
      vertex   -8.299285e+00 2.948165e+01 3.880000e+02
    endloop
  endfacet
  facet normal 9.075754e-01 -4.198891e-01 0.000000e+00
    outer loop
      vertex   -8.299285e+00 2.948165e+01 3.880000e+02
      vertex   -8.026423e+00 3.007143e+01 3.910000e+02
      vertex   -8.299285e+00 2.948165e+01 3.910000e+02
    endloop
  endfacet
  facet normal 9.355078e-01 -3.533059e-01 0.000000e+00
    outer loop
      vertex   -8.299285e+00 2.948165e+01 3.880000e+02
      vertex   -8.299285e+00 2.948165e+01 3.910000e+02
      vertex   -8.528879e+00 2.887371e+01 3.880000e+02
    endloop
  endfacet
  facet normal 9.355078e-01 -3.533059e-01 0.000000e+00
    outer loop
      vertex   -8.528879e+00 2.887371e+01 3.880000e+02
      vertex   -8.299285e+00 2.948165e+01 3.910000e+02
      vertex   -8.528879e+00 2.887371e+01 3.910000e+02
    endloop
  endfacet
  facet normal 9.585629e-01 -2.848808e-01 0.000000e+00
    outer loop
      vertex   -8.528879e+00 2.887371e+01 3.880000e+02
      vertex   -8.528879e+00 2.887371e+01 3.910000e+02
      vertex   -8.714006e+00 2.825080e+01 3.880000e+02
    endloop
  endfacet
  facet normal 9.585629e-01 -2.848808e-01 0.000000e+00
    outer loop
      vertex   -8.714006e+00 2.825080e+01 3.880000e+02
      vertex   -8.528879e+00 2.887371e+01 3.910000e+02
      vertex   -8.714006e+00 2.825080e+01 3.910000e+02
    endloop
  endfacet
  facet normal 9.766206e-01 -2.149704e-01 0.000000e+00
    outer loop
      vertex   -8.714006e+00 2.825080e+01 3.880000e+02
      vertex   -8.714006e+00 2.825080e+01 3.910000e+02
      vertex   -8.853704e+00 2.761615e+01 3.880000e+02
    endloop
  endfacet
  facet normal 9.766206e-01 -2.149704e-01 0.000000e+00
    outer loop
      vertex   -8.853704e+00 2.761615e+01 3.880000e+02
      vertex   -8.714006e+00 2.825080e+01 3.910000e+02
      vertex   -8.853704e+00 2.761615e+01 3.910000e+02
    endloop
  endfacet
  facet normal 9.895865e-01 -1.439393e-01 0.000000e+00
    outer loop
      vertex   -8.853704e+00 2.761615e+01 3.880000e+02
      vertex   -8.853704e+00 2.761615e+01 3.910000e+02
      vertex   -8.947242e+00 2.697307e+01 3.880000e+02
    endloop
  endfacet
  facet normal 9.895865e-01 -1.439393e-01 0.000000e+00
    outer loop
      vertex   -8.947242e+00 2.697307e+01 3.880000e+02
      vertex   -8.853704e+00 2.761615e+01 3.910000e+02
      vertex   -8.947242e+00 2.697307e+01 3.910000e+02
    endloop
  endfacet
  facet normal 9.973932e-01 -7.215776e-02 0.000000e+00
    outer loop
      vertex   -8.947242e+00 2.697307e+01 3.880000e+02
      vertex   -8.947242e+00 2.697307e+01 3.910000e+02
      vertex   -8.994133e+00 2.632492e+01 3.880000e+02
    endloop
  endfacet
  facet normal 9.973932e-01 -7.215776e-02 0.000000e+00
    outer loop
      vertex   -8.994133e+00 2.632492e+01 3.880000e+02
      vertex   -8.947242e+00 2.697307e+01 3.910000e+02
      vertex   -8.994133e+00 2.632492e+01 3.910000e+02
    endloop
  endfacet
  facet normal 1.000000e+00 0.000000e+00 -0.000000e+00
    outer loop
      vertex   -8.994133e+00 2.632492e+01 3.880000e+02
      vertex   -8.994133e+00 2.632492e+01 3.910000e+02
      vertex   -8.994133e+00 2.567508e+01 3.880000e+02
    endloop
  endfacet
  facet normal 1.000000e+00 0.000000e+00 0.000000e+00
    outer loop
      vertex   -8.994133e+00 2.567508e+01 3.880000e+02
      vertex   -8.994133e+00 2.632492e+01 3.910000e+02
      vertex   -8.994133e+00 2.567508e+01 3.910000e+02
    endloop
  endfacet
  facet normal 9.973932e-01 7.215776e-02 -0.000000e+00
    outer loop
      vertex   -8.994133e+00 2.567508e+01 3.880000e+02
      vertex   -8.994133e+00 2.567508e+01 3.910000e+02
      vertex   -8.947242e+00 2.502693e+01 3.880000e+02
    endloop
  endfacet
  facet normal 9.973932e-01 7.215776e-02 -0.000000e+00
    outer loop
      vertex   -8.947242e+00 2.502693e+01 3.880000e+02
      vertex   -8.994133e+00 2.567508e+01 3.910000e+02
      vertex   -8.947242e+00 2.502693e+01 3.910000e+02
    endloop
  endfacet
  facet normal 9.895865e-01 1.439393e-01 -0.000000e+00
    outer loop
      vertex   -8.947242e+00 2.502693e+01 3.880000e+02
      vertex   -8.947242e+00 2.502693e+01 3.910000e+02
      vertex   -8.853704e+00 2.438385e+01 3.880000e+02
    endloop
  endfacet
  facet normal 9.895865e-01 1.439393e-01 -0.000000e+00
    outer loop
      vertex   -8.853704e+00 2.438385e+01 3.880000e+02
      vertex   -8.947242e+00 2.502693e+01 3.910000e+02
      vertex   -8.853704e+00 2.438385e+01 3.910000e+02
    endloop
  endfacet
  facet normal 9.766206e-01 2.149704e-01 -0.000000e+00
    outer loop
      vertex   -8.853704e+00 2.438385e+01 3.880000e+02
      vertex   -8.853704e+00 2.438385e+01 3.910000e+02
      vertex   -8.714006e+00 2.374920e+01 3.880000e+02
    endloop
  endfacet
  facet normal 9.766206e-01 2.149704e-01 -0.000000e+00
    outer loop
      vertex   -8.714006e+00 2.374920e+01 3.880000e+02
      vertex   -8.853704e+00 2.438385e+01 3.910000e+02
      vertex   -8.714006e+00 2.374920e+01 3.910000e+02
    endloop
  endfacet
  facet normal 9.585629e-01 2.848808e-01 -0.000000e+00
    outer loop
      vertex   -8.714006e+00 2.374920e+01 3.880000e+02
      vertex   -8.714006e+00 2.374920e+01 3.910000e+02
      vertex   -8.528879e+00 2.312629e+01 3.880000e+02
    endloop
  endfacet
  facet normal 9.585629e-01 2.848808e-01 -0.000000e+00
    outer loop
      vertex   -8.528879e+00 2.312629e+01 3.880000e+02
      vertex   -8.714006e+00 2.374920e+01 3.910000e+02
      vertex   -8.528879e+00 2.312629e+01 3.910000e+02
    endloop
  endfacet
  facet normal 9.355078e-01 3.533059e-01 -0.000000e+00
    outer loop
      vertex   -8.528879e+00 2.312629e+01 3.880000e+02
      vertex   -8.528879e+00 2.312629e+01 3.910000e+02
      vertex   -8.299285e+00 2.251835e+01 3.880000e+02
    endloop
  endfacet
  facet normal 9.355078e-01 3.533059e-01 -0.000000e+00
    outer loop
      vertex   -8.299285e+00 2.251835e+01 3.880000e+02
      vertex   -8.528879e+00 2.312629e+01 3.910000e+02
      vertex   -8.299285e+00 2.251835e+01 3.910000e+02
    endloop
  endfacet
  facet normal 9.075754e-01 4.198891e-01 -0.000000e+00
    outer loop
      vertex   -8.299285e+00 2.251835e+01 3.880000e+02
      vertex   -8.299285e+00 2.251835e+01 3.910000e+02
      vertex   -8.026423e+00 2.192857e+01 3.880000e+02
    endloop
  endfacet
  facet normal 9.075754e-01 4.198891e-01 -0.000000e+00
    outer loop
      vertex   -8.026423e+00 2.192857e+01 3.880000e+02
      vertex   -8.299285e+00 2.251835e+01 3.910000e+02
      vertex   -8.026423e+00 2.192857e+01 3.910000e+02
    endloop
  endfacet
  facet normal 8.749113e-01 4.842832e-01 -0.000000e+00
    outer loop
      vertex   -8.026423e+00 2.192857e+01 3.880000e+02
      vertex   -8.026423e+00 2.192857e+01 3.910000e+02
      vertex   -7.711715e+00 2.136002e+01 3.880000e+02
    endloop
  endfacet
  facet normal 8.749113e-01 4.842832e-01 -0.000000e+00
    outer loop
      vertex   -7.711715e+00 2.136002e+01 3.880000e+02
      vertex   -8.026423e+00 2.192857e+01 3.910000e+02
      vertex   -7.711715e+00 2.136002e+01 3.910000e+02
    endloop
  endfacet
  facet normal 8.376858e-01 5.461524e-01 -0.000000e+00
    outer loop
      vertex   -7.711715e+00 2.136002e+01 3.880000e+02
      vertex   -7.711715e+00 2.136002e+01 3.910000e+02
      vertex   -7.356801e+00 2.081565e+01 3.880000e+02
    endloop
  endfacet
  facet normal 8.376858e-01 5.461524e-01 -0.000000e+00
    outer loop
      vertex   -7.356801e+00 2.081565e+01 3.880000e+02
      vertex   -7.711715e+00 2.136002e+01 3.910000e+02
      vertex   -7.356801e+00 2.081565e+01 3.910000e+02
    endloop
  endfacet
  facet normal 7.960931e-01 6.051742e-01 -0.000000e+00
    outer loop
      vertex   -7.356801e+00 2.081565e+01 3.880000e+02
      vertex   -7.356801e+00 2.081565e+01 3.910000e+02
      vertex   -6.963533e+00 2.029832e+01 3.880000e+02
    endloop
  endfacet
  facet normal 7.960931e-01 6.051742e-01 -0.000000e+00
    outer loop
      vertex   -6.963533e+00 2.029832e+01 3.880000e+02
      vertex   -7.356801e+00 2.081565e+01 3.910000e+02
      vertex   -6.963533e+00 2.029832e+01 3.910000e+02
    endloop
  endfacet
  facet normal 7.503498e-01 6.610410e-01 -0.000000e+00
    outer loop
      vertex   -6.963533e+00 2.029832e+01 3.880000e+02
      vertex   -6.963533e+00 2.029832e+01 3.910000e+02
      vertex   -6.533959e+00 1.981071e+01 3.880000e+02
    endloop
  endfacet
  facet normal 7.503498e-01 6.610410e-01 -0.000000e+00
    outer loop
      vertex   -6.533959e+00 1.981071e+01 3.880000e+02
      vertex   -6.963533e+00 2.029832e+01 3.910000e+02
      vertex   -6.533959e+00 1.981071e+01 3.910000e+02
    endloop
  endfacet
  facet normal 7.006946e-01 7.134613e-01 -0.000000e+00
    outer loop
      vertex   -6.533959e+00 1.981071e+01 3.880000e+02
      vertex   -6.533959e+00 1.981071e+01 3.910000e+02
      vertex   -6.070321e+00 1.935536e+01 3.880000e+02
    endloop
  endfacet
  facet normal 7.006946e-01 7.134613e-01 -0.000000e+00
    outer loop
      vertex   -6.070321e+00 1.935536e+01 3.880000e+02
      vertex   -6.533959e+00 1.981071e+01 3.910000e+02
      vertex   -6.070321e+00 1.935536e+01 3.910000e+02
    endloop
  endfacet
  facet normal 6.473863e-01 7.621621e-01 -0.000000e+00
    outer loop
      vertex   -6.070321e+00 1.935536e+01 3.880000e+02
      vertex   -6.070321e+00 1.935536e+01 3.910000e+02
      vertex   -5.575035e+00 1.893466e+01 3.880000e+02
    endloop
  endfacet
  facet normal 6.473863e-01 7.621621e-01 -0.000000e+00
    outer loop
      vertex   -5.575035e+00 1.893466e+01 3.880000e+02
      vertex   -6.070321e+00 1.935536e+01 3.910000e+02
      vertex   -5.575035e+00 1.893466e+01 3.910000e+02
    endloop
  endfacet
  facet normal 5.907028e-01 8.068892e-01 -0.000000e+00
    outer loop
      vertex   -5.575035e+00 1.893466e+01 3.880000e+02
      vertex   -5.575035e+00 1.893466e+01 3.910000e+02
      vertex   -5.050684e+00 1.855080e+01 3.880000e+02
    endloop
  endfacet
  facet normal 5.907028e-01 8.068892e-01 -0.000000e+00
    outer loop
      vertex   -5.050684e+00 1.855080e+01 3.880000e+02
      vertex   -5.575035e+00 1.893466e+01 3.910000e+02
      vertex   -5.050684e+00 1.855080e+01 3.910000e+02
    endloop
  endfacet
  facet normal 5.309397e-01 8.474096e-01 -0.000000e+00
    outer loop
      vertex   -5.050684e+00 1.855080e+01 3.880000e+02
      vertex   -5.050684e+00 1.855080e+01 3.910000e+02
      vertex   -4.500000e+00 1.820577e+01 3.880000e+02
    endloop
  endfacet
  facet normal 5.309397e-01 8.474096e-01 -0.000000e+00
    outer loop
      vertex   -4.500000e+00 1.820577e+01 3.880000e+02
      vertex   -5.050684e+00 1.855080e+01 3.910000e+02
      vertex   -4.500000e+00 1.820577e+01 3.910000e+02
    endloop
  endfacet
  facet normal 4.684084e-01 8.835120e-01 -0.000000e+00
    outer loop
      vertex   -4.500000e+00 1.820577e+01 3.880000e+02
      vertex   -4.500000e+00 1.820577e+01 3.910000e+02
      vertex   -3.925855e+00 1.790138e+01 3.880000e+02
    endloop
  endfacet
  facet normal 4.684084e-01 8.835120e-01 -0.000000e+00
    outer loop
      vertex   -3.925855e+00 1.790138e+01 3.880000e+02
      vertex   -4.500000e+00 1.820577e+01 3.910000e+02
      vertex   -3.925855e+00 1.790138e+01 3.910000e+02
    endloop
  endfacet
  facet normal 4.034352e-01 9.150082e-01 -0.000000e+00
    outer loop
      vertex   -3.925855e+00 1.790138e+01 3.880000e+02
      vertex   -3.925855e+00 1.790138e+01 3.910000e+02
      vertex   -3.331243e+00 1.763921e+01 3.880000e+02
    endloop
  endfacet
  facet normal 4.034352e-01 9.150082e-01 -0.000000e+00
    outer loop
      vertex   -3.331243e+00 1.763921e+01 3.880000e+02
      vertex   -3.925855e+00 1.790138e+01 3.910000e+02
      vertex   -3.331243e+00 1.763921e+01 3.910000e+02
    endloop
  endfacet
  facet normal 3.363586e-01 9.417340e-01 -0.000000e+00
    outer loop
      vertex   -3.331243e+00 1.763921e+01 3.880000e+02
      vertex   -3.331243e+00 1.763921e+01 3.910000e+02
      vertex   -2.719264e+00 1.742063e+01 3.880000e+02
    endloop
  endfacet
  facet normal 3.363586e-01 9.417340e-01 -0.000000e+00
    outer loop
      vertex   -2.719264e+00 1.742063e+01 3.880000e+02
      vertex   -3.331243e+00 1.763921e+01 3.910000e+02
      vertex   -2.719264e+00 1.742063e+01 3.910000e+02
    endloop
  endfacet
  facet normal 2.675283e-01 9.635500e-01 -0.000000e+00
    outer loop
      vertex   -2.719264e+00 1.742063e+01 3.880000e+02
      vertex   -2.719264e+00 1.742063e+01 3.910000e+02
      vertex   -2.093107e+00 1.724678e+01 3.880000e+02
    endloop
  endfacet
  facet normal 2.675283e-01 9.635500e-01 -0.000000e+00
    outer loop
      vertex   -2.093107e+00 1.724678e+01 3.880000e+02
      vertex   -2.719264e+00 1.742063e+01 3.910000e+02
      vertex   -2.093107e+00 1.724678e+01 3.910000e+02
    endloop
  endfacet
  facet normal 1.973033e-01 9.803425e-01 -0.000000e+00
    outer loop
      vertex   -2.093107e+00 1.724678e+01 3.880000e+02
      vertex   -2.093107e+00 1.724678e+01 3.910000e+02
      vertex   -1.456038e+00 1.711856e+01 3.880000e+02
    endloop
  endfacet
  facet normal 1.973033e-01 9.803425e-01 -0.000000e+00
    outer loop
      vertex   -1.456038e+00 1.711856e+01 3.880000e+02
      vertex   -2.093107e+00 1.724678e+01 3.910000e+02
      vertex   -1.456038e+00 1.711856e+01 3.910000e+02
    endloop
  endfacet
  facet normal 1.260497e-01 9.920239e-01 -0.000000e+00
    outer loop
      vertex   -1.456038e+00 1.711856e+01 3.880000e+02
      vertex   -1.456038e+00 1.711856e+01 3.910000e+02
      vertex   -8.113777e-01 1.703665e+01 3.880000e+02
    endloop
  endfacet
  facet normal 1.260497e-01 9.920239e-01 -0.000000e+00
    outer loop
      vertex   -8.113777e-01 1.703665e+01 3.880000e+02
      vertex   -1.456038e+00 1.711856e+01 3.910000e+02
      vertex   -8.113777e-01 1.703665e+01 3.910000e+02
    endloop
  endfacet
  facet normal 5.413891e-02 9.985334e-01 -0.000000e+00
    outer loop
      vertex   -8.113777e-01 1.703665e+01 3.880000e+02
      vertex   -8.113777e-01 1.703665e+01 3.910000e+02
      vertex   -1.624873e-01 1.700147e+01 3.880000e+02
    endloop
  endfacet
  facet normal 5.413891e-02 9.985334e-01 -0.000000e+00
    outer loop
      vertex   -1.624873e-01 1.700147e+01 3.880000e+02
      vertex   -8.113777e-01 1.703665e+01 3.910000e+02
      vertex   -1.624873e-01 1.700147e+01 3.910000e+02
    endloop
  endfacet
  facet normal -1.805415e-02 9.998370e-01 0.000000e+00
    outer loop
      vertex   -1.624873e-01 1.700147e+01 3.880000e+02
      vertex   -1.624873e-01 1.700147e+01 3.910000e+02
      vertex   4.872502e-01 1.701320e+01 3.880000e+02
    endloop
  endfacet
  facet normal -1.805415e-02 9.998370e-01 0.000000e+00
    outer loop
      vertex   4.872502e-01 1.701320e+01 3.880000e+02
      vertex   -1.624873e-01 1.700147e+01 3.910000e+02
      vertex   4.872502e-01 1.701320e+01 3.910000e+02
    endloop
  endfacet
  facet normal -9.015308e-02 9.959279e-01 0.000000e+00
    outer loop
      vertex   4.872502e-01 1.701320e+01 3.880000e+02
      vertex   4.872502e-01 1.701320e+01 3.910000e+02
      vertex   1.134447e+00 1.707178e+01 3.880000e+02
    endloop
  endfacet
  facet normal -9.015308e-02 9.959279e-01 0.000000e+00
    outer loop
      vertex   1.134447e+00 1.707178e+01 3.880000e+02
      vertex   4.872502e-01 1.701320e+01 3.910000e+02
      vertex   1.134447e+00 1.707178e+01 3.910000e+02
    endloop
  endfacet
  facet normal -1.617820e-01 9.868265e-01 0.000000e+00
    outer loop
      vertex   1.134447e+00 1.707178e+01 3.880000e+02
      vertex   1.134447e+00 1.707178e+01 3.910000e+02
      vertex   1.775730e+00 1.717692e+01 3.880000e+02
    endloop
  endfacet
  facet normal -1.617820e-01 9.868265e-01 0.000000e+00
    outer loop
      vertex   1.775730e+00 1.717692e+01 3.880000e+02
      vertex   1.134447e+00 1.707178e+01 3.910000e+02
      vertex   1.775730e+00 1.717692e+01 3.910000e+02
    endloop
  endfacet
  facet normal -2.325675e-01 9.725803e-01 0.000000e+00
    outer loop
      vertex   1.775730e+00 1.717692e+01 3.880000e+02
      vertex   1.775730e+00 1.717692e+01 3.910000e+02
      vertex   2.407755e+00 1.732805e+01 3.880000e+02
    endloop
  endfacet
  facet normal -2.325675e-01 9.725803e-01 0.000000e+00
    outer loop
      vertex   2.407755e+00 1.732805e+01 3.880000e+02
      vertex   1.775730e+00 1.717692e+01 3.910000e+02
      vertex   2.407755e+00 1.732805e+01 3.910000e+02
    endloop
  endfacet
  facet normal -3.021404e-01 9.532634e-01 0.000000e+00
    outer loop
      vertex   2.407755e+00 1.732805e+01 3.880000e+02
      vertex   2.407755e+00 1.732805e+01 3.910000e+02
      vertex   3.027227e+00 1.752439e+01 3.880000e+02
    endloop
  endfacet
  facet normal -3.021404e-01 9.532634e-01 0.000000e+00
    outer loop
      vertex   3.027227e+00 1.752439e+01 3.880000e+02
      vertex   2.407755e+00 1.732805e+01 3.910000e+02
      vertex   3.027227e+00 1.752439e+01 3.910000e+02
    endloop
  endfacet
  facet normal -3.701382e-01 9.289767e-01 0.000000e+00
    outer loop
      vertex   3.027227e+00 1.752439e+01 3.880000e+02
      vertex   3.027227e+00 1.752439e+01 3.910000e+02
      vertex   3.630916e+00 1.776493e+01 3.880000e+02
    endloop
  endfacet
  facet normal -3.701382e-01 9.289767e-01 0.000000e+00
    outer loop
      vertex   3.630916e+00 1.776493e+01 3.880000e+02
      vertex   3.027227e+00 1.752439e+01 3.910000e+02
      vertex   3.630916e+00 1.776493e+01 3.910000e+02
    endloop
  endfacet
  facet normal -4.362062e-01 8.998468e-01 0.000000e+00
    outer loop
      vertex   3.630916e+00 1.776493e+01 3.880000e+02
      vertex   3.630916e+00 1.776493e+01 3.910000e+02
      vertex   4.215676e+00 1.804839e+01 3.880000e+02
    endloop
  endfacet
  facet normal -4.362062e-01 8.998468e-01 0.000000e+00
    outer loop
      vertex   4.215676e+00 1.804839e+01 3.880000e+02
      vertex   3.630916e+00 1.776493e+01 3.910000e+02
      vertex   4.215676e+00 1.804839e+01 3.910000e+02
    endloop
  endfacet
  facet normal -5.000000e-01 8.660254e-01 0.000000e+00
    outer loop
      vertex   4.215676e+00 1.804839e+01 3.880000e+02
      vertex   4.215676e+00 1.804839e+01 3.910000e+02
      vertex   4.778457e+00 1.837331e+01 3.880000e+02
    endloop
  endfacet
  facet normal -5.000000e-01 8.660254e-01 0.000000e+00
    outer loop
      vertex   4.778457e+00 1.837331e+01 3.880000e+02
      vertex   4.215676e+00 1.804839e+01 3.910000e+02
      vertex   4.778457e+00 1.837331e+01 3.910000e+02
    endloop
  endfacet
  facet normal -5.611871e-01 8.276890e-01 0.000000e+00
    outer loop
      vertex   4.778457e+00 1.837331e+01 3.880000e+02
      vertex   4.778457e+00 1.837331e+01 3.910000e+02
      vertex   5.316325e+00 1.873800e+01 3.880000e+02
    endloop
  endfacet
  facet normal -5.611871e-01 8.276890e-01 0.000000e+00
    outer loop
      vertex   5.316325e+00 1.873800e+01 3.880000e+02
      vertex   4.778457e+00 1.837331e+01 3.910000e+02
      vertex   5.316325e+00 1.873800e+01 3.910000e+02
    endloop
  endfacet
  facet normal -6.194484e-01 7.850374e-01 0.000000e+00
    outer loop
      vertex   5.316325e+00 1.873800e+01 3.880000e+02
      vertex   5.316325e+00 1.873800e+01 3.910000e+02
      vertex   5.826477e+00 1.914054e+01 3.880000e+02
    endloop
  endfacet
  facet normal -6.194484e-01 7.850374e-01 0.000000e+00
    outer loop
      vertex   5.826477e+00 1.914054e+01 3.880000e+02
      vertex   5.316325e+00 1.873800e+01 3.910000e+02
      vertex   5.826477e+00 1.914054e+01 3.910000e+02
    endloop
  endfacet
  facet normal -6.744801e-01 7.382930e-01 0.000000e+00
    outer loop
      vertex   5.826477e+00 1.914054e+01 3.880000e+02
      vertex   5.826477e+00 1.914054e+01 3.910000e+02
      vertex   6.306251e+00 1.957885e+01 3.880000e+02
    endloop
  endfacet
  facet normal -6.744801e-01 7.382930e-01 0.000000e+00
    outer loop
      vertex   6.306251e+00 1.957885e+01 3.880000e+02
      vertex   5.826477e+00 1.914054e+01 3.910000e+02
      vertex   6.306251e+00 1.957885e+01 3.910000e+02
    endloop
  endfacet
  facet normal -7.259955e-01 6.876995e-01 0.000000e+00
    outer loop
      vertex   6.306251e+00 1.957885e+01 3.880000e+02
      vertex   6.306251e+00 1.957885e+01 3.910000e+02
      vertex   6.753148e+00 2.005063e+01 3.880000e+02
    endloop
  endfacet
  facet normal -7.259955e-01 6.876995e-01 0.000000e+00
    outer loop
      vertex   6.753148e+00 2.005063e+01 3.880000e+02
      vertex   6.306251e+00 1.957885e+01 3.910000e+02
      vertex   6.753148e+00 2.005063e+01 3.910000e+02
    endloop
  endfacet
  facet normal -7.737258e-01 6.335206e-01 0.000000e+00
    outer loop
      vertex   6.753148e+00 2.005063e+01 3.880000e+02
      vertex   6.753148e+00 2.005063e+01 3.910000e+02
      vertex   7.164838e+00 2.055343e+01 3.880000e+02
    endloop
  endfacet
  facet normal -7.737258e-01 6.335206e-01 0.000000e+00
    outer loop
      vertex   7.164838e+00 2.055343e+01 3.880000e+02
      vertex   6.753148e+00 2.005063e+01 3.910000e+02
      vertex   7.164838e+00 2.055343e+01 3.910000e+02
    endloop
  endfacet
  facet normal -8.174223e-01 5.760388e-01 0.000000e+00
    outer loop
      vertex   7.164838e+00 2.055343e+01 3.880000e+02
      vertex   7.164838e+00 2.055343e+01 3.910000e+02
      vertex   7.539173e+00 2.108463e+01 3.880000e+02
    endloop
  endfacet
  facet normal -8.174223e-01 5.760388e-01 0.000000e+00
    outer loop
      vertex   7.539173e+00 2.108463e+01 3.880000e+02
      vertex   7.164838e+00 2.055343e+01 3.910000e+02
      vertex   7.539173e+00 2.108463e+01 3.910000e+02
    endloop
  endfacet
  facet normal -8.568572e-01 5.155539e-01 0.000000e+00
    outer loop
      vertex   7.539173e+00 2.108463e+01 3.880000e+02
      vertex   7.539173e+00 2.108463e+01 3.910000e+02
      vertex   7.874202e+00 2.164145e+01 3.880000e+02
    endloop
  endfacet
  facet normal -8.568572e-01 5.155539e-01 0.000000e+00
    outer loop
      vertex   7.874202e+00 2.164145e+01 3.880000e+02
      vertex   7.539173e+00 2.108463e+01 3.910000e+02
      vertex   7.874202e+00 2.164145e+01 3.910000e+02
    endloop
  endfacet
  facet normal -8.918248e-01 4.523810e-01 0.000000e+00
    outer loop
      vertex   7.874202e+00 2.164145e+01 3.880000e+02
      vertex   7.874202e+00 2.164145e+01 3.910000e+02
      vertex   8.168179e+00 2.222100e+01 3.880000e+02
    endloop
  endfacet
  facet normal -8.918248e-01 4.523810e-01 0.000000e+00
    outer loop
      vertex   8.168179e+00 2.222100e+01 3.880000e+02
      vertex   7.874202e+00 2.164145e+01 3.910000e+02
      vertex   8.168179e+00 2.222100e+01 3.910000e+02
    endloop
  endfacet
  facet normal -9.221428e-01 3.868497e-01 0.000000e+00
    outer loop
      vertex   8.168179e+00 2.222100e+01 3.880000e+02
      vertex   8.168179e+00 2.222100e+01 3.910000e+02
      vertex   8.419571e+00 2.282025e+01 3.880000e+02
    endloop
  endfacet
  facet normal -9.221428e-01 3.868497e-01 0.000000e+00
    outer loop
      vertex   8.419571e+00 2.282025e+01 3.880000e+02
      vertex   8.168179e+00 2.222100e+01 3.910000e+02
      vertex   8.419571e+00 2.282025e+01 3.910000e+02
    endloop
  endfacet
  facet normal -9.476532e-01 3.193015e-01 0.000000e+00
    outer loop
      vertex   8.419571e+00 2.282025e+01 3.880000e+02
      vertex   8.419571e+00 2.282025e+01 3.910000e+02
      vertex   8.627067e+00 2.343607e+01 3.880000e+02
    endloop
  endfacet
  facet normal -9.476532e-01 3.193015e-01 0.000000e+00
    outer loop
      vertex   8.627067e+00 2.343607e+01 3.880000e+02
      vertex   8.419571e+00 2.282025e+01 3.910000e+02
      vertex   8.627067e+00 2.343607e+01 3.910000e+02
    endloop
  endfacet
  facet normal -9.682229e-01 2.500887e-01 0.000000e+00
    outer loop
      vertex   8.627067e+00 2.343607e+01 3.880000e+02
      vertex   8.627067e+00 2.343607e+01 3.910000e+02
      vertex   8.789585e+00 2.406527e+01 3.880000e+02
    endloop
  endfacet
  facet normal -9.682229e-01 2.500887e-01 0.000000e+00
    outer loop
      vertex   8.789585e+00 2.406527e+01 3.880000e+02
      vertex   8.627067e+00 2.343607e+01 3.910000e+02
      vertex   8.789585e+00 2.406527e+01 3.910000e+02
    endloop
  endfacet
  facet normal -9.837448e-01 1.795719e-01 0.000000e+00
    outer loop
      vertex   8.789585e+00 2.406527e+01 3.880000e+02
      vertex   8.789585e+00 2.406527e+01 3.910000e+02
      vertex   8.906279e+00 2.470455e+01 3.880000e+02
    endloop
  endfacet
  facet normal -9.837448e-01 1.795719e-01 0.000000e+00
    outer loop
      vertex   8.906279e+00 2.470455e+01 3.880000e+02
      vertex   8.789585e+00 2.406527e+01 3.910000e+02
      vertex   8.906279e+00 2.470455e+01 3.910000e+02
    endloop
  endfacet
  facet normal -9.941380e-01 1.081190e-01 0.000000e+00
    outer loop
      vertex   8.906279e+00 2.470455e+01 3.880000e+02
      vertex   8.906279e+00 2.470455e+01 3.910000e+02
      vertex   8.976539e+00 2.535058e+01 3.880000e+02
    endloop
  endfacet
  facet normal -9.941380e-01 1.081190e-01 0.000000e+00
    outer loop
      vertex   8.976539e+00 2.535058e+01 3.880000e+02
      vertex   8.906279e+00 2.470455e+01 3.910000e+02
      vertex   8.976539e+00 2.535058e+01 3.910000e+02
    endloop
  endfacet
  facet normal 9.995438e-01 3.020303e-02 -0.000000e+00
    outer loop
      vertex   1.297628e+01 2.678492e+01 3.880000e+02
      vertex   1.297628e+01 2.678492e+01 3.910000e+02
      vertex   1.300000e+01 2.600000e+01 3.880000e+02
    endloop
  endfacet
  facet normal 9.995438e-01 3.020303e-02 -0.000000e+00
    outer loop
      vertex   1.300000e+01 2.600000e+01 3.880000e+02
      vertex   1.297628e+01 2.678492e+01 3.910000e+02
      vertex   1.300000e+01 2.600000e+01 3.910000e+02
    endloop
  endfacet
  facet normal 9.995438e-01 -3.020303e-02 0.000000e+00
    outer loop
      vertex   1.300000e+01 2.600000e+01 3.880000e+02
      vertex   1.300000e+01 2.600000e+01 3.910000e+02
      vertex   1.297628e+01 2.521508e+01 3.880000e+02
    endloop
  endfacet
  facet normal 9.995438e-01 -3.020303e-02 0.000000e+00
    outer loop
      vertex   1.297628e+01 2.521508e+01 3.880000e+02
      vertex   1.300000e+01 2.600000e+01 3.910000e+02
      vertex   1.297628e+01 2.521508e+01 3.910000e+02
    endloop
  endfacet
  facet normal 9.958966e-01 -9.049888e-02 0.000000e+00
    outer loop
      vertex   1.297628e+01 2.521508e+01 3.880000e+02
      vertex   1.297628e+01 2.521508e+01 3.910000e+02
      vertex   1.290522e+01 2.443302e+01 3.880000e+02
    endloop
  endfacet
  facet normal 9.958966e-01 -9.049888e-02 0.000000e+00
    outer loop
      vertex   1.290522e+01 2.443302e+01 3.880000e+02
      vertex   1.297628e+01 2.521508e+01 3.910000e+02
      vertex   1.290522e+01 2.443302e+01 3.910000e+02
    endloop
  endfacet
  facet normal 9.886154e-01 -1.504645e-01 0.000000e+00
    outer loop
      vertex   1.290522e+01 2.443302e+01 3.880000e+02
      vertex   1.290522e+01 2.443302e+01 3.910000e+02
      vertex   1.278706e+01 2.365668e+01 3.880000e+02
    endloop
  endfacet
  facet normal 9.886154e-01 -1.504645e-01 0.000000e+00
    outer loop
      vertex   1.278706e+01 2.365668e+01 3.880000e+02
      vertex   1.290522e+01 2.443302e+01 3.910000e+02
      vertex   1.278706e+01 2.365668e+01 3.910000e+02
    endloop
  endfacet
  facet normal 9.777269e-01 -2.098811e-01 0.000000e+00
    outer loop
      vertex   1.278706e+01 2.365668e+01 3.880000e+02
      vertex   1.278706e+01 2.365668e+01 3.910000e+02
      vertex   1.262224e+01 2.288890e+01 3.880000e+02
    endloop
  endfacet
  facet normal 9.777269e-01 -2.098811e-01 0.000000e+00
    outer loop
      vertex   1.262224e+01 2.288890e+01 3.880000e+02
      vertex   1.278706e+01 2.365668e+01 3.910000e+02
      vertex   1.262224e+01 2.288890e+01 3.910000e+02
    endloop
  endfacet
  facet normal 9.632708e-01 -2.685319e-01 0.000000e+00
    outer loop
      vertex   1.262224e+01 2.288890e+01 3.880000e+02
      vertex   1.262224e+01 2.288890e+01 3.910000e+02
      vertex   1.241137e+01 2.213246e+01 3.880000e+02
    endloop
  endfacet
  facet normal 9.632708e-01 -2.685319e-01 0.000000e+00
    outer loop
      vertex   1.241137e+01 2.213246e+01 3.880000e+02
      vertex   1.262224e+01 2.288890e+01 3.910000e+02
      vertex   1.241137e+01 2.213246e+01 3.910000e+02
    endloop
  endfacet
  facet normal 9.452998e-01 -3.262028e-01 0.000000e+00
    outer loop
      vertex   1.241137e+01 2.213246e+01 3.880000e+02
      vertex   1.241137e+01 2.213246e+01 3.910000e+02
      vertex   1.215521e+01 2.139014e+01 3.880000e+02
    endloop
  endfacet
  facet normal 9.452998e-01 -3.262028e-01 0.000000e+00
    outer loop
      vertex   1.215521e+01 2.139014e+01 3.880000e+02
      vertex   1.241137e+01 2.213246e+01 3.910000e+02
      vertex   1.215521e+01 2.139014e+01 3.910000e+02
    endloop
  endfacet
  facet normal 9.238795e-01 -3.826834e-01 0.000000e+00
    outer loop
      vertex   1.215521e+01 2.139014e+01 3.880000e+02
      vertex   1.215521e+01 2.139014e+01 3.910000e+02
      vertex   1.185470e+01 2.066463e+01 3.880000e+02
    endloop
  endfacet
  facet normal 9.238795e-01 -3.826834e-01 0.000000e+00
    outer loop
      vertex   1.185470e+01 2.066463e+01 3.880000e+02
      vertex   1.215521e+01 2.139014e+01 3.910000e+02
      vertex   1.185470e+01 2.066463e+01 3.910000e+02
    endloop
  endfacet
  facet normal 8.990881e-01 -4.377677e-01 0.000000e+00
    outer loop
      vertex   1.185470e+01 2.066463e+01 3.880000e+02
      vertex   1.185470e+01 2.066463e+01 3.910000e+02
      vertex   1.151093e+01 1.995860e+01 3.880000e+02
    endloop
  endfacet
  facet normal 8.990881e-01 -4.377677e-01 0.000000e+00
    outer loop
      vertex   1.151093e+01 1.995860e+01 3.880000e+02
      vertex   1.185470e+01 2.066463e+01 3.910000e+02
      vertex   1.151093e+01 1.995860e+01 3.910000e+02
    endloop
  endfacet
  facet normal 8.710160e-01 -4.912546e-01 0.000000e+00
    outer loop
      vertex   1.151093e+01 1.995860e+01 3.880000e+02
      vertex   1.151093e+01 1.995860e+01 3.910000e+02
      vertex   1.112516e+01 1.927461e+01 3.880000e+02
    endloop
  endfacet
  facet normal 8.710160e-01 -4.912546e-01 0.000000e+00
    outer loop
      vertex   1.112516e+01 1.927461e+01 3.880000e+02
      vertex   1.151093e+01 1.995860e+01 3.910000e+02
      vertex   1.112516e+01 1.927461e+01 3.910000e+02
    endloop
  endfacet
  facet normal 8.397657e-01 -5.429490e-01 0.000000e+00
    outer loop
      vertex   1.112516e+01 1.927461e+01 3.880000e+02
      vertex   1.112516e+01 1.927461e+01 3.910000e+02
      vertex   1.069879e+01 1.861516e+01 3.880000e+02
    endloop
  endfacet
  facet normal 8.397657e-01 -5.429490e-01 0.000000e+00
    outer loop
      vertex   1.069879e+01 1.861516e+01 3.880000e+02
      vertex   1.112516e+01 1.927461e+01 3.910000e+02
      vertex   1.069879e+01 1.861516e+01 3.910000e+02
    endloop
  endfacet
  facet normal 8.054511e-01 -5.926622e-01 0.000000e+00
    outer loop
      vertex   1.069879e+01 1.861516e+01 3.880000e+02
      vertex   1.069879e+01 1.861516e+01 3.910000e+02
      vertex   1.023339e+01 1.798265e+01 3.880000e+02
    endloop
  endfacet
  facet normal 8.054511e-01 -5.926622e-01 0.000000e+00
    outer loop
      vertex   1.023339e+01 1.798265e+01 3.880000e+02
      vertex   1.069879e+01 1.861516e+01 3.910000e+02
      vertex   1.023339e+01 1.798265e+01 3.910000e+02
    endloop
  endfacet
  facet normal 7.681976e-01 -6.402128e-01 0.000000e+00
    outer loop
      vertex   1.023339e+01 1.798265e+01 3.880000e+02
      vertex   1.023339e+01 1.798265e+01 3.910000e+02
      vertex   9.730640e+00 1.737941e+01 3.880000e+02
    endloop
  endfacet
  facet normal 7.681976e-01 -6.402128e-01 0.000000e+00
    outer loop
      vertex   9.730640e+00 1.737941e+01 3.880000e+02
      vertex   1.023339e+01 1.798265e+01 3.910000e+02
      vertex   9.730640e+00 1.737941e+01 3.910000e+02
    endloop
  endfacet
  facet normal 7.281410e-01 -6.854274e-01 0.000000e+00
    outer loop
      vertex   9.730640e+00 1.737941e+01 3.880000e+02
      vertex   9.730640e+00 1.737941e+01 3.910000e+02
      vertex   9.192388e+00 1.680761e+01 3.880000e+02
    endloop
  endfacet
  facet normal 7.281410e-01 -6.854274e-01 0.000000e+00
    outer loop
      vertex   9.192388e+00 1.680761e+01 3.880000e+02
      vertex   9.730640e+00 1.737941e+01 3.910000e+02
      vertex   9.192388e+00 1.680761e+01 3.910000e+02
    endloop
  endfacet
  facet normal 6.854274e-01 -7.281410e-01 0.000000e+00
    outer loop
      vertex   9.192388e+00 1.680761e+01 3.880000e+02
      vertex   9.192388e+00 1.680761e+01 3.910000e+02
      vertex   8.620595e+00 1.626936e+01 3.880000e+02
    endloop
  endfacet
  facet normal 6.854274e-01 -7.281410e-01 0.000000e+00
    outer loop
      vertex   8.620595e+00 1.626936e+01 3.880000e+02
      vertex   9.192388e+00 1.680761e+01 3.910000e+02
      vertex   8.620595e+00 1.626936e+01 3.910000e+02
    endloop
  endfacet
  facet normal 6.402128e-01 -7.681976e-01 0.000000e+00
    outer loop
      vertex   8.620595e+00 1.626936e+01 3.880000e+02
      vertex   8.620595e+00 1.626936e+01 3.910000e+02
      vertex   8.017345e+00 1.576661e+01 3.880000e+02
    endloop
  endfacet
  facet normal 6.402128e-01 -7.681976e-01 0.000000e+00
    outer loop
      vertex   8.017345e+00 1.576661e+01 3.880000e+02
      vertex   8.620595e+00 1.626936e+01 3.910000e+02
      vertex   8.017345e+00 1.576661e+01 3.910000e+02
    endloop
  endfacet
  facet normal 5.926622e-01 -8.054511e-01 0.000000e+00
    outer loop
      vertex   8.017345e+00 1.576661e+01 3.880000e+02
      vertex   8.017345e+00 1.576661e+01 3.910000e+02
      vertex   7.384842e+00 1.530121e+01 3.880000e+02
    endloop
  endfacet
  facet normal 5.926622e-01 -8.054511e-01 0.000000e+00
    outer loop
      vertex   7.384842e+00 1.530121e+01 3.880000e+02
      vertex   8.017345e+00 1.576661e+01 3.910000e+02
      vertex   7.384842e+00 1.530121e+01 3.910000e+02
    endloop
  endfacet
  facet normal 5.429490e-01 -8.397657e-01 0.000000e+00
    outer loop
      vertex   7.384842e+00 1.530121e+01 3.880000e+02
      vertex   7.384842e+00 1.530121e+01 3.910000e+02
      vertex   6.725392e+00 1.487484e+01 3.880000e+02
    endloop
  endfacet
  facet normal 5.429490e-01 -8.397657e-01 0.000000e+00
    outer loop
      vertex   6.725392e+00 1.487484e+01 3.880000e+02
      vertex   7.384842e+00 1.530121e+01 3.910000e+02
      vertex   6.725392e+00 1.487484e+01 3.910000e+02
    endloop
  endfacet
  facet normal 4.912546e-01 -8.710160e-01 0.000000e+00
    outer loop
      vertex   6.725392e+00 1.487484e+01 3.880000e+02
      vertex   6.725392e+00 1.487484e+01 3.910000e+02
      vertex   6.041401e+00 1.448907e+01 3.880000e+02
    endloop
  endfacet
  facet normal 4.912546e-01 -8.710160e-01 0.000000e+00
    outer loop
      vertex   6.041401e+00 1.448907e+01 3.880000e+02
      vertex   6.725392e+00 1.487484e+01 3.910000e+02
      vertex   6.041401e+00 1.448907e+01 3.910000e+02
    endloop
  endfacet
  facet normal 4.377677e-01 -8.990881e-01 0.000000e+00
    outer loop
      vertex   6.041401e+00 1.448907e+01 3.880000e+02
      vertex   6.041401e+00 1.448907e+01 3.910000e+02
      vertex   5.335367e+00 1.414530e+01 3.880000e+02
    endloop
  endfacet
  facet normal 4.377677e-01 -8.990881e-01 0.000000e+00
    outer loop
      vertex   5.335367e+00 1.414530e+01 3.880000e+02
      vertex   6.041401e+00 1.448907e+01 3.910000e+02
      vertex   5.335367e+00 1.414530e+01 3.910000e+02
    endloop
  endfacet
  facet normal 3.826834e-01 -9.238795e-01 0.000000e+00
    outer loop
      vertex   5.335367e+00 1.414530e+01 3.880000e+02
      vertex   5.335367e+00 1.414530e+01 3.910000e+02
      vertex   4.609864e+00 1.384479e+01 3.880000e+02
    endloop
  endfacet
  facet normal 3.826834e-01 -9.238795e-01 0.000000e+00
    outer loop
      vertex   4.609864e+00 1.384479e+01 3.880000e+02
      vertex   5.335367e+00 1.414530e+01 3.910000e+02
      vertex   4.609864e+00 1.384479e+01 3.910000e+02
    endloop
  endfacet
  facet normal 3.262028e-01 -9.452998e-01 0.000000e+00
    outer loop
      vertex   4.609864e+00 1.384479e+01 3.880000e+02
      vertex   4.609864e+00 1.384479e+01 3.910000e+02
      vertex   3.867540e+00 1.358863e+01 3.880000e+02
    endloop
  endfacet
  facet normal 3.262028e-01 -9.452998e-01 0.000000e+00
    outer loop
      vertex   3.867540e+00 1.358863e+01 3.880000e+02
      vertex   4.609864e+00 1.384479e+01 3.910000e+02
      vertex   3.867540e+00 1.358863e+01 3.910000e+02
    endloop
  endfacet
  facet normal 2.685319e-01 -9.632708e-01 0.000000e+00
    outer loop
      vertex   3.867540e+00 1.358863e+01 3.880000e+02
      vertex   3.867540e+00 1.358863e+01 3.910000e+02
      vertex   3.111104e+00 1.337776e+01 3.880000e+02
    endloop
  endfacet
  facet normal 2.685319e-01 -9.632708e-01 0.000000e+00
    outer loop
      vertex   3.111104e+00 1.337776e+01 3.880000e+02
      vertex   3.867540e+00 1.358863e+01 3.910000e+02
      vertex   3.111104e+00 1.337776e+01 3.910000e+02
    endloop
  endfacet
  facet normal 2.098811e-01 -9.777269e-01 0.000000e+00
    outer loop
      vertex   3.111104e+00 1.337776e+01 3.880000e+02
      vertex   3.111104e+00 1.337776e+01 3.910000e+02
      vertex   2.343316e+00 1.321294e+01 3.880000e+02
    endloop
  endfacet
  facet normal 2.098811e-01 -9.777269e-01 0.000000e+00
    outer loop
      vertex   2.343316e+00 1.321294e+01 3.880000e+02
      vertex   3.111104e+00 1.337776e+01 3.910000e+02
      vertex   2.343316e+00 1.321294e+01 3.910000e+02
    endloop
  endfacet
  facet normal 1.504645e-01 -9.886154e-01 0.000000e+00
    outer loop
      vertex   2.343316e+00 1.321294e+01 3.880000e+02
      vertex   2.343316e+00 1.321294e+01 3.910000e+02
      vertex   1.566977e+00 1.309478e+01 3.880000e+02
    endloop
  endfacet
  facet normal 1.504645e-01 -9.886154e-01 0.000000e+00
    outer loop
      vertex   1.566977e+00 1.309478e+01 3.880000e+02
      vertex   2.343316e+00 1.321294e+01 3.910000e+02
      vertex   1.566977e+00 1.309478e+01 3.910000e+02
    endloop
  endfacet
  facet normal 9.049888e-02 -9.958966e-01 0.000000e+00
    outer loop
      vertex   1.566977e+00 1.309478e+01 3.880000e+02
      vertex   1.566977e+00 1.309478e+01 3.910000e+02
      vertex   7.849205e-01 1.302372e+01 3.880000e+02
    endloop
  endfacet
  facet normal 9.049888e-02 -9.958966e-01 0.000000e+00
    outer loop
      vertex   7.849205e-01 1.302372e+01 3.880000e+02
      vertex   1.566977e+00 1.309478e+01 3.910000e+02
      vertex   7.849205e-01 1.302372e+01 3.910000e+02
    endloop
  endfacet
  facet normal 3.020303e-02 -9.995438e-01 0.000000e+00
    outer loop
      vertex   7.849205e-01 1.302372e+01 3.880000e+02
      vertex   7.849205e-01 1.302372e+01 3.910000e+02
      vertex   -4.221017e-13 1.300000e+01 3.880000e+02
    endloop
  endfacet
  facet normal 3.020303e-02 -9.995438e-01 0.000000e+00
    outer loop
      vertex   -4.221017e-13 1.300000e+01 3.880000e+02
      vertex   7.849205e-01 1.302372e+01 3.910000e+02
      vertex   -4.221017e-13 1.300000e+01 3.910000e+02
    endloop
  endfacet
  facet normal -3.020303e-02 -9.995438e-01 0.000000e+00
    outer loop
      vertex   -4.221017e-13 1.300000e+01 3.880000e+02
      vertex   -4.221017e-13 1.300000e+01 3.910000e+02
      vertex   -7.849205e-01 1.302372e+01 3.880000e+02
    endloop
  endfacet
  facet normal -3.020303e-02 -9.995438e-01 0.000000e+00
    outer loop
      vertex   -7.849205e-01 1.302372e+01 3.880000e+02
      vertex   -4.221017e-13 1.300000e+01 3.910000e+02
      vertex   -7.849205e-01 1.302372e+01 3.910000e+02
    endloop
  endfacet
  facet normal -9.049888e-02 -9.958966e-01 0.000000e+00
    outer loop
      vertex   -7.849205e-01 1.302372e+01 3.880000e+02
      vertex   -7.849205e-01 1.302372e+01 3.910000e+02
      vertex   -1.566977e+00 1.309478e+01 3.880000e+02
    endloop
  endfacet
  facet normal -9.049888e-02 -9.958966e-01 0.000000e+00
    outer loop
      vertex   -1.566977e+00 1.309478e+01 3.880000e+02
      vertex   -7.849205e-01 1.302372e+01 3.910000e+02
      vertex   -1.566977e+00 1.309478e+01 3.910000e+02
    endloop
  endfacet
  facet normal -1.504645e-01 -9.886154e-01 0.000000e+00
    outer loop
      vertex   -1.566977e+00 1.309478e+01 3.880000e+02
      vertex   -1.566977e+00 1.309478e+01 3.910000e+02
      vertex   -2.343316e+00 1.321294e+01 3.880000e+02
    endloop
  endfacet
  facet normal -1.504645e-01 -9.886154e-01 0.000000e+00
    outer loop
      vertex   -2.343316e+00 1.321294e+01 3.880000e+02
      vertex   -1.566977e+00 1.309478e+01 3.910000e+02
      vertex   -2.343316e+00 1.321294e+01 3.910000e+02
    endloop
  endfacet
  facet normal -2.098811e-01 -9.777269e-01 0.000000e+00
    outer loop
      vertex   -2.343316e+00 1.321294e+01 3.880000e+02
      vertex   -2.343316e+00 1.321294e+01 3.910000e+02
      vertex   -3.111104e+00 1.337776e+01 3.880000e+02
    endloop
  endfacet
  facet normal -2.098811e-01 -9.777269e-01 0.000000e+00
    outer loop
      vertex   -3.111104e+00 1.337776e+01 3.880000e+02
      vertex   -2.343316e+00 1.321294e+01 3.910000e+02
      vertex   -3.111104e+00 1.337776e+01 3.910000e+02
    endloop
  endfacet
  facet normal -2.685319e-01 -9.632708e-01 0.000000e+00
    outer loop
      vertex   -3.111104e+00 1.337776e+01 3.880000e+02
      vertex   -3.111104e+00 1.337776e+01 3.910000e+02
      vertex   -3.867540e+00 1.358863e+01 3.880000e+02
    endloop
  endfacet
  facet normal -2.685319e-01 -9.632708e-01 0.000000e+00
    outer loop
      vertex   -3.867540e+00 1.358863e+01 3.880000e+02
      vertex   -3.111104e+00 1.337776e+01 3.910000e+02
      vertex   -3.867540e+00 1.358863e+01 3.910000e+02
    endloop
  endfacet
  facet normal -3.262028e-01 -9.452998e-01 0.000000e+00
    outer loop
      vertex   -3.867540e+00 1.358863e+01 3.880000e+02
      vertex   -3.867540e+00 1.358863e+01 3.910000e+02
      vertex   -4.609864e+00 1.384479e+01 3.880000e+02
    endloop
  endfacet
  facet normal -3.262028e-01 -9.452998e-01 0.000000e+00
    outer loop
      vertex   -4.609864e+00 1.384479e+01 3.880000e+02
      vertex   -3.867540e+00 1.358863e+01 3.910000e+02
      vertex   -4.609864e+00 1.384479e+01 3.910000e+02
    endloop
  endfacet
  facet normal -3.826834e-01 -9.238795e-01 0.000000e+00
    outer loop
      vertex   -4.609864e+00 1.384479e+01 3.880000e+02
      vertex   -4.609864e+00 1.384479e+01 3.910000e+02
      vertex   -5.335367e+00 1.414530e+01 3.880000e+02
    endloop
  endfacet
  facet normal -3.826834e-01 -9.238795e-01 0.000000e+00
    outer loop
      vertex   -5.335367e+00 1.414530e+01 3.880000e+02
      vertex   -4.609864e+00 1.384479e+01 3.910000e+02
      vertex   -5.335367e+00 1.414530e+01 3.910000e+02
    endloop
  endfacet
  facet normal -4.377677e-01 -8.990881e-01 0.000000e+00
    outer loop
      vertex   -5.335367e+00 1.414530e+01 3.880000e+02
      vertex   -5.335367e+00 1.414530e+01 3.910000e+02
      vertex   -6.041401e+00 1.448907e+01 3.880000e+02
    endloop
  endfacet
  facet normal -4.377677e-01 -8.990881e-01 0.000000e+00
    outer loop
      vertex   -6.041401e+00 1.448907e+01 3.880000e+02
      vertex   -5.335367e+00 1.414530e+01 3.910000e+02
      vertex   -6.041401e+00 1.448907e+01 3.910000e+02
    endloop
  endfacet
  facet normal -4.912546e-01 -8.710160e-01 0.000000e+00
    outer loop
      vertex   -6.041401e+00 1.448907e+01 3.880000e+02
      vertex   -6.041401e+00 1.448907e+01 3.910000e+02
      vertex   -6.725392e+00 1.487484e+01 3.880000e+02
    endloop
  endfacet
  facet normal -4.912546e-01 -8.710160e-01 0.000000e+00
    outer loop
      vertex   -6.725392e+00 1.487484e+01 3.880000e+02
      vertex   -6.041401e+00 1.448907e+01 3.910000e+02
      vertex   -6.725392e+00 1.487484e+01 3.910000e+02
    endloop
  endfacet
  facet normal -5.429490e-01 -8.397657e-01 0.000000e+00
    outer loop
      vertex   -6.725392e+00 1.487484e+01 3.880000e+02
      vertex   -6.725392e+00 1.487484e+01 3.910000e+02
      vertex   -7.384842e+00 1.530121e+01 3.880000e+02
    endloop
  endfacet
  facet normal -5.429490e-01 -8.397657e-01 0.000000e+00
    outer loop
      vertex   -7.384842e+00 1.530121e+01 3.880000e+02
      vertex   -6.725392e+00 1.487484e+01 3.910000e+02
      vertex   -7.384842e+00 1.530121e+01 3.910000e+02
    endloop
  endfacet
  facet normal -5.926622e-01 -8.054511e-01 0.000000e+00
    outer loop
      vertex   -7.384842e+00 1.530121e+01 3.880000e+02
      vertex   -7.384842e+00 1.530121e+01 3.910000e+02
      vertex   -8.017345e+00 1.576661e+01 3.880000e+02
    endloop
  endfacet
  facet normal -5.926622e-01 -8.054511e-01 0.000000e+00
    outer loop
      vertex   -8.017345e+00 1.576661e+01 3.880000e+02
      vertex   -7.384842e+00 1.530121e+01 3.910000e+02
      vertex   -8.017345e+00 1.576661e+01 3.910000e+02
    endloop
  endfacet
  facet normal -6.402128e-01 -7.681976e-01 0.000000e+00
    outer loop
      vertex   -8.017345e+00 1.576661e+01 3.880000e+02
      vertex   -8.017345e+00 1.576661e+01 3.910000e+02
      vertex   -8.620595e+00 1.626936e+01 3.880000e+02
    endloop
  endfacet
  facet normal -6.402128e-01 -7.681976e-01 0.000000e+00
    outer loop
      vertex   -8.620595e+00 1.626936e+01 3.880000e+02
      vertex   -8.017345e+00 1.576661e+01 3.910000e+02
      vertex   -8.620595e+00 1.626936e+01 3.910000e+02
    endloop
  endfacet
  facet normal -6.854274e-01 -7.281410e-01 0.000000e+00
    outer loop
      vertex   -8.620595e+00 1.626936e+01 3.880000e+02
      vertex   -8.620595e+00 1.626936e+01 3.910000e+02
      vertex   -9.192388e+00 1.680761e+01 3.880000e+02
    endloop
  endfacet
  facet normal -6.854274e-01 -7.281410e-01 0.000000e+00
    outer loop
      vertex   -9.192388e+00 1.680761e+01 3.880000e+02
      vertex   -8.620595e+00 1.626936e+01 3.910000e+02
      vertex   -9.192388e+00 1.680761e+01 3.910000e+02
    endloop
  endfacet
  facet normal -7.281410e-01 -6.854274e-01 0.000000e+00
    outer loop
      vertex   -9.192388e+00 1.680761e+01 3.880000e+02
      vertex   -9.192388e+00 1.680761e+01 3.910000e+02
      vertex   -9.730640e+00 1.737941e+01 3.880000e+02
    endloop
  endfacet
  facet normal -7.281410e-01 -6.854274e-01 0.000000e+00
    outer loop
      vertex   -9.730640e+00 1.737941e+01 3.880000e+02
      vertex   -9.192388e+00 1.680761e+01 3.910000e+02
      vertex   -9.730640e+00 1.737941e+01 3.910000e+02
    endloop
  endfacet
  facet normal -7.681976e-01 -6.402128e-01 0.000000e+00
    outer loop
      vertex   -9.730640e+00 1.737941e+01 3.880000e+02
      vertex   -9.730640e+00 1.737941e+01 3.910000e+02
      vertex   -1.023339e+01 1.798265e+01 3.880000e+02
    endloop
  endfacet
  facet normal -7.681976e-01 -6.402128e-01 0.000000e+00
    outer loop
      vertex   -1.023339e+01 1.798265e+01 3.880000e+02
      vertex   -9.730640e+00 1.737941e+01 3.910000e+02
      vertex   -1.023339e+01 1.798265e+01 3.910000e+02
    endloop
  endfacet
  facet normal -8.054511e-01 -5.926622e-01 0.000000e+00
    outer loop
      vertex   -1.023339e+01 1.798265e+01 3.880000e+02
      vertex   -1.023339e+01 1.798265e+01 3.910000e+02
      vertex   -1.069879e+01 1.861516e+01 3.880000e+02
    endloop
  endfacet
  facet normal -8.054511e-01 -5.926622e-01 0.000000e+00
    outer loop
      vertex   -1.069879e+01 1.861516e+01 3.880000e+02
      vertex   -1.023339e+01 1.798265e+01 3.910000e+02
      vertex   -1.069879e+01 1.861516e+01 3.910000e+02
    endloop
  endfacet
  facet normal -8.397657e-01 -5.429490e-01 0.000000e+00
    outer loop
      vertex   -1.069879e+01 1.861516e+01 3.880000e+02
      vertex   -1.069879e+01 1.861516e+01 3.910000e+02
      vertex   -1.112516e+01 1.927461e+01 3.880000e+02
    endloop
  endfacet
  facet normal -8.397657e-01 -5.429490e-01 0.000000e+00
    outer loop
      vertex   -1.112516e+01 1.927461e+01 3.880000e+02
      vertex   -1.069879e+01 1.861516e+01 3.910000e+02
      vertex   -1.112516e+01 1.927461e+01 3.910000e+02
    endloop
  endfacet
  facet normal -8.710160e-01 -4.912546e-01 0.000000e+00
    outer loop
      vertex   -1.112516e+01 1.927461e+01 3.880000e+02
      vertex   -1.112516e+01 1.927461e+01 3.910000e+02
      vertex   -1.151093e+01 1.995860e+01 3.880000e+02
    endloop
  endfacet
  facet normal -8.710160e-01 -4.912546e-01 0.000000e+00
    outer loop
      vertex   -1.151093e+01 1.995860e+01 3.880000e+02
      vertex   -1.112516e+01 1.927461e+01 3.910000e+02
      vertex   -1.151093e+01 1.995860e+01 3.910000e+02
    endloop
  endfacet
  facet normal -8.990881e-01 -4.377677e-01 0.000000e+00
    outer loop
      vertex   -1.151093e+01 1.995860e+01 3.880000e+02
      vertex   -1.151093e+01 1.995860e+01 3.910000e+02
      vertex   -1.185470e+01 2.066463e+01 3.880000e+02
    endloop
  endfacet
  facet normal -8.990881e-01 -4.377677e-01 0.000000e+00
    outer loop
      vertex   -1.185470e+01 2.066463e+01 3.880000e+02
      vertex   -1.151093e+01 1.995860e+01 3.910000e+02
      vertex   -1.185470e+01 2.066463e+01 3.910000e+02
    endloop
  endfacet
  facet normal -9.238795e-01 -3.826834e-01 0.000000e+00
    outer loop
      vertex   -1.185470e+01 2.066463e+01 3.880000e+02
      vertex   -1.185470e+01 2.066463e+01 3.910000e+02
      vertex   -1.215521e+01 2.139014e+01 3.880000e+02
    endloop
  endfacet
  facet normal -9.238795e-01 -3.826834e-01 0.000000e+00
    outer loop
      vertex   -1.215521e+01 2.139014e+01 3.880000e+02
      vertex   -1.185470e+01 2.066463e+01 3.910000e+02
      vertex   -1.215521e+01 2.139014e+01 3.910000e+02
    endloop
  endfacet
  facet normal -9.452998e-01 -3.262028e-01 0.000000e+00
    outer loop
      vertex   -1.215521e+01 2.139014e+01 3.880000e+02
      vertex   -1.215521e+01 2.139014e+01 3.910000e+02
      vertex   -1.241137e+01 2.213246e+01 3.880000e+02
    endloop
  endfacet
  facet normal -9.452998e-01 -3.262028e-01 0.000000e+00
    outer loop
      vertex   -1.241137e+01 2.213246e+01 3.880000e+02
      vertex   -1.215521e+01 2.139014e+01 3.910000e+02
      vertex   -1.241137e+01 2.213246e+01 3.910000e+02
    endloop
  endfacet
  facet normal -9.632708e-01 -2.685319e-01 0.000000e+00
    outer loop
      vertex   -1.241137e+01 2.213246e+01 3.880000e+02
      vertex   -1.241137e+01 2.213246e+01 3.910000e+02
      vertex   -1.262224e+01 2.288890e+01 3.880000e+02
    endloop
  endfacet
  facet normal -9.632708e-01 -2.685319e-01 0.000000e+00
    outer loop
      vertex   -1.262224e+01 2.288890e+01 3.880000e+02
      vertex   -1.241137e+01 2.213246e+01 3.910000e+02
      vertex   -1.262224e+01 2.288890e+01 3.910000e+02
    endloop
  endfacet
  facet normal -9.777269e-01 -2.098811e-01 0.000000e+00
    outer loop
      vertex   -1.262224e+01 2.288890e+01 3.880000e+02
      vertex   -1.262224e+01 2.288890e+01 3.910000e+02
      vertex   -1.278706e+01 2.365668e+01 3.880000e+02
    endloop
  endfacet
  facet normal -9.777269e-01 -2.098811e-01 0.000000e+00
    outer loop
      vertex   -1.278706e+01 2.365668e+01 3.880000e+02
      vertex   -1.262224e+01 2.288890e+01 3.910000e+02
      vertex   -1.278706e+01 2.365668e+01 3.910000e+02
    endloop
  endfacet
  facet normal -9.886154e-01 -1.504645e-01 0.000000e+00
    outer loop
      vertex   -1.278706e+01 2.365668e+01 3.880000e+02
      vertex   -1.278706e+01 2.365668e+01 3.910000e+02
      vertex   -1.290522e+01 2.443302e+01 3.880000e+02
    endloop
  endfacet
  facet normal -9.886154e-01 -1.504645e-01 0.000000e+00
    outer loop
      vertex   -1.290522e+01 2.443302e+01 3.880000e+02
      vertex   -1.278706e+01 2.365668e+01 3.910000e+02
      vertex   -1.290522e+01 2.443302e+01 3.910000e+02
    endloop
  endfacet
  facet normal -9.958966e-01 -9.049888e-02 0.000000e+00
    outer loop
      vertex   -1.290522e+01 2.443302e+01 3.880000e+02
      vertex   -1.290522e+01 2.443302e+01 3.910000e+02
      vertex   -1.297628e+01 2.521508e+01 3.880000e+02
    endloop
  endfacet
  facet normal -9.958966e-01 -9.049888e-02 0.000000e+00
    outer loop
      vertex   -1.297628e+01 2.521508e+01 3.880000e+02
      vertex   -1.290522e+01 2.443302e+01 3.910000e+02
      vertex   -1.297628e+01 2.521508e+01 3.910000e+02
    endloop
  endfacet
  facet normal -9.995438e-01 -3.020303e-02 0.000000e+00
    outer loop
      vertex   -1.297628e+01 2.521508e+01 3.880000e+02
      vertex   -1.297628e+01 2.521508e+01 3.910000e+02
      vertex   -1.300000e+01 2.600000e+01 3.880000e+02
    endloop
  endfacet
  facet normal -9.995438e-01 -3.020303e-02 0.000000e+00
    outer loop
      vertex   -1.300000e+01 2.600000e+01 3.880000e+02
      vertex   -1.297628e+01 2.521508e+01 3.910000e+02
      vertex   -1.300000e+01 2.600000e+01 3.910000e+02
    endloop
  endfacet
  facet normal -9.995438e-01 3.020303e-02 0.000000e+00
    outer loop
      vertex   -1.300000e+01 2.600000e+01 3.880000e+02
      vertex   -1.300000e+01 2.600000e+01 3.910000e+02
      vertex   -1.297628e+01 2.678492e+01 3.880000e+02
    endloop
  endfacet
  facet normal -9.995438e-01 3.020303e-02 0.000000e+00
    outer loop
      vertex   -1.297628e+01 2.678492e+01 3.880000e+02
      vertex   -1.300000e+01 2.600000e+01 3.910000e+02
      vertex   -1.297628e+01 2.678492e+01 3.910000e+02
    endloop
  endfacet
  facet normal -9.958966e-01 9.049888e-02 0.000000e+00
    outer loop
      vertex   -1.297628e+01 2.678492e+01 3.880000e+02
      vertex   -1.297628e+01 2.678492e+01 3.910000e+02
      vertex   -1.290522e+01 2.756698e+01 3.880000e+02
    endloop
  endfacet
  facet normal -9.958966e-01 9.049888e-02 0.000000e+00
    outer loop
      vertex   -1.290522e+01 2.756698e+01 3.880000e+02
      vertex   -1.297628e+01 2.678492e+01 3.910000e+02
      vertex   -1.290522e+01 2.756698e+01 3.910000e+02
    endloop
  endfacet
  facet normal -9.886154e-01 1.504645e-01 0.000000e+00
    outer loop
      vertex   -1.290522e+01 2.756698e+01 3.880000e+02
      vertex   -1.290522e+01 2.756698e+01 3.910000e+02
      vertex   -1.278706e+01 2.834332e+01 3.880000e+02
    endloop
  endfacet
  facet normal -9.886154e-01 1.504645e-01 0.000000e+00
    outer loop
      vertex   -1.278706e+01 2.834332e+01 3.880000e+02
      vertex   -1.290522e+01 2.756698e+01 3.910000e+02
      vertex   -1.278706e+01 2.834332e+01 3.910000e+02
    endloop
  endfacet
  facet normal -9.777269e-01 2.098811e-01 0.000000e+00
    outer loop
      vertex   -1.278706e+01 2.834332e+01 3.880000e+02
      vertex   -1.278706e+01 2.834332e+01 3.910000e+02
      vertex   -1.262224e+01 2.911110e+01 3.880000e+02
    endloop
  endfacet
  facet normal -9.777269e-01 2.098811e-01 0.000000e+00
    outer loop
      vertex   -1.262224e+01 2.911110e+01 3.880000e+02
      vertex   -1.278706e+01 2.834332e+01 3.910000e+02
      vertex   -1.262224e+01 2.911110e+01 3.910000e+02
    endloop
  endfacet
  facet normal -9.632708e-01 2.685319e-01 0.000000e+00
    outer loop
      vertex   -1.262224e+01 2.911110e+01 3.880000e+02
      vertex   -1.262224e+01 2.911110e+01 3.910000e+02
      vertex   -1.241137e+01 2.986754e+01 3.880000e+02
    endloop
  endfacet
  facet normal -9.632708e-01 2.685319e-01 0.000000e+00
    outer loop
      vertex   -1.241137e+01 2.986754e+01 3.880000e+02
      vertex   -1.262224e+01 2.911110e+01 3.910000e+02
      vertex   -1.241137e+01 2.986754e+01 3.910000e+02
    endloop
  endfacet
  facet normal -9.452998e-01 3.262028e-01 0.000000e+00
    outer loop
      vertex   -1.241137e+01 2.986754e+01 3.880000e+02
      vertex   -1.241137e+01 2.986754e+01 3.910000e+02
      vertex   -1.215521e+01 3.060986e+01 3.880000e+02
    endloop
  endfacet
  facet normal -9.452998e-01 3.262028e-01 0.000000e+00
    outer loop
      vertex   -1.215521e+01 3.060986e+01 3.880000e+02
      vertex   -1.241137e+01 2.986754e+01 3.910000e+02
      vertex   -1.215521e+01 3.060986e+01 3.910000e+02
    endloop
  endfacet
  facet normal -9.238795e-01 3.826834e-01 0.000000e+00
    outer loop
      vertex   -1.215521e+01 3.060986e+01 3.880000e+02
      vertex   -1.215521e+01 3.060986e+01 3.910000e+02
      vertex   -1.185470e+01 3.133537e+01 3.880000e+02
    endloop
  endfacet
  facet normal -9.238795e-01 3.826834e-01 0.000000e+00
    outer loop
      vertex   -1.185470e+01 3.133537e+01 3.880000e+02
      vertex   -1.215521e+01 3.060986e+01 3.910000e+02
      vertex   -1.185470e+01 3.133537e+01 3.910000e+02
    endloop
  endfacet
  facet normal -8.990881e-01 4.377677e-01 0.000000e+00
    outer loop
      vertex   -1.185470e+01 3.133537e+01 3.880000e+02
      vertex   -1.185470e+01 3.133537e+01 3.910000e+02
      vertex   -1.151093e+01 3.204140e+01 3.880000e+02
    endloop
  endfacet
  facet normal -8.990881e-01 4.377677e-01 0.000000e+00
    outer loop
      vertex   -1.151093e+01 3.204140e+01 3.880000e+02
      vertex   -1.185470e+01 3.133537e+01 3.910000e+02
      vertex   -1.151093e+01 3.204140e+01 3.910000e+02
    endloop
  endfacet
  facet normal -8.710160e-01 4.912546e-01 0.000000e+00
    outer loop
      vertex   -1.151093e+01 3.204140e+01 3.880000e+02
      vertex   -1.151093e+01 3.204140e+01 3.910000e+02
      vertex   -1.112516e+01 3.272539e+01 3.880000e+02
    endloop
  endfacet
  facet normal -8.710160e-01 4.912546e-01 0.000000e+00
    outer loop
      vertex   -1.112516e+01 3.272539e+01 3.880000e+02
      vertex   -1.151093e+01 3.204140e+01 3.910000e+02
      vertex   -1.112516e+01 3.272539e+01 3.910000e+02
    endloop
  endfacet
  facet normal -8.397657e-01 5.429490e-01 0.000000e+00
    outer loop
      vertex   -1.112516e+01 3.272539e+01 3.880000e+02
      vertex   -1.112516e+01 3.272539e+01 3.910000e+02
      vertex   -1.069879e+01 3.338484e+01 3.880000e+02
    endloop
  endfacet
  facet normal -8.397657e-01 5.429490e-01 0.000000e+00
    outer loop
      vertex   -1.069879e+01 3.338484e+01 3.880000e+02
      vertex   -1.112516e+01 3.272539e+01 3.910000e+02
      vertex   -1.069879e+01 3.338484e+01 3.910000e+02
    endloop
  endfacet
  facet normal -8.054511e-01 5.926622e-01 0.000000e+00
    outer loop
      vertex   -1.069879e+01 3.338484e+01 3.880000e+02
      vertex   -1.069879e+01 3.338484e+01 3.910000e+02
      vertex   -1.023339e+01 3.401735e+01 3.880000e+02
    endloop
  endfacet
  facet normal -8.054511e-01 5.926622e-01 0.000000e+00
    outer loop
      vertex   -1.023339e+01 3.401735e+01 3.880000e+02
      vertex   -1.069879e+01 3.338484e+01 3.910000e+02
      vertex   -1.023339e+01 3.401735e+01 3.910000e+02
    endloop
  endfacet
  facet normal -7.681976e-01 6.402128e-01 0.000000e+00
    outer loop
      vertex   -1.023339e+01 3.401735e+01 3.880000e+02
      vertex   -1.023339e+01 3.401735e+01 3.910000e+02
      vertex   -9.730640e+00 3.462059e+01 3.880000e+02
    endloop
  endfacet
  facet normal -7.681976e-01 6.402128e-01 0.000000e+00
    outer loop
      vertex   -9.730640e+00 3.462059e+01 3.880000e+02
      vertex   -1.023339e+01 3.401735e+01 3.910000e+02
      vertex   -9.730640e+00 3.462059e+01 3.910000e+02
    endloop
  endfacet
  facet normal -7.281410e-01 6.854274e-01 0.000000e+00
    outer loop
      vertex   -9.730640e+00 3.462059e+01 3.880000e+02
      vertex   -9.730640e+00 3.462059e+01 3.910000e+02
      vertex   -9.192388e+00 3.519239e+01 3.880000e+02
    endloop
  endfacet
  facet normal -7.281410e-01 6.854274e-01 0.000000e+00
    outer loop
      vertex   -9.192388e+00 3.519239e+01 3.880000e+02
      vertex   -9.730640e+00 3.462059e+01 3.910000e+02
      vertex   -9.192388e+00 3.519239e+01 3.910000e+02
    endloop
  endfacet
  facet normal -6.854274e-01 7.281410e-01 0.000000e+00
    outer loop
      vertex   -9.192388e+00 3.519239e+01 3.880000e+02
      vertex   -9.192388e+00 3.519239e+01 3.910000e+02
      vertex   -8.620595e+00 3.573064e+01 3.880000e+02
    endloop
  endfacet
  facet normal -6.854274e-01 7.281410e-01 0.000000e+00
    outer loop
      vertex   -8.620595e+00 3.573064e+01 3.880000e+02
      vertex   -9.192388e+00 3.519239e+01 3.910000e+02
      vertex   -8.620595e+00 3.573064e+01 3.910000e+02
    endloop
  endfacet
  facet normal -6.402128e-01 7.681976e-01 0.000000e+00
    outer loop
      vertex   -8.620595e+00 3.573064e+01 3.880000e+02
      vertex   -8.620595e+00 3.573064e+01 3.910000e+02
      vertex   -8.017345e+00 3.623339e+01 3.880000e+02
    endloop
  endfacet
  facet normal -6.402128e-01 7.681976e-01 0.000000e+00
    outer loop
      vertex   -8.017345e+00 3.623339e+01 3.880000e+02
      vertex   -8.620595e+00 3.573064e+01 3.910000e+02
      vertex   -8.017345e+00 3.623339e+01 3.910000e+02
    endloop
  endfacet
  facet normal -5.926622e-01 8.054511e-01 0.000000e+00
    outer loop
      vertex   -8.017345e+00 3.623339e+01 3.880000e+02
      vertex   -8.017345e+00 3.623339e+01 3.910000e+02
      vertex   -7.384842e+00 3.669879e+01 3.880000e+02
    endloop
  endfacet
  facet normal -5.926622e-01 8.054511e-01 0.000000e+00
    outer loop
      vertex   -7.384842e+00 3.669879e+01 3.880000e+02
      vertex   -8.017345e+00 3.623339e+01 3.910000e+02
      vertex   -7.384842e+00 3.669879e+01 3.910000e+02
    endloop
  endfacet
  facet normal -5.429490e-01 8.397657e-01 0.000000e+00
    outer loop
      vertex   -7.384842e+00 3.669879e+01 3.880000e+02
      vertex   -7.384842e+00 3.669879e+01 3.910000e+02
      vertex   -6.725392e+00 3.712516e+01 3.880000e+02
    endloop
  endfacet
  facet normal -5.429490e-01 8.397657e-01 0.000000e+00
    outer loop
      vertex   -6.725392e+00 3.712516e+01 3.880000e+02
      vertex   -7.384842e+00 3.669879e+01 3.910000e+02
      vertex   -6.725392e+00 3.712516e+01 3.910000e+02
    endloop
  endfacet
  facet normal -4.912546e-01 8.710160e-01 0.000000e+00
    outer loop
      vertex   -6.725392e+00 3.712516e+01 3.880000e+02
      vertex   -6.725392e+00 3.712516e+01 3.910000e+02
      vertex   -6.041401e+00 3.751093e+01 3.880000e+02
    endloop
  endfacet
  facet normal -4.912546e-01 8.710160e-01 0.000000e+00
    outer loop
      vertex   -6.041401e+00 3.751093e+01 3.880000e+02
      vertex   -6.725392e+00 3.712516e+01 3.910000e+02
      vertex   -6.041401e+00 3.751093e+01 3.910000e+02
    endloop
  endfacet
  facet normal -4.377677e-01 8.990881e-01 0.000000e+00
    outer loop
      vertex   -6.041401e+00 3.751093e+01 3.880000e+02
      vertex   -6.041401e+00 3.751093e+01 3.910000e+02
      vertex   -5.335367e+00 3.785470e+01 3.880000e+02
    endloop
  endfacet
  facet normal -4.377677e-01 8.990881e-01 0.000000e+00
    outer loop
      vertex   -5.335367e+00 3.785470e+01 3.880000e+02
      vertex   -6.041401e+00 3.751093e+01 3.910000e+02
      vertex   -5.335367e+00 3.785470e+01 3.910000e+02
    endloop
  endfacet
  facet normal -3.826834e-01 9.238795e-01 0.000000e+00
    outer loop
      vertex   -5.335367e+00 3.785470e+01 3.880000e+02
      vertex   -5.335367e+00 3.785470e+01 3.910000e+02
      vertex   -4.609864e+00 3.815521e+01 3.880000e+02
    endloop
  endfacet
  facet normal -3.826834e-01 9.238795e-01 0.000000e+00
    outer loop
      vertex   -4.609864e+00 3.815521e+01 3.880000e+02
      vertex   -5.335367e+00 3.785470e+01 3.910000e+02
      vertex   -4.609864e+00 3.815521e+01 3.910000e+02
    endloop
  endfacet
  facet normal -3.262028e-01 9.452998e-01 0.000000e+00
    outer loop
      vertex   -4.609864e+00 3.815521e+01 3.880000e+02
      vertex   -4.609864e+00 3.815521e+01 3.910000e+02
      vertex   -3.867540e+00 3.841137e+01 3.880000e+02
    endloop
  endfacet
  facet normal -3.262028e-01 9.452998e-01 0.000000e+00
    outer loop
      vertex   -3.867540e+00 3.841137e+01 3.880000e+02
      vertex   -4.609864e+00 3.815521e+01 3.910000e+02
      vertex   -3.867540e+00 3.841137e+01 3.910000e+02
    endloop
  endfacet
  facet normal -2.685319e-01 9.632708e-01 0.000000e+00
    outer loop
      vertex   -3.867540e+00 3.841137e+01 3.880000e+02
      vertex   -3.867540e+00 3.841137e+01 3.910000e+02
      vertex   -3.111104e+00 3.862224e+01 3.880000e+02
    endloop
  endfacet
  facet normal -2.685319e-01 9.632708e-01 0.000000e+00
    outer loop
      vertex   -3.111104e+00 3.862224e+01 3.880000e+02
      vertex   -3.867540e+00 3.841137e+01 3.910000e+02
      vertex   -3.111104e+00 3.862224e+01 3.910000e+02
    endloop
  endfacet
  facet normal -2.098811e-01 9.777269e-01 0.000000e+00
    outer loop
      vertex   -3.111104e+00 3.862224e+01 3.880000e+02
      vertex   -3.111104e+00 3.862224e+01 3.910000e+02
      vertex   -2.343316e+00 3.878706e+01 3.880000e+02
    endloop
  endfacet
  facet normal -2.098811e-01 9.777269e-01 0.000000e+00
    outer loop
      vertex   -2.343316e+00 3.878706e+01 3.880000e+02
      vertex   -3.111104e+00 3.862224e+01 3.910000e+02
      vertex   -2.343316e+00 3.878706e+01 3.910000e+02
    endloop
  endfacet
  facet normal -1.504645e-01 9.886154e-01 0.000000e+00
    outer loop
      vertex   -2.343316e+00 3.878706e+01 3.880000e+02
      vertex   -2.343316e+00 3.878706e+01 3.910000e+02
      vertex   -1.566977e+00 3.890522e+01 3.880000e+02
    endloop
  endfacet
  facet normal -1.504645e-01 9.886154e-01 0.000000e+00
    outer loop
      vertex   -1.566977e+00 3.890522e+01 3.880000e+02
      vertex   -2.343316e+00 3.878706e+01 3.910000e+02
      vertex   -1.566977e+00 3.890522e+01 3.910000e+02
    endloop
  endfacet
  facet normal -9.049888e-02 9.958966e-01 0.000000e+00
    outer loop
      vertex   -1.566977e+00 3.890522e+01 3.880000e+02
      vertex   -1.566977e+00 3.890522e+01 3.910000e+02
      vertex   -7.849205e-01 3.897628e+01 3.880000e+02
    endloop
  endfacet
  facet normal -9.049888e-02 9.958966e-01 0.000000e+00
    outer loop
      vertex   -7.849205e-01 3.897628e+01 3.880000e+02
      vertex   -1.566977e+00 3.890522e+01 3.910000e+02
      vertex   -7.849205e-01 3.897628e+01 3.910000e+02
    endloop
  endfacet
  facet normal -3.020303e-02 9.995438e-01 0.000000e+00
    outer loop
      vertex   -7.849205e-01 3.897628e+01 3.880000e+02
      vertex   -7.849205e-01 3.897628e+01 3.910000e+02
      vertex   -4.221017e-13 3.900000e+01 3.880000e+02
    endloop
  endfacet
  facet normal -3.020303e-02 9.995438e-01 0.000000e+00
    outer loop
      vertex   -4.221017e-13 3.900000e+01 3.880000e+02
      vertex   -7.849205e-01 3.897628e+01 3.910000e+02
      vertex   -4.221017e-13 3.900000e+01 3.910000e+02
    endloop
  endfacet
  facet normal 3.020303e-02 9.995438e-01 -0.000000e+00
    outer loop
      vertex   -4.221017e-13 3.900000e+01 3.880000e+02
      vertex   -4.221017e-13 3.900000e+01 3.910000e+02
      vertex   7.849205e-01 3.897628e+01 3.880000e+02
    endloop
  endfacet
  facet normal 3.020303e-02 9.995438e-01 -0.000000e+00
    outer loop
      vertex   7.849205e-01 3.897628e+01 3.880000e+02
      vertex   -4.221017e-13 3.900000e+01 3.910000e+02
      vertex   7.849205e-01 3.897628e+01 3.910000e+02
    endloop
  endfacet
  facet normal 9.049888e-02 9.958966e-01 -0.000000e+00
    outer loop
      vertex   7.849205e-01 3.897628e+01 3.880000e+02
      vertex   7.849205e-01 3.897628e+01 3.910000e+02
      vertex   1.566977e+00 3.890522e+01 3.880000e+02
    endloop
  endfacet
  facet normal 9.049888e-02 9.958966e-01 -0.000000e+00
    outer loop
      vertex   1.566977e+00 3.890522e+01 3.880000e+02
      vertex   7.849205e-01 3.897628e+01 3.910000e+02
      vertex   1.566977e+00 3.890522e+01 3.910000e+02
    endloop
  endfacet
  facet normal 1.504645e-01 9.886154e-01 -0.000000e+00
    outer loop
      vertex   1.566977e+00 3.890522e+01 3.880000e+02
      vertex   1.566977e+00 3.890522e+01 3.910000e+02
      vertex   2.343316e+00 3.878706e+01 3.880000e+02
    endloop
  endfacet
  facet normal 1.504645e-01 9.886154e-01 -0.000000e+00
    outer loop
      vertex   2.343316e+00 3.878706e+01 3.880000e+02
      vertex   1.566977e+00 3.890522e+01 3.910000e+02
      vertex   2.343316e+00 3.878706e+01 3.910000e+02
    endloop
  endfacet
  facet normal 2.098811e-01 9.777269e-01 -0.000000e+00
    outer loop
      vertex   2.343316e+00 3.878706e+01 3.880000e+02
      vertex   2.343316e+00 3.878706e+01 3.910000e+02
      vertex   3.111104e+00 3.862224e+01 3.880000e+02
    endloop
  endfacet
  facet normal 2.098811e-01 9.777269e-01 -0.000000e+00
    outer loop
      vertex   3.111104e+00 3.862224e+01 3.880000e+02
      vertex   2.343316e+00 3.878706e+01 3.910000e+02
      vertex   3.111104e+00 3.862224e+01 3.910000e+02
    endloop
  endfacet
  facet normal 2.685319e-01 9.632708e-01 -0.000000e+00
    outer loop
      vertex   3.111104e+00 3.862224e+01 3.880000e+02
      vertex   3.111104e+00 3.862224e+01 3.910000e+02
      vertex   3.867540e+00 3.841137e+01 3.880000e+02
    endloop
  endfacet
  facet normal 2.685319e-01 9.632708e-01 -0.000000e+00
    outer loop
      vertex   3.867540e+00 3.841137e+01 3.880000e+02
      vertex   3.111104e+00 3.862224e+01 3.910000e+02
      vertex   3.867540e+00 3.841137e+01 3.910000e+02
    endloop
  endfacet
  facet normal 3.262028e-01 9.452998e-01 -0.000000e+00
    outer loop
      vertex   3.867540e+00 3.841137e+01 3.880000e+02
      vertex   3.867540e+00 3.841137e+01 3.910000e+02
      vertex   4.609864e+00 3.815521e+01 3.880000e+02
    endloop
  endfacet
  facet normal 3.262028e-01 9.452998e-01 -0.000000e+00
    outer loop
      vertex   4.609864e+00 3.815521e+01 3.880000e+02
      vertex   3.867540e+00 3.841137e+01 3.910000e+02
      vertex   4.609864e+00 3.815521e+01 3.910000e+02
    endloop
  endfacet
  facet normal 3.826834e-01 9.238795e-01 -0.000000e+00
    outer loop
      vertex   4.609864e+00 3.815521e+01 3.880000e+02
      vertex   4.609864e+00 3.815521e+01 3.910000e+02
      vertex   5.335367e+00 3.785470e+01 3.880000e+02
    endloop
  endfacet
  facet normal 3.826834e-01 9.238795e-01 -0.000000e+00
    outer loop
      vertex   5.335367e+00 3.785470e+01 3.880000e+02
      vertex   4.609864e+00 3.815521e+01 3.910000e+02
      vertex   5.335367e+00 3.785470e+01 3.910000e+02
    endloop
  endfacet
  facet normal 4.377677e-01 8.990881e-01 -0.000000e+00
    outer loop
      vertex   5.335367e+00 3.785470e+01 3.880000e+02
      vertex   5.335367e+00 3.785470e+01 3.910000e+02
      vertex   6.041401e+00 3.751093e+01 3.880000e+02
    endloop
  endfacet
  facet normal 4.377677e-01 8.990881e-01 -0.000000e+00
    outer loop
      vertex   6.041401e+00 3.751093e+01 3.880000e+02
      vertex   5.335367e+00 3.785470e+01 3.910000e+02
      vertex   6.041401e+00 3.751093e+01 3.910000e+02
    endloop
  endfacet
  facet normal 4.912546e-01 8.710160e-01 -0.000000e+00
    outer loop
      vertex   6.041401e+00 3.751093e+01 3.880000e+02
      vertex   6.041401e+00 3.751093e+01 3.910000e+02
      vertex   6.725392e+00 3.712516e+01 3.880000e+02
    endloop
  endfacet
  facet normal 4.912546e-01 8.710160e-01 -0.000000e+00
    outer loop
      vertex   6.725392e+00 3.712516e+01 3.880000e+02
      vertex   6.041401e+00 3.751093e+01 3.910000e+02
      vertex   6.725392e+00 3.712516e+01 3.910000e+02
    endloop
  endfacet
  facet normal 5.429490e-01 8.397657e-01 -0.000000e+00
    outer loop
      vertex   6.725392e+00 3.712516e+01 3.880000e+02
      vertex   6.725392e+00 3.712516e+01 3.910000e+02
      vertex   7.384842e+00 3.669879e+01 3.880000e+02
    endloop
  endfacet
  facet normal 5.429490e-01 8.397657e-01 -0.000000e+00
    outer loop
      vertex   7.384842e+00 3.669879e+01 3.880000e+02
      vertex   6.725392e+00 3.712516e+01 3.910000e+02
      vertex   7.384842e+00 3.669879e+01 3.910000e+02
    endloop
  endfacet
  facet normal 5.926622e-01 8.054511e-01 -0.000000e+00
    outer loop
      vertex   7.384842e+00 3.669879e+01 3.880000e+02
      vertex   7.384842e+00 3.669879e+01 3.910000e+02
      vertex   8.017345e+00 3.623339e+01 3.880000e+02
    endloop
  endfacet
  facet normal 5.926622e-01 8.054511e-01 -0.000000e+00
    outer loop
      vertex   8.017345e+00 3.623339e+01 3.880000e+02
      vertex   7.384842e+00 3.669879e+01 3.910000e+02
      vertex   8.017345e+00 3.623339e+01 3.910000e+02
    endloop
  endfacet
  facet normal 6.402128e-01 7.681976e-01 -0.000000e+00
    outer loop
      vertex   8.017345e+00 3.623339e+01 3.880000e+02
      vertex   8.017345e+00 3.623339e+01 3.910000e+02
      vertex   8.620595e+00 3.573064e+01 3.880000e+02
    endloop
  endfacet
  facet normal 6.402128e-01 7.681976e-01 -0.000000e+00
    outer loop
      vertex   8.620595e+00 3.573064e+01 3.880000e+02
      vertex   8.017345e+00 3.623339e+01 3.910000e+02
      vertex   8.620595e+00 3.573064e+01 3.910000e+02
    endloop
  endfacet
  facet normal 6.854274e-01 7.281410e-01 -0.000000e+00
    outer loop
      vertex   8.620595e+00 3.573064e+01 3.880000e+02
      vertex   8.620595e+00 3.573064e+01 3.910000e+02
      vertex   9.192388e+00 3.519239e+01 3.880000e+02
    endloop
  endfacet
  facet normal 6.854274e-01 7.281410e-01 -0.000000e+00
    outer loop
      vertex   9.192388e+00 3.519239e+01 3.880000e+02
      vertex   8.620595e+00 3.573064e+01 3.910000e+02
      vertex   9.192388e+00 3.519239e+01 3.910000e+02
    endloop
  endfacet
  facet normal 7.281410e-01 6.854274e-01 -0.000000e+00
    outer loop
      vertex   9.192388e+00 3.519239e+01 3.880000e+02
      vertex   9.192388e+00 3.519239e+01 3.910000e+02
      vertex   9.730640e+00 3.462059e+01 3.880000e+02
    endloop
  endfacet
  facet normal 7.281410e-01 6.854274e-01 -0.000000e+00
    outer loop
      vertex   9.730640e+00 3.462059e+01 3.880000e+02
      vertex   9.192388e+00 3.519239e+01 3.910000e+02
      vertex   9.730640e+00 3.462059e+01 3.910000e+02
    endloop
  endfacet
  facet normal 7.681976e-01 6.402128e-01 -0.000000e+00
    outer loop
      vertex   9.730640e+00 3.462059e+01 3.880000e+02
      vertex   9.730640e+00 3.462059e+01 3.910000e+02
      vertex   1.023339e+01 3.401735e+01 3.880000e+02
    endloop
  endfacet
  facet normal 7.681976e-01 6.402128e-01 -0.000000e+00
    outer loop
      vertex   1.023339e+01 3.401735e+01 3.880000e+02
      vertex   9.730640e+00 3.462059e+01 3.910000e+02
      vertex   1.023339e+01 3.401735e+01 3.910000e+02
    endloop
  endfacet
  facet normal 8.054511e-01 5.926622e-01 -0.000000e+00
    outer loop
      vertex   1.023339e+01 3.401735e+01 3.880000e+02
      vertex   1.023339e+01 3.401735e+01 3.910000e+02
      vertex   1.069879e+01 3.338484e+01 3.880000e+02
    endloop
  endfacet
  facet normal 8.054511e-01 5.926622e-01 -0.000000e+00
    outer loop
      vertex   1.069879e+01 3.338484e+01 3.880000e+02
      vertex   1.023339e+01 3.401735e+01 3.910000e+02
      vertex   1.069879e+01 3.338484e+01 3.910000e+02
    endloop
  endfacet
  facet normal 8.397657e-01 5.429490e-01 -0.000000e+00
    outer loop
      vertex   1.069879e+01 3.338484e+01 3.880000e+02
      vertex   1.069879e+01 3.338484e+01 3.910000e+02
      vertex   1.112516e+01 3.272539e+01 3.880000e+02
    endloop
  endfacet
  facet normal 8.397657e-01 5.429490e-01 -0.000000e+00
    outer loop
      vertex   1.112516e+01 3.272539e+01 3.880000e+02
      vertex   1.069879e+01 3.338484e+01 3.910000e+02
      vertex   1.112516e+01 3.272539e+01 3.910000e+02
    endloop
  endfacet
  facet normal 8.710160e-01 4.912546e-01 -0.000000e+00
    outer loop
      vertex   1.112516e+01 3.272539e+01 3.880000e+02
      vertex   1.112516e+01 3.272539e+01 3.910000e+02
      vertex   1.151093e+01 3.204140e+01 3.880000e+02
    endloop
  endfacet
  facet normal 8.710160e-01 4.912546e-01 -0.000000e+00
    outer loop
      vertex   1.151093e+01 3.204140e+01 3.880000e+02
      vertex   1.112516e+01 3.272539e+01 3.910000e+02
      vertex   1.151093e+01 3.204140e+01 3.910000e+02
    endloop
  endfacet
  facet normal 8.990881e-01 4.377677e-01 -0.000000e+00
    outer loop
      vertex   1.151093e+01 3.204140e+01 3.880000e+02
      vertex   1.151093e+01 3.204140e+01 3.910000e+02
      vertex   1.185470e+01 3.133537e+01 3.880000e+02
    endloop
  endfacet
  facet normal 8.990881e-01 4.377677e-01 -0.000000e+00
    outer loop
      vertex   1.185470e+01 3.133537e+01 3.880000e+02
      vertex   1.151093e+01 3.204140e+01 3.910000e+02
      vertex   1.185470e+01 3.133537e+01 3.910000e+02
    endloop
  endfacet
  facet normal 9.238795e-01 3.826834e-01 -0.000000e+00
    outer loop
      vertex   1.185470e+01 3.133537e+01 3.880000e+02
      vertex   1.185470e+01 3.133537e+01 3.910000e+02
      vertex   1.215521e+01 3.060986e+01 3.880000e+02
    endloop
  endfacet
  facet normal 9.238795e-01 3.826834e-01 -0.000000e+00
    outer loop
      vertex   1.215521e+01 3.060986e+01 3.880000e+02
      vertex   1.185470e+01 3.133537e+01 3.910000e+02
      vertex   1.215521e+01 3.060986e+01 3.910000e+02
    endloop
  endfacet
  facet normal 9.452998e-01 3.262028e-01 -0.000000e+00
    outer loop
      vertex   1.215521e+01 3.060986e+01 3.880000e+02
      vertex   1.215521e+01 3.060986e+01 3.910000e+02
      vertex   1.241137e+01 2.986754e+01 3.880000e+02
    endloop
  endfacet
  facet normal 9.452998e-01 3.262028e-01 -0.000000e+00
    outer loop
      vertex   1.241137e+01 2.986754e+01 3.880000e+02
      vertex   1.215521e+01 3.060986e+01 3.910000e+02
      vertex   1.241137e+01 2.986754e+01 3.910000e+02
    endloop
  endfacet
  facet normal 9.632708e-01 2.685319e-01 -0.000000e+00
    outer loop
      vertex   1.241137e+01 2.986754e+01 3.880000e+02
      vertex   1.241137e+01 2.986754e+01 3.910000e+02
      vertex   1.262224e+01 2.911110e+01 3.880000e+02
    endloop
  endfacet
  facet normal 9.632708e-01 2.685319e-01 -0.000000e+00
    outer loop
      vertex   1.262224e+01 2.911110e+01 3.880000e+02
      vertex   1.241137e+01 2.986754e+01 3.910000e+02
      vertex   1.262224e+01 2.911110e+01 3.910000e+02
    endloop
  endfacet
  facet normal 9.777269e-01 2.098811e-01 -0.000000e+00
    outer loop
      vertex   1.262224e+01 2.911110e+01 3.880000e+02
      vertex   1.262224e+01 2.911110e+01 3.910000e+02
      vertex   1.278706e+01 2.834332e+01 3.880000e+02
    endloop
  endfacet
  facet normal 9.777269e-01 2.098811e-01 -0.000000e+00
    outer loop
      vertex   1.278706e+01 2.834332e+01 3.880000e+02
      vertex   1.262224e+01 2.911110e+01 3.910000e+02
      vertex   1.278706e+01 2.834332e+01 3.910000e+02
    endloop
  endfacet
  facet normal 9.886154e-01 1.504645e-01 -0.000000e+00
    outer loop
      vertex   1.278706e+01 2.834332e+01 3.880000e+02
      vertex   1.278706e+01 2.834332e+01 3.910000e+02
      vertex   1.290522e+01 2.756698e+01 3.880000e+02
    endloop
  endfacet
  facet normal 9.886154e-01 1.504645e-01 -0.000000e+00
    outer loop
      vertex   1.290522e+01 2.756698e+01 3.880000e+02
      vertex   1.278706e+01 2.834332e+01 3.910000e+02
      vertex   1.290522e+01 2.756698e+01 3.910000e+02
    endloop
  endfacet
  facet normal 9.958966e-01 9.049888e-02 -0.000000e+00
    outer loop
      vertex   1.290522e+01 2.756698e+01 3.880000e+02
      vertex   1.290522e+01 2.756698e+01 3.910000e+02
      vertex   1.297628e+01 2.678492e+01 3.880000e+02
    endloop
  endfacet
  facet normal 9.958966e-01 9.049888e-02 -0.000000e+00
    outer loop
      vertex   1.297628e+01 2.678492e+01 3.880000e+02
      vertex   1.290522e+01 2.756698e+01 3.910000e+02
      vertex   1.297628e+01 2.678492e+01 3.910000e+02
    endloop
  endfacet
  facet normal 0.000000e+00 -0.000000e+00 -1.000000e+00
    outer loop
      vertex   1.297628e+01 2.678492e+01 3.880000e+02
      vertex   1.300000e+01 2.600000e+01 3.880000e+02
      vertex   9.000000e+00 2.600000e+01 3.880000e+02
    endloop
  endfacet
  facet normal 0.000000e+00 0.000000e+00 -1.000000e+00
    outer loop
      vertex   9.000000e+00 2.600000e+01 3.880000e+02
      vertex   1.300000e+01 2.600000e+01 3.880000e+02
      vertex   1.297628e+01 2.521508e+01 3.880000e+02
    endloop
  endfacet
  facet normal 0.000000e+00 -0.000000e+00 -1.000000e+00
    outer loop
      vertex   9.000000e+00 2.600000e+01 3.880000e+02
      vertex   1.297628e+01 2.521508e+01 3.880000e+02
      vertex   8.976539e+00 2.535058e+01 3.880000e+02
    endloop
  endfacet
  facet normal 0.000000e+00 0.000000e+00 -1.000000e+00
    outer loop
      vertex   8.976539e+00 2.535058e+01 3.880000e+02
      vertex   1.297628e+01 2.521508e+01 3.880000e+02
      vertex   1.290522e+01 2.443302e+01 3.880000e+02
    endloop
  endfacet
  facet normal 0.000000e+00 -0.000000e+00 -1.000000e+00
    outer loop
      vertex   8.976539e+00 2.535058e+01 3.880000e+02
      vertex   1.290522e+01 2.443302e+01 3.880000e+02
      vertex   8.906279e+00 2.470455e+01 3.880000e+02
    endloop
  endfacet
  facet normal 0.000000e+00 0.000000e+00 -1.000000e+00
    outer loop
      vertex   8.906279e+00 2.470455e+01 3.880000e+02
      vertex   1.290522e+01 2.443302e+01 3.880000e+02
      vertex   1.278706e+01 2.365668e+01 3.880000e+02
    endloop
  endfacet
  facet normal 0.000000e+00 -0.000000e+00 -1.000000e+00
    outer loop
      vertex   8.906279e+00 2.470455e+01 3.880000e+02
      vertex   1.278706e+01 2.365668e+01 3.880000e+02
      vertex   8.789585e+00 2.406527e+01 3.880000e+02
    endloop
  endfacet
  facet normal 0.000000e+00 0.000000e+00 -1.000000e+00
    outer loop
      vertex   8.789585e+00 2.406527e+01 3.880000e+02
      vertex   1.278706e+01 2.365668e+01 3.880000e+02
      vertex   1.262224e+01 2.288890e+01 3.880000e+02
    endloop
  endfacet
  facet normal 0.000000e+00 -0.000000e+00 -1.000000e+00
    outer loop
      vertex   8.789585e+00 2.406527e+01 3.880000e+02
      vertex   1.262224e+01 2.288890e+01 3.880000e+02
      vertex   8.627067e+00 2.343607e+01 3.880000e+02
    endloop
  endfacet
  facet normal 0.000000e+00 0.000000e+00 -1.000000e+00
    outer loop
      vertex   8.627067e+00 2.343607e+01 3.880000e+02
      vertex   1.262224e+01 2.288890e+01 3.880000e+02
      vertex   1.241137e+01 2.213246e+01 3.880000e+02
    endloop
  endfacet
  facet normal 0.000000e+00 -0.000000e+00 -1.000000e+00
    outer loop
      vertex   8.627067e+00 2.343607e+01 3.880000e+02
      vertex   1.241137e+01 2.213246e+01 3.880000e+02
      vertex   8.419571e+00 2.282025e+01 3.880000e+02
    endloop
  endfacet
  facet normal 0.000000e+00 0.000000e+00 -1.000000e+00
    outer loop
      vertex   8.419571e+00 2.282025e+01 3.880000e+02
      vertex   1.241137e+01 2.213246e+01 3.880000e+02
      vertex   1.215521e+01 2.139014e+01 3.880000e+02
    endloop
  endfacet
  facet normal 0.000000e+00 0.000000e+00 -1.000000e+00
    outer loop
      vertex   8.419571e+00 2.282025e+01 3.880000e+02
      vertex   1.215521e+01 2.139014e+01 3.880000e+02
      vertex   1.185470e+01 2.066463e+01 3.880000e+02
    endloop
  endfacet
  facet normal 0.000000e+00 -0.000000e+00 -1.000000e+00
    outer loop
      vertex   8.419571e+00 2.282025e+01 3.880000e+02
      vertex   1.185470e+01 2.066463e+01 3.880000e+02
      vertex   8.168179e+00 2.222100e+01 3.880000e+02
    endloop
  endfacet
  facet normal 0.000000e+00 0.000000e+00 -1.000000e+00
    outer loop
      vertex   8.168179e+00 2.222100e+01 3.880000e+02
      vertex   1.185470e+01 2.066463e+01 3.880000e+02
      vertex   1.151093e+01 1.995860e+01 3.880000e+02
    endloop
  endfacet
  facet normal 0.000000e+00 -0.000000e+00 -1.000000e+00
    outer loop
      vertex   8.168179e+00 2.222100e+01 3.880000e+02
      vertex   1.151093e+01 1.995860e+01 3.880000e+02
      vertex   7.874202e+00 2.164145e+01 3.880000e+02
    endloop
  endfacet
  facet normal 0.000000e+00 0.000000e+00 -1.000000e+00
    outer loop
      vertex   7.874202e+00 2.164145e+01 3.880000e+02
      vertex   1.151093e+01 1.995860e+01 3.880000e+02
      vertex   1.112516e+01 1.927461e+01 3.880000e+02
    endloop
  endfacet
  facet normal 0.000000e+00 -0.000000e+00 -1.000000e+00
    outer loop
      vertex   7.874202e+00 2.164145e+01 3.880000e+02
      vertex   1.112516e+01 1.927461e+01 3.880000e+02
      vertex   7.539173e+00 2.108463e+01 3.880000e+02
    endloop
  endfacet
  facet normal 0.000000e+00 0.000000e+00 -1.000000e+00
    outer loop
      vertex   7.539173e+00 2.108463e+01 3.880000e+02
      vertex   1.112516e+01 1.927461e+01 3.880000e+02
      vertex   1.069879e+01 1.861516e+01 3.880000e+02
    endloop
  endfacet
  facet normal 0.000000e+00 -0.000000e+00 -1.000000e+00
    outer loop
      vertex   7.539173e+00 2.108463e+01 3.880000e+02
      vertex   1.069879e+01 1.861516e+01 3.880000e+02
      vertex   7.164838e+00 2.055343e+01 3.880000e+02
    endloop
  endfacet
  facet normal 0.000000e+00 0.000000e+00 -1.000000e+00
    outer loop
      vertex   7.164838e+00 2.055343e+01 3.880000e+02
      vertex   1.069879e+01 1.861516e+01 3.880000e+02
      vertex   1.023339e+01 1.798265e+01 3.880000e+02
    endloop
  endfacet
  facet normal 0.000000e+00 -0.000000e+00 -1.000000e+00
    outer loop
      vertex   7.164838e+00 2.055343e+01 3.880000e+02
      vertex   1.023339e+01 1.798265e+01 3.880000e+02
      vertex   6.753148e+00 2.005063e+01 3.880000e+02
    endloop
  endfacet
  facet normal 0.000000e+00 0.000000e+00 -1.000000e+00
    outer loop
      vertex   6.753148e+00 2.005063e+01 3.880000e+02
      vertex   1.023339e+01 1.798265e+01 3.880000e+02
      vertex   9.730640e+00 1.737941e+01 3.880000e+02
    endloop
  endfacet
  facet normal 0.000000e+00 0.000000e+00 -1.000000e+00
    outer loop
      vertex   6.753148e+00 2.005063e+01 3.880000e+02
      vertex   9.730640e+00 1.737941e+01 3.880000e+02
      vertex   9.192388e+00 1.680761e+01 3.880000e+02
    endloop
  endfacet
  facet normal 0.000000e+00 -0.000000e+00 -1.000000e+00
    outer loop
      vertex   6.753148e+00 2.005063e+01 3.880000e+02
      vertex   9.192388e+00 1.680761e+01 3.880000e+02
      vertex   6.306251e+00 1.957885e+01 3.880000e+02
    endloop
  endfacet
  facet normal 0.000000e+00 0.000000e+00 -1.000000e+00
    outer loop
      vertex   6.306251e+00 1.957885e+01 3.880000e+02
      vertex   9.192388e+00 1.680761e+01 3.880000e+02
      vertex   8.620595e+00 1.626936e+01 3.880000e+02
    endloop
  endfacet
  facet normal 0.000000e+00 -0.000000e+00 -1.000000e+00
    outer loop
      vertex   6.306251e+00 1.957885e+01 3.880000e+02
      vertex   8.620595e+00 1.626936e+01 3.880000e+02
      vertex   5.826477e+00 1.914054e+01 3.880000e+02
    endloop
  endfacet
  facet normal 0.000000e+00 0.000000e+00 -1.000000e+00
    outer loop
      vertex   5.826477e+00 1.914054e+01 3.880000e+02
      vertex   8.620595e+00 1.626936e+01 3.880000e+02
      vertex   8.017345e+00 1.576661e+01 3.880000e+02
    endloop
  endfacet
  facet normal 0.000000e+00 -0.000000e+00 -1.000000e+00
    outer loop
      vertex   5.826477e+00 1.914054e+01 3.880000e+02
      vertex   8.017345e+00 1.576661e+01 3.880000e+02
      vertex   5.316325e+00 1.873800e+01 3.880000e+02
    endloop
  endfacet
  facet normal 0.000000e+00 0.000000e+00 -1.000000e+00
    outer loop
      vertex   5.316325e+00 1.873800e+01 3.880000e+02
      vertex   8.017345e+00 1.576661e+01 3.880000e+02
      vertex   7.384842e+00 1.530121e+01 3.880000e+02
    endloop
  endfacet
  facet normal 0.000000e+00 -0.000000e+00 -1.000000e+00
    outer loop
      vertex   5.316325e+00 1.873800e+01 3.880000e+02
      vertex   7.384842e+00 1.530121e+01 3.880000e+02
      vertex   4.778457e+00 1.837331e+01 3.880000e+02
    endloop
  endfacet
  facet normal 0.000000e+00 0.000000e+00 -1.000000e+00
    outer loop
      vertex   4.778457e+00 1.837331e+01 3.880000e+02
      vertex   7.384842e+00 1.530121e+01 3.880000e+02
      vertex   6.725392e+00 1.487484e+01 3.880000e+02
    endloop
  endfacet
  facet normal 0.000000e+00 -0.000000e+00 -1.000000e+00
    outer loop
      vertex   4.778457e+00 1.837331e+01 3.880000e+02
      vertex   6.725392e+00 1.487484e+01 3.880000e+02
      vertex   4.215676e+00 1.804839e+01 3.880000e+02
    endloop
  endfacet
  facet normal 0.000000e+00 0.000000e+00 -1.000000e+00
    outer loop
      vertex   4.215676e+00 1.804839e+01 3.880000e+02
      vertex   6.725392e+00 1.487484e+01 3.880000e+02
      vertex   6.041401e+00 1.448907e+01 3.880000e+02
    endloop
  endfacet
  facet normal 0.000000e+00 0.000000e+00 -1.000000e+00
    outer loop
      vertex   4.215676e+00 1.804839e+01 3.880000e+02
      vertex   6.041401e+00 1.448907e+01 3.880000e+02
      vertex   5.335367e+00 1.414530e+01 3.880000e+02
    endloop
  endfacet
  facet normal 0.000000e+00 -0.000000e+00 -1.000000e+00
    outer loop
      vertex   4.215676e+00 1.804839e+01 3.880000e+02
      vertex   5.335367e+00 1.414530e+01 3.880000e+02
      vertex   3.630916e+00 1.776493e+01 3.880000e+02
    endloop
  endfacet
  facet normal 0.000000e+00 0.000000e+00 -1.000000e+00
    outer loop
      vertex   3.630916e+00 1.776493e+01 3.880000e+02
      vertex   5.335367e+00 1.414530e+01 3.880000e+02
      vertex   4.609864e+00 1.384479e+01 3.880000e+02
    endloop
  endfacet
  facet normal 0.000000e+00 -0.000000e+00 -1.000000e+00
    outer loop
      vertex   3.630916e+00 1.776493e+01 3.880000e+02
      vertex   4.609864e+00 1.384479e+01 3.880000e+02
      vertex   3.027227e+00 1.752439e+01 3.880000e+02
    endloop
  endfacet
  facet normal 0.000000e+00 0.000000e+00 -1.000000e+00
    outer loop
      vertex   3.027227e+00 1.752439e+01 3.880000e+02
      vertex   4.609864e+00 1.384479e+01 3.880000e+02
      vertex   3.867540e+00 1.358863e+01 3.880000e+02
    endloop
  endfacet
  facet normal 0.000000e+00 -0.000000e+00 -1.000000e+00
    outer loop
      vertex   3.027227e+00 1.752439e+01 3.880000e+02
      vertex   3.867540e+00 1.358863e+01 3.880000e+02
      vertex   2.407755e+00 1.732805e+01 3.880000e+02
    endloop
  endfacet
  facet normal 0.000000e+00 0.000000e+00 -1.000000e+00
    outer loop
      vertex   2.407755e+00 1.732805e+01 3.880000e+02
      vertex   3.867540e+00 1.358863e+01 3.880000e+02
      vertex   3.111104e+00 1.337776e+01 3.880000e+02
    endloop
  endfacet
  facet normal 0.000000e+00 -0.000000e+00 -1.000000e+00
    outer loop
      vertex   2.407755e+00 1.732805e+01 3.880000e+02
      vertex   3.111104e+00 1.337776e+01 3.880000e+02
      vertex   1.775730e+00 1.717692e+01 3.880000e+02
    endloop
  endfacet
  facet normal 0.000000e+00 0.000000e+00 -1.000000e+00
    outer loop
      vertex   1.775730e+00 1.717692e+01 3.880000e+02
      vertex   3.111104e+00 1.337776e+01 3.880000e+02
      vertex   2.343316e+00 1.321294e+01 3.880000e+02
    endloop
  endfacet
  facet normal 0.000000e+00 -0.000000e+00 -1.000000e+00
    outer loop
      vertex   1.775730e+00 1.717692e+01 3.880000e+02
      vertex   2.343316e+00 1.321294e+01 3.880000e+02
      vertex   1.134447e+00 1.707178e+01 3.880000e+02
    endloop
  endfacet
  facet normal 0.000000e+00 0.000000e+00 -1.000000e+00
    outer loop
      vertex   1.134447e+00 1.707178e+01 3.880000e+02
      vertex   2.343316e+00 1.321294e+01 3.880000e+02
      vertex   1.566977e+00 1.309478e+01 3.880000e+02
    endloop
  endfacet
  facet normal 0.000000e+00 -0.000000e+00 -1.000000e+00
    outer loop
      vertex   1.134447e+00 1.707178e+01 3.880000e+02
      vertex   1.566977e+00 1.309478e+01 3.880000e+02
      vertex   7.849205e-01 1.302372e+01 3.880000e+02
    endloop
  endfacet
  facet normal 0.000000e+00 0.000000e+00 -1.000000e+00
    outer loop
      vertex   1.134447e+00 1.707178e+01 3.880000e+02
      vertex   7.849205e-01 1.302372e+01 3.880000e+02
      vertex   4.872502e-01 1.701320e+01 3.880000e+02
    endloop
  endfacet
  facet normal 0.000000e+00 -0.000000e+00 -1.000000e+00
    outer loop
      vertex   4.872502e-01 1.701320e+01 3.880000e+02
      vertex   7.849205e-01 1.302372e+01 3.880000e+02
      vertex   -4.221017e-13 1.300000e+01 3.880000e+02
    endloop
  endfacet
  facet normal 0.000000e+00 0.000000e+00 -1.000000e+00
    outer loop
      vertex   4.872502e-01 1.701320e+01 3.880000e+02
      vertex   -4.221017e-13 1.300000e+01 3.880000e+02
      vertex   -1.624873e-01 1.700147e+01 3.880000e+02
    endloop
  endfacet
  facet normal 0.000000e+00 -0.000000e+00 -1.000000e+00
    outer loop
      vertex   -1.624873e-01 1.700147e+01 3.880000e+02
      vertex   -4.221017e-13 1.300000e+01 3.880000e+02
      vertex   -7.849205e-01 1.302372e+01 3.880000e+02
    endloop
  endfacet
  facet normal -0.000000e+00 0.000000e+00 -1.000000e+00
    outer loop
      vertex   -1.624873e-01 1.700147e+01 3.880000e+02
      vertex   -7.849205e-01 1.302372e+01 3.880000e+02
      vertex   -8.113777e-01 1.703665e+01 3.880000e+02
    endloop
  endfacet
  facet normal 0.000000e+00 -0.000000e+00 -1.000000e+00
    outer loop
      vertex   -8.113777e-01 1.703665e+01 3.880000e+02
      vertex   -7.849205e-01 1.302372e+01 3.880000e+02
      vertex   -1.566977e+00 1.309478e+01 3.880000e+02
    endloop
  endfacet
  facet normal -0.000000e+00 0.000000e+00 -1.000000e+00
    outer loop
      vertex   -8.113777e-01 1.703665e+01 3.880000e+02
      vertex   -1.566977e+00 1.309478e+01 3.880000e+02
      vertex   -1.456038e+00 1.711856e+01 3.880000e+02
    endloop
  endfacet
  facet normal 0.000000e+00 0.000000e+00 -1.000000e+00
    outer loop
      vertex   -1.456038e+00 1.711856e+01 3.880000e+02
      vertex   -1.566977e+00 1.309478e+01 3.880000e+02
      vertex   -2.343316e+00 1.321294e+01 3.880000e+02
    endloop
  endfacet
  facet normal -0.000000e+00 0.000000e+00 -1.000000e+00
    outer loop
      vertex   -1.456038e+00 1.711856e+01 3.880000e+02
      vertex   -2.343316e+00 1.321294e+01 3.880000e+02
      vertex   -2.093107e+00 1.724678e+01 3.880000e+02
    endloop
  endfacet
  facet normal 0.000000e+00 0.000000e+00 -1.000000e+00
    outer loop
      vertex   -2.093107e+00 1.724678e+01 3.880000e+02
      vertex   -2.343316e+00 1.321294e+01 3.880000e+02
      vertex   -3.111104e+00 1.337776e+01 3.880000e+02
    endloop
  endfacet
  facet normal -0.000000e+00 0.000000e+00 -1.000000e+00
    outer loop
      vertex   -2.093107e+00 1.724678e+01 3.880000e+02
      vertex   -3.111104e+00 1.337776e+01 3.880000e+02
      vertex   -2.719264e+00 1.742063e+01 3.880000e+02
    endloop
  endfacet
  facet normal 0.000000e+00 0.000000e+00 -1.000000e+00
    outer loop
      vertex   -2.719264e+00 1.742063e+01 3.880000e+02
      vertex   -3.111104e+00 1.337776e+01 3.880000e+02
      vertex   -3.867540e+00 1.358863e+01 3.880000e+02
    endloop
  endfacet
  facet normal 0.000000e+00 0.000000e+00 -1.000000e+00
    outer loop
      vertex   -2.719264e+00 1.742063e+01 3.880000e+02
      vertex   -3.867540e+00 1.358863e+01 3.880000e+02
      vertex   -4.609864e+00 1.384479e+01 3.880000e+02
    endloop
  endfacet
  facet normal -0.000000e+00 0.000000e+00 -1.000000e+00
    outer loop
      vertex   -2.719264e+00 1.742063e+01 3.880000e+02
      vertex   -4.609864e+00 1.384479e+01 3.880000e+02
      vertex   -3.331243e+00 1.763921e+01 3.880000e+02
    endloop
  endfacet
  facet normal 0.000000e+00 0.000000e+00 -1.000000e+00
    outer loop
      vertex   -3.331243e+00 1.763921e+01 3.880000e+02
      vertex   -4.609864e+00 1.384479e+01 3.880000e+02
      vertex   -5.335367e+00 1.414530e+01 3.880000e+02
    endloop
  endfacet
  facet normal -0.000000e+00 0.000000e+00 -1.000000e+00
    outer loop
      vertex   -3.331243e+00 1.763921e+01 3.880000e+02
      vertex   -5.335367e+00 1.414530e+01 3.880000e+02
      vertex   -3.925855e+00 1.790138e+01 3.880000e+02
    endloop
  endfacet
  facet normal 0.000000e+00 0.000000e+00 -1.000000e+00
    outer loop
      vertex   -3.925855e+00 1.790138e+01 3.880000e+02
      vertex   -5.335367e+00 1.414530e+01 3.880000e+02
      vertex   -6.041401e+00 1.448907e+01 3.880000e+02
    endloop
  endfacet
  facet normal -0.000000e+00 0.000000e+00 -1.000000e+00
    outer loop
      vertex   -3.925855e+00 1.790138e+01 3.880000e+02
      vertex   -6.041401e+00 1.448907e+01 3.880000e+02
      vertex   -4.500000e+00 1.820577e+01 3.880000e+02
    endloop
  endfacet
  facet normal 0.000000e+00 0.000000e+00 -1.000000e+00
    outer loop
      vertex   -4.500000e+00 1.820577e+01 3.880000e+02
      vertex   -6.041401e+00 1.448907e+01 3.880000e+02
      vertex   -6.725392e+00 1.487484e+01 3.880000e+02
    endloop
  endfacet
  facet normal -0.000000e+00 0.000000e+00 -1.000000e+00
    outer loop
      vertex   -4.500000e+00 1.820577e+01 3.880000e+02
      vertex   -6.725392e+00 1.487484e+01 3.880000e+02
      vertex   -5.050684e+00 1.855080e+01 3.880000e+02
    endloop
  endfacet
  facet normal 0.000000e+00 0.000000e+00 -1.000000e+00
    outer loop
      vertex   -5.050684e+00 1.855080e+01 3.880000e+02
      vertex   -6.725392e+00 1.487484e+01 3.880000e+02
      vertex   -7.384842e+00 1.530121e+01 3.880000e+02
    endloop
  endfacet
  facet normal -0.000000e+00 0.000000e+00 -1.000000e+00
    outer loop
      vertex   -5.050684e+00 1.855080e+01 3.880000e+02
      vertex   -7.384842e+00 1.530121e+01 3.880000e+02
      vertex   -5.575035e+00 1.893466e+01 3.880000e+02
    endloop
  endfacet
  facet normal 0.000000e+00 0.000000e+00 -1.000000e+00
    outer loop
      vertex   -5.575035e+00 1.893466e+01 3.880000e+02
      vertex   -7.384842e+00 1.530121e+01 3.880000e+02
      vertex   -8.017345e+00 1.576661e+01 3.880000e+02
    endloop
  endfacet
  facet normal 0.000000e+00 0.000000e+00 -1.000000e+00
    outer loop
      vertex   -5.575035e+00 1.893466e+01 3.880000e+02
      vertex   -8.017345e+00 1.576661e+01 3.880000e+02
      vertex   -8.620595e+00 1.626936e+01 3.880000e+02
    endloop
  endfacet
  facet normal -0.000000e+00 0.000000e+00 -1.000000e+00
    outer loop
      vertex   -5.575035e+00 1.893466e+01 3.880000e+02
      vertex   -8.620595e+00 1.626936e+01 3.880000e+02
      vertex   -6.070321e+00 1.935536e+01 3.880000e+02
    endloop
  endfacet
  facet normal 0.000000e+00 0.000000e+00 -1.000000e+00
    outer loop
      vertex   -6.070321e+00 1.935536e+01 3.880000e+02
      vertex   -8.620595e+00 1.626936e+01 3.880000e+02
      vertex   -9.192388e+00 1.680761e+01 3.880000e+02
    endloop
  endfacet
  facet normal -0.000000e+00 0.000000e+00 -1.000000e+00
    outer loop
      vertex   -6.070321e+00 1.935536e+01 3.880000e+02
      vertex   -9.192388e+00 1.680761e+01 3.880000e+02
      vertex   -6.533959e+00 1.981071e+01 3.880000e+02
    endloop
  endfacet
  facet normal 0.000000e+00 0.000000e+00 -1.000000e+00
    outer loop
      vertex   -6.533959e+00 1.981071e+01 3.880000e+02
      vertex   -9.192388e+00 1.680761e+01 3.880000e+02
      vertex   -9.730640e+00 1.737941e+01 3.880000e+02
    endloop
  endfacet
  facet normal -0.000000e+00 0.000000e+00 -1.000000e+00
    outer loop
      vertex   -6.533959e+00 1.981071e+01 3.880000e+02
      vertex   -9.730640e+00 1.737941e+01 3.880000e+02
      vertex   -6.963533e+00 2.029832e+01 3.880000e+02
    endloop
  endfacet
  facet normal 0.000000e+00 0.000000e+00 -1.000000e+00
    outer loop
      vertex   -6.963533e+00 2.029832e+01 3.880000e+02
      vertex   -9.730640e+00 1.737941e+01 3.880000e+02
      vertex   -1.023339e+01 1.798265e+01 3.880000e+02
    endloop
  endfacet
  facet normal -0.000000e+00 0.000000e+00 -1.000000e+00
    outer loop
      vertex   -6.963533e+00 2.029832e+01 3.880000e+02
      vertex   -1.023339e+01 1.798265e+01 3.880000e+02
      vertex   -7.356801e+00 2.081565e+01 3.880000e+02
    endloop
  endfacet
  facet normal 0.000000e+00 0.000000e+00 -1.000000e+00
    outer loop
      vertex   -7.356801e+00 2.081565e+01 3.880000e+02
      vertex   -1.023339e+01 1.798265e+01 3.880000e+02
      vertex   -1.069879e+01 1.861516e+01 3.880000e+02
    endloop
  endfacet
  facet normal -0.000000e+00 0.000000e+00 -1.000000e+00
    outer loop
      vertex   -7.356801e+00 2.081565e+01 3.880000e+02
      vertex   -1.069879e+01 1.861516e+01 3.880000e+02
      vertex   -7.711715e+00 2.136002e+01 3.880000e+02
    endloop
  endfacet
  facet normal 0.000000e+00 0.000000e+00 -1.000000e+00
    outer loop
      vertex   -7.711715e+00 2.136002e+01 3.880000e+02
      vertex   -1.069879e+01 1.861516e+01 3.880000e+02
      vertex   -1.112516e+01 1.927461e+01 3.880000e+02
    endloop
  endfacet
  facet normal 0.000000e+00 0.000000e+00 -1.000000e+00
    outer loop
      vertex   -7.711715e+00 2.136002e+01 3.880000e+02
      vertex   -1.112516e+01 1.927461e+01 3.880000e+02
      vertex   -1.151093e+01 1.995860e+01 3.880000e+02
    endloop
  endfacet
  facet normal -0.000000e+00 0.000000e+00 -1.000000e+00
    outer loop
      vertex   -7.711715e+00 2.136002e+01 3.880000e+02
      vertex   -1.151093e+01 1.995860e+01 3.880000e+02
      vertex   -8.026423e+00 2.192857e+01 3.880000e+02
    endloop
  endfacet
  facet normal 0.000000e+00 0.000000e+00 -1.000000e+00
    outer loop
      vertex   -8.026423e+00 2.192857e+01 3.880000e+02
      vertex   -1.151093e+01 1.995860e+01 3.880000e+02
      vertex   -1.185470e+01 2.066463e+01 3.880000e+02
    endloop
  endfacet
  facet normal -0.000000e+00 0.000000e+00 -1.000000e+00
    outer loop
      vertex   -8.026423e+00 2.192857e+01 3.880000e+02
      vertex   -1.185470e+01 2.066463e+01 3.880000e+02
      vertex   -8.299285e+00 2.251835e+01 3.880000e+02
    endloop
  endfacet
  facet normal 0.000000e+00 0.000000e+00 -1.000000e+00
    outer loop
      vertex   -8.299285e+00 2.251835e+01 3.880000e+02
      vertex   -1.185470e+01 2.066463e+01 3.880000e+02
      vertex   -1.215521e+01 2.139014e+01 3.880000e+02
    endloop
  endfacet
  facet normal -0.000000e+00 0.000000e+00 -1.000000e+00
    outer loop
      vertex   -8.299285e+00 2.251835e+01 3.880000e+02
      vertex   -1.215521e+01 2.139014e+01 3.880000e+02
      vertex   -8.528879e+00 2.312629e+01 3.880000e+02
    endloop
  endfacet
  facet normal 0.000000e+00 0.000000e+00 -1.000000e+00
    outer loop
      vertex   -8.528879e+00 2.312629e+01 3.880000e+02
      vertex   -1.215521e+01 2.139014e+01 3.880000e+02
      vertex   -1.241137e+01 2.213246e+01 3.880000e+02
    endloop
  endfacet
  facet normal -0.000000e+00 0.000000e+00 -1.000000e+00
    outer loop
      vertex   -8.528879e+00 2.312629e+01 3.880000e+02
      vertex   -1.241137e+01 2.213246e+01 3.880000e+02
      vertex   -8.714006e+00 2.374920e+01 3.880000e+02
    endloop
  endfacet
  facet normal 0.000000e+00 0.000000e+00 -1.000000e+00
    outer loop
      vertex   -8.714006e+00 2.374920e+01 3.880000e+02
      vertex   -1.241137e+01 2.213246e+01 3.880000e+02
      vertex   -1.262224e+01 2.288890e+01 3.880000e+02
    endloop
  endfacet
  facet normal -0.000000e+00 0.000000e+00 -1.000000e+00
    outer loop
      vertex   -8.714006e+00 2.374920e+01 3.880000e+02
      vertex   -1.262224e+01 2.288890e+01 3.880000e+02
      vertex   -8.853704e+00 2.438385e+01 3.880000e+02
    endloop
  endfacet
  facet normal 0.000000e+00 0.000000e+00 -1.000000e+00
    outer loop
      vertex   -8.853704e+00 2.438385e+01 3.880000e+02
      vertex   -1.262224e+01 2.288890e+01 3.880000e+02
      vertex   -1.278706e+01 2.365668e+01 3.880000e+02
    endloop
  endfacet
  facet normal -0.000000e+00 0.000000e+00 -1.000000e+00
    outer loop
      vertex   -8.853704e+00 2.438385e+01 3.880000e+02
      vertex   -1.278706e+01 2.365668e+01 3.880000e+02
      vertex   -1.290522e+01 2.443302e+01 3.880000e+02
    endloop
  endfacet
  facet normal 0.000000e+00 0.000000e+00 -1.000000e+00
    outer loop
      vertex   -8.853704e+00 2.438385e+01 3.880000e+02
      vertex   -1.290522e+01 2.443302e+01 3.880000e+02
      vertex   -8.947242e+00 2.502693e+01 3.880000e+02
    endloop
  endfacet
  facet normal -0.000000e+00 0.000000e+00 -1.000000e+00
    outer loop
      vertex   -8.947242e+00 2.502693e+01 3.880000e+02
      vertex   -1.290522e+01 2.443302e+01 3.880000e+02
      vertex   -1.297628e+01 2.521508e+01 3.880000e+02
    endloop
  endfacet
  facet normal 0.000000e+00 0.000000e+00 -1.000000e+00
    outer loop
      vertex   -8.947242e+00 2.502693e+01 3.880000e+02
      vertex   -1.297628e+01 2.521508e+01 3.880000e+02
      vertex   -8.994133e+00 2.567508e+01 3.880000e+02
    endloop
  endfacet
  facet normal -0.000000e+00 0.000000e+00 -1.000000e+00
    outer loop
      vertex   -8.994133e+00 2.567508e+01 3.880000e+02
      vertex   -1.297628e+01 2.521508e+01 3.880000e+02
      vertex   -1.300000e+01 2.600000e+01 3.880000e+02
    endloop
  endfacet
  facet normal 0.000000e+00 0.000000e+00 -1.000000e+00
    outer loop
      vertex   -8.994133e+00 2.567508e+01 3.880000e+02
      vertex   -1.300000e+01 2.600000e+01 3.880000e+02
      vertex   -8.994133e+00 2.632492e+01 3.880000e+02
    endloop
  endfacet
  facet normal -0.000000e+00 0.000000e+00 -1.000000e+00
    outer loop
      vertex   -8.994133e+00 2.632492e+01 3.880000e+02
      vertex   -1.300000e+01 2.600000e+01 3.880000e+02
      vertex   -1.297628e+01 2.678492e+01 3.880000e+02
    endloop
  endfacet
  facet normal 0.000000e+00 0.000000e+00 -1.000000e+00
    outer loop
      vertex   -8.994133e+00 2.632492e+01 3.880000e+02
      vertex   -1.297628e+01 2.678492e+01 3.880000e+02
      vertex   -8.947242e+00 2.697307e+01 3.880000e+02
    endloop
  endfacet
  facet normal -0.000000e+00 0.000000e+00 -1.000000e+00
    outer loop
      vertex   -8.947242e+00 2.697307e+01 3.880000e+02
      vertex   -1.297628e+01 2.678492e+01 3.880000e+02
      vertex   -1.290522e+01 2.756698e+01 3.880000e+02
    endloop
  endfacet
  facet normal 0.000000e+00 0.000000e+00 -1.000000e+00
    outer loop
      vertex   -8.947242e+00 2.697307e+01 3.880000e+02
      vertex   -1.290522e+01 2.756698e+01 3.880000e+02
      vertex   -8.853704e+00 2.761615e+01 3.880000e+02
    endloop
  endfacet
  facet normal -0.000000e+00 0.000000e+00 -1.000000e+00
    outer loop
      vertex   -8.853704e+00 2.761615e+01 3.880000e+02
      vertex   -1.290522e+01 2.756698e+01 3.880000e+02
      vertex   -1.278706e+01 2.834332e+01 3.880000e+02
    endloop
  endfacet
  facet normal 0.000000e+00 0.000000e+00 -1.000000e+00
    outer loop
      vertex   -8.853704e+00 2.761615e+01 3.880000e+02
      vertex   -1.278706e+01 2.834332e+01 3.880000e+02
      vertex   -1.262224e+01 2.911110e+01 3.880000e+02
    endloop
  endfacet
  facet normal 0.000000e+00 0.000000e+00 -1.000000e+00
    outer loop
      vertex   -8.853704e+00 2.761615e+01 3.880000e+02
      vertex   -1.262224e+01 2.911110e+01 3.880000e+02
      vertex   -8.714006e+00 2.825080e+01 3.880000e+02
    endloop
  endfacet
  facet normal 0.000000e+00 0.000000e+00 -1.000000e+00
    outer loop
      vertex   -8.714006e+00 2.825080e+01 3.880000e+02
      vertex   -1.262224e+01 2.911110e+01 3.880000e+02
      vertex   -1.241137e+01 2.986754e+01 3.880000e+02
    endloop
  endfacet
  facet normal 0.000000e+00 0.000000e+00 -1.000000e+00
    outer loop
      vertex   -8.714006e+00 2.825080e+01 3.880000e+02
      vertex   -1.241137e+01 2.986754e+01 3.880000e+02
      vertex   -8.528879e+00 2.887371e+01 3.880000e+02
    endloop
  endfacet
  facet normal 0.000000e+00 0.000000e+00 -1.000000e+00
    outer loop
      vertex   -8.528879e+00 2.887371e+01 3.880000e+02
      vertex   -1.241137e+01 2.986754e+01 3.880000e+02
      vertex   -1.215521e+01 3.060986e+01 3.880000e+02
    endloop
  endfacet
  facet normal 0.000000e+00 0.000000e+00 -1.000000e+00
    outer loop
      vertex   -8.528879e+00 2.887371e+01 3.880000e+02
      vertex   -1.215521e+01 3.060986e+01 3.880000e+02
      vertex   -8.299285e+00 2.948165e+01 3.880000e+02
    endloop
  endfacet
  facet normal 0.000000e+00 0.000000e+00 -1.000000e+00
    outer loop
      vertex   -8.299285e+00 2.948165e+01 3.880000e+02
      vertex   -1.215521e+01 3.060986e+01 3.880000e+02
      vertex   -1.185470e+01 3.133537e+01 3.880000e+02
    endloop
  endfacet
  facet normal 0.000000e+00 0.000000e+00 -1.000000e+00
    outer loop
      vertex   -8.299285e+00 2.948165e+01 3.880000e+02
      vertex   -1.185470e+01 3.133537e+01 3.880000e+02
      vertex   -8.026423e+00 3.007143e+01 3.880000e+02
    endloop
  endfacet
  facet normal 0.000000e+00 0.000000e+00 -1.000000e+00
    outer loop
      vertex   -8.026423e+00 3.007143e+01 3.880000e+02
      vertex   -1.185470e+01 3.133537e+01 3.880000e+02
      vertex   -1.151093e+01 3.204140e+01 3.880000e+02
    endloop
  endfacet
  facet normal 0.000000e+00 0.000000e+00 -1.000000e+00
    outer loop
      vertex   -8.026423e+00 3.007143e+01 3.880000e+02
      vertex   -1.151093e+01 3.204140e+01 3.880000e+02
      vertex   -7.711715e+00 3.063999e+01 3.880000e+02
    endloop
  endfacet
  facet normal 0.000000e+00 0.000000e+00 -1.000000e+00
    outer loop
      vertex   -7.711715e+00 3.063999e+01 3.880000e+02
      vertex   -1.151093e+01 3.204140e+01 3.880000e+02
      vertex   -1.112516e+01 3.272539e+01 3.880000e+02
    endloop
  endfacet
  facet normal 0.000000e+00 0.000000e+00 -1.000000e+00
    outer loop
      vertex   -7.711715e+00 3.063999e+01 3.880000e+02
      vertex   -1.112516e+01 3.272539e+01 3.880000e+02
      vertex   -1.069879e+01 3.338484e+01 3.880000e+02
    endloop
  endfacet
  facet normal 0.000000e+00 0.000000e+00 -1.000000e+00
    outer loop
      vertex   -7.711715e+00 3.063999e+01 3.880000e+02
      vertex   -1.069879e+01 3.338484e+01 3.880000e+02
      vertex   -7.356801e+00 3.118435e+01 3.880000e+02
    endloop
  endfacet
  facet normal 0.000000e+00 0.000000e+00 -1.000000e+00
    outer loop
      vertex   -7.356801e+00 3.118435e+01 3.880000e+02
      vertex   -1.069879e+01 3.338484e+01 3.880000e+02
      vertex   -1.023339e+01 3.401735e+01 3.880000e+02
    endloop
  endfacet
  facet normal 0.000000e+00 0.000000e+00 -1.000000e+00
    outer loop
      vertex   -7.356801e+00 3.118435e+01 3.880000e+02
      vertex   -1.023339e+01 3.401735e+01 3.880000e+02
      vertex   -6.963533e+00 3.170169e+01 3.880000e+02
    endloop
  endfacet
  facet normal 0.000000e+00 0.000000e+00 -1.000000e+00
    outer loop
      vertex   -6.963533e+00 3.170169e+01 3.880000e+02
      vertex   -1.023339e+01 3.401735e+01 3.880000e+02
      vertex   -9.730640e+00 3.462059e+01 3.880000e+02
    endloop
  endfacet
  facet normal 0.000000e+00 0.000000e+00 -1.000000e+00
    outer loop
      vertex   -6.963533e+00 3.170169e+01 3.880000e+02
      vertex   -9.730640e+00 3.462059e+01 3.880000e+02
      vertex   -6.533959e+00 3.218930e+01 3.880000e+02
    endloop
  endfacet
  facet normal 0.000000e+00 0.000000e+00 -1.000000e+00
    outer loop
      vertex   -6.533959e+00 3.218930e+01 3.880000e+02
      vertex   -9.730640e+00 3.462059e+01 3.880000e+02
      vertex   -9.192388e+00 3.519239e+01 3.880000e+02
    endloop
  endfacet
  facet normal 0.000000e+00 0.000000e+00 -1.000000e+00
    outer loop
      vertex   -6.533959e+00 3.218930e+01 3.880000e+02
      vertex   -9.192388e+00 3.519239e+01 3.880000e+02
      vertex   -6.070321e+00 3.264464e+01 3.880000e+02
    endloop
  endfacet
  facet normal 0.000000e+00 0.000000e+00 -1.000000e+00
    outer loop
      vertex   -6.070321e+00 3.264464e+01 3.880000e+02
      vertex   -9.192388e+00 3.519239e+01 3.880000e+02
      vertex   -8.620595e+00 3.573064e+01 3.880000e+02
    endloop
  endfacet
  facet normal 0.000000e+00 0.000000e+00 -1.000000e+00
    outer loop
      vertex   -6.070321e+00 3.264464e+01 3.880000e+02
      vertex   -8.620595e+00 3.573064e+01 3.880000e+02
      vertex   -5.575035e+00 3.306534e+01 3.880000e+02
    endloop
  endfacet
  facet normal 0.000000e+00 0.000000e+00 -1.000000e+00
    outer loop
      vertex   -5.575035e+00 3.306534e+01 3.880000e+02
      vertex   -8.620595e+00 3.573064e+01 3.880000e+02
      vertex   -8.017345e+00 3.623339e+01 3.880000e+02
    endloop
  endfacet
  facet normal 0.000000e+00 0.000000e+00 -1.000000e+00
    outer loop
      vertex   -5.575035e+00 3.306534e+01 3.880000e+02
      vertex   -8.017345e+00 3.623339e+01 3.880000e+02
      vertex   -7.384842e+00 3.669879e+01 3.880000e+02
    endloop
  endfacet
  facet normal 0.000000e+00 0.000000e+00 -1.000000e+00
    outer loop
      vertex   -5.575035e+00 3.306534e+01 3.880000e+02
      vertex   -7.384842e+00 3.669879e+01 3.880000e+02
      vertex   -5.050684e+00 3.344920e+01 3.880000e+02
    endloop
  endfacet
  facet normal 0.000000e+00 0.000000e+00 -1.000000e+00
    outer loop
      vertex   -5.050684e+00 3.344920e+01 3.880000e+02
      vertex   -7.384842e+00 3.669879e+01 3.880000e+02
      vertex   -6.725392e+00 3.712516e+01 3.880000e+02
    endloop
  endfacet
  facet normal 0.000000e+00 0.000000e+00 -1.000000e+00
    outer loop
      vertex   -5.050684e+00 3.344920e+01 3.880000e+02
      vertex   -6.725392e+00 3.712516e+01 3.880000e+02
      vertex   -4.500000e+00 3.379423e+01 3.880000e+02
    endloop
  endfacet
  facet normal 0.000000e+00 0.000000e+00 -1.000000e+00
    outer loop
      vertex   -4.500000e+00 3.379423e+01 3.880000e+02
      vertex   -6.725392e+00 3.712516e+01 3.880000e+02
      vertex   -6.041401e+00 3.751093e+01 3.880000e+02
    endloop
  endfacet
  facet normal 0.000000e+00 0.000000e+00 -1.000000e+00
    outer loop
      vertex   -4.500000e+00 3.379423e+01 3.880000e+02
      vertex   -6.041401e+00 3.751093e+01 3.880000e+02
      vertex   -3.925855e+00 3.409862e+01 3.880000e+02
    endloop
  endfacet
  facet normal 0.000000e+00 0.000000e+00 -1.000000e+00
    outer loop
      vertex   -3.925855e+00 3.409862e+01 3.880000e+02
      vertex   -6.041401e+00 3.751093e+01 3.880000e+02
      vertex   -5.335367e+00 3.785470e+01 3.880000e+02
    endloop
  endfacet
  facet normal 0.000000e+00 0.000000e+00 -1.000000e+00
    outer loop
      vertex   -3.925855e+00 3.409862e+01 3.880000e+02
      vertex   -5.335367e+00 3.785470e+01 3.880000e+02
      vertex   -3.331243e+00 3.436079e+01 3.880000e+02
    endloop
  endfacet
  facet normal 0.000000e+00 0.000000e+00 -1.000000e+00
    outer loop
      vertex   -3.331243e+00 3.436079e+01 3.880000e+02
      vertex   -5.335367e+00 3.785470e+01 3.880000e+02
      vertex   -4.609864e+00 3.815521e+01 3.880000e+02
    endloop
  endfacet
  facet normal 0.000000e+00 0.000000e+00 -1.000000e+00
    outer loop
      vertex   -3.331243e+00 3.436079e+01 3.880000e+02
      vertex   -4.609864e+00 3.815521e+01 3.880000e+02
      vertex   -2.719264e+00 3.457937e+01 3.880000e+02
    endloop
  endfacet
  facet normal 0.000000e+00 0.000000e+00 -1.000000e+00
    outer loop
      vertex   -2.719264e+00 3.457937e+01 3.880000e+02
      vertex   -4.609864e+00 3.815521e+01 3.880000e+02
      vertex   -3.867540e+00 3.841137e+01 3.880000e+02
    endloop
  endfacet
  facet normal 0.000000e+00 0.000000e+00 -1.000000e+00
    outer loop
      vertex   -2.719264e+00 3.457937e+01 3.880000e+02
      vertex   -3.867540e+00 3.841137e+01 3.880000e+02
      vertex   -3.111104e+00 3.862224e+01 3.880000e+02
    endloop
  endfacet
  facet normal 0.000000e+00 0.000000e+00 -1.000000e+00
    outer loop
      vertex   -2.719264e+00 3.457937e+01 3.880000e+02
      vertex   -3.111104e+00 3.862224e+01 3.880000e+02
      vertex   -2.093107e+00 3.475322e+01 3.880000e+02
    endloop
  endfacet
  facet normal 0.000000e+00 0.000000e+00 -1.000000e+00
    outer loop
      vertex   -2.093107e+00 3.475322e+01 3.880000e+02
      vertex   -3.111104e+00 3.862224e+01 3.880000e+02
      vertex   -2.343316e+00 3.878706e+01 3.880000e+02
    endloop
  endfacet
  facet normal 0.000000e+00 0.000000e+00 -1.000000e+00
    outer loop
      vertex   -2.093107e+00 3.475322e+01 3.880000e+02
      vertex   -2.343316e+00 3.878706e+01 3.880000e+02
      vertex   -1.456038e+00 3.488144e+01 3.880000e+02
    endloop
  endfacet
  facet normal 0.000000e+00 0.000000e+00 -1.000000e+00
    outer loop
      vertex   -1.456038e+00 3.488144e+01 3.880000e+02
      vertex   -2.343316e+00 3.878706e+01 3.880000e+02
      vertex   -1.566977e+00 3.890522e+01 3.880000e+02
    endloop
  endfacet
  facet normal 0.000000e+00 0.000000e+00 -1.000000e+00
    outer loop
      vertex   -1.456038e+00 3.488144e+01 3.880000e+02
      vertex   -1.566977e+00 3.890522e+01 3.880000e+02
      vertex   -8.113777e-01 3.496335e+01 3.880000e+02
    endloop
  endfacet
  facet normal 0.000000e+00 0.000000e+00 -1.000000e+00
    outer loop
      vertex   -8.113777e-01 3.496335e+01 3.880000e+02
      vertex   -1.566977e+00 3.890522e+01 3.880000e+02
      vertex   -7.849205e-01 3.897628e+01 3.880000e+02
    endloop
  endfacet
  facet normal 0.000000e+00 0.000000e+00 -1.000000e+00
    outer loop
      vertex   -8.113777e-01 3.496335e+01 3.880000e+02
      vertex   -7.849205e-01 3.897628e+01 3.880000e+02
      vertex   -1.624873e-01 3.499853e+01 3.880000e+02
    endloop
  endfacet
  facet normal 0.000000e+00 0.000000e+00 -1.000000e+00
    outer loop
      vertex   -1.624873e-01 3.499853e+01 3.880000e+02
      vertex   -7.849205e-01 3.897628e+01 3.880000e+02
      vertex   -4.221017e-13 3.900000e+01 3.880000e+02
    endloop
  endfacet
  facet normal 0.000000e+00 0.000000e+00 -1.000000e+00
    outer loop
      vertex   -1.624873e-01 3.499853e+01 3.880000e+02
      vertex   -4.221017e-13 3.900000e+01 3.880000e+02
      vertex   4.872502e-01 3.498680e+01 3.880000e+02
    endloop
  endfacet
  facet normal 0.000000e+00 0.000000e+00 -1.000000e+00
    outer loop
      vertex   4.872502e-01 3.498680e+01 3.880000e+02
      vertex   -4.221017e-13 3.900000e+01 3.880000e+02
      vertex   7.849205e-01 3.897628e+01 3.880000e+02
    endloop
  endfacet
  facet normal 0.000000e+00 0.000000e+00 -1.000000e+00
    outer loop
      vertex   4.872502e-01 3.498680e+01 3.880000e+02
      vertex   7.849205e-01 3.897628e+01 3.880000e+02
      vertex   1.134447e+00 3.492822e+01 3.880000e+02
    endloop
  endfacet
  facet normal 0.000000e+00 0.000000e+00 -1.000000e+00
    outer loop
      vertex   1.134447e+00 3.492822e+01 3.880000e+02
      vertex   7.849205e-01 3.897628e+01 3.880000e+02
      vertex   1.566977e+00 3.890522e+01 3.880000e+02
    endloop
  endfacet
  facet normal 0.000000e+00 0.000000e+00 -1.000000e+00
    outer loop
      vertex   1.134447e+00 3.492822e+01 3.880000e+02
      vertex   1.566977e+00 3.890522e+01 3.880000e+02
      vertex   2.343316e+00 3.878706e+01 3.880000e+02
    endloop
  endfacet
  facet normal 0.000000e+00 0.000000e+00 -1.000000e+00
    outer loop
      vertex   1.134447e+00 3.492822e+01 3.880000e+02
      vertex   2.343316e+00 3.878706e+01 3.880000e+02
      vertex   1.775730e+00 3.482308e+01 3.880000e+02
    endloop
  endfacet
  facet normal 0.000000e+00 0.000000e+00 -1.000000e+00
    outer loop
      vertex   1.775730e+00 3.482308e+01 3.880000e+02
      vertex   2.343316e+00 3.878706e+01 3.880000e+02
      vertex   3.111104e+00 3.862224e+01 3.880000e+02
    endloop
  endfacet
  facet normal 0.000000e+00 0.000000e+00 -1.000000e+00
    outer loop
      vertex   1.775730e+00 3.482308e+01 3.880000e+02
      vertex   3.111104e+00 3.862224e+01 3.880000e+02
      vertex   2.407755e+00 3.467195e+01 3.880000e+02
    endloop
  endfacet
  facet normal 0.000000e+00 0.000000e+00 -1.000000e+00
    outer loop
      vertex   2.407755e+00 3.467195e+01 3.880000e+02
      vertex   3.111104e+00 3.862224e+01 3.880000e+02
      vertex   3.867540e+00 3.841137e+01 3.880000e+02
    endloop
  endfacet
  facet normal 0.000000e+00 0.000000e+00 -1.000000e+00
    outer loop
      vertex   2.407755e+00 3.467195e+01 3.880000e+02
      vertex   3.867540e+00 3.841137e+01 3.880000e+02
      vertex   3.027227e+00 3.447561e+01 3.880000e+02
    endloop
  endfacet
  facet normal 0.000000e+00 0.000000e+00 -1.000000e+00
    outer loop
      vertex   3.027227e+00 3.447561e+01 3.880000e+02
      vertex   3.867540e+00 3.841137e+01 3.880000e+02
      vertex   4.609864e+00 3.815521e+01 3.880000e+02
    endloop
  endfacet
  facet normal 0.000000e+00 0.000000e+00 -1.000000e+00
    outer loop
      vertex   3.027227e+00 3.447561e+01 3.880000e+02
      vertex   4.609864e+00 3.815521e+01 3.880000e+02
      vertex   3.630916e+00 3.423507e+01 3.880000e+02
    endloop
  endfacet
  facet normal 0.000000e+00 0.000000e+00 -1.000000e+00
    outer loop
      vertex   3.630916e+00 3.423507e+01 3.880000e+02
      vertex   4.609864e+00 3.815521e+01 3.880000e+02
      vertex   5.335367e+00 3.785470e+01 3.880000e+02
    endloop
  endfacet
  facet normal 0.000000e+00 0.000000e+00 -1.000000e+00
    outer loop
      vertex   3.630916e+00 3.423507e+01 3.880000e+02
      vertex   5.335367e+00 3.785470e+01 3.880000e+02
      vertex   4.215676e+00 3.395161e+01 3.880000e+02
    endloop
  endfacet
  facet normal 0.000000e+00 0.000000e+00 -1.000000e+00
    outer loop
      vertex   4.215676e+00 3.395161e+01 3.880000e+02
      vertex   5.335367e+00 3.785470e+01 3.880000e+02
      vertex   6.041401e+00 3.751093e+01 3.880000e+02
    endloop
  endfacet
  facet normal 0.000000e+00 0.000000e+00 -1.000000e+00
    outer loop
      vertex   4.215676e+00 3.395161e+01 3.880000e+02
      vertex   6.041401e+00 3.751093e+01 3.880000e+02
      vertex   6.725392e+00 3.712516e+01 3.880000e+02
    endloop
  endfacet
  facet normal 0.000000e+00 0.000000e+00 -1.000000e+00
    outer loop
      vertex   4.215676e+00 3.395161e+01 3.880000e+02
      vertex   6.725392e+00 3.712516e+01 3.880000e+02
      vertex   4.778457e+00 3.362669e+01 3.880000e+02
    endloop
  endfacet
  facet normal 0.000000e+00 0.000000e+00 -1.000000e+00
    outer loop
      vertex   4.778457e+00 3.362669e+01 3.880000e+02
      vertex   6.725392e+00 3.712516e+01 3.880000e+02
      vertex   7.384842e+00 3.669879e+01 3.880000e+02
    endloop
  endfacet
  facet normal 0.000000e+00 0.000000e+00 -1.000000e+00
    outer loop
      vertex   4.778457e+00 3.362669e+01 3.880000e+02
      vertex   7.384842e+00 3.669879e+01 3.880000e+02
      vertex   5.316325e+00 3.326200e+01 3.880000e+02
    endloop
  endfacet
  facet normal 0.000000e+00 0.000000e+00 -1.000000e+00
    outer loop
      vertex   5.316325e+00 3.326200e+01 3.880000e+02
      vertex   7.384842e+00 3.669879e+01 3.880000e+02
      vertex   8.017345e+00 3.623339e+01 3.880000e+02
    endloop
  endfacet
  facet normal 0.000000e+00 0.000000e+00 -1.000000e+00
    outer loop
      vertex   5.316325e+00 3.326200e+01 3.880000e+02
      vertex   8.017345e+00 3.623339e+01 3.880000e+02
      vertex   5.826477e+00 3.285946e+01 3.880000e+02
    endloop
  endfacet
  facet normal 0.000000e+00 0.000000e+00 -1.000000e+00
    outer loop
      vertex   5.826477e+00 3.285946e+01 3.880000e+02
      vertex   8.017345e+00 3.623339e+01 3.880000e+02
      vertex   8.620595e+00 3.573064e+01 3.880000e+02
    endloop
  endfacet
  facet normal 0.000000e+00 0.000000e+00 -1.000000e+00
    outer loop
      vertex   5.826477e+00 3.285946e+01 3.880000e+02
      vertex   8.620595e+00 3.573064e+01 3.880000e+02
      vertex   6.306251e+00 3.242115e+01 3.880000e+02
    endloop
  endfacet
  facet normal 0.000000e+00 0.000000e+00 -1.000000e+00
    outer loop
      vertex   6.306251e+00 3.242115e+01 3.880000e+02
      vertex   8.620595e+00 3.573064e+01 3.880000e+02
      vertex   9.192388e+00 3.519239e+01 3.880000e+02
    endloop
  endfacet
  facet normal 0.000000e+00 0.000000e+00 -1.000000e+00
    outer loop
      vertex   6.306251e+00 3.242115e+01 3.880000e+02
      vertex   9.192388e+00 3.519239e+01 3.880000e+02
      vertex   6.753148e+00 3.194937e+01 3.880000e+02
    endloop
  endfacet
  facet normal 0.000000e+00 0.000000e+00 -1.000000e+00
    outer loop
      vertex   6.753148e+00 3.194937e+01 3.880000e+02
      vertex   9.192388e+00 3.519239e+01 3.880000e+02
      vertex   9.730640e+00 3.462059e+01 3.880000e+02
    endloop
  endfacet
  facet normal 0.000000e+00 0.000000e+00 -1.000000e+00
    outer loop
      vertex   6.753148e+00 3.194937e+01 3.880000e+02
      vertex   9.730640e+00 3.462059e+01 3.880000e+02
      vertex   1.023339e+01 3.401735e+01 3.880000e+02
    endloop
  endfacet
  facet normal 0.000000e+00 0.000000e+00 -1.000000e+00
    outer loop
      vertex   6.753148e+00 3.194937e+01 3.880000e+02
      vertex   1.023339e+01 3.401735e+01 3.880000e+02
      vertex   7.164838e+00 3.144657e+01 3.880000e+02
    endloop
  endfacet
  facet normal 0.000000e+00 0.000000e+00 -1.000000e+00
    outer loop
      vertex   7.164838e+00 3.144657e+01 3.880000e+02
      vertex   1.023339e+01 3.401735e+01 3.880000e+02
      vertex   1.069879e+01 3.338484e+01 3.880000e+02
    endloop
  endfacet
  facet normal 0.000000e+00 0.000000e+00 -1.000000e+00
    outer loop
      vertex   7.164838e+00 3.144657e+01 3.880000e+02
      vertex   1.069879e+01 3.338484e+01 3.880000e+02
      vertex   7.539173e+00 3.091537e+01 3.880000e+02
    endloop
  endfacet
  facet normal 0.000000e+00 0.000000e+00 -1.000000e+00
    outer loop
      vertex   7.539173e+00 3.091537e+01 3.880000e+02
      vertex   1.069879e+01 3.338484e+01 3.880000e+02
      vertex   1.112516e+01 3.272539e+01 3.880000e+02
    endloop
  endfacet
  facet normal 0.000000e+00 0.000000e+00 -1.000000e+00
    outer loop
      vertex   7.539173e+00 3.091537e+01 3.880000e+02
      vertex   1.112516e+01 3.272539e+01 3.880000e+02
      vertex   7.874202e+00 3.035855e+01 3.880000e+02
    endloop
  endfacet
  facet normal 0.000000e+00 0.000000e+00 -1.000000e+00
    outer loop
      vertex   7.874202e+00 3.035855e+01 3.880000e+02
      vertex   1.112516e+01 3.272539e+01 3.880000e+02
      vertex   1.151093e+01 3.204140e+01 3.880000e+02
    endloop
  endfacet
  facet normal 0.000000e+00 0.000000e+00 -1.000000e+00
    outer loop
      vertex   7.874202e+00 3.035855e+01 3.880000e+02
      vertex   1.151093e+01 3.204140e+01 3.880000e+02
      vertex   8.168179e+00 2.977900e+01 3.880000e+02
    endloop
  endfacet
  facet normal 0.000000e+00 0.000000e+00 -1.000000e+00
    outer loop
      vertex   8.168179e+00 2.977900e+01 3.880000e+02
      vertex   1.151093e+01 3.204140e+01 3.880000e+02
      vertex   1.185470e+01 3.133537e+01 3.880000e+02
    endloop
  endfacet
  facet normal 0.000000e+00 0.000000e+00 -1.000000e+00
    outer loop
      vertex   8.168179e+00 2.977900e+01 3.880000e+02
      vertex   1.185470e+01 3.133537e+01 3.880000e+02
      vertex   8.419571e+00 2.917975e+01 3.880000e+02
    endloop
  endfacet
  facet normal 0.000000e+00 0.000000e+00 -1.000000e+00
    outer loop
      vertex   8.419571e+00 2.917975e+01 3.880000e+02
      vertex   1.185470e+01 3.133537e+01 3.880000e+02
      vertex   1.215521e+01 3.060986e+01 3.880000e+02
    endloop
  endfacet
  facet normal 0.000000e+00 0.000000e+00 -1.000000e+00
    outer loop
      vertex   8.419571e+00 2.917975e+01 3.880000e+02
      vertex   1.215521e+01 3.060986e+01 3.880000e+02
      vertex   1.241137e+01 2.986754e+01 3.880000e+02
    endloop
  endfacet
  facet normal 0.000000e+00 0.000000e+00 -1.000000e+00
    outer loop
      vertex   8.419571e+00 2.917975e+01 3.880000e+02
      vertex   1.241137e+01 2.986754e+01 3.880000e+02
      vertex   8.627067e+00 2.856393e+01 3.880000e+02
    endloop
  endfacet
  facet normal 0.000000e+00 0.000000e+00 -1.000000e+00
    outer loop
      vertex   8.627067e+00 2.856393e+01 3.880000e+02
      vertex   1.241137e+01 2.986754e+01 3.880000e+02
      vertex   1.262224e+01 2.911110e+01 3.880000e+02
    endloop
  endfacet
  facet normal 0.000000e+00 0.000000e+00 -1.000000e+00
    outer loop
      vertex   8.627067e+00 2.856393e+01 3.880000e+02
      vertex   1.262224e+01 2.911110e+01 3.880000e+02
      vertex   8.789585e+00 2.793473e+01 3.880000e+02
    endloop
  endfacet
  facet normal 0.000000e+00 0.000000e+00 -1.000000e+00
    outer loop
      vertex   8.789585e+00 2.793473e+01 3.880000e+02
      vertex   1.262224e+01 2.911110e+01 3.880000e+02
      vertex   1.278706e+01 2.834332e+01 3.880000e+02
    endloop
  endfacet
  facet normal 0.000000e+00 0.000000e+00 -1.000000e+00
    outer loop
      vertex   8.789585e+00 2.793473e+01 3.880000e+02
      vertex   1.278706e+01 2.834332e+01 3.880000e+02
      vertex   8.906279e+00 2.729545e+01 3.880000e+02
    endloop
  endfacet
  facet normal 0.000000e+00 0.000000e+00 -1.000000e+00
    outer loop
      vertex   8.906279e+00 2.729545e+01 3.880000e+02
      vertex   1.278706e+01 2.834332e+01 3.880000e+02
      vertex   1.290522e+01 2.756698e+01 3.880000e+02
    endloop
  endfacet
  facet normal 0.000000e+00 0.000000e+00 -1.000000e+00
    outer loop
      vertex   8.906279e+00 2.729545e+01 3.880000e+02
      vertex   1.290522e+01 2.756698e+01 3.880000e+02
      vertex   8.976539e+00 2.664942e+01 3.880000e+02
    endloop
  endfacet
  facet normal 0.000000e+00 0.000000e+00 -1.000000e+00
    outer loop
      vertex   8.976539e+00 2.664942e+01 3.880000e+02
      vertex   1.290522e+01 2.756698e+01 3.880000e+02
      vertex   1.297628e+01 2.678492e+01 3.880000e+02
    endloop
  endfacet
  facet normal 0.000000e+00 0.000000e+00 -1.000000e+00
    outer loop
      vertex   8.976539e+00 2.664942e+01 3.880000e+02
      vertex   1.297628e+01 2.678492e+01 3.880000e+02
      vertex   9.000000e+00 2.600000e+01 3.880000e+02
    endloop
  endfacet
  facet normal 0.000000e+00 -0.000000e+00 1.000000e+00
    outer loop
      vertex   1.297628e+01 2.521508e+01 3.910000e+02
      vertex   1.300000e+01 2.600000e+01 3.910000e+02
      vertex   9.000000e+00 2.600000e+01 3.910000e+02
    endloop
  endfacet
  facet normal 0.000000e+00 0.000000e+00 1.000000e+00
    outer loop
      vertex   9.000000e+00 2.600000e+01 3.910000e+02
      vertex   1.300000e+01 2.600000e+01 3.910000e+02
      vertex   1.297628e+01 2.678492e+01 3.910000e+02
    endloop
  endfacet
  facet normal 0.000000e+00 -0.000000e+00 1.000000e+00
    outer loop
      vertex   9.000000e+00 2.600000e+01 3.910000e+02
      vertex   1.297628e+01 2.678492e+01 3.910000e+02
      vertex   8.976539e+00 2.664942e+01 3.910000e+02
    endloop
  endfacet
  facet normal 0.000000e+00 0.000000e+00 1.000000e+00
    outer loop
      vertex   8.976539e+00 2.664942e+01 3.910000e+02
      vertex   1.297628e+01 2.678492e+01 3.910000e+02
      vertex   1.290522e+01 2.756698e+01 3.910000e+02
    endloop
  endfacet
  facet normal 0.000000e+00 -0.000000e+00 1.000000e+00
    outer loop
      vertex   8.976539e+00 2.664942e+01 3.910000e+02
      vertex   1.290522e+01 2.756698e+01 3.910000e+02
      vertex   8.906279e+00 2.729545e+01 3.910000e+02
    endloop
  endfacet
  facet normal 0.000000e+00 0.000000e+00 1.000000e+00
    outer loop
      vertex   8.906279e+00 2.729545e+01 3.910000e+02
      vertex   1.290522e+01 2.756698e+01 3.910000e+02
      vertex   1.278706e+01 2.834332e+01 3.910000e+02
    endloop
  endfacet
  facet normal 0.000000e+00 -0.000000e+00 1.000000e+00
    outer loop
      vertex   8.906279e+00 2.729545e+01 3.910000e+02
      vertex   1.278706e+01 2.834332e+01 3.910000e+02
      vertex   8.789585e+00 2.793473e+01 3.910000e+02
    endloop
  endfacet
  facet normal 0.000000e+00 0.000000e+00 1.000000e+00
    outer loop
      vertex   8.789585e+00 2.793473e+01 3.910000e+02
      vertex   1.278706e+01 2.834332e+01 3.910000e+02
      vertex   1.262224e+01 2.911110e+01 3.910000e+02
    endloop
  endfacet
  facet normal 0.000000e+00 -0.000000e+00 1.000000e+00
    outer loop
      vertex   8.789585e+00 2.793473e+01 3.910000e+02
      vertex   1.262224e+01 2.911110e+01 3.910000e+02
      vertex   8.627067e+00 2.856393e+01 3.910000e+02
    endloop
  endfacet
  facet normal 0.000000e+00 0.000000e+00 1.000000e+00
    outer loop
      vertex   8.627067e+00 2.856393e+01 3.910000e+02
      vertex   1.262224e+01 2.911110e+01 3.910000e+02
      vertex   1.241137e+01 2.986754e+01 3.910000e+02
    endloop
  endfacet
  facet normal 0.000000e+00 -0.000000e+00 1.000000e+00
    outer loop
      vertex   8.627067e+00 2.856393e+01 3.910000e+02
      vertex   1.241137e+01 2.986754e+01 3.910000e+02
      vertex   8.419571e+00 2.917975e+01 3.910000e+02
    endloop
  endfacet
  facet normal 0.000000e+00 0.000000e+00 1.000000e+00
    outer loop
      vertex   8.419571e+00 2.917975e+01 3.910000e+02
      vertex   1.241137e+01 2.986754e+01 3.910000e+02
      vertex   1.215521e+01 3.060986e+01 3.910000e+02
    endloop
  endfacet
  facet normal 0.000000e+00 0.000000e+00 1.000000e+00
    outer loop
      vertex   8.419571e+00 2.917975e+01 3.910000e+02
      vertex   1.215521e+01 3.060986e+01 3.910000e+02
      vertex   1.185470e+01 3.133537e+01 3.910000e+02
    endloop
  endfacet
  facet normal 0.000000e+00 0.000000e+00 1.000000e+00
    outer loop
      vertex   1.151093e+01 3.204140e+01 3.910000e+02
      vertex   8.131728e+00 3.130330e+01 3.910000e+02
      vertex   1.185470e+01 3.133537e+01 3.910000e+02
    endloop
  endfacet
  facet normal 0.000000e+00 0.000000e+00 1.000000e+00
    outer loop
      vertex   1.185470e+01 3.133537e+01 3.910000e+02
      vertex   8.131728e+00 3.130330e+01 3.910000e+02
      vertex   8.168179e+00 2.977900e+01 3.910000e+02
    endloop
  endfacet
  facet normal 0.000000e+00 0.000000e+00 1.000000e+00
    outer loop
      vertex   1.185470e+01 3.133537e+01 3.910000e+02
      vertex   8.168179e+00 2.977900e+01 3.910000e+02
      vertex   8.419571e+00 2.917975e+01 3.910000e+02
    endloop
  endfacet
  facet normal 0.000000e+00 0.000000e+00 1.000000e+00
    outer loop
      vertex   8.131728e+00 3.130330e+01 3.910000e+02
      vertex   1.151093e+01 3.204140e+01 3.910000e+02
      vertex   9.529708e+00 3.270128e+01 3.910000e+02
    endloop
  endfacet
  facet normal -0.000000e+00 0.000000e+00 1.000000e+00
    outer loop
      vertex   9.529708e+00 3.270128e+01 3.910000e+02
      vertex   1.151093e+01 3.204140e+01 3.910000e+02
      vertex   1.112516e+01 3.272539e+01 3.910000e+02
    endloop
  endfacet
  facet normal 0.000000e+00 0.000000e+00 1.000000e+00
    outer loop
      vertex   9.529708e+00 3.270128e+01 3.910000e+02
      vertex   1.112516e+01 3.272539e+01 3.910000e+02
      vertex   1.069879e+01 3.338484e+01 3.910000e+02
    endloop
  endfacet
  facet normal 0.000000e+00 0.000000e+00 1.000000e+00
    outer loop
      vertex   1.069879e+01 3.338484e+01 3.910000e+02
      vertex   1.023339e+01 3.401735e+01 3.910000e+02
      vertex   9.529708e+00 3.270128e+01 3.910000e+02
    endloop
  endfacet
  facet normal 0.000000e+00 -0.000000e+00 1.000000e+00
    outer loop
      vertex   9.529708e+00 3.270128e+01 3.910000e+02
      vertex   1.023339e+01 3.401735e+01 3.910000e+02
      vertex   9.128779e+00 3.323795e+01 3.910000e+02
    endloop
  endfacet
  facet normal 0.000000e+00 0.000000e+00 1.000000e+00
    outer loop
      vertex   9.128779e+00 3.323795e+01 3.910000e+02
      vertex   1.023339e+01 3.401735e+01 3.910000e+02
      vertex   9.730640e+00 3.462059e+01 3.910000e+02
    endloop
  endfacet
  facet normal 0.000000e+00 -0.000000e+00 1.000000e+00
    outer loop
      vertex   9.128779e+00 3.323795e+01 3.910000e+02
      vertex   9.730640e+00 3.462059e+01 3.910000e+02
      vertex   8.697665e+00 3.375069e+01 3.910000e+02
    endloop
  endfacet
  facet normal 0.000000e+00 0.000000e+00 1.000000e+00
    outer loop
      vertex   8.697665e+00 3.375069e+01 3.910000e+02
      vertex   9.730640e+00 3.462059e+01 3.910000e+02
      vertex   9.192388e+00 3.519239e+01 3.910000e+02
    endloop
  endfacet
  facet normal 0.000000e+00 -0.000000e+00 1.000000e+00
    outer loop
      vertex   8.697665e+00 3.375069e+01 3.910000e+02
      vertex   9.192388e+00 3.519239e+01 3.910000e+02
      vertex   8.237794e+00 3.423779e+01 3.910000e+02
    endloop
  endfacet
  facet normal 0.000000e+00 -0.000000e+00 1.000000e+00
    outer loop
      vertex   8.237794e+00 3.423779e+01 3.910000e+02
      vertex   9.192388e+00 3.519239e+01 3.910000e+02
      vertex   7.750685e+00 3.469767e+01 3.910000e+02
    endloop
  endfacet
  facet normal 0.000000e+00 0.000000e+00 1.000000e+00
    outer loop
      vertex   7.750685e+00 3.469767e+01 3.910000e+02
      vertex   9.192388e+00 3.519239e+01 3.910000e+02
      vertex   8.620595e+00 3.573064e+01 3.910000e+02
    endloop
  endfacet
  facet normal 0.000000e+00 -0.000000e+00 1.000000e+00
    outer loop
      vertex   7.750685e+00 3.469767e+01 3.910000e+02
      vertex   8.620595e+00 3.573064e+01 3.910000e+02
      vertex   7.237949e+00 3.512878e+01 3.910000e+02
    endloop
  endfacet
  facet normal 0.000000e+00 0.000000e+00 1.000000e+00
    outer loop
      vertex   7.237949e+00 3.512878e+01 3.910000e+02
      vertex   8.620595e+00 3.573064e+01 3.910000e+02
      vertex   8.017345e+00 3.623339e+01 3.910000e+02
    endloop
  endfacet
  facet normal 0.000000e+00 -0.000000e+00 1.000000e+00
    outer loop
      vertex   7.237949e+00 3.512878e+01 3.910000e+02
      vertex   8.017345e+00 3.623339e+01 3.910000e+02
      vertex   6.701281e+00 3.552971e+01 3.910000e+02
    endloop
  endfacet
  facet normal 0.000000e+00 0.000000e+00 1.000000e+00
    outer loop
      vertex   6.701281e+00 3.552971e+01 3.910000e+02
      vertex   8.017345e+00 3.623339e+01 3.910000e+02
      vertex   7.384842e+00 3.669879e+01 3.910000e+02
    endloop
  endfacet
  facet normal 0.000000e+00 0.000000e+00 1.000000e+00
    outer loop
      vertex   6.701281e+00 3.552971e+01 3.910000e+02
      vertex   7.384842e+00 3.669879e+01 3.910000e+02
      vertex   6.725392e+00 3.712516e+01 3.910000e+02
    endloop
  endfacet
  facet normal 0.000000e+00 0.000000e+00 1.000000e+00
    outer loop
      vertex   6.725392e+00 3.712516e+01 3.910000e+02
      vertex   6.041401e+00 3.751093e+01 3.910000e+02
      vertex   6.701281e+00 3.552971e+01 3.910000e+02
    endloop
  endfacet
  facet normal 0.000000e+00 0.000000e+00 1.000000e+00
    outer loop
      vertex   6.701281e+00 3.552971e+01 3.910000e+02
      vertex   6.041401e+00 3.751093e+01 3.910000e+02
      vertex   5.303301e+00 3.413173e+01 3.910000e+02
    endloop
  endfacet
  facet normal 0.000000e+00 0.000000e+00 1.000000e+00
    outer loop
      vertex   5.303301e+00 3.413173e+01 3.910000e+02
      vertex   6.041401e+00 3.751093e+01 3.910000e+02
      vertex   5.335367e+00 3.785470e+01 3.910000e+02
    endloop
  endfacet
  facet normal 0.000000e+00 -0.000000e+00 1.000000e+00
    outer loop
      vertex   5.303301e+00 3.413173e+01 3.910000e+02
      vertex   5.335367e+00 3.785470e+01 3.910000e+02
      vertex   3.630916e+00 3.423507e+01 3.910000e+02
    endloop
  endfacet
  facet normal 0.000000e+00 0.000000e+00 1.000000e+00
    outer loop
      vertex   3.630916e+00 3.423507e+01 3.910000e+02
      vertex   5.335367e+00 3.785470e+01 3.910000e+02
      vertex   4.609864e+00 3.815521e+01 3.910000e+02
    endloop
  endfacet
  facet normal 0.000000e+00 -0.000000e+00 1.000000e+00
    outer loop
      vertex   3.630916e+00 3.423507e+01 3.910000e+02
      vertex   4.609864e+00 3.815521e+01 3.910000e+02
      vertex   3.027227e+00 3.447561e+01 3.910000e+02
    endloop
  endfacet
  facet normal 0.000000e+00 0.000000e+00 1.000000e+00
    outer loop
      vertex   3.027227e+00 3.447561e+01 3.910000e+02
      vertex   4.609864e+00 3.815521e+01 3.910000e+02
      vertex   3.867540e+00 3.841137e+01 3.910000e+02
    endloop
  endfacet
  facet normal 0.000000e+00 -0.000000e+00 1.000000e+00
    outer loop
      vertex   3.027227e+00 3.447561e+01 3.910000e+02
      vertex   3.867540e+00 3.841137e+01 3.910000e+02
      vertex   2.407755e+00 3.467195e+01 3.910000e+02
    endloop
  endfacet
  facet normal 0.000000e+00 0.000000e+00 1.000000e+00
    outer loop
      vertex   2.407755e+00 3.467195e+01 3.910000e+02
      vertex   3.867540e+00 3.841137e+01 3.910000e+02
      vertex   3.111104e+00 3.862224e+01 3.910000e+02
    endloop
  endfacet
  facet normal 0.000000e+00 -0.000000e+00 1.000000e+00
    outer loop
      vertex   2.407755e+00 3.467195e+01 3.910000e+02
      vertex   3.111104e+00 3.862224e+01 3.910000e+02
      vertex   1.775730e+00 3.482308e+01 3.910000e+02
    endloop
  endfacet
  facet normal 0.000000e+00 0.000000e+00 1.000000e+00
    outer loop
      vertex   1.775730e+00 3.482308e+01 3.910000e+02
      vertex   3.111104e+00 3.862224e+01 3.910000e+02
      vertex   2.343316e+00 3.878706e+01 3.910000e+02
    endloop
  endfacet
  facet normal 0.000000e+00 -0.000000e+00 1.000000e+00
    outer loop
      vertex   1.775730e+00 3.482308e+01 3.910000e+02
      vertex   2.343316e+00 3.878706e+01 3.910000e+02
      vertex   1.134447e+00 3.492822e+01 3.910000e+02
    endloop
  endfacet
  facet normal 0.000000e+00 0.000000e+00 1.000000e+00
    outer loop
      vertex   1.134447e+00 3.492822e+01 3.910000e+02
      vertex   2.343316e+00 3.878706e+01 3.910000e+02
      vertex   1.566977e+00 3.890522e+01 3.910000e+02
    endloop
  endfacet
  facet normal 0.000000e+00 -0.000000e+00 1.000000e+00
    outer loop
      vertex   1.134447e+00 3.492822e+01 3.910000e+02
      vertex   1.566977e+00 3.890522e+01 3.910000e+02
      vertex   7.849205e-01 3.897628e+01 3.910000e+02
    endloop
  endfacet
  facet normal 0.000000e+00 0.000000e+00 1.000000e+00
    outer loop
      vertex   1.134447e+00 3.492822e+01 3.910000e+02
      vertex   7.849205e-01 3.897628e+01 3.910000e+02
      vertex   4.872502e-01 3.498680e+01 3.910000e+02
    endloop
  endfacet
  facet normal 0.000000e+00 -0.000000e+00 1.000000e+00
    outer loop
      vertex   4.872502e-01 3.498680e+01 3.910000e+02
      vertex   7.849205e-01 3.897628e+01 3.910000e+02
      vertex   -4.221017e-13 3.900000e+01 3.910000e+02
    endloop
  endfacet
  facet normal 0.000000e+00 0.000000e+00 1.000000e+00
    outer loop
      vertex   4.872502e-01 3.498680e+01 3.910000e+02
      vertex   -4.221017e-13 3.900000e+01 3.910000e+02
      vertex   -1.624873e-01 3.499853e+01 3.910000e+02
    endloop
  endfacet
  facet normal 0.000000e+00 -0.000000e+00 1.000000e+00
    outer loop
      vertex   -1.624873e-01 3.499853e+01 3.910000e+02
      vertex   -4.221017e-13 3.900000e+01 3.910000e+02
      vertex   -7.849205e-01 3.897628e+01 3.910000e+02
    endloop
  endfacet
  facet normal 0.000000e+00 0.000000e+00 1.000000e+00
    outer loop
      vertex   -1.624873e-01 3.499853e+01 3.910000e+02
      vertex   -7.849205e-01 3.897628e+01 3.910000e+02
      vertex   -8.113777e-01 3.496335e+01 3.910000e+02
    endloop
  endfacet
  facet normal 0.000000e+00 -0.000000e+00 1.000000e+00
    outer loop
      vertex   -8.113777e-01 3.496335e+01 3.910000e+02
      vertex   -7.849205e-01 3.897628e+01 3.910000e+02
      vertex   -1.566977e+00 3.890522e+01 3.910000e+02
    endloop
  endfacet
  facet normal 0.000000e+00 0.000000e+00 1.000000e+00
    outer loop
      vertex   -8.113777e-01 3.496335e+01 3.910000e+02
      vertex   -1.566977e+00 3.890522e+01 3.910000e+02
      vertex   -1.456038e+00 3.488144e+01 3.910000e+02
    endloop
  endfacet
  facet normal 0.000000e+00 0.000000e+00 1.000000e+00
    outer loop
      vertex   -1.456038e+00 3.488144e+01 3.910000e+02
      vertex   -1.566977e+00 3.890522e+01 3.910000e+02
      vertex   -2.343316e+00 3.878706e+01 3.910000e+02
    endloop
  endfacet
  facet normal 0.000000e+00 0.000000e+00 1.000000e+00
    outer loop
      vertex   -1.456038e+00 3.488144e+01 3.910000e+02
      vertex   -2.343316e+00 3.878706e+01 3.910000e+02
      vertex   -2.093107e+00 3.475322e+01 3.910000e+02
    endloop
  endfacet
  facet normal 0.000000e+00 0.000000e+00 1.000000e+00
    outer loop
      vertex   -2.093107e+00 3.475322e+01 3.910000e+02
      vertex   -2.343316e+00 3.878706e+01 3.910000e+02
      vertex   -3.111104e+00 3.862224e+01 3.910000e+02
    endloop
  endfacet
  facet normal 0.000000e+00 0.000000e+00 1.000000e+00
    outer loop
      vertex   -2.093107e+00 3.475322e+01 3.910000e+02
      vertex   -3.111104e+00 3.862224e+01 3.910000e+02
      vertex   -2.719264e+00 3.457937e+01 3.910000e+02
    endloop
  endfacet
  facet normal 0.000000e+00 0.000000e+00 1.000000e+00
    outer loop
      vertex   -2.719264e+00 3.457937e+01 3.910000e+02
      vertex   -3.111104e+00 3.862224e+01 3.910000e+02
      vertex   -3.867540e+00 3.841137e+01 3.910000e+02
    endloop
  endfacet
  facet normal 0.000000e+00 0.000000e+00 1.000000e+00
    outer loop
      vertex   -2.719264e+00 3.457937e+01 3.910000e+02
      vertex   -3.867540e+00 3.841137e+01 3.910000e+02
      vertex   -4.609864e+00 3.815521e+01 3.910000e+02
    endloop
  endfacet
  facet normal 0.000000e+00 0.000000e+00 1.000000e+00
    outer loop
      vertex   -2.719264e+00 3.457937e+01 3.910000e+02
      vertex   -4.609864e+00 3.815521e+01 3.910000e+02
      vertex   -3.331243e+00 3.436079e+01 3.910000e+02
    endloop
  endfacet
  facet normal 0.000000e+00 0.000000e+00 1.000000e+00
    outer loop
      vertex   -3.331243e+00 3.436079e+01 3.910000e+02
      vertex   -4.609864e+00 3.815521e+01 3.910000e+02
      vertex   -5.335367e+00 3.785470e+01 3.910000e+02
    endloop
  endfacet
  facet normal 0.000000e+00 0.000000e+00 1.000000e+00
    outer loop
      vertex   -3.331243e+00 3.436079e+01 3.910000e+02
      vertex   -5.335367e+00 3.785470e+01 3.910000e+02
      vertex   -3.925855e+00 3.409862e+01 3.910000e+02
    endloop
  endfacet
  facet normal 0.000000e+00 0.000000e+00 1.000000e+00
    outer loop
      vertex   -3.925855e+00 3.409862e+01 3.910000e+02
      vertex   -5.335367e+00 3.785470e+01 3.910000e+02
      vertex   -6.041401e+00 3.751093e+01 3.910000e+02
    endloop
  endfacet
  facet normal 0.000000e+00 0.000000e+00 1.000000e+00
    outer loop
      vertex   -3.925855e+00 3.409862e+01 3.910000e+02
      vertex   -6.041401e+00 3.751093e+01 3.910000e+02
      vertex   -4.500000e+00 3.379423e+01 3.910000e+02
    endloop
  endfacet
  facet normal 0.000000e+00 0.000000e+00 1.000000e+00
    outer loop
      vertex   -4.500000e+00 3.379423e+01 3.910000e+02
      vertex   -6.041401e+00 3.751093e+01 3.910000e+02
      vertex   -6.725392e+00 3.712516e+01 3.910000e+02
    endloop
  endfacet
  facet normal 0.000000e+00 0.000000e+00 1.000000e+00
    outer loop
      vertex   -4.500000e+00 3.379423e+01 3.910000e+02
      vertex   -6.725392e+00 3.712516e+01 3.910000e+02
      vertex   -5.050684e+00 3.344920e+01 3.910000e+02
    endloop
  endfacet
  facet normal 0.000000e+00 0.000000e+00 1.000000e+00
    outer loop
      vertex   -5.050684e+00 3.344920e+01 3.910000e+02
      vertex   -6.725392e+00 3.712516e+01 3.910000e+02
      vertex   -7.384842e+00 3.669879e+01 3.910000e+02
    endloop
  endfacet
  facet normal 0.000000e+00 0.000000e+00 1.000000e+00
    outer loop
      vertex   -5.050684e+00 3.344920e+01 3.910000e+02
      vertex   -7.384842e+00 3.669879e+01 3.910000e+02
      vertex   -5.575035e+00 3.306534e+01 3.910000e+02
    endloop
  endfacet
  facet normal 0.000000e+00 0.000000e+00 1.000000e+00
    outer loop
      vertex   -5.575035e+00 3.306534e+01 3.910000e+02
      vertex   -7.384842e+00 3.669879e+01 3.910000e+02
      vertex   -8.017345e+00 3.623339e+01 3.910000e+02
    endloop
  endfacet
  facet normal 0.000000e+00 0.000000e+00 1.000000e+00
    outer loop
      vertex   -5.575035e+00 3.306534e+01 3.910000e+02
      vertex   -8.017345e+00 3.623339e+01 3.910000e+02
      vertex   -8.620595e+00 3.573064e+01 3.910000e+02
    endloop
  endfacet
  facet normal 0.000000e+00 0.000000e+00 1.000000e+00
    outer loop
      vertex   -5.575035e+00 3.306534e+01 3.910000e+02
      vertex   -8.620595e+00 3.573064e+01 3.910000e+02
      vertex   -6.070321e+00 3.264464e+01 3.910000e+02
    endloop
  endfacet
  facet normal 0.000000e+00 0.000000e+00 1.000000e+00
    outer loop
      vertex   -6.070321e+00 3.264464e+01 3.910000e+02
      vertex   -8.620595e+00 3.573064e+01 3.910000e+02
      vertex   -9.192388e+00 3.519239e+01 3.910000e+02
    endloop
  endfacet
  facet normal 0.000000e+00 0.000000e+00 1.000000e+00
    outer loop
      vertex   -6.070321e+00 3.264464e+01 3.910000e+02
      vertex   -9.192388e+00 3.519239e+01 3.910000e+02
      vertex   -6.533959e+00 3.218930e+01 3.910000e+02
    endloop
  endfacet
  facet normal 0.000000e+00 0.000000e+00 1.000000e+00
    outer loop
      vertex   -6.533959e+00 3.218930e+01 3.910000e+02
      vertex   -9.192388e+00 3.519239e+01 3.910000e+02
      vertex   -9.730640e+00 3.462059e+01 3.910000e+02
    endloop
  endfacet
  facet normal 0.000000e+00 0.000000e+00 1.000000e+00
    outer loop
      vertex   -6.533959e+00 3.218930e+01 3.910000e+02
      vertex   -9.730640e+00 3.462059e+01 3.910000e+02
      vertex   -6.963533e+00 3.170169e+01 3.910000e+02
    endloop
  endfacet
  facet normal 0.000000e+00 0.000000e+00 1.000000e+00
    outer loop
      vertex   -6.963533e+00 3.170169e+01 3.910000e+02
      vertex   -9.730640e+00 3.462059e+01 3.910000e+02
      vertex   -1.023339e+01 3.401735e+01 3.910000e+02
    endloop
  endfacet
  facet normal 0.000000e+00 0.000000e+00 1.000000e+00
    outer loop
      vertex   -6.963533e+00 3.170169e+01 3.910000e+02
      vertex   -1.023339e+01 3.401735e+01 3.910000e+02
      vertex   -7.356801e+00 3.118435e+01 3.910000e+02
    endloop
  endfacet
  facet normal 0.000000e+00 0.000000e+00 1.000000e+00
    outer loop
      vertex   -7.356801e+00 3.118435e+01 3.910000e+02
      vertex   -1.023339e+01 3.401735e+01 3.910000e+02
      vertex   -1.069879e+01 3.338484e+01 3.910000e+02
    endloop
  endfacet
  facet normal 0.000000e+00 0.000000e+00 1.000000e+00
    outer loop
      vertex   -7.356801e+00 3.118435e+01 3.910000e+02
      vertex   -1.069879e+01 3.338484e+01 3.910000e+02
      vertex   -7.711715e+00 3.063999e+01 3.910000e+02
    endloop
  endfacet
  facet normal 0.000000e+00 0.000000e+00 1.000000e+00
    outer loop
      vertex   -7.711715e+00 3.063999e+01 3.910000e+02
      vertex   -1.069879e+01 3.338484e+01 3.910000e+02
      vertex   -1.112516e+01 3.272539e+01 3.910000e+02
    endloop
  endfacet
  facet normal 0.000000e+00 0.000000e+00 1.000000e+00
    outer loop
      vertex   -7.711715e+00 3.063999e+01 3.910000e+02
      vertex   -1.112516e+01 3.272539e+01 3.910000e+02
      vertex   -1.151093e+01 3.204140e+01 3.910000e+02
    endloop
  endfacet
  facet normal 0.000000e+00 0.000000e+00 1.000000e+00
    outer loop
      vertex   -7.711715e+00 3.063999e+01 3.910000e+02
      vertex   -1.151093e+01 3.204140e+01 3.910000e+02
      vertex   -8.026423e+00 3.007143e+01 3.910000e+02
    endloop
  endfacet
  facet normal 0.000000e+00 0.000000e+00 1.000000e+00
    outer loop
      vertex   -8.026423e+00 3.007143e+01 3.910000e+02
      vertex   -1.151093e+01 3.204140e+01 3.910000e+02
      vertex   -1.185470e+01 3.133537e+01 3.910000e+02
    endloop
  endfacet
  facet normal 0.000000e+00 0.000000e+00 1.000000e+00
    outer loop
      vertex   -8.026423e+00 3.007143e+01 3.910000e+02
      vertex   -1.185470e+01 3.133537e+01 3.910000e+02
      vertex   -8.299285e+00 2.948165e+01 3.910000e+02
    endloop
  endfacet
  facet normal 0.000000e+00 0.000000e+00 1.000000e+00
    outer loop
      vertex   -8.299285e+00 2.948165e+01 3.910000e+02
      vertex   -1.185470e+01 3.133537e+01 3.910000e+02
      vertex   -1.215521e+01 3.060986e+01 3.910000e+02
    endloop
  endfacet
  facet normal 0.000000e+00 0.000000e+00 1.000000e+00
    outer loop
      vertex   -8.299285e+00 2.948165e+01 3.910000e+02
      vertex   -1.215521e+01 3.060986e+01 3.910000e+02
      vertex   -8.528879e+00 2.887371e+01 3.910000e+02
    endloop
  endfacet
  facet normal 0.000000e+00 0.000000e+00 1.000000e+00
    outer loop
      vertex   -8.528879e+00 2.887371e+01 3.910000e+02
      vertex   -1.215521e+01 3.060986e+01 3.910000e+02
      vertex   -1.241137e+01 2.986754e+01 3.910000e+02
    endloop
  endfacet
  facet normal 0.000000e+00 0.000000e+00 1.000000e+00
    outer loop
      vertex   -8.528879e+00 2.887371e+01 3.910000e+02
      vertex   -1.241137e+01 2.986754e+01 3.910000e+02
      vertex   -8.714006e+00 2.825080e+01 3.910000e+02
    endloop
  endfacet
  facet normal 0.000000e+00 0.000000e+00 1.000000e+00
    outer loop
      vertex   -8.714006e+00 2.825080e+01 3.910000e+02
      vertex   -1.241137e+01 2.986754e+01 3.910000e+02
      vertex   -1.262224e+01 2.911110e+01 3.910000e+02
    endloop
  endfacet
  facet normal 0.000000e+00 0.000000e+00 1.000000e+00
    outer loop
      vertex   -8.714006e+00 2.825080e+01 3.910000e+02
      vertex   -1.262224e+01 2.911110e+01 3.910000e+02
      vertex   -8.853704e+00 2.761615e+01 3.910000e+02
    endloop
  endfacet
  facet normal 0.000000e+00 0.000000e+00 1.000000e+00
    outer loop
      vertex   -8.853704e+00 2.761615e+01 3.910000e+02
      vertex   -1.262224e+01 2.911110e+01 3.910000e+02
      vertex   -1.278706e+01 2.834332e+01 3.910000e+02
    endloop
  endfacet
  facet normal 0.000000e+00 0.000000e+00 1.000000e+00
    outer loop
      vertex   -8.853704e+00 2.761615e+01 3.910000e+02
      vertex   -1.278706e+01 2.834332e+01 3.910000e+02
      vertex   -1.290522e+01 2.756698e+01 3.910000e+02
    endloop
  endfacet
  facet normal 0.000000e+00 0.000000e+00 1.000000e+00
    outer loop
      vertex   -8.853704e+00 2.761615e+01 3.910000e+02
      vertex   -1.290522e+01 2.756698e+01 3.910000e+02
      vertex   -8.947242e+00 2.697307e+01 3.910000e+02
    endloop
  endfacet
  facet normal 0.000000e+00 0.000000e+00 1.000000e+00
    outer loop
      vertex   -8.947242e+00 2.697307e+01 3.910000e+02
      vertex   -1.290522e+01 2.756698e+01 3.910000e+02
      vertex   -1.297628e+01 2.678492e+01 3.910000e+02
    endloop
  endfacet
  facet normal 0.000000e+00 0.000000e+00 1.000000e+00
    outer loop
      vertex   -8.947242e+00 2.697307e+01 3.910000e+02
      vertex   -1.297628e+01 2.678492e+01 3.910000e+02
      vertex   -8.994133e+00 2.632492e+01 3.910000e+02
    endloop
  endfacet
  facet normal 0.000000e+00 0.000000e+00 1.000000e+00
    outer loop
      vertex   -8.994133e+00 2.632492e+01 3.910000e+02
      vertex   -1.297628e+01 2.678492e+01 3.910000e+02
      vertex   -1.300000e+01 2.600000e+01 3.910000e+02
    endloop
  endfacet
  facet normal 0.000000e+00 0.000000e+00 1.000000e+00
    outer loop
      vertex   -8.994133e+00 2.632492e+01 3.910000e+02
      vertex   -1.300000e+01 2.600000e+01 3.910000e+02
      vertex   -8.994133e+00 2.567508e+01 3.910000e+02
    endloop
  endfacet
  facet normal 0.000000e+00 0.000000e+00 1.000000e+00
    outer loop
      vertex   -8.994133e+00 2.567508e+01 3.910000e+02
      vertex   -1.300000e+01 2.600000e+01 3.910000e+02
      vertex   -1.297628e+01 2.521508e+01 3.910000e+02
    endloop
  endfacet
  facet normal 0.000000e+00 0.000000e+00 1.000000e+00
    outer loop
      vertex   -8.994133e+00 2.567508e+01 3.910000e+02
      vertex   -1.297628e+01 2.521508e+01 3.910000e+02
      vertex   -8.947242e+00 2.502693e+01 3.910000e+02
    endloop
  endfacet
  facet normal 0.000000e+00 0.000000e+00 1.000000e+00
    outer loop
      vertex   -8.947242e+00 2.502693e+01 3.910000e+02
      vertex   -1.297628e+01 2.521508e+01 3.910000e+02
      vertex   -1.290522e+01 2.443302e+01 3.910000e+02
    endloop
  endfacet
  facet normal 0.000000e+00 0.000000e+00 1.000000e+00
    outer loop
      vertex   -8.947242e+00 2.502693e+01 3.910000e+02
      vertex   -1.290522e+01 2.443302e+01 3.910000e+02
      vertex   -8.853704e+00 2.438385e+01 3.910000e+02
    endloop
  endfacet
  facet normal 0.000000e+00 0.000000e+00 1.000000e+00
    outer loop
      vertex   -8.853704e+00 2.438385e+01 3.910000e+02
      vertex   -1.290522e+01 2.443302e+01 3.910000e+02
      vertex   -1.278706e+01 2.365668e+01 3.910000e+02
    endloop
  endfacet
  facet normal 0.000000e+00 0.000000e+00 1.000000e+00
    outer loop
      vertex   -8.853704e+00 2.438385e+01 3.910000e+02
      vertex   -1.278706e+01 2.365668e+01 3.910000e+02
      vertex   -1.262224e+01 2.288890e+01 3.910000e+02
    endloop
  endfacet
  facet normal 0.000000e+00 0.000000e+00 1.000000e+00
    outer loop
      vertex   -8.853704e+00 2.438385e+01 3.910000e+02
      vertex   -1.262224e+01 2.288890e+01 3.910000e+02
      vertex   -8.714006e+00 2.374920e+01 3.910000e+02
    endloop
  endfacet
  facet normal 0.000000e+00 0.000000e+00 1.000000e+00
    outer loop
      vertex   -8.714006e+00 2.374920e+01 3.910000e+02
      vertex   -1.262224e+01 2.288890e+01 3.910000e+02
      vertex   -1.241137e+01 2.213246e+01 3.910000e+02
    endloop
  endfacet
  facet normal 0.000000e+00 0.000000e+00 1.000000e+00
    outer loop
      vertex   -8.714006e+00 2.374920e+01 3.910000e+02
      vertex   -1.241137e+01 2.213246e+01 3.910000e+02
      vertex   -8.528879e+00 2.312629e+01 3.910000e+02
    endloop
  endfacet
  facet normal 0.000000e+00 0.000000e+00 1.000000e+00
    outer loop
      vertex   -8.528879e+00 2.312629e+01 3.910000e+02
      vertex   -1.241137e+01 2.213246e+01 3.910000e+02
      vertex   -1.215521e+01 2.139014e+01 3.910000e+02
    endloop
  endfacet
  facet normal 0.000000e+00 0.000000e+00 1.000000e+00
    outer loop
      vertex   -8.528879e+00 2.312629e+01 3.910000e+02
      vertex   -1.215521e+01 2.139014e+01 3.910000e+02
      vertex   -8.299285e+00 2.251835e+01 3.910000e+02
    endloop
  endfacet
  facet normal 0.000000e+00 0.000000e+00 1.000000e+00
    outer loop
      vertex   -8.299285e+00 2.251835e+01 3.910000e+02
      vertex   -1.215521e+01 2.139014e+01 3.910000e+02
      vertex   -1.185470e+01 2.066463e+01 3.910000e+02
    endloop
  endfacet
  facet normal 0.000000e+00 0.000000e+00 1.000000e+00
    outer loop
      vertex   -8.299285e+00 2.251835e+01 3.910000e+02
      vertex   -1.185470e+01 2.066463e+01 3.910000e+02
      vertex   -8.026423e+00 2.192857e+01 3.910000e+02
    endloop
  endfacet
  facet normal 0.000000e+00 0.000000e+00 1.000000e+00
    outer loop
      vertex   -8.026423e+00 2.192857e+01 3.910000e+02
      vertex   -1.185470e+01 2.066463e+01 3.910000e+02
      vertex   -8.131728e+00 2.069670e+01 3.910000e+02
    endloop
  endfacet
  facet normal 0.000000e+00 0.000000e+00 1.000000e+00
    outer loop
      vertex   -8.026423e+00 2.192857e+01 3.910000e+02
      vertex   -8.131728e+00 2.069670e+01 3.910000e+02
      vertex   -7.711715e+00 2.136002e+01 3.910000e+02
    endloop
  endfacet
  facet normal 0.000000e+00 0.000000e+00 1.000000e+00
    outer loop
      vertex   -7.711715e+00 2.136002e+01 3.910000e+02
      vertex   -8.131728e+00 2.069670e+01 3.910000e+02
      vertex   -7.356801e+00 2.081565e+01 3.910000e+02
    endloop
  endfacet
  facet normal 0.000000e+00 0.000000e+00 1.000000e+00
    outer loop
      vertex   -7.356801e+00 2.081565e+01 3.910000e+02
      vertex   -8.131728e+00 2.069670e+01 3.910000e+02
      vertex   -6.963533e+00 2.029832e+01 3.910000e+02
    endloop
  endfacet
  facet normal 0.000000e+00 0.000000e+00 1.000000e+00
    outer loop
      vertex   -6.963533e+00 2.029832e+01 3.910000e+02
      vertex   -8.131728e+00 2.069670e+01 3.910000e+02
      vertex   -6.533959e+00 1.981071e+01 3.910000e+02
    endloop
  endfacet
  facet normal 0.000000e+00 0.000000e+00 1.000000e+00
    outer loop
      vertex   -6.533959e+00 1.981071e+01 3.910000e+02
      vertex   -8.131728e+00 2.069670e+01 3.910000e+02
      vertex   -5.303301e+00 1.786827e+01 3.910000e+02
    endloop
  endfacet
  facet normal 0.000000e+00 0.000000e+00 1.000000e+00
    outer loop
      vertex   -6.533959e+00 1.981071e+01 3.910000e+02
      vertex   -5.303301e+00 1.786827e+01 3.910000e+02
      vertex   -6.070321e+00 1.935536e+01 3.910000e+02
    endloop
  endfacet
  facet normal 0.000000e+00 0.000000e+00 1.000000e+00
    outer loop
      vertex   -6.070321e+00 1.935536e+01 3.910000e+02
      vertex   -5.303301e+00 1.786827e+01 3.910000e+02
      vertex   -5.575035e+00 1.893466e+01 3.910000e+02
    endloop
  endfacet
  facet normal 0.000000e+00 0.000000e+00 1.000000e+00
    outer loop
      vertex   -5.575035e+00 1.893466e+01 3.910000e+02
      vertex   -5.303301e+00 1.786827e+01 3.910000e+02
      vertex   -5.050684e+00 1.855080e+01 3.910000e+02
    endloop
  endfacet
  facet normal 0.000000e+00 0.000000e+00 1.000000e+00
    outer loop
      vertex   -5.050684e+00 1.855080e+01 3.910000e+02
      vertex   -5.303301e+00 1.786827e+01 3.910000e+02
      vertex   -4.500000e+00 1.820577e+01 3.910000e+02
    endloop
  endfacet
  facet normal 0.000000e+00 0.000000e+00 1.000000e+00
    outer loop
      vertex   -4.500000e+00 1.820577e+01 3.910000e+02
      vertex   -5.303301e+00 1.786827e+01 3.910000e+02
      vertex   -3.925855e+00 1.790138e+01 3.910000e+02
    endloop
  endfacet
  facet normal 0.000000e+00 0.000000e+00 1.000000e+00
    outer loop
      vertex   -3.925855e+00 1.790138e+01 3.910000e+02
      vertex   -5.303301e+00 1.786827e+01 3.910000e+02
      vertex   -5.335367e+00 1.414530e+01 3.910000e+02
    endloop
  endfacet
  facet normal 0.000000e+00 0.000000e+00 1.000000e+00
    outer loop
      vertex   -3.925855e+00 1.790138e+01 3.910000e+02
      vertex   -5.335367e+00 1.414530e+01 3.910000e+02
      vertex   -3.331243e+00 1.763921e+01 3.910000e+02
    endloop
  endfacet
  facet normal 0.000000e+00 0.000000e+00 1.000000e+00
    outer loop
      vertex   -3.331243e+00 1.763921e+01 3.910000e+02
      vertex   -5.335367e+00 1.414530e+01 3.910000e+02
      vertex   -4.609864e+00 1.384479e+01 3.910000e+02
    endloop
  endfacet
  facet normal 0.000000e+00 0.000000e+00 1.000000e+00
    outer loop
      vertex   -3.331243e+00 1.763921e+01 3.910000e+02
      vertex   -4.609864e+00 1.384479e+01 3.910000e+02
      vertex   -2.719264e+00 1.742063e+01 3.910000e+02
    endloop
  endfacet
  facet normal 0.000000e+00 0.000000e+00 1.000000e+00
    outer loop
      vertex   -2.719264e+00 1.742063e+01 3.910000e+02
      vertex   -4.609864e+00 1.384479e+01 3.910000e+02
      vertex   -3.867540e+00 1.358863e+01 3.910000e+02
    endloop
  endfacet
  facet normal 0.000000e+00 0.000000e+00 1.000000e+00
    outer loop
      vertex   -2.719264e+00 1.742063e+01 3.910000e+02
      vertex   -3.867540e+00 1.358863e+01 3.910000e+02
      vertex   -3.111104e+00 1.337776e+01 3.910000e+02
    endloop
  endfacet
  facet normal -0.000000e+00 0.000000e+00 1.000000e+00
    outer loop
      vertex   -1.185470e+01 2.066463e+01 3.910000e+02
      vertex   -1.151093e+01 1.995860e+01 3.910000e+02
      vertex   -8.131728e+00 2.069670e+01 3.910000e+02
    endloop
  endfacet
  facet normal 0.000000e+00 0.000000e+00 1.000000e+00
    outer loop
      vertex   -8.131728e+00 2.069670e+01 3.910000e+02
      vertex   -1.151093e+01 1.995860e+01 3.910000e+02
      vertex   -9.529708e+00 1.929872e+01 3.910000e+02
    endloop
  endfacet
  facet normal 0.000000e+00 0.000000e+00 1.000000e+00
    outer loop
      vertex   -9.529708e+00 1.929872e+01 3.910000e+02
      vertex   -1.151093e+01 1.995860e+01 3.910000e+02
      vertex   -1.112516e+01 1.927461e+01 3.910000e+02
    endloop
  endfacet
  facet normal 0.000000e+00 0.000000e+00 1.000000e+00
    outer loop
      vertex   -9.529708e+00 1.929872e+01 3.910000e+02
      vertex   -1.112516e+01 1.927461e+01 3.910000e+02
      vertex   -1.069879e+01 1.861516e+01 3.910000e+02
    endloop
  endfacet
  facet normal -0.000000e+00 0.000000e+00 1.000000e+00
    outer loop
      vertex   -1.069879e+01 1.861516e+01 3.910000e+02
      vertex   -1.023339e+01 1.798265e+01 3.910000e+02
      vertex   -9.529708e+00 1.929872e+01 3.910000e+02
    endloop
  endfacet
  facet normal 0.000000e+00 0.000000e+00 1.000000e+00
    outer loop
      vertex   -9.529708e+00 1.929872e+01 3.910000e+02
      vertex   -1.023339e+01 1.798265e+01 3.910000e+02
      vertex   -9.128779e+00 1.876205e+01 3.910000e+02
    endloop
  endfacet
  facet normal 0.000000e+00 0.000000e+00 1.000000e+00
    outer loop
      vertex   -9.128779e+00 1.876205e+01 3.910000e+02
      vertex   -1.023339e+01 1.798265e+01 3.910000e+02
      vertex   -9.730640e+00 1.737941e+01 3.910000e+02
    endloop
  endfacet
  facet normal 0.000000e+00 0.000000e+00 1.000000e+00
    outer loop
      vertex   -9.128779e+00 1.876205e+01 3.910000e+02
      vertex   -9.730640e+00 1.737941e+01 3.910000e+02
      vertex   -8.697665e+00 1.824932e+01 3.910000e+02
    endloop
  endfacet
  facet normal 0.000000e+00 0.000000e+00 1.000000e+00
    outer loop
      vertex   -8.697665e+00 1.824932e+01 3.910000e+02
      vertex   -9.730640e+00 1.737941e+01 3.910000e+02
      vertex   -9.192388e+00 1.680761e+01 3.910000e+02
    endloop
  endfacet
  facet normal 0.000000e+00 0.000000e+00 1.000000e+00
    outer loop
      vertex   -8.697665e+00 1.824932e+01 3.910000e+02
      vertex   -9.192388e+00 1.680761e+01 3.910000e+02
      vertex   -8.237794e+00 1.776221e+01 3.910000e+02
    endloop
  endfacet
  facet normal 0.000000e+00 0.000000e+00 1.000000e+00
    outer loop
      vertex   -8.237794e+00 1.776221e+01 3.910000e+02
      vertex   -9.192388e+00 1.680761e+01 3.910000e+02
      vertex   -7.750685e+00 1.730233e+01 3.910000e+02
    endloop
  endfacet
  facet normal 0.000000e+00 0.000000e+00 1.000000e+00
    outer loop
      vertex   -7.750685e+00 1.730233e+01 3.910000e+02
      vertex   -9.192388e+00 1.680761e+01 3.910000e+02
      vertex   -8.620595e+00 1.626936e+01 3.910000e+02
    endloop
  endfacet
  facet normal 0.000000e+00 0.000000e+00 1.000000e+00
    outer loop
      vertex   -7.750685e+00 1.730233e+01 3.910000e+02
      vertex   -8.620595e+00 1.626936e+01 3.910000e+02
      vertex   -7.237949e+00 1.687122e+01 3.910000e+02
    endloop
  endfacet
  facet normal 0.000000e+00 0.000000e+00 1.000000e+00
    outer loop
      vertex   -7.237949e+00 1.687122e+01 3.910000e+02
      vertex   -8.620595e+00 1.626936e+01 3.910000e+02
      vertex   -8.017345e+00 1.576661e+01 3.910000e+02
    endloop
  endfacet
  facet normal 0.000000e+00 0.000000e+00 1.000000e+00
    outer loop
      vertex   -7.237949e+00 1.687122e+01 3.910000e+02
      vertex   -8.017345e+00 1.576661e+01 3.910000e+02
      vertex   -6.701281e+00 1.647029e+01 3.910000e+02
    endloop
  endfacet
  facet normal 0.000000e+00 0.000000e+00 1.000000e+00
    outer loop
      vertex   -6.701281e+00 1.647029e+01 3.910000e+02
      vertex   -8.017345e+00 1.576661e+01 3.910000e+02
      vertex   -7.384842e+00 1.530121e+01 3.910000e+02
    endloop
  endfacet
  facet normal 0.000000e+00 0.000000e+00 1.000000e+00
    outer loop
      vertex   -6.701281e+00 1.647029e+01 3.910000e+02
      vertex   -7.384842e+00 1.530121e+01 3.910000e+02
      vertex   -6.725392e+00 1.487484e+01 3.910000e+02
    endloop
  endfacet
  facet normal -0.000000e+00 0.000000e+00 1.000000e+00
    outer loop
      vertex   -6.725392e+00 1.487484e+01 3.910000e+02
      vertex   -6.041401e+00 1.448907e+01 3.910000e+02
      vertex   -6.701281e+00 1.647029e+01 3.910000e+02
    endloop
  endfacet
  facet normal -0.000000e+00 0.000000e+00 1.000000e+00
    outer loop
      vertex   -6.701281e+00 1.647029e+01 3.910000e+02
      vertex   -6.041401e+00 1.448907e+01 3.910000e+02
      vertex   -5.303301e+00 1.786827e+01 3.910000e+02
    endloop
  endfacet
  facet normal 0.000000e+00 0.000000e+00 1.000000e+00
    outer loop
      vertex   -5.303301e+00 1.786827e+01 3.910000e+02
      vertex   -6.041401e+00 1.448907e+01 3.910000e+02
      vertex   -5.335367e+00 1.414530e+01 3.910000e+02
    endloop
  endfacet
  facet normal 0.000000e+00 0.000000e+00 1.000000e+00
    outer loop
      vertex   -2.719264e+00 1.742063e+01 3.910000e+02
      vertex   -3.111104e+00 1.337776e+01 3.910000e+02
      vertex   -2.093107e+00 1.724678e+01 3.910000e+02
    endloop
  endfacet
  facet normal 0.000000e+00 0.000000e+00 1.000000e+00
    outer loop
      vertex   -2.093107e+00 1.724678e+01 3.910000e+02
      vertex   -3.111104e+00 1.337776e+01 3.910000e+02
      vertex   -2.343316e+00 1.321294e+01 3.910000e+02
    endloop
  endfacet
  facet normal 0.000000e+00 0.000000e+00 1.000000e+00
    outer loop
      vertex   -2.093107e+00 1.724678e+01 3.910000e+02
      vertex   -2.343316e+00 1.321294e+01 3.910000e+02
      vertex   -1.456038e+00 1.711856e+01 3.910000e+02
    endloop
  endfacet
  facet normal 0.000000e+00 0.000000e+00 1.000000e+00
    outer loop
      vertex   -1.456038e+00 1.711856e+01 3.910000e+02
      vertex   -2.343316e+00 1.321294e+01 3.910000e+02
      vertex   -1.566977e+00 1.309478e+01 3.910000e+02
    endloop
  endfacet
  facet normal 0.000000e+00 0.000000e+00 1.000000e+00
    outer loop
      vertex   -1.456038e+00 1.711856e+01 3.910000e+02
      vertex   -1.566977e+00 1.309478e+01 3.910000e+02
      vertex   -8.113777e-01 1.703665e+01 3.910000e+02
    endloop
  endfacet
  facet normal 0.000000e+00 0.000000e+00 1.000000e+00
    outer loop
      vertex   -8.113777e-01 1.703665e+01 3.910000e+02
      vertex   -1.566977e+00 1.309478e+01 3.910000e+02
      vertex   -7.849205e-01 1.302372e+01 3.910000e+02
    endloop
  endfacet
  facet normal 0.000000e+00 0.000000e+00 1.000000e+00
    outer loop
      vertex   -8.113777e-01 1.703665e+01 3.910000e+02
      vertex   -7.849205e-01 1.302372e+01 3.910000e+02
      vertex   -1.624873e-01 1.700147e+01 3.910000e+02
    endloop
  endfacet
  facet normal 0.000000e+00 0.000000e+00 1.000000e+00
    outer loop
      vertex   -1.624873e-01 1.700147e+01 3.910000e+02
      vertex   -7.849205e-01 1.302372e+01 3.910000e+02
      vertex   -4.221017e-13 1.300000e+01 3.910000e+02
    endloop
  endfacet
  facet normal -0.000000e+00 0.000000e+00 1.000000e+00
    outer loop
      vertex   -1.624873e-01 1.700147e+01 3.910000e+02
      vertex   -4.221017e-13 1.300000e+01 3.910000e+02
      vertex   4.872502e-01 1.701320e+01 3.910000e+02
    endloop
  endfacet
  facet normal 0.000000e+00 0.000000e+00 1.000000e+00
    outer loop
      vertex   4.872502e-01 1.701320e+01 3.910000e+02
      vertex   -4.221017e-13 1.300000e+01 3.910000e+02
      vertex   7.849205e-01 1.302372e+01 3.910000e+02
    endloop
  endfacet
  facet normal -0.000000e+00 0.000000e+00 1.000000e+00
    outer loop
      vertex   4.872502e-01 1.701320e+01 3.910000e+02
      vertex   7.849205e-01 1.302372e+01 3.910000e+02
      vertex   1.134447e+00 1.707178e+01 3.910000e+02
    endloop
  endfacet
  facet normal 0.000000e+00 0.000000e+00 1.000000e+00
    outer loop
      vertex   1.134447e+00 1.707178e+01 3.910000e+02
      vertex   7.849205e-01 1.302372e+01 3.910000e+02
      vertex   1.566977e+00 1.309478e+01 3.910000e+02
    endloop
  endfacet
  facet normal 0.000000e+00 0.000000e+00 1.000000e+00
    outer loop
      vertex   1.134447e+00 1.707178e+01 3.910000e+02
      vertex   1.566977e+00 1.309478e+01 3.910000e+02
      vertex   2.343316e+00 1.321294e+01 3.910000e+02
    endloop
  endfacet
  facet normal -0.000000e+00 0.000000e+00 1.000000e+00
    outer loop
      vertex   1.134447e+00 1.707178e+01 3.910000e+02
      vertex   2.343316e+00 1.321294e+01 3.910000e+02
      vertex   1.775730e+00 1.717692e+01 3.910000e+02
    endloop
  endfacet
  facet normal 0.000000e+00 0.000000e+00 1.000000e+00
    outer loop
      vertex   1.775730e+00 1.717692e+01 3.910000e+02
      vertex   2.343316e+00 1.321294e+01 3.910000e+02
      vertex   3.111104e+00 1.337776e+01 3.910000e+02
    endloop
  endfacet
  facet normal -0.000000e+00 0.000000e+00 1.000000e+00
    outer loop
      vertex   1.775730e+00 1.717692e+01 3.910000e+02
      vertex   3.111104e+00 1.337776e+01 3.910000e+02
      vertex   2.407755e+00 1.732805e+01 3.910000e+02
    endloop
  endfacet
  facet normal 0.000000e+00 0.000000e+00 1.000000e+00
    outer loop
      vertex   2.407755e+00 1.732805e+01 3.910000e+02
      vertex   3.111104e+00 1.337776e+01 3.910000e+02
      vertex   3.867540e+00 1.358863e+01 3.910000e+02
    endloop
  endfacet
  facet normal -0.000000e+00 0.000000e+00 1.000000e+00
    outer loop
      vertex   2.407755e+00 1.732805e+01 3.910000e+02
      vertex   3.867540e+00 1.358863e+01 3.910000e+02
      vertex   3.027227e+00 1.752439e+01 3.910000e+02
    endloop
  endfacet
  facet normal 0.000000e+00 0.000000e+00 1.000000e+00
    outer loop
      vertex   3.027227e+00 1.752439e+01 3.910000e+02
      vertex   3.867540e+00 1.358863e+01 3.910000e+02
      vertex   4.609864e+00 1.384479e+01 3.910000e+02
    endloop
  endfacet
  facet normal -0.000000e+00 0.000000e+00 1.000000e+00
    outer loop
      vertex   3.027227e+00 1.752439e+01 3.910000e+02
      vertex   4.609864e+00 1.384479e+01 3.910000e+02
      vertex   3.630916e+00 1.776493e+01 3.910000e+02
    endloop
  endfacet
  facet normal 0.000000e+00 0.000000e+00 1.000000e+00
    outer loop
      vertex   3.630916e+00 1.776493e+01 3.910000e+02
      vertex   4.609864e+00 1.384479e+01 3.910000e+02
      vertex   5.335367e+00 1.414530e+01 3.910000e+02
    endloop
  endfacet
  facet normal -0.000000e+00 0.000000e+00 1.000000e+00
    outer loop
      vertex   3.630916e+00 1.776493e+01 3.910000e+02
      vertex   5.335367e+00 1.414530e+01 3.910000e+02
      vertex   4.215676e+00 1.804839e+01 3.910000e+02
    endloop
  endfacet
  facet normal 0.000000e+00 0.000000e+00 1.000000e+00
    outer loop
      vertex   4.215676e+00 1.804839e+01 3.910000e+02
      vertex   5.335367e+00 1.414530e+01 3.910000e+02
      vertex   6.041401e+00 1.448907e+01 3.910000e+02
    endloop
  endfacet
  facet normal 0.000000e+00 0.000000e+00 1.000000e+00
    outer loop
      vertex   4.215676e+00 1.804839e+01 3.910000e+02
      vertex   6.041401e+00 1.448907e+01 3.910000e+02
      vertex   6.725392e+00 1.487484e+01 3.910000e+02
    endloop
  endfacet
  facet normal -0.000000e+00 0.000000e+00 1.000000e+00
    outer loop
      vertex   4.215676e+00 1.804839e+01 3.910000e+02
      vertex   6.725392e+00 1.487484e+01 3.910000e+02
      vertex   4.778457e+00 1.837331e+01 3.910000e+02
    endloop
  endfacet
  facet normal 0.000000e+00 0.000000e+00 1.000000e+00
    outer loop
      vertex   4.778457e+00 1.837331e+01 3.910000e+02
      vertex   6.725392e+00 1.487484e+01 3.910000e+02
      vertex   7.384842e+00 1.530121e+01 3.910000e+02
    endloop
  endfacet
  facet normal -0.000000e+00 0.000000e+00 1.000000e+00
    outer loop
      vertex   4.778457e+00 1.837331e+01 3.910000e+02
      vertex   7.384842e+00 1.530121e+01 3.910000e+02
      vertex   5.316325e+00 1.873800e+01 3.910000e+02
    endloop
  endfacet
  facet normal 0.000000e+00 0.000000e+00 1.000000e+00
    outer loop
      vertex   5.316325e+00 1.873800e+01 3.910000e+02
      vertex   7.384842e+00 1.530121e+01 3.910000e+02
      vertex   8.017345e+00 1.576661e+01 3.910000e+02
    endloop
  endfacet
  facet normal -0.000000e+00 0.000000e+00 1.000000e+00
    outer loop
      vertex   5.316325e+00 1.873800e+01 3.910000e+02
      vertex   8.017345e+00 1.576661e+01 3.910000e+02
      vertex   5.826477e+00 1.914054e+01 3.910000e+02
    endloop
  endfacet
  facet normal 0.000000e+00 0.000000e+00 1.000000e+00
    outer loop
      vertex   5.826477e+00 1.914054e+01 3.910000e+02
      vertex   8.017345e+00 1.576661e+01 3.910000e+02
      vertex   8.620595e+00 1.626936e+01 3.910000e+02
    endloop
  endfacet
  facet normal -0.000000e+00 0.000000e+00 1.000000e+00
    outer loop
      vertex   5.826477e+00 1.914054e+01 3.910000e+02
      vertex   8.620595e+00 1.626936e+01 3.910000e+02
      vertex   6.306251e+00 1.957885e+01 3.910000e+02
    endloop
  endfacet
  facet normal 0.000000e+00 0.000000e+00 1.000000e+00
    outer loop
      vertex   6.306251e+00 1.957885e+01 3.910000e+02
      vertex   8.620595e+00 1.626936e+01 3.910000e+02
      vertex   9.192388e+00 1.680761e+01 3.910000e+02
    endloop
  endfacet
  facet normal -0.000000e+00 0.000000e+00 1.000000e+00
    outer loop
      vertex   6.306251e+00 1.957885e+01 3.910000e+02
      vertex   9.192388e+00 1.680761e+01 3.910000e+02
      vertex   6.753148e+00 2.005063e+01 3.910000e+02
    endloop
  endfacet
  facet normal 0.000000e+00 0.000000e+00 1.000000e+00
    outer loop
      vertex   6.753148e+00 2.005063e+01 3.910000e+02
      vertex   9.192388e+00 1.680761e+01 3.910000e+02
      vertex   9.730640e+00 1.737941e+01 3.910000e+02
    endloop
  endfacet
  facet normal 0.000000e+00 0.000000e+00 1.000000e+00
    outer loop
      vertex   6.753148e+00 2.005063e+01 3.910000e+02
      vertex   9.730640e+00 1.737941e+01 3.910000e+02
      vertex   1.023339e+01 1.798265e+01 3.910000e+02
    endloop
  endfacet
  facet normal -0.000000e+00 0.000000e+00 1.000000e+00
    outer loop
      vertex   6.753148e+00 2.005063e+01 3.910000e+02
      vertex   1.023339e+01 1.798265e+01 3.910000e+02
      vertex   7.164838e+00 2.055343e+01 3.910000e+02
    endloop
  endfacet
  facet normal 0.000000e+00 0.000000e+00 1.000000e+00
    outer loop
      vertex   7.164838e+00 2.055343e+01 3.910000e+02
      vertex   1.023339e+01 1.798265e+01 3.910000e+02
      vertex   1.069879e+01 1.861516e+01 3.910000e+02
    endloop
  endfacet
  facet normal -0.000000e+00 0.000000e+00 1.000000e+00
    outer loop
      vertex   7.164838e+00 2.055343e+01 3.910000e+02
      vertex   1.069879e+01 1.861516e+01 3.910000e+02
      vertex   7.539173e+00 2.108463e+01 3.910000e+02
    endloop
  endfacet
  facet normal 0.000000e+00 0.000000e+00 1.000000e+00
    outer loop
      vertex   7.539173e+00 2.108463e+01 3.910000e+02
      vertex   1.069879e+01 1.861516e+01 3.910000e+02
      vertex   1.112516e+01 1.927461e+01 3.910000e+02
    endloop
  endfacet
  facet normal -0.000000e+00 0.000000e+00 1.000000e+00
    outer loop
      vertex   7.539173e+00 2.108463e+01 3.910000e+02
      vertex   1.112516e+01 1.927461e+01 3.910000e+02
      vertex   7.874202e+00 2.164145e+01 3.910000e+02
    endloop
  endfacet
  facet normal 0.000000e+00 0.000000e+00 1.000000e+00
    outer loop
      vertex   7.874202e+00 2.164145e+01 3.910000e+02
      vertex   1.112516e+01 1.927461e+01 3.910000e+02
      vertex   1.151093e+01 1.995860e+01 3.910000e+02
    endloop
  endfacet
  facet normal -0.000000e+00 0.000000e+00 1.000000e+00
    outer loop
      vertex   7.874202e+00 2.164145e+01 3.910000e+02
      vertex   1.151093e+01 1.995860e+01 3.910000e+02
      vertex   8.168179e+00 2.222100e+01 3.910000e+02
    endloop
  endfacet
  facet normal 0.000000e+00 0.000000e+00 1.000000e+00
    outer loop
      vertex   8.168179e+00 2.222100e+01 3.910000e+02
      vertex   1.151093e+01 1.995860e+01 3.910000e+02
      vertex   1.185470e+01 2.066463e+01 3.910000e+02
    endloop
  endfacet
  facet normal -0.000000e+00 0.000000e+00 1.000000e+00
    outer loop
      vertex   8.168179e+00 2.222100e+01 3.910000e+02
      vertex   1.185470e+01 2.066463e+01 3.910000e+02
      vertex   8.419571e+00 2.282025e+01 3.910000e+02
    endloop
  endfacet
  facet normal 0.000000e+00 0.000000e+00 1.000000e+00
    outer loop
      vertex   8.419571e+00 2.282025e+01 3.910000e+02
      vertex   1.185470e+01 2.066463e+01 3.910000e+02
      vertex   1.215521e+01 2.139014e+01 3.910000e+02
    endloop
  endfacet
  facet normal 0.000000e+00 0.000000e+00 1.000000e+00
    outer loop
      vertex   8.419571e+00 2.282025e+01 3.910000e+02
      vertex   1.215521e+01 2.139014e+01 3.910000e+02
      vertex   1.241137e+01 2.213246e+01 3.910000e+02
    endloop
  endfacet
  facet normal -0.000000e+00 0.000000e+00 1.000000e+00
    outer loop
      vertex   8.419571e+00 2.282025e+01 3.910000e+02
      vertex   1.241137e+01 2.213246e+01 3.910000e+02
      vertex   8.627067e+00 2.343607e+01 3.910000e+02
    endloop
  endfacet
  facet normal 0.000000e+00 0.000000e+00 1.000000e+00
    outer loop
      vertex   8.627067e+00 2.343607e+01 3.910000e+02
      vertex   1.241137e+01 2.213246e+01 3.910000e+02
      vertex   1.262224e+01 2.288890e+01 3.910000e+02
    endloop
  endfacet
  facet normal -0.000000e+00 0.000000e+00 1.000000e+00
    outer loop
      vertex   8.627067e+00 2.343607e+01 3.910000e+02
      vertex   1.262224e+01 2.288890e+01 3.910000e+02
      vertex   8.789585e+00 2.406527e+01 3.910000e+02
    endloop
  endfacet
  facet normal 0.000000e+00 0.000000e+00 1.000000e+00
    outer loop
      vertex   8.789585e+00 2.406527e+01 3.910000e+02
      vertex   1.262224e+01 2.288890e+01 3.910000e+02
      vertex   1.278706e+01 2.365668e+01 3.910000e+02
    endloop
  endfacet
  facet normal -0.000000e+00 0.000000e+00 1.000000e+00
    outer loop
      vertex   8.789585e+00 2.406527e+01 3.910000e+02
      vertex   1.278706e+01 2.365668e+01 3.910000e+02
      vertex   8.906279e+00 2.470455e+01 3.910000e+02
    endloop
  endfacet
  facet normal 0.000000e+00 0.000000e+00 1.000000e+00
    outer loop
      vertex   8.906279e+00 2.470455e+01 3.910000e+02
      vertex   1.278706e+01 2.365668e+01 3.910000e+02
      vertex   1.290522e+01 2.443302e+01 3.910000e+02
    endloop
  endfacet
  facet normal -0.000000e+00 0.000000e+00 1.000000e+00
    outer loop
      vertex   8.906279e+00 2.470455e+01 3.910000e+02
      vertex   1.290522e+01 2.443302e+01 3.910000e+02
      vertex   8.976539e+00 2.535058e+01 3.910000e+02
    endloop
  endfacet
  facet normal 0.000000e+00 0.000000e+00 1.000000e+00
    outer loop
      vertex   8.976539e+00 2.535058e+01 3.910000e+02
      vertex   1.290522e+01 2.443302e+01 3.910000e+02
      vertex   1.297628e+01 2.521508e+01 3.910000e+02
    endloop
  endfacet
  facet normal -0.000000e+00 0.000000e+00 1.000000e+00
    outer loop
      vertex   8.976539e+00 2.535058e+01 3.910000e+02
      vertex   1.297628e+01 2.521508e+01 3.910000e+02
      vertex   9.000000e+00 2.600000e+01 3.910000e+02
    endloop
  endfacet
  facet normal 0.000000e+00 0.000000e+00 1.000000e+00
    outer loop
      vertex   3.630916e+00 3.423507e+01 3.910000e+02
      vertex   4.215676e+00 3.395161e+01 3.910000e+02
      vertex   5.303301e+00 3.413173e+01 3.910000e+02
    endloop
  endfacet
  facet normal 0.000000e+00 0.000000e+00 1.000000e+00
    outer loop
      vertex   5.303301e+00 3.413173e+01 3.910000e+02
      vertex   4.215676e+00 3.395161e+01 3.910000e+02
      vertex   4.778457e+00 3.362669e+01 3.910000e+02
    endloop
  endfacet
  facet normal 0.000000e+00 0.000000e+00 1.000000e+00
    outer loop
      vertex   5.303301e+00 3.413173e+01 3.910000e+02
      vertex   4.778457e+00 3.362669e+01 3.910000e+02
      vertex   5.316325e+00 3.326200e+01 3.910000e+02
    endloop
  endfacet
  facet normal -0.000000e+00 -0.000000e+00 1.000000e+00
    outer loop
      vertex   5.316325e+00 3.326200e+01 3.910000e+02
      vertex   5.826477e+00 3.285946e+01 3.910000e+02
      vertex   5.303301e+00 3.413173e+01 3.910000e+02
    endloop
  endfacet
  facet normal 0.000000e+00 0.000000e+00 1.000000e+00
    outer loop
      vertex   5.303301e+00 3.413173e+01 3.910000e+02
      vertex   5.826477e+00 3.285946e+01 3.910000e+02
      vertex   6.306251e+00 3.242115e+01 3.910000e+02
    endloop
  endfacet
  facet normal 0.000000e+00 0.000000e+00 1.000000e+00
    outer loop
      vertex   5.303301e+00 3.413173e+01 3.910000e+02
      vertex   6.306251e+00 3.242115e+01 3.910000e+02
      vertex   8.131728e+00 3.130330e+01 3.910000e+02
    endloop
  endfacet
  facet normal 0.000000e+00 0.000000e+00 1.000000e+00
    outer loop
      vertex   8.131728e+00 3.130330e+01 3.910000e+02
      vertex   6.306251e+00 3.242115e+01 3.910000e+02
      vertex   6.753148e+00 3.194937e+01 3.910000e+02
    endloop
  endfacet
  facet normal 0.000000e+00 0.000000e+00 1.000000e+00
    outer loop
      vertex   8.131728e+00 3.130330e+01 3.910000e+02
      vertex   6.753148e+00 3.194937e+01 3.910000e+02
      vertex   7.164838e+00 3.144657e+01 3.910000e+02
    endloop
  endfacet
  facet normal 0.000000e+00 0.000000e+00 1.000000e+00
    outer loop
      vertex   7.164838e+00 3.144657e+01 3.910000e+02
      vertex   7.539173e+00 3.091537e+01 3.910000e+02
      vertex   8.131728e+00 3.130330e+01 3.910000e+02
    endloop
  endfacet
  facet normal 0.000000e+00 0.000000e+00 1.000000e+00
    outer loop
      vertex   8.131728e+00 3.130330e+01 3.910000e+02
      vertex   7.539173e+00 3.091537e+01 3.910000e+02
      vertex   7.874202e+00 3.035855e+01 3.910000e+02
    endloop
  endfacet
  facet normal 0.000000e+00 0.000000e+00 1.000000e+00
    outer loop
      vertex   8.131728e+00 3.130330e+01 3.910000e+02
      vertex   7.874202e+00 3.035855e+01 3.910000e+02
      vertex   8.168179e+00 2.977900e+01 3.910000e+02
    endloop
  endfacet
endsolid
