solid ASCII
  facet normal -0.000000e+00 0.000000e+00 1.000000e+00
    outer loop
      vertex   -1.537600e+01 2.897634e+01 4.325000e+02
      vertex   -1.514451e+01 2.774402e+01 4.325000e+02
      vertex   -1.500000e+01 2.900000e+01 4.325000e+02
    endloop
  endfacet
  facet normal 0.000000e+00 0.000000e+00 1.000000e+00
    outer loop
      vertex   -1.500000e+01 2.900000e+01 4.325000e+02
      vertex   -1.514451e+01 2.774402e+01 4.325000e+02
      vertex   -1.485549e+01 2.774402e+01 4.325000e+02
    endloop
  endfacet
  facet normal 0.000000e+00 0.000000e+00 1.000000e+00
    outer loop
      vertex   -1.500000e+01 2.900000e+01 4.325000e+02
      vertex   -1.485549e+01 2.774402e+01 4.325000e+02
      vertex   -1.457040e+01 2.769645e+01 4.325000e+02
    endloop
  endfacet
  facet normal 0.000000e+00 0.000000e+00 1.000000e+00
    outer loop
      vertex   -1.514451e+01 2.774402e+01 4.325000e+02
      vertex   -1.537600e+01 2.897634e+01 4.325000e+02
      vertex   -1.542960e+01 2.769645e+01 4.325000e+02
    endloop
  endfacet
  facet normal 0.000000e+00 -0.000000e+00 1.000000e+00
    outer loop
      vertex   -1.542960e+01 2.769645e+01 4.325000e+02
      vertex   -1.537600e+01 2.897634e+01 4.325000e+02
      vertex   -1.574607e+01 2.890575e+01 4.325000e+02
    endloop
  endfacet
  facet normal 0.000000e+00 0.000000e+00 1.000000e+00
    outer loop
      vertex   -1.542960e+01 2.769645e+01 4.325000e+02
      vertex   -1.574607e+01 2.890575e+01 4.325000e+02
      vertex   -1.610437e+01 2.878933e+01 4.325000e+02
    endloop
  endfacet
  facet normal 0.000000e+00 0.000000e+00 1.000000e+00
    outer loop
      vertex   -1.542960e+01 2.769645e+01 4.325000e+02
      vertex   -1.610437e+01 2.878933e+01 4.325000e+02
      vertex   -1.570297e+01 2.760260e+01 4.325000e+02
    endloop
  endfacet
  facet normal 0.000000e+00 0.000000e+00 1.000000e+00
    outer loop
      vertex   -1.570297e+01 2.760260e+01 4.325000e+02
      vertex   -1.610437e+01 2.878933e+01 4.325000e+02
      vertex   -1.644526e+01 2.862892e+01 4.325000e+02
    endloop
  endfacet
  facet normal 0.000000e+00 0.000000e+00 1.000000e+00
    outer loop
      vertex   -1.570297e+01 2.760260e+01 4.325000e+02
      vertex   -1.644526e+01 2.862892e+01 4.325000e+02
      vertex   -1.595716e+01 2.746504e+01 4.325000e+02
    endloop
  endfacet
  facet normal 0.000000e+00 0.000000e+00 1.000000e+00
    outer loop
      vertex   -1.595716e+01 2.746504e+01 4.325000e+02
      vertex   -1.644526e+01 2.862892e+01 4.325000e+02
      vertex   -1.676336e+01 2.842705e+01 4.325000e+02
    endloop
  endfacet
  facet normal 0.000000e+00 0.000000e+00 1.000000e+00
    outer loop
      vertex   -1.595716e+01 2.746504e+01 4.325000e+02
      vertex   -1.676336e+01 2.842705e+01 4.325000e+02
      vertex   -1.618524e+01 2.728752e+01 4.325000e+02
    endloop
  endfacet
  facet normal 0.000000e+00 0.000000e+00 1.000000e+00
    outer loop
      vertex   -1.618524e+01 2.728752e+01 4.325000e+02
      vertex   -1.676336e+01 2.842705e+01 4.325000e+02
      vertex   -1.705364e+01 2.818691e+01 4.325000e+02
    endloop
  endfacet
  facet normal 0.000000e+00 0.000000e+00 1.000000e+00
    outer loop
      vertex   -1.618524e+01 2.728752e+01 4.325000e+02
      vertex   -1.705364e+01 2.818691e+01 4.325000e+02
      vertex   -1.731154e+01 2.791227e+01 4.325000e+02
    endloop
  endfacet
  facet normal 0.000000e+00 0.000000e+00 1.000000e+00
    outer loop
      vertex   -1.618524e+01 2.728752e+01 4.325000e+02
      vertex   -1.731154e+01 2.791227e+01 4.325000e+02
      vertex   -1.638100e+01 2.707487e+01 4.325000e+02
    endloop
  endfacet
  facet normal 0.000000e+00 0.000000e+00 1.000000e+00
    outer loop
      vertex   -1.638100e+01 2.707487e+01 4.325000e+02
      vertex   -1.731154e+01 2.791227e+01 4.325000e+02
      vertex   -1.753298e+01 2.760748e+01 4.325000e+02
    endloop
  endfacet
  facet normal 0.000000e+00 0.000000e+00 1.000000e+00
    outer loop
      vertex   -1.638100e+01 2.707487e+01 4.325000e+02
      vertex   -1.753298e+01 2.760748e+01 4.325000e+02
      vertex   -1.653908e+01 2.683291e+01 4.325000e+02
    endloop
  endfacet
  facet normal 0.000000e+00 0.000000e+00 1.000000e+00
    outer loop
      vertex   -1.653908e+01 2.683291e+01 4.325000e+02
      vertex   -1.753298e+01 2.760748e+01 4.325000e+02
      vertex   -1.771448e+01 2.727734e+01 4.325000e+02
    endloop
  endfacet
  facet normal 0.000000e+00 0.000000e+00 1.000000e+00
    outer loop
      vertex   -1.653908e+01 2.683291e+01 4.325000e+02
      vertex   -1.771448e+01 2.727734e+01 4.325000e+02
      vertex   -1.665518e+01 2.656822e+01 4.325000e+02
    endloop
  endfacet
  facet normal 0.000000e+00 0.000000e+00 1.000000e+00
    outer loop
      vertex   -1.665518e+01 2.656822e+01 4.325000e+02
      vertex   -1.771448e+01 2.727734e+01 4.325000e+02
      vertex   -1.785317e+01 2.692705e+01 4.325000e+02
    endloop
  endfacet
  facet normal 0.000000e+00 0.000000e+00 1.000000e+00
    outer loop
      vertex   -1.665518e+01 2.656822e+01 4.325000e+02
      vertex   -1.785317e+01 2.692705e+01 4.325000e+02
      vertex   -1.794686e+01 2.656214e+01 4.325000e+02
    endloop
  endfacet
  facet normal 0.000000e+00 0.000000e+00 1.000000e+00
    outer loop
      vertex   -1.665518e+01 2.656822e+01 4.325000e+02
      vertex   -1.794686e+01 2.656214e+01 4.325000e+02
      vertex   -1.672613e+01 2.628804e+01 4.325000e+02
    endloop
  endfacet
  facet normal 0.000000e+00 0.000000e+00 1.000000e+00
    outer loop
      vertex   -1.672613e+01 2.628804e+01 4.325000e+02
      vertex   -1.794686e+01 2.656214e+01 4.325000e+02
      vertex   -1.799408e+01 2.618837e+01 4.325000e+02
    endloop
  endfacet
  facet normal 0.000000e+00 0.000000e+00 1.000000e+00
    outer loop
      vertex   -1.672613e+01 2.628804e+01 4.325000e+02
      vertex   -1.799408e+01 2.618837e+01 4.325000e+02
      vertex   -1.675000e+01 2.600000e+01 4.325000e+02
    endloop
  endfacet
  facet normal 0.000000e+00 0.000000e+00 1.000000e+00
    outer loop
      vertex   -1.675000e+01 2.600000e+01 4.325000e+02
      vertex   -1.799408e+01 2.618837e+01 4.325000e+02
      vertex   -1.799408e+01 2.581163e+01 4.325000e+02
    endloop
  endfacet
  facet normal 0.000000e+00 0.000000e+00 1.000000e+00
    outer loop
      vertex   -1.675000e+01 2.600000e+01 4.325000e+02
      vertex   -1.799408e+01 2.581163e+01 4.325000e+02
      vertex   -1.672613e+01 2.571196e+01 4.325000e+02
    endloop
  endfacet
  facet normal 0.000000e+00 0.000000e+00 1.000000e+00
    outer loop
      vertex   -1.672613e+01 2.571196e+01 4.325000e+02
      vertex   -1.799408e+01 2.581163e+01 4.325000e+02
      vertex   -1.794686e+01 2.543786e+01 4.325000e+02
    endloop
  endfacet
  facet normal 0.000000e+00 0.000000e+00 1.000000e+00
    outer loop
      vertex   -1.672613e+01 2.571196e+01 4.325000e+02
      vertex   -1.794686e+01 2.543786e+01 4.325000e+02
      vertex   -1.665518e+01 2.543178e+01 4.325000e+02
    endloop
  endfacet
  facet normal 0.000000e+00 0.000000e+00 1.000000e+00
    outer loop
      vertex   -1.665518e+01 2.543178e+01 4.325000e+02
      vertex   -1.794686e+01 2.543786e+01 4.325000e+02
      vertex   -1.785317e+01 2.507295e+01 4.325000e+02
    endloop
  endfacet
  facet normal 0.000000e+00 0.000000e+00 1.000000e+00
    outer loop
      vertex   -1.665518e+01 2.543178e+01 4.325000e+02
      vertex   -1.785317e+01 2.507295e+01 4.325000e+02
      vertex   -1.771448e+01 2.472266e+01 4.325000e+02
    endloop
  endfacet
  facet normal 0.000000e+00 0.000000e+00 1.000000e+00
    outer loop
      vertex   -1.665518e+01 2.543178e+01 4.325000e+02
      vertex   -1.771448e+01 2.472266e+01 4.325000e+02
      vertex   -1.653908e+01 2.516709e+01 4.325000e+02
    endloop
  endfacet
  facet normal 0.000000e+00 0.000000e+00 1.000000e+00
    outer loop
      vertex   -1.653908e+01 2.516709e+01 4.325000e+02
      vertex   -1.771448e+01 2.472266e+01 4.325000e+02
      vertex   -1.753298e+01 2.439252e+01 4.325000e+02
    endloop
  endfacet
  facet normal 0.000000e+00 0.000000e+00 1.000000e+00
    outer loop
      vertex   -1.653908e+01 2.516709e+01 4.325000e+02
      vertex   -1.753298e+01 2.439252e+01 4.325000e+02
      vertex   -1.638100e+01 2.492513e+01 4.325000e+02
    endloop
  endfacet
  facet normal 0.000000e+00 0.000000e+00 1.000000e+00
    outer loop
      vertex   -1.638100e+01 2.492513e+01 4.325000e+02
      vertex   -1.753298e+01 2.439252e+01 4.325000e+02
      vertex   -1.731154e+01 2.408773e+01 4.325000e+02
    endloop
  endfacet
  facet normal 0.000000e+00 0.000000e+00 1.000000e+00
    outer loop
      vertex   -1.638100e+01 2.492513e+01 4.325000e+02
      vertex   -1.731154e+01 2.408773e+01 4.325000e+02
      vertex   -1.618524e+01 2.471248e+01 4.325000e+02
    endloop
  endfacet
  facet normal 0.000000e+00 0.000000e+00 1.000000e+00
    outer loop
      vertex   -1.618524e+01 2.471248e+01 4.325000e+02
      vertex   -1.731154e+01 2.408773e+01 4.325000e+02
      vertex   -1.705364e+01 2.381309e+01 4.325000e+02
    endloop
  endfacet
  facet normal 0.000000e+00 0.000000e+00 1.000000e+00
    outer loop
      vertex   -1.618524e+01 2.471248e+01 4.325000e+02
      vertex   -1.705364e+01 2.381309e+01 4.325000e+02
      vertex   -1.676336e+01 2.357295e+01 4.325000e+02
    endloop
  endfacet
  facet normal 0.000000e+00 0.000000e+00 1.000000e+00
    outer loop
      vertex   -1.618524e+01 2.471248e+01 4.325000e+02
      vertex   -1.676336e+01 2.357295e+01 4.325000e+02
      vertex   -1.595716e+01 2.453496e+01 4.325000e+02
    endloop
  endfacet
  facet normal 0.000000e+00 0.000000e+00 1.000000e+00
    outer loop
      vertex   -1.595716e+01 2.453496e+01 4.325000e+02
      vertex   -1.676336e+01 2.357295e+01 4.325000e+02
      vertex   -1.644526e+01 2.337108e+01 4.325000e+02
    endloop
  endfacet
  facet normal 0.000000e+00 0.000000e+00 1.000000e+00
    outer loop
      vertex   -1.595716e+01 2.453496e+01 4.325000e+02
      vertex   -1.644526e+01 2.337108e+01 4.325000e+02
      vertex   -1.570297e+01 2.439740e+01 4.325000e+02
    endloop
  endfacet
  facet normal 0.000000e+00 0.000000e+00 1.000000e+00
    outer loop
      vertex   -1.570297e+01 2.439740e+01 4.325000e+02
      vertex   -1.644526e+01 2.337108e+01 4.325000e+02
      vertex   -1.610437e+01 2.321067e+01 4.325000e+02
    endloop
  endfacet
  facet normal 0.000000e+00 0.000000e+00 1.000000e+00
    outer loop
      vertex   -1.570297e+01 2.439740e+01 4.325000e+02
      vertex   -1.610437e+01 2.321067e+01 4.325000e+02
      vertex   -1.542960e+01 2.430355e+01 4.325000e+02
    endloop
  endfacet
  facet normal 0.000000e+00 0.000000e+00 1.000000e+00
    outer loop
      vertex   -1.542960e+01 2.430355e+01 4.325000e+02
      vertex   -1.610437e+01 2.321067e+01 4.325000e+02
      vertex   -1.574607e+01 2.309425e+01 4.325000e+02
    endloop
  endfacet
  facet normal 0.000000e+00 0.000000e+00 1.000000e+00
    outer loop
      vertex   -1.542960e+01 2.430355e+01 4.325000e+02
      vertex   -1.574607e+01 2.309425e+01 4.325000e+02
      vertex   -1.537600e+01 2.302366e+01 4.325000e+02
    endloop
  endfacet
  facet normal 0.000000e+00 0.000000e+00 1.000000e+00
    outer loop
      vertex   -1.542960e+01 2.430355e+01 4.325000e+02
      vertex   -1.537600e+01 2.302366e+01 4.325000e+02
      vertex   -1.514451e+01 2.425598e+01 4.325000e+02
    endloop
  endfacet
  facet normal 0.000000e+00 0.000000e+00 1.000000e+00
    outer loop
      vertex   -1.514451e+01 2.425598e+01 4.325000e+02
      vertex   -1.537600e+01 2.302366e+01 4.325000e+02
      vertex   -1.500000e+01 2.300000e+01 4.325000e+02
    endloop
  endfacet
  facet normal -0.000000e+00 0.000000e+00 1.000000e+00
    outer loop
      vertex   -1.514451e+01 2.425598e+01 4.325000e+02
      vertex   -1.500000e+01 2.300000e+01 4.325000e+02
      vertex   -1.485549e+01 2.425598e+01 4.325000e+02
    endloop
  endfacet
  facet normal -0.000000e+00 0.000000e+00 1.000000e+00
    outer loop
      vertex   -1.485549e+01 2.425598e+01 4.325000e+02
      vertex   -1.500000e+01 2.300000e+01 4.325000e+02
      vertex   -1.457040e+01 2.430355e+01 4.325000e+02
    endloop
  endfacet
  facet normal -0.000000e+00 0.000000e+00 1.000000e+00
    outer loop
      vertex   -1.457040e+01 2.430355e+01 4.325000e+02
      vertex   -1.500000e+01 2.300000e+01 4.325000e+02
      vertex   -1.429703e+01 2.439740e+01 4.325000e+02
    endloop
  endfacet
  facet normal 0.000000e+00 0.000000e+00 1.000000e+00
    outer loop
      vertex   -1.429703e+01 2.439740e+01 4.325000e+02
      vertex   -1.500000e+01 2.300000e+01 4.325000e+02
      vertex   -1.200000e+01 2.300000e+01 4.325000e+02
    endloop
  endfacet
  facet normal -0.000000e+00 0.000000e+00 1.000000e+00
    outer loop
      vertex   -1.429703e+01 2.439740e+01 4.325000e+02
      vertex   -1.200000e+01 2.300000e+01 4.325000e+02
      vertex   -1.404284e+01 2.453496e+01 4.325000e+02
    endloop
  endfacet
  facet normal -0.000000e+00 0.000000e+00 1.000000e+00
    outer loop
      vertex   -1.404284e+01 2.453496e+01 4.325000e+02
      vertex   -1.200000e+01 2.300000e+01 4.325000e+02
      vertex   -1.381476e+01 2.471248e+01 4.325000e+02
    endloop
  endfacet
  facet normal -0.000000e+00 0.000000e+00 1.000000e+00
    outer loop
      vertex   -1.381476e+01 2.471248e+01 4.325000e+02
      vertex   -1.200000e+01 2.300000e+01 4.325000e+02
      vertex   -1.361900e+01 2.492513e+01 4.325000e+02
    endloop
  endfacet
  facet normal -0.000000e+00 0.000000e+00 1.000000e+00
    outer loop
      vertex   -1.361900e+01 2.492513e+01 4.325000e+02
      vertex   -1.200000e+01 2.300000e+01 4.325000e+02
      vertex   -1.346092e+01 2.516709e+01 4.325000e+02
    endloop
  endfacet
  facet normal -0.000000e+00 0.000000e+00 1.000000e+00
    outer loop
      vertex   -1.346092e+01 2.516709e+01 4.325000e+02
      vertex   -1.200000e+01 2.300000e+01 4.325000e+02
      vertex   -1.334482e+01 2.543178e+01 4.325000e+02
    endloop
  endfacet
  facet normal -0.000000e+00 0.000000e+00 1.000000e+00
    outer loop
      vertex   -1.334482e+01 2.543178e+01 4.325000e+02
      vertex   -1.200000e+01 2.300000e+01 4.325000e+02
      vertex   -1.327387e+01 2.571196e+01 4.325000e+02
    endloop
  endfacet
  facet normal -0.000000e+00 0.000000e+00 1.000000e+00
    outer loop
      vertex   -1.327387e+01 2.571196e+01 4.325000e+02
      vertex   -1.200000e+01 2.300000e+01 4.325000e+02
      vertex   -1.325000e+01 2.600000e+01 4.325000e+02
    endloop
  endfacet
  facet normal -0.000000e+00 0.000000e+00 1.000000e+00
    outer loop
      vertex   -1.325000e+01 2.600000e+01 4.325000e+02
      vertex   -1.200000e+01 2.300000e+01 4.325000e+02
      vertex   -1.200000e+01 2.900000e+01 4.325000e+02
    endloop
  endfacet
  facet normal 0.000000e+00 -0.000000e+00 1.000000e+00
    outer loop
      vertex   -1.325000e+01 2.600000e+01 4.325000e+02
      vertex   -1.200000e+01 2.900000e+01 4.325000e+02
      vertex   -1.327387e+01 2.628804e+01 4.325000e+02
    endloop
  endfacet
  facet normal 0.000000e+00 -0.000000e+00 1.000000e+00
    outer loop
      vertex   -1.327387e+01 2.628804e+01 4.325000e+02
      vertex   -1.200000e+01 2.900000e+01 4.325000e+02
      vertex   -1.334482e+01 2.656822e+01 4.325000e+02
    endloop
  endfacet
  facet normal 0.000000e+00 -0.000000e+00 1.000000e+00
    outer loop
      vertex   -1.334482e+01 2.656822e+01 4.325000e+02
      vertex   -1.200000e+01 2.900000e+01 4.325000e+02
      vertex   -1.346092e+01 2.683291e+01 4.325000e+02
    endloop
  endfacet
  facet normal 0.000000e+00 -0.000000e+00 1.000000e+00
    outer loop
      vertex   -1.346092e+01 2.683291e+01 4.325000e+02
      vertex   -1.200000e+01 2.900000e+01 4.325000e+02
      vertex   -1.361900e+01 2.707487e+01 4.325000e+02
    endloop
  endfacet
  facet normal 0.000000e+00 -0.000000e+00 1.000000e+00
    outer loop
      vertex   -1.361900e+01 2.707487e+01 4.325000e+02
      vertex   -1.200000e+01 2.900000e+01 4.325000e+02
      vertex   -1.381476e+01 2.728752e+01 4.325000e+02
    endloop
  endfacet
  facet normal 0.000000e+00 -0.000000e+00 1.000000e+00
    outer loop
      vertex   -1.381476e+01 2.728752e+01 4.325000e+02
      vertex   -1.200000e+01 2.900000e+01 4.325000e+02
      vertex   -1.404284e+01 2.746504e+01 4.325000e+02
    endloop
  endfacet
  facet normal 0.000000e+00 -0.000000e+00 1.000000e+00
    outer loop
      vertex   -1.404284e+01 2.746504e+01 4.325000e+02
      vertex   -1.200000e+01 2.900000e+01 4.325000e+02
      vertex   -1.429703e+01 2.760260e+01 4.325000e+02
    endloop
  endfacet
  facet normal 0.000000e+00 -0.000000e+00 1.000000e+00
    outer loop
      vertex   -1.429703e+01 2.760260e+01 4.325000e+02
      vertex   -1.200000e+01 2.900000e+01 4.325000e+02
      vertex   -1.500000e+01 2.900000e+01 4.325000e+02
    endloop
  endfacet
  facet normal 0.000000e+00 0.000000e+00 1.000000e+00
    outer loop
      vertex   -1.429703e+01 2.760260e+01 4.325000e+02
      vertex   -1.500000e+01 2.900000e+01 4.325000e+02
      vertex   -1.457040e+01 2.769645e+01 4.325000e+02
    endloop
  endfacet
  facet normal -6.279052e-02 -9.980267e-01 -1.784611e-08
    outer loop
      vertex   -1.500000e+01 2.300000e+01 4.300000e+02
      vertex   -1.500000e+01 2.300000e+01 4.325000e+02
      vertex   -1.537600e+01 2.302366e+01 4.300000e+02
    endloop
  endfacet
  facet normal -6.279064e-02 -9.980267e-01 -4.461543e-17
    outer loop
      vertex   -1.537600e+01 2.302366e+01 4.300000e+02
      vertex   -1.500000e+01 2.300000e+01 4.325000e+02
      vertex   -1.537600e+01 2.302366e+01 4.325000e+02
    endloop
  endfacet
  facet normal -1.873813e-01 -9.822873e-01 -1.331424e-16
    outer loop
      vertex   -1.537600e+01 2.302366e+01 4.300000e+02
      vertex   -1.537600e+01 2.302366e+01 4.325000e+02
      vertex   -1.574607e+01 2.309425e+01 4.300000e+02
    endloop
  endfacet
  facet normal -1.873813e-01 -9.822873e-01 1.331424e-16
    outer loop
      vertex   -1.574607e+01 2.309425e+01 4.300000e+02
      vertex   -1.537600e+01 2.302366e+01 4.325000e+02
      vertex   -1.574607e+01 2.309425e+01 4.325000e+02
    endloop
  endfacet
  facet normal -3.090170e-01 -9.510565e-01 2.195698e-16
    outer loop
      vertex   -1.574607e+01 2.309425e+01 4.300000e+02
      vertex   -1.574607e+01 2.309425e+01 4.325000e+02
      vertex   -1.610437e+01 2.321067e+01 4.300000e+02
    endloop
  endfacet
  facet normal -3.090170e-01 -9.510565e-01 0.000000e+00
    outer loop
      vertex   -1.610437e+01 2.321067e+01 4.300000e+02
      vertex   -1.574607e+01 2.309425e+01 4.325000e+02
      vertex   -1.610437e+01 2.321067e+01 4.325000e+02
    endloop
  endfacet
  facet normal -4.257793e-01 -9.048271e-01 0.000000e+00
    outer loop
      vertex   -1.610437e+01 2.321067e+01 4.300000e+02
      vertex   -1.610437e+01 2.321067e+01 4.325000e+02
      vertex   -1.644526e+01 2.337108e+01 4.300000e+02
    endloop
  endfacet
  facet normal -4.257793e-01 -9.048271e-01 0.000000e+00
    outer loop
      vertex   -1.644526e+01 2.337108e+01 4.300000e+02
      vertex   -1.610437e+01 2.321067e+01 4.325000e+02
      vertex   -1.644526e+01 2.337108e+01 4.325000e+02
    endloop
  endfacet
  facet normal -5.358268e-01 -8.443279e-01 0.000000e+00
    outer loop
      vertex   -1.644526e+01 2.337108e+01 4.300000e+02
      vertex   -1.644526e+01 2.337108e+01 4.325000e+02
      vertex   -1.676336e+01 2.357295e+01 4.300000e+02
    endloop
  endfacet
  facet normal -5.358268e-01 -8.443279e-01 -1.199862e-15
    outer loop
      vertex   -1.676336e+01 2.357295e+01 4.300000e+02
      vertex   -1.644526e+01 2.337108e+01 4.325000e+02
      vertex   -1.676336e+01 2.357295e+01 4.325000e+02
    endloop
  endfacet
  facet normal -6.374240e-01 -7.705132e-01 -1.094965e-15
    outer loop
      vertex   -1.676336e+01 2.357295e+01 4.300000e+02
      vertex   -1.676336e+01 2.357295e+01 4.325000e+02
      vertex   -1.705364e+01 2.381309e+01 4.300000e+02
    endloop
  endfacet
  facet normal -6.374240e-01 -7.705132e-01 0.000000e+00
    outer loop
      vertex   -1.705364e+01 2.381309e+01 4.300000e+02
      vertex   -1.676336e+01 2.357295e+01 4.325000e+02
      vertex   -1.705364e+01 2.381309e+01 4.325000e+02
    endloop
  endfacet
  facet normal -7.289686e-01 -6.845471e-01 0.000000e+00
    outer loop
      vertex   -1.705364e+01 2.381309e+01 4.300000e+02
      vertex   -1.705364e+01 2.381309e+01 4.325000e+02
      vertex   -1.731154e+01 2.408773e+01 4.300000e+02
    endloop
  endfacet
  facet normal -7.289686e-01 -6.845471e-01 -1.035927e-15
    outer loop
      vertex   -1.731154e+01 2.408773e+01 4.300000e+02
      vertex   -1.705364e+01 2.381309e+01 4.325000e+02
      vertex   -1.731154e+01 2.408773e+01 4.325000e+02
    endloop
  endfacet
  facet normal -8.090170e-01 -5.877853e-01 -1.149682e-15
    outer loop
      vertex   -1.731154e+01 2.408773e+01 4.300000e+02
      vertex   -1.731154e+01 2.408773e+01 4.325000e+02
      vertex   -1.753298e+01 2.439252e+01 4.300000e+02
    endloop
  endfacet
  facet normal -8.090170e-01 -5.877853e-01 0.000000e+00
    outer loop
      vertex   -1.753298e+01 2.439252e+01 4.300000e+02
      vertex   -1.731154e+01 2.408773e+01 4.325000e+02
      vertex   -1.753298e+01 2.439252e+01 4.325000e+02
    endloop
  endfacet
  facet normal -8.763067e-01 -4.817537e-01 0.000000e+00
    outer loop
      vertex   -1.753298e+01 2.439252e+01 4.300000e+02
      vertex   -1.753298e+01 2.439252e+01 4.325000e+02
      vertex   -1.771448e+01 2.472266e+01 4.300000e+02
    endloop
  endfacet
  facet normal -8.763067e-01 -4.817537e-01 0.000000e+00
    outer loop
      vertex   -1.771448e+01 2.472266e+01 4.300000e+02
      vertex   -1.753298e+01 2.439252e+01 4.325000e+02
      vertex   -1.771448e+01 2.472266e+01 4.325000e+02
    endloop
  endfacet
  facet normal -9.297765e-01 -3.681246e-01 0.000000e+00
    outer loop
      vertex   -1.771448e+01 2.472266e+01 4.300000e+02
      vertex   -1.771448e+01 2.472266e+01 4.325000e+02
      vertex   -1.785317e+01 2.507295e+01 4.300000e+02
    endloop
  endfacet
  facet normal -9.297765e-01 -3.681246e-01 0.000000e+00
    outer loop
      vertex   -1.785317e+01 2.507295e+01 4.300000e+02
      vertex   -1.771448e+01 2.472266e+01 4.325000e+02
      vertex   -1.785317e+01 2.507295e+01 4.325000e+02
    endloop
  endfacet
  facet normal -9.685832e-01 -2.486899e-01 0.000000e+00
    outer loop
      vertex   -1.785317e+01 2.507295e+01 4.300000e+02
      vertex   -1.785317e+01 2.507295e+01 4.325000e+02
      vertex   -1.794686e+01 2.543786e+01 4.300000e+02
    endloop
  endfacet
  facet normal -9.685832e-01 -2.486899e-01 -1.376439e-15
    outer loop
      vertex   -1.794686e+01 2.543786e+01 4.300000e+02
      vertex   -1.785317e+01 2.507295e+01 4.325000e+02
      vertex   -1.794686e+01 2.543786e+01 4.325000e+02
    endloop
  endfacet
  facet normal -9.921147e-01 -1.253332e-01 -1.409880e-15
    outer loop
      vertex   -1.794686e+01 2.543786e+01 4.300000e+02
      vertex   -1.794686e+01 2.543786e+01 4.325000e+02
      vertex   -1.799408e+01 2.581163e+01 4.300000e+02
    endloop
  endfacet
  facet normal -9.921147e-01 -1.253332e-01 0.000000e+00
    outer loop
      vertex   -1.799408e+01 2.581163e+01 4.300000e+02
      vertex   -1.794686e+01 2.543786e+01 4.325000e+02
      vertex   -1.799408e+01 2.581163e+01 4.325000e+02
    endloop
  endfacet
  facet normal -1.000000e+00 0.000000e+00 0.000000e+00
    outer loop
      vertex   -1.799408e+01 2.581163e+01 4.300000e+02
      vertex   -1.799408e+01 2.581163e+01 4.325000e+02
      vertex   -1.799408e+01 2.618837e+01 4.300000e+02
    endloop
  endfacet
  facet normal -1.000000e+00 0.000000e+00 0.000000e+00
    outer loop
      vertex   -1.799408e+01 2.618837e+01 4.300000e+02
      vertex   -1.799408e+01 2.581163e+01 4.325000e+02
      vertex   -1.799408e+01 2.618837e+01 4.325000e+02
    endloop
  endfacet
  facet normal -9.921147e-01 1.253332e-01 0.000000e+00
    outer loop
      vertex   -1.799408e+01 2.618837e+01 4.300000e+02
      vertex   -1.799408e+01 2.618837e+01 4.325000e+02
      vertex   -1.794686e+01 2.656214e+01 4.300000e+02
    endloop
  endfacet
  facet normal -9.921147e-01 1.253332e-01 1.409880e-15
    outer loop
      vertex   -1.794686e+01 2.656214e+01 4.300000e+02
      vertex   -1.799408e+01 2.618837e+01 4.325000e+02
      vertex   -1.794686e+01 2.656214e+01 4.325000e+02
    endloop
  endfacet
  facet normal -9.685832e-01 2.486899e-01 1.376439e-15
    outer loop
      vertex   -1.794686e+01 2.656214e+01 4.300000e+02
      vertex   -1.794686e+01 2.656214e+01 4.325000e+02
      vertex   -1.785317e+01 2.692705e+01 4.300000e+02
    endloop
  endfacet
  facet normal -9.685832e-01 2.486899e-01 0.000000e+00
    outer loop
      vertex   -1.785317e+01 2.692705e+01 4.300000e+02
      vertex   -1.794686e+01 2.656214e+01 4.325000e+02
      vertex   -1.785317e+01 2.692705e+01 4.325000e+02
    endloop
  endfacet
  facet normal -9.297765e-01 3.681246e-01 0.000000e+00
    outer loop
      vertex   -1.785317e+01 2.692705e+01 4.300000e+02
      vertex   -1.785317e+01 2.692705e+01 4.325000e+02
      vertex   -1.771448e+01 2.727734e+01 4.300000e+02
    endloop
  endfacet
  facet normal -9.297765e-01 3.681246e-01 0.000000e+00
    outer loop
      vertex   -1.771448e+01 2.727734e+01 4.300000e+02
      vertex   -1.785317e+01 2.692705e+01 4.325000e+02
      vertex   -1.771448e+01 2.727734e+01 4.325000e+02
    endloop
  endfacet
  facet normal -8.763067e-01 4.817537e-01 0.000000e+00
    outer loop
      vertex   -1.771448e+01 2.727734e+01 4.300000e+02
      vertex   -1.771448e+01 2.727734e+01 4.325000e+02
      vertex   -1.753298e+01 2.760748e+01 4.300000e+02
    endloop
  endfacet
  facet normal -8.763067e-01 4.817537e-01 0.000000e+00
    outer loop
      vertex   -1.753298e+01 2.760748e+01 4.300000e+02
      vertex   -1.771448e+01 2.727734e+01 4.325000e+02
      vertex   -1.753298e+01 2.760748e+01 4.325000e+02
    endloop
  endfacet
  facet normal -8.090170e-01 5.877853e-01 0.000000e+00
    outer loop
      vertex   -1.753298e+01 2.760748e+01 4.300000e+02
      vertex   -1.753298e+01 2.760748e+01 4.325000e+02
      vertex   -1.731154e+01 2.791227e+01 4.300000e+02
    endloop
  endfacet
  facet normal -8.090170e-01 5.877853e-01 1.149682e-15
    outer loop
      vertex   -1.731154e+01 2.791227e+01 4.300000e+02
      vertex   -1.753298e+01 2.760748e+01 4.325000e+02
      vertex   -1.731154e+01 2.791227e+01 4.325000e+02
    endloop
  endfacet
  facet normal -7.289686e-01 6.845471e-01 1.035927e-15
    outer loop
      vertex   -1.731154e+01 2.791227e+01 4.300000e+02
      vertex   -1.731154e+01 2.791227e+01 4.325000e+02
      vertex   -1.705364e+01 2.818691e+01 4.300000e+02
    endloop
  endfacet
  facet normal -7.289686e-01 6.845471e-01 0.000000e+00
    outer loop
      vertex   -1.705364e+01 2.818691e+01 4.300000e+02
      vertex   -1.731154e+01 2.791227e+01 4.325000e+02
      vertex   -1.705364e+01 2.818691e+01 4.325000e+02
    endloop
  endfacet
  facet normal -6.374240e-01 7.705132e-01 0.000000e+00
    outer loop
      vertex   -1.705364e+01 2.818691e+01 4.300000e+02
      vertex   -1.705364e+01 2.818691e+01 4.325000e+02
      vertex   -1.676336e+01 2.842705e+01 4.300000e+02
    endloop
  endfacet
  facet normal -6.374240e-01 7.705132e-01 1.094965e-15
    outer loop
      vertex   -1.676336e+01 2.842705e+01 4.300000e+02
      vertex   -1.705364e+01 2.818691e+01 4.325000e+02
      vertex   -1.676336e+01 2.842705e+01 4.325000e+02
    endloop
  endfacet
  facet normal -5.358268e-01 8.443279e-01 1.199862e-15
    outer loop
      vertex   -1.676336e+01 2.842705e+01 4.300000e+02
      vertex   -1.676336e+01 2.842705e+01 4.325000e+02
      vertex   -1.644526e+01 2.862892e+01 4.300000e+02
    endloop
  endfacet
  facet normal -5.358268e-01 8.443279e-01 0.000000e+00
    outer loop
      vertex   -1.644526e+01 2.862892e+01 4.300000e+02
      vertex   -1.676336e+01 2.842705e+01 4.325000e+02
      vertex   -1.644526e+01 2.862892e+01 4.325000e+02
    endloop
  endfacet
  facet normal -4.257793e-01 9.048271e-01 0.000000e+00
    outer loop
      vertex   -1.644526e+01 2.862892e+01 4.300000e+02
      vertex   -1.644526e+01 2.862892e+01 4.325000e+02
      vertex   -1.610437e+01 2.878933e+01 4.300000e+02
    endloop
  endfacet
  facet normal -4.257793e-01 9.048271e-01 0.000000e+00
    outer loop
      vertex   -1.610437e+01 2.878933e+01 4.300000e+02
      vertex   -1.644526e+01 2.862892e+01 4.325000e+02
      vertex   -1.610437e+01 2.878933e+01 4.325000e+02
    endloop
  endfacet
  facet normal -3.090170e-01 9.510565e-01 0.000000e+00
    outer loop
      vertex   -1.610437e+01 2.878933e+01 4.300000e+02
      vertex   -1.610437e+01 2.878933e+01 4.325000e+02
      vertex   -1.574607e+01 2.890575e+01 4.300000e+02
    endloop
  endfacet
  facet normal -3.090170e-01 9.510565e-01 -2.195698e-16
    outer loop
      vertex   -1.574607e+01 2.890575e+01 4.300000e+02
      vertex   -1.610437e+01 2.878933e+01 4.325000e+02
      vertex   -1.574607e+01 2.890575e+01 4.325000e+02
    endloop
  endfacet
  facet normal -1.873813e-01 9.822873e-01 -1.331424e-16
    outer loop
      vertex   -1.574607e+01 2.890575e+01 4.300000e+02
      vertex   -1.574607e+01 2.890575e+01 4.325000e+02
      vertex   -1.537600e+01 2.897634e+01 4.300000e+02
    endloop
  endfacet
  facet normal -1.873813e-01 9.822873e-01 1.331424e-16
    outer loop
      vertex   -1.537600e+01 2.897634e+01 4.300000e+02
      vertex   -1.574607e+01 2.890575e+01 4.325000e+02
      vertex   -1.537600e+01 2.897634e+01 4.325000e+02
    endloop
  endfacet
  facet normal -6.279064e-02 9.980267e-01 4.461543e-17
    outer loop
      vertex   -1.537600e+01 2.897634e+01 4.300000e+02
      vertex   -1.537600e+01 2.897634e+01 4.325000e+02
      vertex   -1.500000e+01 2.900000e+01 4.300000e+02
    endloop
  endfacet
  facet normal -6.279064e-02 9.980267e-01 0.000000e+00
    outer loop
      vertex   -1.500000e+01 2.900000e+01 4.300000e+02
      vertex   -1.537600e+01 2.897634e+01 4.325000e+02
      vertex   -1.500000e+01 2.900000e+01 4.325000e+02
    endloop
  endfacet
  facet normal -0.000000e+00 1.000000e+00 0.000000e+00
    outer loop
      vertex   -1.500000e+01 2.900000e+01 4.325000e+02
      vertex   -1.200000e+01 2.900000e+01 4.325000e+02
      vertex   -1.500000e+01 2.900000e+01 4.300000e+02
    endloop
  endfacet
  facet normal 1.800557e-07 1.000000e+00 -2.160668e-07
    outer loop
      vertex   -1.500000e+01 2.900000e+01 4.300000e+02
      vertex   -1.200000e+01 2.900000e+01 4.325000e+02
      vertex   -9.000000e+00 2.900000e+01 4.300000e+02
    endloop
  endfacet
  facet normal 2.541963e-07 1.000000e+00 -1.270981e-07
    outer loop
      vertex   -9.000000e+00 2.900000e+01 4.300000e+02
      vertex   -1.200000e+01 2.900000e+01 4.325000e+02
      vertex   -1.100000e+01 2.900000e+01 4.345000e+02
    endloop
  endfacet
  facet normal 6.287779e-08 1.000000e+00 -2.121286e-07
    outer loop
      vertex   -9.000000e+00 2.900000e+01 4.300000e+02
      vertex   -1.100000e+01 2.900000e+01 4.345000e+02
      vertex   -9.000000e+00 2.900000e+01 4.350000e+02
    endloop
  endfacet
  facet normal -1.912427e-08 1.000000e+00 1.158797e-07
    outer loop
      vertex   -9.000000e+00 2.900000e+01 4.350000e+02
      vertex   -1.100000e+01 2.900000e+01 4.345000e+02
      vertex   -1.097861e+01 2.900000e+01 4.348263e+02
    endloop
  endfacet
  facet normal -8.984332e-09 1.000000e+00 3.655978e-10
    outer loop
      vertex   -9.000000e+00 2.900000e+01 4.350000e+02
      vertex   -1.097861e+01 2.900000e+01 4.348263e+02
      vertex   -1.091481e+01 2.900000e+01 4.351470e+02
    endloop
  endfacet
  facet normal 0.000000e+00 1.000000e+00 0.000000e+00
    outer loop
      vertex   -1.200000e+01 2.900000e+01 4.325000e+02
      vertex   -1.200000e+01 2.900000e+01 4.375000e+02
      vertex   -1.100000e+01 2.900000e+01 4.345000e+02
    endloop
  endfacet
  facet normal 1.296401e-06 1.000000e+00 4.321337e-07
    outer loop
      vertex   -1.100000e+01 2.900000e+01 4.345000e+02
      vertex   -1.200000e+01 2.900000e+01 4.375000e+02
      vertex   -1.100000e+01 2.900000e+01 4.370000e+02
    endloop
  endfacet
  facet normal 1.375768e-08 1.000000e+00 -2.133153e-06
    outer loop
      vertex   -1.100000e+01 2.900000e+01 4.370000e+02
      vertex   -1.200000e+01 2.900000e+01 4.375000e+02
      vertex   -1.082843e+01 2.900000e+01 4.375000e+02
    endloop
  endfacet
  facet normal -6.202706e-06 1.000000e+00 -8.139596e-23
    outer loop
      vertex   -1.100000e+01 2.900000e+01 4.370000e+02
      vertex   -1.082843e+01 2.900000e+01 4.375000e+02
      vertex   -1.082843e+01 2.900000e+01 4.370000e+02
    endloop
  endfacet
  facet normal -8.964999e-09 1.000000e+00 6.173399e-10
    outer loop
      vertex   -1.091481e+01 2.900000e+01 4.351470e+02
      vertex   -1.080970e+01 2.900000e+01 4.354567e+02
      vertex   -9.000000e+00 2.900000e+01 4.350000e+02
    endloop
  endfacet
  facet normal -8.902264e-09 1.000000e+00 8.659288e-10
    outer loop
      vertex   -9.000000e+00 2.900000e+01 4.350000e+02
      vertex   -1.080970e+01 2.900000e+01 4.354567e+02
      vertex   -1.066506e+01 2.900000e+01 4.357500e+02
    endloop
  endfacet
  facet normal -8.795851e-09 1.000000e+00 1.102175e-09
    outer loop
      vertex   -9.000000e+00 2.900000e+01 4.350000e+02
      vertex   -1.066506e+01 2.900000e+01 4.357500e+02
      vertex   -1.048338e+01 2.900000e+01 4.360219e+02
    endloop
  endfacet
  facet normal -8.647947e-09 1.000000e+00 1.316871e-09
    outer loop
      vertex   -1.048338e+01 2.900000e+01 4.360219e+02
      vertex   -1.026777e+01 2.900000e+01 4.362678e+02
      vertex   -9.000000e+00 2.900000e+01 4.350000e+02
    endloop
  endfacet
  facet normal -8.463219e-09 1.000000e+00 1.501598e-09
    outer loop
      vertex   -9.000000e+00 2.900000e+01 4.350000e+02
      vertex   -1.026777e+01 2.900000e+01 4.362678e+02
      vertex   -1.002190e+01 2.900000e+01 4.364834e+02
    endloop
  endfacet
  facet normal -8.248506e-09 1.000000e+00 1.649514e-09
    outer loop
      vertex   -9.000000e+00 2.900000e+01 4.350000e+02
      vertex   -1.002190e+01 2.900000e+01 4.364834e+02
      vertex   -9.750000e+00 2.900000e+01 4.366651e+02
    endloop
  endfacet
  facet normal -8.012273e-09 1.000000e+00 1.755922e-09
    outer loop
      vertex   -9.750000e+00 2.900000e+01 4.366651e+02
      vertex   -9.456709e+00 2.900000e+01 4.368097e+02
      vertex   -9.000000e+00 2.900000e+01 4.350000e+02
    endloop
  endfacet
  facet normal -7.763691e-09 1.000000e+00 1.818656e-09
    outer loop
      vertex   -9.000000e+00 2.900000e+01 4.350000e+02
      vertex   -9.456709e+00 2.900000e+01 4.368097e+02
      vertex   -9.147048e+00 2.900000e+01 4.369148e+02
    endloop
  endfacet
  facet normal -7.511930e-09 1.000000e+00 1.837989e-09
    outer loop
      vertex   -9.000000e+00 2.900000e+01 4.350000e+02
      vertex   -9.147048e+00 2.900000e+01 4.369148e+02
      vertex   -8.826316e+00 2.900000e+01 4.369786e+02
    endloop
  endfacet
  facet normal -7.146342e-09 1.000000e+00 -6.347227e-24
    outer loop
      vertex   -8.500000e+00 2.900000e+01 4.370000e+02
      vertex   -8.500000e+00 2.900000e+01 4.350000e+02
      vertex   -8.826316e+00 2.900000e+01 4.369786e+02
    endloop
  endfacet
  facet normal -8.144841e-26 1.000000e+00 1.178585e-09
    outer loop
      vertex   -8.826316e+00 2.900000e+01 4.369786e+02
      vertex   -8.500000e+00 2.900000e+01 4.350000e+02
      vertex   -9.000000e+00 2.900000e+01 4.350000e+02
    endloop
  endfacet
  facet normal 0.000000e+00 0.000000e+00 1.000000e+00
    outer loop
      vertex   1.537600e+01 2.302366e+01 4.325000e+02
      vertex   1.514451e+01 2.425598e+01 4.325000e+02
      vertex   1.500000e+01 2.300000e+01 4.325000e+02
    endloop
  endfacet
  facet normal 0.000000e+00 -0.000000e+00 1.000000e+00
    outer loop
      vertex   1.500000e+01 2.300000e+01 4.325000e+02
      vertex   1.514451e+01 2.425598e+01 4.325000e+02
      vertex   1.485549e+01 2.425598e+01 4.325000e+02
    endloop
  endfacet
  facet normal 0.000000e+00 0.000000e+00 1.000000e+00
    outer loop
      vertex   1.500000e+01 2.300000e+01 4.325000e+02
      vertex   1.485549e+01 2.425598e+01 4.325000e+02
      vertex   1.457040e+01 2.430355e+01 4.325000e+02
    endloop
  endfacet
  facet normal -0.000000e+00 0.000000e+00 1.000000e+00
    outer loop
      vertex   1.514451e+01 2.425598e+01 4.325000e+02
      vertex   1.537600e+01 2.302366e+01 4.325000e+02
      vertex   1.542960e+01 2.430355e+01 4.325000e+02
    endloop
  endfacet
  facet normal 0.000000e+00 0.000000e+00 1.000000e+00
    outer loop
      vertex   1.542960e+01 2.430355e+01 4.325000e+02
      vertex   1.537600e+01 2.302366e+01 4.325000e+02
      vertex   1.574607e+01 2.309425e+01 4.325000e+02
    endloop
  endfacet
  facet normal 0.000000e+00 0.000000e+00 1.000000e+00
    outer loop
      vertex   1.542960e+01 2.430355e+01 4.325000e+02
      vertex   1.574607e+01 2.309425e+01 4.325000e+02
      vertex   1.610437e+01 2.321067e+01 4.325000e+02
    endloop
  endfacet
  facet normal -0.000000e+00 0.000000e+00 1.000000e+00
    outer loop
      vertex   1.542960e+01 2.430355e+01 4.325000e+02
      vertex   1.610437e+01 2.321067e+01 4.325000e+02
      vertex   1.570297e+01 2.439740e+01 4.325000e+02
    endloop
  endfacet
  facet normal 0.000000e+00 0.000000e+00 1.000000e+00
    outer loop
      vertex   1.570297e+01 2.439740e+01 4.325000e+02
      vertex   1.610437e+01 2.321067e+01 4.325000e+02
      vertex   1.644526e+01 2.337108e+01 4.325000e+02
    endloop
  endfacet
  facet normal -0.000000e+00 0.000000e+00 1.000000e+00
    outer loop
      vertex   1.570297e+01 2.439740e+01 4.325000e+02
      vertex   1.644526e+01 2.337108e+01 4.325000e+02
      vertex   1.595716e+01 2.453496e+01 4.325000e+02
    endloop
  endfacet
  facet normal 0.000000e+00 0.000000e+00 1.000000e+00
    outer loop
      vertex   1.595716e+01 2.453496e+01 4.325000e+02
      vertex   1.644526e+01 2.337108e+01 4.325000e+02
      vertex   1.676336e+01 2.357295e+01 4.325000e+02
    endloop
  endfacet
  facet normal -0.000000e+00 0.000000e+00 1.000000e+00
    outer loop
      vertex   1.595716e+01 2.453496e+01 4.325000e+02
      vertex   1.676336e+01 2.357295e+01 4.325000e+02
      vertex   1.618524e+01 2.471248e+01 4.325000e+02
    endloop
  endfacet
  facet normal 0.000000e+00 0.000000e+00 1.000000e+00
    outer loop
      vertex   1.618524e+01 2.471248e+01 4.325000e+02
      vertex   1.676336e+01 2.357295e+01 4.325000e+02
      vertex   1.705364e+01 2.381309e+01 4.325000e+02
    endloop
  endfacet
  facet normal 0.000000e+00 0.000000e+00 1.000000e+00
    outer loop
      vertex   1.618524e+01 2.471248e+01 4.325000e+02
      vertex   1.705364e+01 2.381309e+01 4.325000e+02
      vertex   1.731154e+01 2.408773e+01 4.325000e+02
    endloop
  endfacet
  facet normal -0.000000e+00 0.000000e+00 1.000000e+00
    outer loop
      vertex   1.618524e+01 2.471248e+01 4.325000e+02
      vertex   1.731154e+01 2.408773e+01 4.325000e+02
      vertex   1.638100e+01 2.492513e+01 4.325000e+02
    endloop
  endfacet
  facet normal 0.000000e+00 0.000000e+00 1.000000e+00
    outer loop
      vertex   1.638100e+01 2.492513e+01 4.325000e+02
      vertex   1.731154e+01 2.408773e+01 4.325000e+02
      vertex   1.753298e+01 2.439252e+01 4.325000e+02
    endloop
  endfacet
  facet normal -0.000000e+00 0.000000e+00 1.000000e+00
    outer loop
      vertex   1.638100e+01 2.492513e+01 4.325000e+02
      vertex   1.753298e+01 2.439252e+01 4.325000e+02
      vertex   1.653908e+01 2.516709e+01 4.325000e+02
    endloop
  endfacet
  facet normal 0.000000e+00 0.000000e+00 1.000000e+00
    outer loop
      vertex   1.653908e+01 2.516709e+01 4.325000e+02
      vertex   1.753298e+01 2.439252e+01 4.325000e+02
      vertex   1.771448e+01 2.472266e+01 4.325000e+02
    endloop
  endfacet
  facet normal -0.000000e+00 0.000000e+00 1.000000e+00
    outer loop
      vertex   1.653908e+01 2.516709e+01 4.325000e+02
      vertex   1.771448e+01 2.472266e+01 4.325000e+02
      vertex   1.665518e+01 2.543178e+01 4.325000e+02
    endloop
  endfacet
  facet normal 0.000000e+00 0.000000e+00 1.000000e+00
    outer loop
      vertex   1.665518e+01 2.543178e+01 4.325000e+02
      vertex   1.771448e+01 2.472266e+01 4.325000e+02
      vertex   1.785317e+01 2.507295e+01 4.325000e+02
    endloop
  endfacet
  facet normal -0.000000e+00 0.000000e+00 1.000000e+00
    outer loop
      vertex   1.665518e+01 2.543178e+01 4.325000e+02
      vertex   1.785317e+01 2.507295e+01 4.325000e+02
      vertex   1.794686e+01 2.543786e+01 4.325000e+02
    endloop
  endfacet
  facet normal 0.000000e+00 0.000000e+00 1.000000e+00
    outer loop
      vertex   1.665518e+01 2.543178e+01 4.325000e+02
      vertex   1.794686e+01 2.543786e+01 4.325000e+02
      vertex   1.672613e+01 2.571196e+01 4.325000e+02
    endloop
  endfacet
  facet normal -0.000000e+00 0.000000e+00 1.000000e+00
    outer loop
      vertex   1.672613e+01 2.571196e+01 4.325000e+02
      vertex   1.794686e+01 2.543786e+01 4.325000e+02
      vertex   1.799408e+01 2.581163e+01 4.325000e+02
    endloop
  endfacet
  facet normal 0.000000e+00 0.000000e+00 1.000000e+00
    outer loop
      vertex   1.672613e+01 2.571196e+01 4.325000e+02
      vertex   1.799408e+01 2.581163e+01 4.325000e+02
      vertex   1.675000e+01 2.600000e+01 4.325000e+02
    endloop
  endfacet
  facet normal -0.000000e+00 0.000000e+00 1.000000e+00
    outer loop
      vertex   1.675000e+01 2.600000e+01 4.325000e+02
      vertex   1.799408e+01 2.581163e+01 4.325000e+02
      vertex   1.799408e+01 2.618837e+01 4.325000e+02
    endloop
  endfacet
  facet normal 0.000000e+00 -0.000000e+00 1.000000e+00
    outer loop
      vertex   1.675000e+01 2.600000e+01 4.325000e+02
      vertex   1.799408e+01 2.618837e+01 4.325000e+02
      vertex   1.672613e+01 2.628804e+01 4.325000e+02
    endloop
  endfacet
  facet normal -0.000000e+00 0.000000e+00 1.000000e+00
    outer loop
      vertex   1.672613e+01 2.628804e+01 4.325000e+02
      vertex   1.799408e+01 2.618837e+01 4.325000e+02
      vertex   1.794686e+01 2.656214e+01 4.325000e+02
    endloop
  endfacet
  facet normal 0.000000e+00 -0.000000e+00 1.000000e+00
    outer loop
      vertex   1.672613e+01 2.628804e+01 4.325000e+02
      vertex   1.794686e+01 2.656214e+01 4.325000e+02
      vertex   1.665518e+01 2.656822e+01 4.325000e+02
    endloop
  endfacet
  facet normal -0.000000e+00 0.000000e+00 1.000000e+00
    outer loop
      vertex   1.665518e+01 2.656822e+01 4.325000e+02
      vertex   1.794686e+01 2.656214e+01 4.325000e+02
      vertex   1.785317e+01 2.692705e+01 4.325000e+02
    endloop
  endfacet
  facet normal 0.000000e+00 0.000000e+00 1.000000e+00
    outer loop
      vertex   1.665518e+01 2.656822e+01 4.325000e+02
      vertex   1.785317e+01 2.692705e+01 4.325000e+02
      vertex   1.771448e+01 2.727734e+01 4.325000e+02
    endloop
  endfacet
  facet normal 0.000000e+00 -0.000000e+00 1.000000e+00
    outer loop
      vertex   1.665518e+01 2.656822e+01 4.325000e+02
      vertex   1.771448e+01 2.727734e+01 4.325000e+02
      vertex   1.653908e+01 2.683291e+01 4.325000e+02
    endloop
  endfacet
  facet normal 0.000000e+00 0.000000e+00 1.000000e+00
    outer loop
      vertex   1.653908e+01 2.683291e+01 4.325000e+02
      vertex   1.771448e+01 2.727734e+01 4.325000e+02
      vertex   1.753298e+01 2.760748e+01 4.325000e+02
    endloop
  endfacet
  facet normal 0.000000e+00 -0.000000e+00 1.000000e+00
    outer loop
      vertex   1.653908e+01 2.683291e+01 4.325000e+02
      vertex   1.753298e+01 2.760748e+01 4.325000e+02
      vertex   1.638100e+01 2.707487e+01 4.325000e+02
    endloop
  endfacet
  facet normal 0.000000e+00 0.000000e+00 1.000000e+00
    outer loop
      vertex   1.638100e+01 2.707487e+01 4.325000e+02
      vertex   1.753298e+01 2.760748e+01 4.325000e+02
      vertex   1.731154e+01 2.791227e+01 4.325000e+02
    endloop
  endfacet
  facet normal 0.000000e+00 -0.000000e+00 1.000000e+00
    outer loop
      vertex   1.638100e+01 2.707487e+01 4.325000e+02
      vertex   1.731154e+01 2.791227e+01 4.325000e+02
      vertex   1.618524e+01 2.728752e+01 4.325000e+02
    endloop
  endfacet
  facet normal 0.000000e+00 0.000000e+00 1.000000e+00
    outer loop
      vertex   1.618524e+01 2.728752e+01 4.325000e+02
      vertex   1.731154e+01 2.791227e+01 4.325000e+02
      vertex   1.705364e+01 2.818691e+01 4.325000e+02
    endloop
  endfacet
  facet normal 0.000000e+00 0.000000e+00 1.000000e+00
    outer loop
      vertex   1.618524e+01 2.728752e+01 4.325000e+02
      vertex   1.705364e+01 2.818691e+01 4.325000e+02
      vertex   1.676336e+01 2.842705e+01 4.325000e+02
    endloop
  endfacet
  facet normal 0.000000e+00 -0.000000e+00 1.000000e+00
    outer loop
      vertex   1.618524e+01 2.728752e+01 4.325000e+02
      vertex   1.676336e+01 2.842705e+01 4.325000e+02
      vertex   1.595716e+01 2.746504e+01 4.325000e+02
    endloop
  endfacet
  facet normal 0.000000e+00 0.000000e+00 1.000000e+00
    outer loop
      vertex   1.595716e+01 2.746504e+01 4.325000e+02
      vertex   1.676336e+01 2.842705e+01 4.325000e+02
      vertex   1.644526e+01 2.862892e+01 4.325000e+02
    endloop
  endfacet
  facet normal 0.000000e+00 -0.000000e+00 1.000000e+00
    outer loop
      vertex   1.595716e+01 2.746504e+01 4.325000e+02
      vertex   1.644526e+01 2.862892e+01 4.325000e+02
      vertex   1.570297e+01 2.760260e+01 4.325000e+02
    endloop
  endfacet
  facet normal 0.000000e+00 0.000000e+00 1.000000e+00
    outer loop
      vertex   1.570297e+01 2.760260e+01 4.325000e+02
      vertex   1.644526e+01 2.862892e+01 4.325000e+02
      vertex   1.610437e+01 2.878933e+01 4.325000e+02
    endloop
  endfacet
  facet normal 0.000000e+00 -0.000000e+00 1.000000e+00
    outer loop
      vertex   1.570297e+01 2.760260e+01 4.325000e+02
      vertex   1.610437e+01 2.878933e+01 4.325000e+02
      vertex   1.542960e+01 2.769645e+01 4.325000e+02
    endloop
  endfacet
  facet normal 0.000000e+00 0.000000e+00 1.000000e+00
    outer loop
      vertex   1.542960e+01 2.769645e+01 4.325000e+02
      vertex   1.610437e+01 2.878933e+01 4.325000e+02
      vertex   1.574607e+01 2.890575e+01 4.325000e+02
    endloop
  endfacet
  facet normal 0.000000e+00 -0.000000e+00 1.000000e+00
    outer loop
      vertex   1.542960e+01 2.769645e+01 4.325000e+02
      vertex   1.574607e+01 2.890575e+01 4.325000e+02
      vertex   1.537600e+01 2.897634e+01 4.325000e+02
    endloop
  endfacet
  facet normal 0.000000e+00 0.000000e+00 1.000000e+00
    outer loop
      vertex   1.542960e+01 2.769645e+01 4.325000e+02
      vertex   1.537600e+01 2.897634e+01 4.325000e+02
      vertex   1.514451e+01 2.774402e+01 4.325000e+02
    endloop
  endfacet
  facet normal 0.000000e+00 -0.000000e+00 1.000000e+00
    outer loop
      vertex   1.514451e+01 2.774402e+01 4.325000e+02
      vertex   1.537600e+01 2.897634e+01 4.325000e+02
      vertex   1.500000e+01 2.900000e+01 4.325000e+02
    endloop
  endfacet
  facet normal 0.000000e+00 0.000000e+00 1.000000e+00
    outer loop
      vertex   1.514451e+01 2.774402e+01 4.325000e+02
      vertex   1.500000e+01 2.900000e+01 4.325000e+02
      vertex   1.485549e+01 2.774402e+01 4.325000e+02
    endloop
  endfacet
  facet normal 0.000000e+00 -0.000000e+00 1.000000e+00
    outer loop
      vertex   1.485549e+01 2.774402e+01 4.325000e+02
      vertex   1.500000e+01 2.900000e+01 4.325000e+02
      vertex   1.457040e+01 2.769645e+01 4.325000e+02
    endloop
  endfacet
  facet normal 0.000000e+00 -0.000000e+00 1.000000e+00
    outer loop
      vertex   1.457040e+01 2.769645e+01 4.325000e+02
      vertex   1.500000e+01 2.900000e+01 4.325000e+02
      vertex   1.429703e+01 2.760260e+01 4.325000e+02
    endloop
  endfacet
  facet normal 0.000000e+00 -0.000000e+00 1.000000e+00
    outer loop
      vertex   1.429703e+01 2.760260e+01 4.325000e+02
      vertex   1.500000e+01 2.900000e+01 4.325000e+02
      vertex   1.200000e+01 2.900000e+01 4.325000e+02
    endloop
  endfacet
  facet normal 0.000000e+00 0.000000e+00 1.000000e+00
    outer loop
      vertex   1.429703e+01 2.760260e+01 4.325000e+02
      vertex   1.200000e+01 2.900000e+01 4.325000e+02
      vertex   1.404284e+01 2.746504e+01 4.325000e+02
    endloop
  endfacet
  facet normal 0.000000e+00 0.000000e+00 1.000000e+00
    outer loop
      vertex   1.404284e+01 2.746504e+01 4.325000e+02
      vertex   1.200000e+01 2.900000e+01 4.325000e+02
      vertex   1.381476e+01 2.728752e+01 4.325000e+02
    endloop
  endfacet
  facet normal 0.000000e+00 0.000000e+00 1.000000e+00
    outer loop
      vertex   1.381476e+01 2.728752e+01 4.325000e+02
      vertex   1.200000e+01 2.900000e+01 4.325000e+02
      vertex   1.361900e+01 2.707487e+01 4.325000e+02
    endloop
  endfacet
  facet normal 0.000000e+00 0.000000e+00 1.000000e+00
    outer loop
      vertex   1.361900e+01 2.707487e+01 4.325000e+02
      vertex   1.200000e+01 2.900000e+01 4.325000e+02
      vertex   1.346092e+01 2.683291e+01 4.325000e+02
    endloop
  endfacet
  facet normal 0.000000e+00 0.000000e+00 1.000000e+00
    outer loop
      vertex   1.346092e+01 2.683291e+01 4.325000e+02
      vertex   1.200000e+01 2.900000e+01 4.325000e+02
      vertex   1.334482e+01 2.656822e+01 4.325000e+02
    endloop
  endfacet
  facet normal 0.000000e+00 0.000000e+00 1.000000e+00
    outer loop
      vertex   1.334482e+01 2.656822e+01 4.325000e+02
      vertex   1.200000e+01 2.900000e+01 4.325000e+02
      vertex   1.327387e+01 2.628804e+01 4.325000e+02
    endloop
  endfacet
  facet normal 0.000000e+00 0.000000e+00 1.000000e+00
    outer loop
      vertex   1.327387e+01 2.628804e+01 4.325000e+02
      vertex   1.200000e+01 2.900000e+01 4.325000e+02
      vertex   1.325000e+01 2.600000e+01 4.325000e+02
    endloop
  endfacet
  facet normal 0.000000e+00 0.000000e+00 1.000000e+00
    outer loop
      vertex   1.325000e+01 2.600000e+01 4.325000e+02
      vertex   1.200000e+01 2.900000e+01 4.325000e+02
      vertex   1.200000e+01 2.300000e+01 4.325000e+02
    endloop
  endfacet
  facet normal 0.000000e+00 0.000000e+00 1.000000e+00
    outer loop
      vertex   1.325000e+01 2.600000e+01 4.325000e+02
      vertex   1.200000e+01 2.300000e+01 4.325000e+02
      vertex   1.327387e+01 2.571196e+01 4.325000e+02
    endloop
  endfacet
  facet normal 0.000000e+00 0.000000e+00 1.000000e+00
    outer loop
      vertex   1.327387e+01 2.571196e+01 4.325000e+02
      vertex   1.200000e+01 2.300000e+01 4.325000e+02
      vertex   1.334482e+01 2.543178e+01 4.325000e+02
    endloop
  endfacet
  facet normal 0.000000e+00 0.000000e+00 1.000000e+00
    outer loop
      vertex   1.334482e+01 2.543178e+01 4.325000e+02
      vertex   1.200000e+01 2.300000e+01 4.325000e+02
      vertex   1.346092e+01 2.516709e+01 4.325000e+02
    endloop
  endfacet
  facet normal 0.000000e+00 0.000000e+00 1.000000e+00
    outer loop
      vertex   1.346092e+01 2.516709e+01 4.325000e+02
      vertex   1.200000e+01 2.300000e+01 4.325000e+02
      vertex   1.361900e+01 2.492513e+01 4.325000e+02
    endloop
  endfacet
  facet normal 0.000000e+00 0.000000e+00 1.000000e+00
    outer loop
      vertex   1.361900e+01 2.492513e+01 4.325000e+02
      vertex   1.200000e+01 2.300000e+01 4.325000e+02
      vertex   1.381476e+01 2.471248e+01 4.325000e+02
    endloop
  endfacet
  facet normal 0.000000e+00 0.000000e+00 1.000000e+00
    outer loop
      vertex   1.381476e+01 2.471248e+01 4.325000e+02
      vertex   1.200000e+01 2.300000e+01 4.325000e+02
      vertex   1.404284e+01 2.453496e+01 4.325000e+02
    endloop
  endfacet
  facet normal 0.000000e+00 0.000000e+00 1.000000e+00
    outer loop
      vertex   1.404284e+01 2.453496e+01 4.325000e+02
      vertex   1.200000e+01 2.300000e+01 4.325000e+02
      vertex   1.429703e+01 2.439740e+01 4.325000e+02
    endloop
  endfacet
  facet normal 0.000000e+00 0.000000e+00 1.000000e+00
    outer loop
      vertex   1.429703e+01 2.439740e+01 4.325000e+02
      vertex   1.200000e+01 2.300000e+01 4.325000e+02
      vertex   1.500000e+01 2.300000e+01 4.325000e+02
    endloop
  endfacet
  facet normal 0.000000e+00 0.000000e+00 1.000000e+00
    outer loop
      vertex   1.429703e+01 2.439740e+01 4.325000e+02
      vertex   1.500000e+01 2.300000e+01 4.325000e+02
      vertex   1.457040e+01 2.430355e+01 4.325000e+02
    endloop
  endfacet
  facet normal 6.279052e-02 9.980267e-01 -4.461535e-17
    outer loop
      vertex   1.500000e+01 2.900000e+01 4.300000e+02
      vertex   1.500000e+01 2.900000e+01 4.325000e+02
      vertex   1.537600e+01 2.897634e+01 4.300000e+02
    endloop
  endfacet
  facet normal 6.279052e-02 9.980267e-01 -4.461535e-17
    outer loop
      vertex   1.537600e+01 2.897634e+01 4.300000e+02
      vertex   1.500000e+01 2.900000e+01 4.325000e+02
      vertex   1.537600e+01 2.897634e+01 4.325000e+02
    endloop
  endfacet
  facet normal 1.873813e-01 9.822873e-01 -1.331424e-16
    outer loop
      vertex   1.537600e+01 2.897634e+01 4.300000e+02
      vertex   1.537600e+01 2.897634e+01 4.325000e+02
      vertex   1.574607e+01 2.890575e+01 4.300000e+02
    endloop
  endfacet
  facet normal 1.873813e-01 9.822873e-01 -1.331424e-16
    outer loop
      vertex   1.574607e+01 2.890575e+01 4.300000e+02
      vertex   1.537600e+01 2.897634e+01 4.325000e+02
      vertex   1.574607e+01 2.890575e+01 4.325000e+02
    endloop
  endfacet
  facet normal 3.090170e-01 9.510565e-01 -2.195698e-16
    outer loop
      vertex   1.574607e+01 2.890575e+01 4.300000e+02
      vertex   1.574607e+01 2.890575e+01 4.325000e+02
      vertex   1.610437e+01 2.878933e+01 4.300000e+02
    endloop
  endfacet
  facet normal 3.090170e-01 9.510565e-01 -4.391396e-16
    outer loop
      vertex   1.610437e+01 2.878933e+01 4.300000e+02
      vertex   1.574607e+01 2.890575e+01 4.325000e+02
      vertex   1.610437e+01 2.878933e+01 4.325000e+02
    endloop
  endfacet
  facet normal 4.257793e-01 9.048271e-01 -6.050688e-16
    outer loop
      vertex   1.610437e+01 2.878933e+01 4.300000e+02
      vertex   1.610437e+01 2.878933e+01 4.325000e+02
      vertex   1.644526e+01 2.862892e+01 4.300000e+02
    endloop
  endfacet
  facet normal 4.257793e-01 9.048271e-01 6.807678e-16
    outer loop
      vertex   1.644526e+01 2.862892e+01 4.300000e+02
      vertex   1.610437e+01 2.878933e+01 4.325000e+02
      vertex   1.644526e+01 2.862892e+01 4.325000e+02
    endloop
  endfacet
  facet normal 5.358268e-01 8.443279e-01 4.384065e-16
    outer loop
      vertex   1.644526e+01 2.862892e+01 4.300000e+02
      vertex   1.644526e+01 2.862892e+01 4.325000e+02
      vertex   1.676336e+01 2.842705e+01 4.300000e+02
    endloop
  endfacet
  facet normal 5.358268e-01 8.443279e-01 -0.000000e+00
    outer loop
      vertex   1.676336e+01 2.842705e+01 4.300000e+02
      vertex   1.644526e+01 2.862892e+01 4.325000e+02
      vertex   1.676336e+01 2.842705e+01 4.325000e+02
    endloop
  endfacet
  facet normal 6.374240e-01 7.705132e-01 -0.000000e+00
    outer loop
      vertex   1.676336e+01 2.842705e+01 4.300000e+02
      vertex   1.676336e+01 2.842705e+01 4.325000e+02
      vertex   1.705364e+01 2.818691e+01 4.300000e+02
    endloop
  endfacet
  facet normal 6.374240e-01 7.705132e-01 -0.000000e+00
    outer loop
      vertex   1.705364e+01 2.818691e+01 4.300000e+02
      vertex   1.676336e+01 2.842705e+01 4.325000e+02
      vertex   1.705364e+01 2.818691e+01 4.325000e+02
    endloop
  endfacet
  facet normal 7.289686e-01 6.845471e-01 -0.000000e+00
    outer loop
      vertex   1.705364e+01 2.818691e+01 4.300000e+02
      vertex   1.705364e+01 2.818691e+01 4.325000e+02
      vertex   1.731154e+01 2.791227e+01 4.300000e+02
    endloop
  endfacet
  facet normal 7.289686e-01 6.845471e-01 -1.035927e-15
    outer loop
      vertex   1.731154e+01 2.791227e+01 4.300000e+02
      vertex   1.705364e+01 2.818691e+01 4.325000e+02
      vertex   1.731154e+01 2.791227e+01 4.325000e+02
    endloop
  endfacet
  facet normal 8.090170e-01 5.877853e-01 -1.149682e-15
    outer loop
      vertex   1.731154e+01 2.791227e+01 4.300000e+02
      vertex   1.731154e+01 2.791227e+01 4.325000e+02
      vertex   1.753298e+01 2.760748e+01 4.300000e+02
    endloop
  endfacet
  facet normal 8.090170e-01 5.877853e-01 1.670586e-15
    outer loop
      vertex   1.753298e+01 2.760748e+01 4.300000e+02
      vertex   1.731154e+01 2.791227e+01 4.325000e+02
      vertex   1.753298e+01 2.760748e+01 4.325000e+02
    endloop
  endfacet
  facet normal 8.763067e-01 4.817537e-01 1.369226e-15
    outer loop
      vertex   1.753298e+01 2.760748e+01 4.300000e+02
      vertex   1.753298e+01 2.760748e+01 4.325000e+02
      vertex   1.771448e+01 2.727734e+01 4.300000e+02
    endloop
  endfacet
  facet normal 8.763067e-01 4.817537e-01 -1.245307e-15
    outer loop
      vertex   1.771448e+01 2.727734e+01 4.300000e+02
      vertex   1.753298e+01 2.760748e+01 4.325000e+02
      vertex   1.771448e+01 2.727734e+01 4.325000e+02
    endloop
  endfacet
  facet normal 9.297765e-01 3.681246e-01 -1.321292e-15
    outer loop
      vertex   1.771448e+01 2.727734e+01 4.300000e+02
      vertex   1.771448e+01 2.727734e+01 4.325000e+02
      vertex   1.785317e+01 2.692705e+01 4.300000e+02
    endloop
  endfacet
  facet normal 9.297765e-01 3.681246e-01 -0.000000e+00
    outer loop
      vertex   1.785317e+01 2.692705e+01 4.300000e+02
      vertex   1.771448e+01 2.727734e+01 4.325000e+02
      vertex   1.785317e+01 2.692705e+01 4.325000e+02
    endloop
  endfacet
  facet normal 9.685832e-01 2.486899e-01 -0.000000e+00
    outer loop
      vertex   1.785317e+01 2.692705e+01 4.300000e+02
      vertex   1.785317e+01 2.692705e+01 4.325000e+02
      vertex   1.794686e+01 2.656214e+01 4.300000e+02
    endloop
  endfacet
  facet normal 9.685832e-01 2.486899e-01 3.534096e-16
    outer loop
      vertex   1.794686e+01 2.656214e+01 4.300000e+02
      vertex   1.785317e+01 2.692705e+01 4.325000e+02
      vertex   1.794686e+01 2.656214e+01 4.325000e+02
    endloop
  endfacet
  facet normal 9.921147e-01 1.253332e-01 1.781092e-16
    outer loop
      vertex   1.794686e+01 2.656214e+01 4.300000e+02
      vertex   1.794686e+01 2.656214e+01 4.325000e+02
      vertex   1.799408e+01 2.618837e+01 4.300000e+02
    endloop
  endfacet
  facet normal 9.921147e-01 1.253332e-01 1.781092e-16
    outer loop
      vertex   1.799408e+01 2.618837e+01 4.300000e+02
      vertex   1.794686e+01 2.656214e+01 4.325000e+02
      vertex   1.799408e+01 2.618837e+01 4.325000e+02
    endloop
  endfacet
  facet normal 1.000000e+00 0.000000e+00 0.000000e+00
    outer loop
      vertex   1.799408e+01 2.618837e+01 4.300000e+02
      vertex   1.799408e+01 2.618837e+01 4.325000e+02
      vertex   1.799408e+01 2.581163e+01 4.300000e+02
    endloop
  endfacet
  facet normal 1.000000e+00 0.000000e+00 0.000000e+00
    outer loop
      vertex   1.799408e+01 2.581163e+01 4.300000e+02
      vertex   1.799408e+01 2.618837e+01 4.325000e+02
      vertex   1.799408e+01 2.581163e+01 4.325000e+02
    endloop
  endfacet
  facet normal 9.921147e-01 -1.253332e-01 0.000000e+00
    outer loop
      vertex   1.799408e+01 2.581163e+01 4.300000e+02
      vertex   1.799408e+01 2.581163e+01 4.325000e+02
      vertex   1.794686e+01 2.543786e+01 4.300000e+02
    endloop
  endfacet
  facet normal 9.921147e-01 -1.253332e-01 -1.781092e-16
    outer loop
      vertex   1.794686e+01 2.543786e+01 4.300000e+02
      vertex   1.799408e+01 2.581163e+01 4.325000e+02
      vertex   1.794686e+01 2.543786e+01 4.325000e+02
    endloop
  endfacet
  facet normal 9.685832e-01 -2.486899e-01 -3.534096e-16
    outer loop
      vertex   1.794686e+01 2.543786e+01 4.300000e+02
      vertex   1.794686e+01 2.543786e+01 4.325000e+02
      vertex   1.785317e+01 2.507295e+01 4.300000e+02
    endloop
  endfacet
  facet normal 9.685832e-01 -2.486899e-01 0.000000e+00
    outer loop
      vertex   1.785317e+01 2.507295e+01 4.300000e+02
      vertex   1.794686e+01 2.543786e+01 4.325000e+02
      vertex   1.785317e+01 2.507295e+01 4.325000e+02
    endloop
  endfacet
  facet normal 9.297765e-01 -3.681246e-01 0.000000e+00
    outer loop
      vertex   1.785317e+01 2.507295e+01 4.300000e+02
      vertex   1.785317e+01 2.507295e+01 4.325000e+02
      vertex   1.771448e+01 2.472266e+01 4.300000e+02
    endloop
  endfacet
  facet normal 9.297765e-01 -3.681246e-01 0.000000e+00
    outer loop
      vertex   1.771448e+01 2.472266e+01 4.300000e+02
      vertex   1.785317e+01 2.507295e+01 4.325000e+02
      vertex   1.771448e+01 2.472266e+01 4.325000e+02
    endloop
  endfacet
  facet normal 8.763067e-01 -4.817537e-01 0.000000e+00
    outer loop
      vertex   1.771448e+01 2.472266e+01 4.300000e+02
      vertex   1.771448e+01 2.472266e+01 4.325000e+02
      vertex   1.753298e+01 2.439252e+01 4.300000e+02
    endloop
  endfacet
  facet normal 8.763067e-01 -4.817537e-01 -1.369226e-15
    outer loop
      vertex   1.753298e+01 2.439252e+01 4.300000e+02
      vertex   1.771448e+01 2.472266e+01 4.325000e+02
      vertex   1.753298e+01 2.439252e+01 4.325000e+02
    endloop
  endfacet
  facet normal 8.090170e-01 -5.877853e-01 -1.670586e-15
    outer loop
      vertex   1.753298e+01 2.439252e+01 4.300000e+02
      vertex   1.753298e+01 2.439252e+01 4.325000e+02
      vertex   1.731154e+01 2.408773e+01 4.300000e+02
    endloop
  endfacet
  facet normal 8.090170e-01 -5.877853e-01 0.000000e+00
    outer loop
      vertex   1.731154e+01 2.408773e+01 4.300000e+02
      vertex   1.753298e+01 2.439252e+01 4.325000e+02
      vertex   1.731154e+01 2.408773e+01 4.325000e+02
    endloop
  endfacet
  facet normal 7.289686e-01 -6.845471e-01 0.000000e+00
    outer loop
      vertex   1.731154e+01 2.408773e+01 4.300000e+02
      vertex   1.731154e+01 2.408773e+01 4.325000e+02
      vertex   1.705364e+01 2.381309e+01 4.300000e+02
    endloop
  endfacet
  facet normal 7.289686e-01 -6.845471e-01 0.000000e+00
    outer loop
      vertex   1.705364e+01 2.381309e+01 4.300000e+02
      vertex   1.731154e+01 2.408773e+01 4.325000e+02
      vertex   1.705364e+01 2.381309e+01 4.325000e+02
    endloop
  endfacet
  facet normal 6.374240e-01 -7.705132e-01 0.000000e+00
    outer loop
      vertex   1.705364e+01 2.381309e+01 4.300000e+02
      vertex   1.705364e+01 2.381309e+01 4.325000e+02
      vertex   1.676336e+01 2.357295e+01 4.300000e+02
    endloop
  endfacet
  facet normal 6.374240e-01 -7.705132e-01 0.000000e+00
    outer loop
      vertex   1.676336e+01 2.357295e+01 4.300000e+02
      vertex   1.705364e+01 2.381309e+01 4.325000e+02
      vertex   1.676336e+01 2.357295e+01 4.325000e+02
    endloop
  endfacet
  facet normal 5.358268e-01 -8.443279e-01 0.000000e+00
    outer loop
      vertex   1.676336e+01 2.357295e+01 4.300000e+02
      vertex   1.676336e+01 2.357295e+01 4.325000e+02
      vertex   1.644526e+01 2.337108e+01 4.300000e+02
    endloop
  endfacet
  facet normal 5.358268e-01 -8.443279e-01 -7.614557e-16
    outer loop
      vertex   1.644526e+01 2.337108e+01 4.300000e+02
      vertex   1.676336e+01 2.357295e+01 4.325000e+02
      vertex   1.644526e+01 2.337108e+01 4.325000e+02
    endloop
  endfacet
  facet normal 4.257793e-01 -9.048271e-01 -6.050688e-16
    outer loop
      vertex   1.644526e+01 2.337108e+01 4.300000e+02
      vertex   1.644526e+01 2.337108e+01 4.325000e+02
      vertex   1.610437e+01 2.321067e+01 4.300000e+02
    endloop
  endfacet
  facet normal 4.257793e-01 -9.048271e-01 0.000000e+00
    outer loop
      vertex   1.610437e+01 2.321067e+01 4.300000e+02
      vertex   1.644526e+01 2.337108e+01 4.325000e+02
      vertex   1.610437e+01 2.321067e+01 4.325000e+02
    endloop
  endfacet
  facet normal 3.090170e-01 -9.510565e-01 0.000000e+00
    outer loop
      vertex   1.610437e+01 2.321067e+01 4.300000e+02
      vertex   1.610437e+01 2.321067e+01 4.325000e+02
      vertex   1.574607e+01 2.309425e+01 4.300000e+02
    endloop
  endfacet
  facet normal 3.090170e-01 -9.510565e-01 -2.195698e-16
    outer loop
      vertex   1.574607e+01 2.309425e+01 4.300000e+02
      vertex   1.610437e+01 2.321067e+01 4.325000e+02
      vertex   1.574607e+01 2.309425e+01 4.325000e+02
    endloop
  endfacet
  facet normal 1.873813e-01 -9.822873e-01 -1.331424e-16
    outer loop
      vertex   1.574607e+01 2.309425e+01 4.300000e+02
      vertex   1.574607e+01 2.309425e+01 4.325000e+02
      vertex   1.537600e+01 2.302366e+01 4.300000e+02
    endloop
  endfacet
  facet normal 1.873813e-01 -9.822873e-01 -1.331424e-16
    outer loop
      vertex   1.537600e+01 2.302366e+01 4.300000e+02
      vertex   1.574607e+01 2.309425e+01 4.325000e+02
      vertex   1.537600e+01 2.302366e+01 4.325000e+02
    endloop
  endfacet
  facet normal 6.279052e-02 -9.980267e-01 -4.461535e-17
    outer loop
      vertex   1.537600e+01 2.302366e+01 4.300000e+02
      vertex   1.537600e+01 2.302366e+01 4.325000e+02
      vertex   1.500000e+01 2.300000e+01 4.300000e+02
    endloop
  endfacet
  facet normal 6.279052e-02 -9.980267e-01 -4.461535e-17
    outer loop
      vertex   1.500000e+01 2.300000e+01 4.300000e+02
      vertex   1.537600e+01 2.302366e+01 4.325000e+02
      vertex   1.500000e+01 2.300000e+01 4.325000e+02
    endloop
  endfacet
  facet normal -0.000000e+00 -1.000000e+00 0.000000e+00
    outer loop
      vertex   1.500000e+01 2.300000e+01 4.325000e+02
      vertex   1.200000e+01 2.300000e+01 4.325000e+02
      vertex   1.500000e+01 2.300000e+01 4.300000e+02
    endloop
  endfacet
  facet normal 0.000000e+00 -1.000000e+00 0.000000e+00
    outer loop
      vertex   1.500000e+01 2.300000e+01 4.300000e+02
      vertex   1.200000e+01 2.300000e+01 4.325000e+02
      vertex   9.000000e+00 2.300000e+01 4.300000e+02
    endloop
  endfacet
  facet normal 0.000000e+00 -1.000000e+00 0.000000e+00
    outer loop
      vertex   9.000000e+00 2.300000e+01 4.300000e+02
      vertex   1.200000e+01 2.300000e+01 4.325000e+02
      vertex   9.000000e+00 2.300000e+01 4.350000e+02
    endloop
  endfacet
  facet normal 0.000000e+00 -1.000000e+00 0.000000e+00
    outer loop
      vertex   9.000000e+00 2.300000e+01 4.350000e+02
      vertex   1.200000e+01 2.300000e+01 4.325000e+02
      vertex   1.200000e+01 2.300000e+01 4.375000e+02
    endloop
  endfacet
  facet normal 0.000000e+00 -1.000000e+00 0.000000e+00
    outer loop
      vertex   9.000000e+00 2.300000e+01 4.350000e+02
      vertex   1.200000e+01 2.300000e+01 4.375000e+02
      vertex   6.708204e+00 2.300000e+01 4.375000e+02
    endloop
  endfacet
  facet normal 0.000000e+00 -1.000000e+00 -0.000000e+00
    outer loop
      vertex   6.708204e+00 2.300000e+01 4.375000e+02
      vertex   6.708204e+00 2.300000e+01 4.350000e+02
      vertex   9.000000e+00 2.300000e+01 4.350000e+02
    endloop
  endfacet
  facet normal 0.000000e+00 -0.000000e+00 1.000000e+00
    outer loop
      vertex   1.200000e+01 2.300000e+01 4.375000e+02
      vertex   1.200000e+01 2.900000e+01 4.375000e+02
      vertex   6.708204e+00 2.300000e+01 4.375000e+02
    endloop
  endfacet
  facet normal 0.000000e+00 -0.000000e+00 1.000000e+00
    outer loop
      vertex   6.708204e+00 2.300000e+01 4.375000e+02
      vertex   1.200000e+01 2.900000e+01 4.375000e+02
      vertex   5.744563e+00 2.900000e+01 4.375000e+02
    endloop
  endfacet
  facet normal 0.000000e+00 0.000000e+00 1.000000e+00
    outer loop
      vertex   6.708204e+00 2.300000e+01 4.375000e+02
      vertex   5.744563e+00 2.900000e+01 4.375000e+02
      vertex   -5.744563e+00 2.900000e+01 4.375000e+02
    endloop
  endfacet
  facet normal 0.000000e+00 0.000000e+00 1.000000e+00
    outer loop
      vertex   -5.744563e+00 2.900000e+01 4.375000e+02
      vertex   5.744563e+00 2.900000e+01 4.375000e+02
      vertex   -5.390043e+00 2.946626e+01 4.375000e+02
    endloop
  endfacet
  facet normal -0.000000e+00 0.000000e+00 1.000000e+00
    outer loop
      vertex   -5.390043e+00 2.946626e+01 4.375000e+02
      vertex   5.744563e+00 2.900000e+01 4.375000e+02
      vertex   5.390043e+00 2.946626e+01 4.375000e+02
    endloop
  endfacet
  facet normal 0.000000e+00 0.000000e+00 1.000000e+00
    outer loop
      vertex   -5.390043e+00 2.946626e+01 4.375000e+02
      vertex   5.390043e+00 2.946626e+01 4.375000e+02
      vertex   -4.997783e+00 2.990124e+01 4.375000e+02
    endloop
  endfacet
  facet normal -0.000000e+00 0.000000e+00 1.000000e+00
    outer loop
      vertex   -4.997783e+00 2.990124e+01 4.375000e+02
      vertex   5.390043e+00 2.946626e+01 4.375000e+02
      vertex   4.997783e+00 2.990124e+01 4.375000e+02
    endloop
  endfacet
  facet normal 0.000000e+00 0.000000e+00 1.000000e+00
    outer loop
      vertex   -4.997783e+00 2.990124e+01 4.375000e+02
      vertex   4.997783e+00 2.990124e+01 4.375000e+02
      vertex   -4.570532e+00 3.030191e+01 4.375000e+02
    endloop
  endfacet
  facet normal -0.000000e+00 0.000000e+00 1.000000e+00
    outer loop
      vertex   -4.570532e+00 3.030191e+01 4.375000e+02
      vertex   4.997783e+00 2.990124e+01 4.375000e+02
      vertex   4.570532e+00 3.030191e+01 4.375000e+02
    endloop
  endfacet
  facet normal 0.000000e+00 0.000000e+00 1.000000e+00
    outer loop
      vertex   -4.570532e+00 3.030191e+01 4.375000e+02
      vertex   4.570532e+00 3.030191e+01 4.375000e+02
      vertex   -4.111279e+00 3.066546e+01 4.375000e+02
    endloop
  endfacet
  facet normal -0.000000e+00 0.000000e+00 1.000000e+00
    outer loop
      vertex   -4.111279e+00 3.066546e+01 4.375000e+02
      vertex   4.570532e+00 3.030191e+01 4.375000e+02
      vertex   4.111279e+00 3.066546e+01 4.375000e+02
    endloop
  endfacet
  facet normal 0.000000e+00 0.000000e+00 1.000000e+00
    outer loop
      vertex   -4.111279e+00 3.066546e+01 4.375000e+02
      vertex   4.111279e+00 3.066546e+01 4.375000e+02
      vertex   -3.623241e+00 3.098933e+01 4.375000e+02
    endloop
  endfacet
  facet normal -0.000000e+00 0.000000e+00 1.000000e+00
    outer loop
      vertex   -3.623241e+00 3.098933e+01 4.375000e+02
      vertex   4.111279e+00 3.066546e+01 4.375000e+02
      vertex   3.623241e+00 3.098933e+01 4.375000e+02
    endloop
  endfacet
  facet normal 0.000000e+00 0.000000e+00 1.000000e+00
    outer loop
      vertex   -3.623241e+00 3.098933e+01 4.375000e+02
      vertex   3.623241e+00 3.098933e+01 4.375000e+02
      vertex   -3.109834e+00 3.127128e+01 4.375000e+02
    endloop
  endfacet
  facet normal -0.000000e+00 0.000000e+00 1.000000e+00
    outer loop
      vertex   -3.109834e+00 3.127128e+01 4.375000e+02
      vertex   3.623241e+00 3.098933e+01 4.375000e+02
      vertex   3.109834e+00 3.127128e+01 4.375000e+02
    endloop
  endfacet
  facet normal 0.000000e+00 0.000000e+00 1.000000e+00
    outer loop
      vertex   -3.109834e+00 3.127128e+01 4.375000e+02
      vertex   3.109834e+00 3.127128e+01 4.375000e+02
      vertex   -2.574653e+00 3.150931e+01 4.375000e+02
    endloop
  endfacet
  facet normal -0.000000e+00 0.000000e+00 1.000000e+00
    outer loop
      vertex   -2.574653e+00 3.150931e+01 4.375000e+02
      vertex   3.109834e+00 3.127128e+01 4.375000e+02
      vertex   2.574653e+00 3.150931e+01 4.375000e+02
    endloop
  endfacet
  facet normal 0.000000e+00 0.000000e+00 1.000000e+00
    outer loop
      vertex   -2.574653e+00 3.150931e+01 4.375000e+02
      vertex   2.574653e+00 3.150931e+01 4.375000e+02
      vertex   -2.021446e+00 3.170177e+01 4.375000e+02
    endloop
  endfacet
  facet normal -0.000000e+00 0.000000e+00 1.000000e+00
    outer loop
      vertex   -2.021446e+00 3.170177e+01 4.375000e+02
      vertex   2.574653e+00 3.150931e+01 4.375000e+02
      vertex   2.021446e+00 3.170177e+01 4.375000e+02
    endloop
  endfacet
  facet normal 0.000000e+00 0.000000e+00 1.000000e+00
    outer loop
      vertex   -2.021446e+00 3.170177e+01 4.375000e+02
      vertex   2.021446e+00 3.170177e+01 4.375000e+02
      vertex   -1.454085e+00 3.184731e+01 4.375000e+02
    endloop
  endfacet
  facet normal -0.000000e+00 0.000000e+00 1.000000e+00
    outer loop
      vertex   -1.454085e+00 3.184731e+01 4.375000e+02
      vertex   2.021446e+00 3.170177e+01 4.375000e+02
      vertex   1.454085e+00 3.184731e+01 4.375000e+02
    endloop
  endfacet
  facet normal 0.000000e+00 0.000000e+00 1.000000e+00
    outer loop
      vertex   -1.454085e+00 3.184731e+01 4.375000e+02
      vertex   1.454085e+00 3.184731e+01 4.375000e+02
      vertex   -8.765436e-01 3.194490e+01 4.375000e+02
    endloop
  endfacet
  facet normal -0.000000e+00 0.000000e+00 1.000000e+00
    outer loop
      vertex   -8.765436e-01 3.194490e+01 4.375000e+02
      vertex   1.454085e+00 3.184731e+01 4.375000e+02
      vertex   8.765436e-01 3.194490e+01 4.375000e+02
    endloop
  endfacet
  facet normal 0.000000e+00 0.000000e+00 1.000000e+00
    outer loop
      vertex   -8.765436e-01 3.194490e+01 4.375000e+02
      vertex   8.765436e-01 3.194490e+01 4.375000e+02
      vertex   -2.928647e-01 3.199387e+01 4.375000e+02
    endloop
  endfacet
  facet normal -0.000000e+00 0.000000e+00 1.000000e+00
    outer loop
      vertex   -2.928647e-01 3.199387e+01 4.375000e+02
      vertex   8.765436e-01 3.194490e+01 4.375000e+02
      vertex   2.928647e-01 3.199387e+01 4.375000e+02
    endloop
  endfacet
  facet normal 0.000000e+00 0.000000e+00 1.000000e+00
    outer loop
      vertex   6.708204e+00 2.300000e+01 4.375000e+02
      vertex   -5.744563e+00 2.900000e+01 4.375000e+02
      vertex   -6.708204e+00 2.300000e+01 4.375000e+02
    endloop
  endfacet
  facet normal 0.000000e+00 -0.000000e+00 1.000000e+00
    outer loop
      vertex   -6.708204e+00 2.300000e+01 4.375000e+02
      vertex   -5.744563e+00 2.900000e+01 4.375000e+02
      vertex   -1.082843e+01 2.900000e+01 4.375000e+02
    endloop
  endfacet
  facet normal 0.000000e+00 0.000000e+00 1.000000e+00
    outer loop
      vertex   -6.708204e+00 2.300000e+01 4.375000e+02
      vertex   -1.082843e+01 2.900000e+01 4.375000e+02
      vertex   -1.100000e+01 2.300000e+01 4.375000e+02
    endloop
  endfacet
  facet normal 0.000000e+00 -0.000000e+00 1.000000e+00
    outer loop
      vertex   -1.100000e+01 2.300000e+01 4.375000e+02
      vertex   -1.082843e+01 2.900000e+01 4.375000e+02
      vertex   -1.200000e+01 2.900000e+01 4.375000e+02
    endloop
  endfacet
  facet normal 0.000000e+00 0.000000e+00 1.000000e+00
    outer loop
      vertex   -1.100000e+01 2.300000e+01 4.375000e+02
      vertex   -1.200000e+01 2.900000e+01 4.375000e+02
      vertex   -1.200000e+01 2.300000e+01 4.375000e+02
    endloop
  endfacet
  facet normal 0.000000e+00 0.000000e+00 1.000000e+00
    outer loop
      vertex   6.708204e+00 2.300000e+01 4.375000e+02
      vertex   -6.708204e+00 2.300000e+01 4.375000e+02
      vertex   6.520198e+00 2.245304e+01 4.375000e+02
    endloop
  endfacet
  facet normal 0.000000e+00 0.000000e+00 1.000000e+00
    outer loop
      vertex   6.520198e+00 2.245304e+01 4.375000e+02
      vertex   -6.708204e+00 2.300000e+01 4.375000e+02
      vertex   -6.520198e+00 2.245304e+01 4.375000e+02
    endloop
  endfacet
  facet normal 0.000000e+00 0.000000e+00 1.000000e+00
    outer loop
      vertex   6.520198e+00 2.245304e+01 4.375000e+02
      vertex   -6.520198e+00 2.245304e+01 4.375000e+02
      vertex   6.287680e+00 2.192346e+01 4.375000e+02
    endloop
  endfacet
  facet normal 0.000000e+00 0.000000e+00 1.000000e+00
    outer loop
      vertex   6.287680e+00 2.192346e+01 4.375000e+02
      vertex   -6.520198e+00 2.245304e+01 4.375000e+02
      vertex   -6.287680e+00 2.192346e+01 4.375000e+02
    endloop
  endfacet
  facet normal 0.000000e+00 0.000000e+00 1.000000e+00
    outer loop
      vertex   6.287680e+00 2.192346e+01 4.375000e+02
      vertex   -6.287680e+00 2.192346e+01 4.375000e+02
      vertex   6.012237e+00 2.141489e+01 4.375000e+02
    endloop
  endfacet
  facet normal 0.000000e+00 0.000000e+00 1.000000e+00
    outer loop
      vertex   6.012237e+00 2.141489e+01 4.375000e+02
      vertex   -6.287680e+00 2.192346e+01 4.375000e+02
      vertex   -6.012237e+00 2.141489e+01 4.375000e+02
    endloop
  endfacet
  facet normal 0.000000e+00 0.000000e+00 1.000000e+00
    outer loop
      vertex   6.012237e+00 2.141489e+01 4.375000e+02
      vertex   -6.012237e+00 2.141489e+01 4.375000e+02
      vertex   5.695750e+00 2.093080e+01 4.375000e+02
    endloop
  endfacet
  facet normal 0.000000e+00 0.000000e+00 1.000000e+00
    outer loop
      vertex   5.695750e+00 2.093080e+01 4.375000e+02
      vertex   -6.012237e+00 2.141489e+01 4.375000e+02
      vertex   -5.695750e+00 2.093080e+01 4.375000e+02
    endloop
  endfacet
  facet normal 0.000000e+00 0.000000e+00 1.000000e+00
    outer loop
      vertex   5.695750e+00 2.093080e+01 4.375000e+02
      vertex   -5.695750e+00 2.093080e+01 4.375000e+02
      vertex   5.340379e+00 2.047448e+01 4.375000e+02
    endloop
  endfacet
  facet normal 0.000000e+00 0.000000e+00 1.000000e+00
    outer loop
      vertex   5.340379e+00 2.047448e+01 4.375000e+02
      vertex   -5.695750e+00 2.093080e+01 4.375000e+02
      vertex   -5.340379e+00 2.047448e+01 4.375000e+02
    endloop
  endfacet
  facet normal 0.000000e+00 0.000000e+00 1.000000e+00
    outer loop
      vertex   5.340379e+00 2.047448e+01 4.375000e+02
      vertex   -5.340379e+00 2.047448e+01 4.375000e+02
      vertex   4.948551e+00 2.004906e+01 4.375000e+02
    endloop
  endfacet
  facet normal 0.000000e+00 0.000000e+00 1.000000e+00
    outer loop
      vertex   4.948551e+00 2.004906e+01 4.375000e+02
      vertex   -5.340379e+00 2.047448e+01 4.375000e+02
      vertex   -4.948551e+00 2.004906e+01 4.375000e+02
    endloop
  endfacet
  facet normal 0.000000e+00 0.000000e+00 1.000000e+00
    outer loop
      vertex   4.948551e+00 2.004906e+01 4.375000e+02
      vertex   -4.948551e+00 2.004906e+01 4.375000e+02
      vertex   4.522939e+00 1.965743e+01 4.375000e+02
    endloop
  endfacet
  facet normal 0.000000e+00 0.000000e+00 1.000000e+00
    outer loop
      vertex   4.522939e+00 1.965743e+01 4.375000e+02
      vertex   -4.948551e+00 2.004906e+01 4.375000e+02
      vertex   -4.522939e+00 1.965743e+01 4.375000e+02
    endloop
  endfacet
  facet normal 0.000000e+00 0.000000e+00 1.000000e+00
    outer loop
      vertex   4.522939e+00 1.965743e+01 4.375000e+02
      vertex   -4.522939e+00 1.965743e+01 4.375000e+02
      vertex   4.066450e+00 1.930228e+01 4.375000e+02
    endloop
  endfacet
  facet normal 0.000000e+00 0.000000e+00 1.000000e+00
    outer loop
      vertex   4.066450e+00 1.930228e+01 4.375000e+02
      vertex   -4.522939e+00 1.965743e+01 4.375000e+02
      vertex   -4.066450e+00 1.930228e+01 4.375000e+02
    endloop
  endfacet
  facet normal 0.000000e+00 0.000000e+00 1.000000e+00
    outer loop
      vertex   4.066450e+00 1.930228e+01 4.375000e+02
      vertex   -4.066450e+00 1.930228e+01 4.375000e+02
      vertex   3.582200e+00 1.898603e+01 4.375000e+02
    endloop
  endfacet
  facet normal 0.000000e+00 0.000000e+00 1.000000e+00
    outer loop
      vertex   3.582200e+00 1.898603e+01 4.375000e+02
      vertex   -4.066450e+00 1.930228e+01 4.375000e+02
      vertex   -3.582200e+00 1.898603e+01 4.375000e+02
    endloop
  endfacet
  facet normal 0.000000e+00 0.000000e+00 1.000000e+00
    outer loop
      vertex   3.582200e+00 1.898603e+01 4.375000e+02
      vertex   -3.582200e+00 1.898603e+01 4.375000e+02
      vertex   3.073496e+00 1.871083e+01 4.375000e+02
    endloop
  endfacet
  facet normal 0.000000e+00 0.000000e+00 1.000000e+00
    outer loop
      vertex   3.073496e+00 1.871083e+01 4.375000e+02
      vertex   -3.582200e+00 1.898603e+01 4.375000e+02
      vertex   -3.073496e+00 1.871083e+01 4.375000e+02
    endloop
  endfacet
  facet normal 0.000000e+00 0.000000e+00 1.000000e+00
    outer loop
      vertex   3.073496e+00 1.871083e+01 4.375000e+02
      vertex   -3.073496e+00 1.871083e+01 4.375000e+02
      vertex   2.543809e+00 1.847857e+01 4.375000e+02
    endloop
  endfacet
  facet normal 0.000000e+00 0.000000e+00 1.000000e+00
    outer loop
      vertex   2.543809e+00 1.847857e+01 4.375000e+02
      vertex   -3.073496e+00 1.871083e+01 4.375000e+02
      vertex   -2.543809e+00 1.847857e+01 4.375000e+02
    endloop
  endfacet
  facet normal 0.000000e+00 0.000000e+00 1.000000e+00
    outer loop
      vertex   2.543809e+00 1.847857e+01 4.375000e+02
      vertex   -2.543809e+00 1.847857e+01 4.375000e+02
      vertex   1.996756e+00 1.829083e+01 4.375000e+02
    endloop
  endfacet
  facet normal 0.000000e+00 0.000000e+00 1.000000e+00
    outer loop
      vertex   1.996756e+00 1.829083e+01 4.375000e+02
      vertex   -2.543809e+00 1.847857e+01 4.375000e+02
      vertex   -1.996756e+00 1.829083e+01 4.375000e+02
    endloop
  endfacet
  facet normal 0.000000e+00 0.000000e+00 1.000000e+00
    outer loop
      vertex   1.996756e+00 1.829083e+01 4.375000e+02
      vertex   -1.996756e+00 1.829083e+01 4.375000e+02
      vertex   1.436071e+00 1.814889e+01 4.375000e+02
    endloop
  endfacet
  facet normal 0.000000e+00 0.000000e+00 1.000000e+00
    outer loop
      vertex   1.436071e+00 1.814889e+01 4.375000e+02
      vertex   -1.996756e+00 1.829083e+01 4.375000e+02
      vertex   -1.436071e+00 1.814889e+01 4.375000e+02
    endloop
  endfacet
  facet normal 0.000000e+00 0.000000e+00 1.000000e+00
    outer loop
      vertex   1.436071e+00 1.814889e+01 4.375000e+02
      vertex   -1.436071e+00 1.814889e+01 4.375000e+02
      vertex   8.655832e-01 1.805372e+01 4.375000e+02
    endloop
  endfacet
  facet normal 0.000000e+00 0.000000e+00 1.000000e+00
    outer loop
      vertex   8.655832e-01 1.805372e+01 4.375000e+02
      vertex   -1.436071e+00 1.814889e+01 4.375000e+02
      vertex   -8.655832e-01 1.805372e+01 4.375000e+02
    endloop
  endfacet
  facet normal 0.000000e+00 0.000000e+00 1.000000e+00
    outer loop
      vertex   8.655832e-01 1.805372e+01 4.375000e+02
      vertex   -8.655832e-01 1.805372e+01 4.375000e+02
      vertex   2.891858e-01 1.800598e+01 4.375000e+02
    endloop
  endfacet
  facet normal 0.000000e+00 0.000000e+00 1.000000e+00
    outer loop
      vertex   2.891858e-01 1.800598e+01 4.375000e+02
      vertex   -8.655832e-01 1.805372e+01 4.375000e+02
      vertex   -2.891858e-01 1.800598e+01 4.375000e+02
    endloop
  endfacet
  facet normal -3.170444e-09 1.000000e+00 -2.191063e-08
    outer loop
      vertex   -5.744563e+00 2.900000e+01 4.375000e+02
      vertex   -8.500000e+00 2.900000e+01 4.370000e+02
      vertex   -1.082843e+01 2.900000e+01 4.375000e+02
    endloop
  endfacet
  facet normal -5.116313e-09 1.000000e+00 -3.097226e-08
    outer loop
      vertex   -1.082843e+01 2.900000e+01 4.375000e+02
      vertex   -8.500000e+00 2.900000e+01 4.370000e+02
      vertex   -8.826316e+00 2.900000e+01 4.369786e+02
    endloop
  endfacet
  facet normal -2.774377e-09 1.000000e+00 -2.197930e-08
    outer loop
      vertex   -1.082843e+01 2.900000e+01 4.375000e+02
      vertex   -8.826316e+00 2.900000e+01 4.369786e+02
      vertex   -9.147048e+00 2.900000e+01 4.369148e+02
    endloop
  endfacet
  facet normal -7.146335e-09 1.000000e+00 8.526513e-15
    outer loop
      vertex   -5.744563e+00 2.900000e+01 4.375000e+02
      vertex   -5.744563e+00 2.900000e+01 4.350000e+02
      vertex   -8.500000e+00 2.900000e+01 4.370000e+02
    endloop
  endfacet
  facet normal -7.146341e-09 1.000000e+00 -6.347226e-24
    outer loop
      vertex   -8.500000e+00 2.900000e+01 4.370000e+02
      vertex   -5.744563e+00 2.900000e+01 4.350000e+02
      vertex   -8.500000e+00 2.900000e+01 4.350000e+02
    endloop
  endfacet
  facet normal -1.210589e-09 1.000000e+00 -1.748616e-08
    outer loop
      vertex   -9.147048e+00 2.900000e+01 4.369148e+02
      vertex   -9.456709e+00 2.900000e+01 4.368097e+02
      vertex   -1.082843e+01 2.900000e+01 4.375000e+02
    endloop
  endfacet
  facet normal 7.589115e-09 1.000000e+00 0.000000e+00
    outer loop
      vertex   -1.082843e+01 2.900000e+01 4.375000e+02
      vertex   -9.456709e+00 2.900000e+01 4.368097e+02
      vertex   -1.082843e+01 2.900000e+01 4.370000e+02
    endloop
  endfacet
  facet normal 4.353868e-09 1.000000e+00 -2.332013e-08
    outer loop
      vertex   -1.082843e+01 2.900000e+01 4.370000e+02
      vertex   -9.456709e+00 2.900000e+01 4.368097e+02
      vertex   -9.750000e+00 2.900000e+01 4.366651e+02
    endloop
  endfacet
  facet normal 5.649105e-09 1.000000e+00 -1.914973e-08
    outer loop
      vertex   -1.082843e+01 2.900000e+01 4.370000e+02
      vertex   -9.750000e+00 2.900000e+01 4.366651e+02
      vertex   -1.002190e+01 2.900000e+01 4.364834e+02
    endloop
  endfacet
  facet normal 7.336834e-09 1.000000e+00 -1.651491e-08
    outer loop
      vertex   -1.002190e+01 2.900000e+01 4.364834e+02
      vertex   -1.026777e+01 2.900000e+01 4.362678e+02
      vertex   -1.082843e+01 2.900000e+01 4.370000e+02
    endloop
  endfacet
  facet normal -6.202706e-06 1.000000e+00 -4.771455e-06
    outer loop
      vertex   -1.082843e+01 2.900000e+01 4.370000e+02
      vertex   -1.026777e+01 2.900000e+01 4.362678e+02
      vertex   -1.100000e+01 2.900000e+01 4.370000e+02
    endloop
  endfacet
  facet normal -7.658694e-07 1.000000e+00 6.653823e-07
    outer loop
      vertex   -1.100000e+01 2.900000e+01 4.370000e+02
      vertex   -1.026777e+01 2.900000e+01 4.362678e+02
      vertex   -1.048338e+01 2.900000e+01 4.360219e+02
    endloop
  endfacet
  facet normal -8.982871e-07 1.000000e+00 5.954412e-07
    outer loop
      vertex   -1.100000e+01 2.900000e+01 4.370000e+02
      vertex   -1.048338e+01 2.900000e+01 4.360219e+02
      vertex   -1.066506e+01 2.900000e+01 4.357500e+02
    endloop
  endfacet
  facet normal -1.103228e-06 1.000000e+00 5.405275e-07
    outer loop
      vertex   -1.066506e+01 2.900000e+01 4.357500e+02
      vertex   -1.080970e+01 2.900000e+01 4.354567e+02
      vertex   -1.100000e+01 2.900000e+01 4.370000e+02
    endloop
  endfacet
  facet normal -1.467254e-06 1.000000e+00 4.956399e-07
    outer loop
      vertex   -1.100000e+01 2.900000e+01 4.370000e+02
      vertex   -1.080970e+01 2.900000e+01 4.354567e+02
      vertex   -1.091481e+01 2.900000e+01 4.351470e+02
    endloop
  endfacet
  facet normal -2.305224e-06 1.000000e+00 4.571161e-07
    outer loop
      vertex   -1.100000e+01 2.900000e+01 4.370000e+02
      vertex   -1.091481e+01 2.900000e+01 4.351470e+02
      vertex   -1.097861e+01 2.900000e+01 4.348263e+02
    endloop
  endfacet
  facet normal -4.844228e-06 1.000000e+00 4.321337e-07
    outer loop
      vertex   -1.097861e+01 2.900000e+01 4.348263e+02
      vertex   -1.100000e+01 2.900000e+01 4.345000e+02
      vertex   -1.100000e+01 2.900000e+01 4.370000e+02
    endloop
  endfacet
  facet normal -7.960259e-01 6.052625e-01 4.029558e-15
    outer loop
      vertex   -5.744563e+00 2.900000e+01 4.350000e+02
      vertex   -5.744563e+00 2.900000e+01 4.375000e+02
      vertex   -5.390043e+00 2.946626e+01 4.350000e+02
    endloop
  endfacet
  facet normal -7.960259e-01 6.052625e-01 5.857061e-17
    outer loop
      vertex   -5.390043e+00 2.946626e+01 4.350000e+02
      vertex   -5.744563e+00 2.900000e+01 4.375000e+02
      vertex   -5.390043e+00 2.946626e+01 4.375000e+02
    endloop
  endfacet
  facet normal -7.426378e-01 6.696933e-01 8.008876e-16
    outer loop
      vertex   -5.390043e+00 2.946626e+01 4.350000e+02
      vertex   -5.390043e+00 2.946626e+01 4.375000e+02
      vertex   -4.997783e+00 2.990124e+01 4.350000e+02
    endloop
  endfacet
  facet normal -7.426378e-01 6.696933e-01 -1.508038e-16
    outer loop
      vertex   -4.997783e+00 2.990124e+01 4.350000e+02
      vertex   -5.390043e+00 2.946626e+01 4.375000e+02
      vertex   -4.997783e+00 2.990124e+01 4.375000e+02
    endloop
  endfacet
  facet normal -6.840500e-01 7.294351e-01 5.010075e-16
    outer loop
      vertex   -4.997783e+00 2.990124e+01 4.350000e+02
      vertex   -4.997783e+00 2.990124e+01 4.375000e+02
      vertex   -4.570532e+00 3.030191e+01 4.350000e+02
    endloop
  endfacet
  facet normal -6.840500e-01 7.294351e-01 1.496074e-17
    outer loop
      vertex   -4.570532e+00 3.030191e+01 4.350000e+02
      vertex   -4.997783e+00 2.990124e+01 4.375000e+02
      vertex   -4.570532e+00 3.030191e+01 4.375000e+02
    endloop
  endfacet
  facet normal -6.206728e-01 7.840697e-01 7.082964e-16
    outer loop
      vertex   -4.570532e+00 3.030191e+01 4.350000e+02
      vertex   -4.570532e+00 3.030191e+01 4.375000e+02
      vertex   -4.111279e+00 3.066546e+01 4.350000e+02
    endloop
  endfacet
  facet normal -6.206728e-01 7.840697e-01 -1.740671e-15
    outer loop
      vertex   -4.111279e+00 3.066546e+01 4.350000e+02
      vertex   -4.570532e+00 3.030191e+01 4.375000e+02
      vertex   -4.111279e+00 3.066546e+01 4.375000e+02
    endloop
  endfacet
  facet normal -5.529499e-01 8.332145e-01 -1.167913e-15
    outer loop
      vertex   -4.111279e+00 3.066546e+01 4.350000e+02
      vertex   -4.111279e+00 3.066546e+01 4.375000e+02
      vertex   -3.623241e+00 3.098933e+01 4.350000e+02
    endloop
  endfacet
  facet normal -5.529499e-01 8.332145e-01 6.054983e-16
    outer loop
      vertex   -3.623241e+00 3.098933e+01 4.350000e+02
      vertex   -4.111279e+00 3.066546e+01 4.375000e+02
      vertex   -3.623241e+00 3.098933e+01 4.375000e+02
    endloop
  endfacet
  facet normal -4.813554e-01 8.765255e-01 1.171676e-15
    outer loop
      vertex   -3.623241e+00 3.098933e+01 4.350000e+02
      vertex   -3.623241e+00 3.098933e+01 4.375000e+02
      vertex   -3.109834e+00 3.127128e+01 4.350000e+02
    endloop
  endfacet
  facet normal -4.813554e-01 8.765255e-01 -1.576077e-15
    outer loop
      vertex   -3.109834e+00 3.127128e+01 4.350000e+02
      vertex   -3.623241e+00 3.098933e+01 4.375000e+02
      vertex   -3.109834e+00 3.127128e+01 4.375000e+02
    endloop
  endfacet
  facet normal -4.063907e-01 9.136994e-01 -1.083808e-15
    outer loop
      vertex   -3.109834e+00 3.127128e+01 4.350000e+02
      vertex   -3.109834e+00 3.127128e+01 4.375000e+02
      vertex   -2.574653e+00 3.150931e+01 4.350000e+02
    endloop
  endfacet
  facet normal -4.063907e-01 9.136994e-01 5.033950e-16
    outer loop
      vertex   -2.574653e+00 3.150931e+01 4.350000e+02
      vertex   -3.109834e+00 3.127128e+01 4.375000e+02
      vertex   -2.574653e+00 3.150931e+01 4.375000e+02
    endloop
  endfacet
  facet normal -3.285805e-01 9.444760e-01 9.917010e-16
    outer loop
      vertex   -2.574653e+00 3.150931e+01 4.350000e+02
      vertex   -2.574653e+00 3.150931e+01 4.375000e+02
      vertex   -2.021446e+00 3.170177e+01 4.350000e+02
    endloop
  endfacet
  facet normal -3.285805e-01 9.444760e-01 -2.337448e-16
    outer loop
      vertex   -2.021446e+00 3.170177e+01 4.350000e+02
      vertex   -2.574653e+00 3.150931e+01 4.375000e+02
      vertex   -2.021446e+00 3.170177e+01 4.375000e+02
    endloop
  endfacet
  facet normal -2.484698e-01 9.686396e-01 1.848180e-16
    outer loop
      vertex   -2.021446e+00 3.170177e+01 4.350000e+02
      vertex   -2.021446e+00 3.170177e+01 4.375000e+02
      vertex   -1.454085e+00 3.184731e+01 4.350000e+02
    endloop
  endfacet
  facet normal -2.484698e-01 9.686396e-01 3.172293e-16
    outer loop
      vertex   -1.454085e+00 3.184731e+01 4.350000e+02
      vertex   -2.021446e+00 3.170177e+01 4.375000e+02
      vertex   -1.454085e+00 3.184731e+01 4.375000e+02
    endloop
  endfacet
  facet normal -1.666194e-01 9.860213e-01 6.908794e-16
    outer loop
      vertex   -1.454085e+00 3.184731e+01 4.350000e+02
      vertex   -1.454085e+00 3.184731e+01 4.375000e+02
      vertex   -8.765436e-01 3.194490e+01 4.350000e+02
    endloop
  endfacet
  facet normal -1.666194e-01 9.860213e-01 -7.103412e-16
    outer loop
      vertex   -8.765436e-01 3.194490e+01 4.350000e+02
      vertex   -1.454085e+00 3.184731e+01 4.375000e+02
      vertex   -8.765436e-01 3.194490e+01 4.375000e+02
    endloop
  endfacet
  facet normal -8.360237e-02 9.964992e-01 -3.564183e-16
    outer loop
      vertex   -8.765436e-01 3.194490e+01 4.350000e+02
      vertex   -8.765436e-01 3.194490e+01 4.375000e+02
      vertex   -2.928647e-01 3.199387e+01 4.350000e+02
    endloop
  endfacet
  facet normal -8.360237e-02 9.964992e-01 -2.598884e-16
    outer loop
      vertex   -2.928647e-01 3.199387e+01 4.350000e+02
      vertex   -8.765436e-01 3.194490e+01 4.375000e+02
      vertex   -2.928647e-01 3.199387e+01 4.375000e+02
    endloop
  endfacet
  facet normal 0.000000e+00 1.000000e+00 -0.000000e+00
    outer loop
      vertex   -2.928647e-01 3.199387e+01 4.350000e+02
      vertex   -2.928647e-01 3.199387e+01 4.375000e+02
      vertex   2.928647e-01 3.199387e+01 4.350000e+02
    endloop
  endfacet
  facet normal 0.000000e+00 1.000000e+00 0.000000e+00
    outer loop
      vertex   2.928647e-01 3.199387e+01 4.350000e+02
      vertex   -2.928647e-01 3.199387e+01 4.375000e+02
      vertex   2.928647e-01 3.199387e+01 4.375000e+02
    endloop
  endfacet
  facet normal 8.360237e-02 9.964992e-01 2.079107e-16
    outer loop
      vertex   2.928647e-01 3.199387e+01 4.350000e+02
      vertex   2.928647e-01 3.199387e+01 4.375000e+02
      vertex   8.765436e-01 3.194490e+01 4.350000e+02
    endloop
  endfacet
  facet normal 8.360237e-02 9.964992e-01 2.116234e-16
    outer loop
      vertex   8.765436e-01 3.194490e+01 4.350000e+02
      vertex   2.928647e-01 3.199387e+01 4.375000e+02
      vertex   8.765436e-01 3.194490e+01 4.375000e+02
    endloop
  endfacet
  facet normal 1.666194e-01 9.860213e-01 4.217651e-16
    outer loop
      vertex   8.765436e-01 3.194490e+01 4.350000e+02
      vertex   8.765436e-01 3.194490e+01 4.375000e+02
      vertex   1.454085e+00 3.184731e+01 4.350000e+02
    endloop
  endfacet
  facet normal 1.666194e-01 9.860213e-01 2.959755e-16
    outer loop
      vertex   1.454085e+00 3.184731e+01 4.350000e+02
      vertex   8.765436e-01 3.194490e+01 4.375000e+02
      vertex   1.454085e+00 3.184731e+01 4.375000e+02
    endloop
  endfacet
  facet normal 2.484698e-01 9.686396e-01 4.413710e-16
    outer loop
      vertex   1.454085e+00 3.184731e+01 4.350000e+02
      vertex   1.454085e+00 3.184731e+01 4.375000e+02
      vertex   2.021446e+00 3.170177e+01 4.350000e+02
    endloop
  endfacet
  facet normal 2.484698e-01 9.686396e-01 3.972339e-16
    outer loop
      vertex   2.021446e+00 3.170177e+01 4.350000e+02
      vertex   1.454085e+00 3.184731e+01 4.375000e+02
      vertex   2.021446e+00 3.170177e+01 4.375000e+02
    endloop
  endfacet
  facet normal 3.285805e-01 9.444760e-01 5.253086e-16
    outer loop
      vertex   2.021446e+00 3.170177e+01 4.350000e+02
      vertex   2.021446e+00 3.170177e+01 4.375000e+02
      vertex   2.574653e+00 3.150931e+01 4.350000e+02
    endloop
  endfacet
  facet normal 3.285805e-01 9.444760e-01 3.502058e-16
    outer loop
      vertex   2.574653e+00 3.150931e+01 4.350000e+02
      vertex   2.021446e+00 3.170177e+01 4.375000e+02
      vertex   2.574653e+00 3.150931e+01 4.375000e+02
    endloop
  endfacet
  facet normal 4.063907e-01 9.136994e-01 4.331369e-16
    outer loop
      vertex   2.574653e+00 3.150931e+01 4.350000e+02
      vertex   2.574653e+00 3.150931e+01 4.375000e+02
      vertex   3.109834e+00 3.127128e+01 4.350000e+02
    endloop
  endfacet
  facet normal 4.063907e-01 9.136994e-01 1.443790e-16
    outer loop
      vertex   3.109834e+00 3.127128e+01 4.350000e+02
      vertex   2.574653e+00 3.150931e+01 4.375000e+02
      vertex   3.109834e+00 3.127128e+01 4.375000e+02
    endloop
  endfacet
  facet normal 4.813554e-01 8.765255e-01 1.710118e-16
    outer loop
      vertex   3.109834e+00 3.127128e+01 4.350000e+02
      vertex   3.109834e+00 3.127128e+01 4.375000e+02
      vertex   3.623241e+00 3.098933e+01 4.350000e+02
    endloop
  endfacet
  facet normal 4.813554e-01 8.765255e-01 8.550589e-17
    outer loop
      vertex   3.623241e+00 3.098933e+01 4.350000e+02
      vertex   3.109834e+00 3.127128e+01 4.375000e+02
      vertex   3.623241e+00 3.098933e+01 4.375000e+02
    endloop
  endfacet
  facet normal 5.529499e-01 8.332145e-01 9.822363e-17
    outer loop
      vertex   3.623241e+00 3.098933e+01 4.350000e+02
      vertex   3.623241e+00 3.098933e+01 4.375000e+02
      vertex   4.111279e+00 3.066546e+01 4.350000e+02
    endloop
  endfacet
  facet normal 5.529499e-01 8.332145e-01 -0.000000e+00
    outer loop
      vertex   4.111279e+00 3.066546e+01 4.350000e+02
      vertex   3.623241e+00 3.098933e+01 4.375000e+02
      vertex   4.111279e+00 3.066546e+01 4.375000e+02
    endloop
  endfacet
  facet normal 6.206728e-01 7.840697e-01 -0.000000e+00
    outer loop
      vertex   4.111279e+00 3.066546e+01 4.350000e+02
      vertex   4.111279e+00 3.066546e+01 4.375000e+02
      vertex   4.570532e+00 3.030191e+01 4.350000e+02
    endloop
  endfacet
  facet normal 6.206728e-01 7.840697e-01 -0.000000e+00
    outer loop
      vertex   4.570532e+00 3.030191e+01 4.350000e+02
      vertex   4.111279e+00 3.066546e+01 4.375000e+02
      vertex   4.570532e+00 3.030191e+01 4.375000e+02
    endloop
  endfacet
  facet normal 6.840500e-01 7.294351e-01 -0.000000e+00
    outer loop
      vertex   4.570532e+00 3.030191e+01 4.350000e+02
      vertex   4.570532e+00 3.030191e+01 4.375000e+02
      vertex   4.997783e+00 2.990124e+01 4.350000e+02
    endloop
  endfacet
  facet normal 6.840500e-01 7.294351e-01 3.075194e-16
    outer loop
      vertex   4.997783e+00 2.990124e+01 4.350000e+02
      vertex   4.570532e+00 3.030191e+01 4.375000e+02
      vertex   4.997783e+00 2.990124e+01 4.375000e+02
    endloop
  endfacet
  facet normal 7.426378e-01 6.696933e-01 1.601775e-16
    outer loop
      vertex   4.997783e+00 2.990124e+01 4.350000e+02
      vertex   4.997783e+00 2.990124e+01 4.375000e+02
      vertex   5.390043e+00 2.946626e+01 4.350000e+02
    endloop
  endfacet
  facet normal 7.426378e-01 6.696933e-01 -1.055352e-15
    outer loop
      vertex   5.390043e+00 2.946626e+01 4.350000e+02
      vertex   4.997783e+00 2.990124e+01 4.375000e+02
      vertex   5.390043e+00 2.946626e+01 4.375000e+02
    endloop
  endfacet
  facet normal 7.960259e-01 6.052625e-01 -1.131221e-15
    outer loop
      vertex   5.390043e+00 2.946626e+01 4.350000e+02
      vertex   5.390043e+00 2.946626e+01 4.375000e+02
      vertex   5.744563e+00 2.900000e+01 4.350000e+02
    endloop
  endfacet
  facet normal 7.960259e-01 6.052625e-01 -2.828052e-15
    outer loop
      vertex   5.744563e+00 2.900000e+01 4.350000e+02
      vertex   5.390043e+00 2.946626e+01 4.375000e+02
      vertex   5.744563e+00 2.900000e+01 4.375000e+02
    endloop
  endfacet
  facet normal 0.000000e+00 1.000000e+00 0.000000e+00
    outer loop
      vertex   1.500000e+01 2.900000e+01 4.325000e+02
      vertex   1.500000e+01 2.900000e+01 4.300000e+02
      vertex   1.200000e+01 2.900000e+01 4.325000e+02
    endloop
  endfacet
  facet normal 0.000000e+00 1.000000e+00 0.000000e+00
    outer loop
      vertex   1.200000e+01 2.900000e+01 4.325000e+02
      vertex   1.500000e+01 2.900000e+01 4.300000e+02
      vertex   9.000000e+00 2.900000e+01 4.300000e+02
    endloop
  endfacet
  facet normal 0.000000e+00 1.000000e+00 0.000000e+00
    outer loop
      vertex   1.200000e+01 2.900000e+01 4.325000e+02
      vertex   9.000000e+00 2.900000e+01 4.300000e+02
      vertex   9.000000e+00 2.900000e+01 4.350000e+02
    endloop
  endfacet
  facet normal 0.000000e+00 1.000000e+00 0.000000e+00
    outer loop
      vertex   5.744563e+00 2.900000e+01 4.350000e+02
      vertex   5.744563e+00 2.900000e+01 4.375000e+02
      vertex   9.000000e+00 2.900000e+01 4.350000e+02
    endloop
  endfacet
  facet normal 0.000000e+00 1.000000e+00 -0.000000e+00
    outer loop
      vertex   9.000000e+00 2.900000e+01 4.350000e+02
      vertex   5.744563e+00 2.900000e+01 4.375000e+02
      vertex   1.200000e+01 2.900000e+01 4.375000e+02
    endloop
  endfacet
  facet normal -0.000000e+00 1.000000e+00 0.000000e+00
    outer loop
      vertex   9.000000e+00 2.900000e+01 4.350000e+02
      vertex   1.200000e+01 2.900000e+01 4.375000e+02
      vertex   1.200000e+01 2.900000e+01 4.325000e+02
    endloop
  endfacet
  facet normal 1.000000e+00 0.000000e+00 0.000000e+00
    outer loop
      vertex   1.200000e+01 2.900000e+01 4.375000e+02
      vertex   1.200000e+01 2.300000e+01 4.375000e+02
      vertex   1.200000e+01 2.900000e+01 4.325000e+02
    endloop
  endfacet
  facet normal 1.000000e+00 0.000000e+00 0.000000e+00
    outer loop
      vertex   1.200000e+01 2.900000e+01 4.325000e+02
      vertex   1.200000e+01 2.300000e+01 4.375000e+02
      vertex   1.200000e+01 2.300000e+01 4.325000e+02
    endloop
  endfacet
  facet normal 1.000000e+00 0.000000e+00 0.000000e+00
    outer loop
      vertex   -9.000000e+00 2.900000e+01 4.350000e+02
      vertex   -9.000000e+00 2.300000e+01 4.350000e+02
      vertex   -9.000000e+00 2.900000e+01 4.300000e+02
    endloop
  endfacet
  facet normal 1.000000e+00 0.000000e+00 0.000000e+00
    outer loop
      vertex   -9.000000e+00 2.900000e+01 4.300000e+02
      vertex   -9.000000e+00 2.300000e+01 4.350000e+02
      vertex   -9.000000e+00 2.300000e+01 4.300000e+02
    endloop
  endfacet
  facet normal 0.000000e+00 -1.000000e+00 -1.788139e-08
    outer loop
      vertex   -1.500000e+01 2.300000e+01 4.325000e+02
      vertex   -1.500000e+01 2.300000e+01 4.300000e+02
      vertex   -1.200000e+01 2.300000e+01 4.325000e+02
    endloop
  endfacet
  facet normal -1.117587e-08 -1.000000e+00 -4.470348e-09
    outer loop
      vertex   -1.200000e+01 2.300000e+01 4.325000e+02
      vertex   -1.500000e+01 2.300000e+01 4.300000e+02
      vertex   -1.100000e+01 2.300000e+01 4.300000e+02
    endloop
  endfacet
  facet normal 1.285462e-08 -1.000000e+00 5.141850e-09
    outer loop
      vertex   -1.200000e+01 2.300000e+01 4.325000e+02
      vertex   -1.100000e+01 2.300000e+01 4.300000e+02
      vertex   -1.100000e+01 2.300000e+01 4.345000e+02
    endloop
  endfacet
  facet normal 2.744241e-08 -1.000000e+00 -2.152041e-09
    outer loop
      vertex   -1.100000e+01 2.300000e+01 4.345000e+02
      vertex   -1.097861e+01 2.300000e+01 4.348263e+02
      vertex   -1.200000e+01 2.300000e+01 4.325000e+02
    endloop
  endfacet
  facet normal 2.254091e-08 -1.000000e+00 0.000000e+00
    outer loop
      vertex   -1.200000e+01 2.300000e+01 4.325000e+02
      vertex   -1.097861e+01 2.300000e+01 4.348263e+02
      vertex   -1.200000e+01 2.300000e+01 4.375000e+02
    endloop
  endfacet
  facet normal 1.297680e-08 -1.000000e+00 -3.653633e-09
    outer loop
      vertex   -1.200000e+01 2.300000e+01 4.375000e+02
      vertex   -1.097861e+01 2.300000e+01 4.348263e+02
      vertex   -1.091481e+01 2.300000e+01 4.351470e+02
    endloop
  endfacet
  facet normal 9.752572e-09 -1.000000e+00 -5.140654e-09
    outer loop
      vertex   -1.200000e+01 2.300000e+01 4.375000e+02
      vertex   -1.091481e+01 2.300000e+01 4.351470e+02
      vertex   -1.080970e+01 2.300000e+01 4.354567e+02
    endloop
  endfacet
  facet normal -7.634738e-09 -1.000000e+00 -1.526948e-08
    outer loop
      vertex   -1.200000e+01 2.300000e+01 4.375000e+02
      vertex   -1.080970e+01 2.300000e+01 4.354567e+02
      vertex   -1.100000e+01 2.300000e+01 4.370000e+02
    endloop
  endfacet
  facet normal 1.892981e-08 -1.000000e+00 -1.199384e-08
    outer loop
      vertex   -1.100000e+01 2.300000e+01 4.370000e+02
      vertex   -1.080970e+01 2.300000e+01 4.354567e+02
      vertex   -1.066506e+01 2.300000e+01 4.357500e+02
    endloop
  endfacet
  facet normal 1.438235e-08 -1.000000e+00 -1.321233e-08
    outer loop
      vertex   -1.100000e+01 2.300000e+01 4.370000e+02
      vertex   -1.066506e+01 2.300000e+01 4.357500e+02
      vertex   -1.048338e+01 2.300000e+01 4.360219e+02
    endloop
  endfacet
  facet normal 1.144412e-08 -1.000000e+00 -1.476426e-08
    outer loop
      vertex   -1.048338e+01 2.300000e+01 4.360219e+02
      vertex   -1.026777e+01 2.300000e+01 4.362678e+02
      vertex   -1.100000e+01 2.300000e+01 4.370000e+02
    endloop
  endfacet
  facet normal 9.372967e-09 -1.000000e+00 -1.683541e-08
    outer loop
      vertex   -1.100000e+01 2.300000e+01 4.370000e+02
      vertex   -1.026777e+01 2.300000e+01 4.362678e+02
      vertex   -1.002190e+01 2.300000e+01 4.364834e+02
    endloop
  endfacet
  facet normal 7.821042e-09 -1.000000e+00 -1.977363e-08
    outer loop
      vertex   -1.100000e+01 2.300000e+01 4.370000e+02
      vertex   -1.002190e+01 2.300000e+01 4.364834e+02
      vertex   -9.750000e+00 2.300000e+01 4.366651e+02
    endloop
  endfacet
  facet normal 6.602549e-09 -1.000000e+00 -2.432111e-08
    outer loop
      vertex   -9.750000e+00 2.300000e+01 4.366651e+02
      vertex   -9.456709e+00 2.300000e+01 4.368097e+02
      vertex   -1.100000e+01 2.300000e+01 4.370000e+02
    endloop
  endfacet
  facet normal 5.606531e-09 -1.000000e+00 -3.239855e-08
    outer loop
      vertex   -1.100000e+01 2.300000e+01 4.370000e+02
      vertex   -9.456709e+00 2.300000e+01 4.368097e+02
      vertex   -9.147048e+00 2.300000e+01 4.369148e+02
    endloop
  endfacet
  facet normal 4.751717e-09 -1.000000e+00 -5.099244e-08
    outer loop
      vertex   -1.100000e+01 2.300000e+01 4.370000e+02
      vertex   -9.147048e+00 2.300000e+01 4.369148e+02
      vertex   -8.826316e+00 2.300000e+01 4.369786e+02
    endloop
  endfacet
  facet normal 1.284140e-25 -1.000000e+00 -5.339178e-07
    outer loop
      vertex   -8.826316e+00 2.300000e+01 4.369786e+02
      vertex   -8.500000e+00 2.300000e+01 4.370000e+02
      vertex   -1.100000e+01 2.300000e+01 4.370000e+02
    endloop
  endfacet
  facet normal 0.000000e+00 -1.000000e+00 0.000000e+00
    outer loop
      vertex   -1.100000e+01 2.300000e+01 4.370000e+02
      vertex   -1.100000e+01 2.300000e+01 4.375000e+02
      vertex   -1.200000e+01 2.300000e+01 4.375000e+02
    endloop
  endfacet
  facet normal 0.000000e+00 0.000000e+00 -1.000000e+00
    outer loop
      vertex   9.000000e+00 2.300000e+01 4.350000e+02
      vertex   6.708204e+00 2.300000e+01 4.350000e+02
      vertex   9.000000e+00 2.900000e+01 4.350000e+02
    endloop
  endfacet
  facet normal -0.000000e+00 0.000000e+00 -1.000000e+00
    outer loop
      vertex   9.000000e+00 2.900000e+01 4.350000e+02
      vertex   6.708204e+00 2.300000e+01 4.350000e+02
      vertex   5.744563e+00 2.900000e+01 4.350000e+02
    endloop
  endfacet
  facet normal -0.000000e+00 -0.000000e+00 -1.000000e+00
    outer loop
      vertex   5.744563e+00 2.900000e+01 4.350000e+02
      vertex   6.708204e+00 2.300000e+01 4.350000e+02
      vertex   -5.744563e+00 2.900000e+01 4.350000e+02
    endloop
  endfacet
  facet normal 0.000000e+00 0.000000e+00 -1.000000e+00
    outer loop
      vertex   5.744563e+00 2.900000e+01 4.350000e+02
      vertex   -5.744563e+00 2.900000e+01 4.350000e+02
      vertex   5.390043e+00 2.946626e+01 4.350000e+02
    endloop
  endfacet
  facet normal 0.000000e+00 0.000000e+00 -1.000000e+00
    outer loop
      vertex   5.390043e+00 2.946626e+01 4.350000e+02
      vertex   -5.744563e+00 2.900000e+01 4.350000e+02
      vertex   -5.390043e+00 2.946626e+01 4.350000e+02
    endloop
  endfacet
  facet normal -0.000000e+00 0.000000e+00 -1.000000e+00
    outer loop
      vertex   5.390043e+00 2.946626e+01 4.350000e+02
      vertex   -5.390043e+00 2.946626e+01 4.350000e+02
      vertex   4.997783e+00 2.990124e+01 4.350000e+02
    endloop
  endfacet
  facet normal 0.000000e+00 0.000000e+00 -1.000000e+00
    outer loop
      vertex   4.997783e+00 2.990124e+01 4.350000e+02
      vertex   -5.390043e+00 2.946626e+01 4.350000e+02
      vertex   -4.997783e+00 2.990124e+01 4.350000e+02
    endloop
  endfacet
  facet normal -0.000000e+00 0.000000e+00 -1.000000e+00
    outer loop
      vertex   4.997783e+00 2.990124e+01 4.350000e+02
      vertex   -4.997783e+00 2.990124e+01 4.350000e+02
      vertex   4.570532e+00 3.030191e+01 4.350000e+02
    endloop
  endfacet
  facet normal 0.000000e+00 0.000000e+00 -1.000000e+00
    outer loop
      vertex   4.570532e+00 3.030191e+01 4.350000e+02
      vertex   -4.997783e+00 2.990124e+01 4.350000e+02
      vertex   -4.570532e+00 3.030191e+01 4.350000e+02
    endloop
  endfacet
  facet normal -0.000000e+00 0.000000e+00 -1.000000e+00
    outer loop
      vertex   4.570532e+00 3.030191e+01 4.350000e+02
      vertex   -4.570532e+00 3.030191e+01 4.350000e+02
      vertex   4.111279e+00 3.066546e+01 4.350000e+02
    endloop
  endfacet
  facet normal 0.000000e+00 0.000000e+00 -1.000000e+00
    outer loop
      vertex   4.111279e+00 3.066546e+01 4.350000e+02
      vertex   -4.570532e+00 3.030191e+01 4.350000e+02
      vertex   -4.111279e+00 3.066546e+01 4.350000e+02
    endloop
  endfacet
  facet normal -0.000000e+00 0.000000e+00 -1.000000e+00
    outer loop
      vertex   4.111279e+00 3.066546e+01 4.350000e+02
      vertex   -4.111279e+00 3.066546e+01 4.350000e+02
      vertex   3.623241e+00 3.098933e+01 4.350000e+02
    endloop
  endfacet
  facet normal 0.000000e+00 0.000000e+00 -1.000000e+00
    outer loop
      vertex   3.623241e+00 3.098933e+01 4.350000e+02
      vertex   -4.111279e+00 3.066546e+01 4.350000e+02
      vertex   -3.623241e+00 3.098933e+01 4.350000e+02
    endloop
  endfacet
  facet normal -0.000000e+00 0.000000e+00 -1.000000e+00
    outer loop
      vertex   3.623241e+00 3.098933e+01 4.350000e+02
      vertex   -3.623241e+00 3.098933e+01 4.350000e+02
      vertex   3.109834e+00 3.127128e+01 4.350000e+02
    endloop
  endfacet
  facet normal 0.000000e+00 0.000000e+00 -1.000000e+00
    outer loop
      vertex   3.109834e+00 3.127128e+01 4.350000e+02
      vertex   -3.623241e+00 3.098933e+01 4.350000e+02
      vertex   -3.109834e+00 3.127128e+01 4.350000e+02
    endloop
  endfacet
  facet normal -0.000000e+00 0.000000e+00 -1.000000e+00
    outer loop
      vertex   3.109834e+00 3.127128e+01 4.350000e+02
      vertex   -3.109834e+00 3.127128e+01 4.350000e+02
      vertex   2.574653e+00 3.150931e+01 4.350000e+02
    endloop
  endfacet
  facet normal 0.000000e+00 0.000000e+00 -1.000000e+00
    outer loop
      vertex   2.574653e+00 3.150931e+01 4.350000e+02
      vertex   -3.109834e+00 3.127128e+01 4.350000e+02
      vertex   -2.574653e+00 3.150931e+01 4.350000e+02
    endloop
  endfacet
  facet normal -0.000000e+00 0.000000e+00 -1.000000e+00
    outer loop
      vertex   2.574653e+00 3.150931e+01 4.350000e+02
      vertex   -2.574653e+00 3.150931e+01 4.350000e+02
      vertex   2.021446e+00 3.170177e+01 4.350000e+02
    endloop
  endfacet
  facet normal -0.000000e+00 0.000000e+00 -1.000000e+00
    outer loop
      vertex   2.021446e+00 3.170177e+01 4.350000e+02
      vertex   -2.574653e+00 3.150931e+01 4.350000e+02
      vertex   -2.021446e+00 3.170177e+01 4.350000e+02
    endloop
  endfacet
  facet normal 0.000000e+00 0.000000e+00 -1.000000e+00
    outer loop
      vertex   2.021446e+00 3.170177e+01 4.350000e+02
      vertex   -2.021446e+00 3.170177e+01 4.350000e+02
      vertex   1.454085e+00 3.184731e+01 4.350000e+02
    endloop
  endfacet
  facet normal -0.000000e+00 0.000000e+00 -1.000000e+00
    outer loop
      vertex   1.454085e+00 3.184731e+01 4.350000e+02
      vertex   -2.021446e+00 3.170177e+01 4.350000e+02
      vertex   -1.454085e+00 3.184731e+01 4.350000e+02
    endloop
  endfacet
  facet normal 0.000000e+00 0.000000e+00 -1.000000e+00
    outer loop
      vertex   1.454085e+00 3.184731e+01 4.350000e+02
      vertex   -1.454085e+00 3.184731e+01 4.350000e+02
      vertex   8.765436e-01 3.194490e+01 4.350000e+02
    endloop
  endfacet
  facet normal 0.000000e+00 0.000000e+00 -1.000000e+00
    outer loop
      vertex   8.765436e-01 3.194490e+01 4.350000e+02
      vertex   -1.454085e+00 3.184731e+01 4.350000e+02
      vertex   -8.765436e-01 3.194490e+01 4.350000e+02
    endloop
  endfacet
  facet normal -0.000000e+00 0.000000e+00 -1.000000e+00
    outer loop
      vertex   8.765436e-01 3.194490e+01 4.350000e+02
      vertex   -8.765436e-01 3.194490e+01 4.350000e+02
      vertex   2.928647e-01 3.199387e+01 4.350000e+02
    endloop
  endfacet
  facet normal -0.000000e+00 0.000000e+00 -1.000000e+00
    outer loop
      vertex   2.928647e-01 3.199387e+01 4.350000e+02
      vertex   -8.765436e-01 3.194490e+01 4.350000e+02
      vertex   -2.928647e-01 3.199387e+01 4.350000e+02
    endloop
  endfacet
  facet normal 0.000000e+00 0.000000e+00 -1.000000e+00
    outer loop
      vertex   6.520198e+00 2.245304e+01 4.350000e+02
      vertex   -6.520198e+00 2.245304e+01 4.350000e+02
      vertex   6.708204e+00 2.300000e+01 4.350000e+02
    endloop
  endfacet
  facet normal -0.000000e+00 0.000000e+00 -1.000000e+00
    outer loop
      vertex   6.708204e+00 2.300000e+01 4.350000e+02
      vertex   -6.520198e+00 2.245304e+01 4.350000e+02
      vertex   -6.708204e+00 2.300000e+01 4.350000e+02
    endloop
  endfacet
  facet normal 0.000000e+00 0.000000e+00 -1.000000e+00
    outer loop
      vertex   6.708204e+00 2.300000e+01 4.350000e+02
      vertex   -6.708204e+00 2.300000e+01 4.350000e+02
      vertex   -5.744563e+00 2.900000e+01 4.350000e+02
    endloop
  endfacet
  facet normal 0.000000e+00 0.000000e+00 -1.000000e+00
    outer loop
      vertex   -5.744563e+00 2.900000e+01 4.350000e+02
      vertex   -6.708204e+00 2.300000e+01 4.350000e+02
      vertex   -8.500000e+00 2.900000e+01 4.350000e+02
    endloop
  endfacet
  facet normal 0.000000e+00 -0.000000e+00 -1.000000e+00
    outer loop
      vertex   -8.500000e+00 2.900000e+01 4.350000e+02
      vertex   -6.708204e+00 2.300000e+01 4.350000e+02
      vertex   -9.000000e+00 2.300000e+01 4.350000e+02
    endloop
  endfacet
  facet normal -0.000000e+00 0.000000e+00 -1.000000e+00
    outer loop
      vertex   -8.500000e+00 2.900000e+01 4.350000e+02
      vertex   -9.000000e+00 2.300000e+01 4.350000e+02
      vertex   -9.000000e+00 2.900000e+01 4.350000e+02
    endloop
  endfacet
  facet normal 0.000000e+00 0.000000e+00 -1.000000e+00
    outer loop
      vertex   -6.520198e+00 2.245304e+01 4.350000e+02
      vertex   6.520198e+00 2.245304e+01 4.350000e+02
      vertex   -6.287680e+00 2.192346e+01 4.350000e+02
    endloop
  endfacet
  facet normal 0.000000e+00 0.000000e+00 -1.000000e+00
    outer loop
      vertex   -6.287680e+00 2.192346e+01 4.350000e+02
      vertex   6.520198e+00 2.245304e+01 4.350000e+02
      vertex   6.287680e+00 2.192346e+01 4.350000e+02
    endloop
  endfacet
  facet normal 0.000000e+00 0.000000e+00 -1.000000e+00
    outer loop
      vertex   -6.287680e+00 2.192346e+01 4.350000e+02
      vertex   6.287680e+00 2.192346e+01 4.350000e+02
      vertex   -6.012237e+00 2.141489e+01 4.350000e+02
    endloop
  endfacet
  facet normal 0.000000e+00 0.000000e+00 -1.000000e+00
    outer loop
      vertex   -6.012237e+00 2.141489e+01 4.350000e+02
      vertex   6.287680e+00 2.192346e+01 4.350000e+02
      vertex   6.012237e+00 2.141489e+01 4.350000e+02
    endloop
  endfacet
  facet normal 0.000000e+00 0.000000e+00 -1.000000e+00
    outer loop
      vertex   -6.012237e+00 2.141489e+01 4.350000e+02
      vertex   6.012237e+00 2.141489e+01 4.350000e+02
      vertex   -5.695750e+00 2.093080e+01 4.350000e+02
    endloop
  endfacet
  facet normal 0.000000e+00 0.000000e+00 -1.000000e+00
    outer loop
      vertex   -5.695750e+00 2.093080e+01 4.350000e+02
      vertex   6.012237e+00 2.141489e+01 4.350000e+02
      vertex   5.695750e+00 2.093080e+01 4.350000e+02
    endloop
  endfacet
  facet normal 0.000000e+00 0.000000e+00 -1.000000e+00
    outer loop
      vertex   -5.695750e+00 2.093080e+01 4.350000e+02
      vertex   5.695750e+00 2.093080e+01 4.350000e+02
      vertex   -5.340379e+00 2.047448e+01 4.350000e+02
    endloop
  endfacet
  facet normal 0.000000e+00 0.000000e+00 -1.000000e+00
    outer loop
      vertex   -5.340379e+00 2.047448e+01 4.350000e+02
      vertex   5.695750e+00 2.093080e+01 4.350000e+02
      vertex   5.340379e+00 2.047448e+01 4.350000e+02
    endloop
  endfacet
  facet normal 0.000000e+00 0.000000e+00 -1.000000e+00
    outer loop
      vertex   -5.340379e+00 2.047448e+01 4.350000e+02
      vertex   5.340379e+00 2.047448e+01 4.350000e+02
      vertex   -4.948551e+00 2.004906e+01 4.350000e+02
    endloop
  endfacet
  facet normal 0.000000e+00 0.000000e+00 -1.000000e+00
    outer loop
      vertex   -4.948551e+00 2.004906e+01 4.350000e+02
      vertex   5.340379e+00 2.047448e+01 4.350000e+02
      vertex   4.948551e+00 2.004906e+01 4.350000e+02
    endloop
  endfacet
  facet normal 0.000000e+00 0.000000e+00 -1.000000e+00
    outer loop
      vertex   -4.948551e+00 2.004906e+01 4.350000e+02
      vertex   4.948551e+00 2.004906e+01 4.350000e+02
      vertex   -4.522939e+00 1.965743e+01 4.350000e+02
    endloop
  endfacet
  facet normal 0.000000e+00 0.000000e+00 -1.000000e+00
    outer loop
      vertex   -4.522939e+00 1.965743e+01 4.350000e+02
      vertex   4.948551e+00 2.004906e+01 4.350000e+02
      vertex   4.522939e+00 1.965743e+01 4.350000e+02
    endloop
  endfacet
  facet normal 0.000000e+00 0.000000e+00 -1.000000e+00
    outer loop
      vertex   -4.522939e+00 1.965743e+01 4.350000e+02
      vertex   4.522939e+00 1.965743e+01 4.350000e+02
      vertex   -4.066450e+00 1.930228e+01 4.350000e+02
    endloop
  endfacet
  facet normal 0.000000e+00 0.000000e+00 -1.000000e+00
    outer loop
      vertex   -4.066450e+00 1.930228e+01 4.350000e+02
      vertex   4.522939e+00 1.965743e+01 4.350000e+02
      vertex   4.066450e+00 1.930228e+01 4.350000e+02
    endloop
  endfacet
  facet normal 0.000000e+00 0.000000e+00 -1.000000e+00
    outer loop
      vertex   -4.066450e+00 1.930228e+01 4.350000e+02
      vertex   4.066450e+00 1.930228e+01 4.350000e+02
      vertex   -3.582200e+00 1.898603e+01 4.350000e+02
    endloop
  endfacet
  facet normal 0.000000e+00 0.000000e+00 -1.000000e+00
    outer loop
      vertex   -3.582200e+00 1.898603e+01 4.350000e+02
      vertex   4.066450e+00 1.930228e+01 4.350000e+02
      vertex   3.582200e+00 1.898603e+01 4.350000e+02
    endloop
  endfacet
  facet normal 0.000000e+00 0.000000e+00 -1.000000e+00
    outer loop
      vertex   -3.582200e+00 1.898603e+01 4.350000e+02
      vertex   3.582200e+00 1.898603e+01 4.350000e+02
      vertex   -3.073496e+00 1.871083e+01 4.350000e+02
    endloop
  endfacet
  facet normal 0.000000e+00 0.000000e+00 -1.000000e+00
    outer loop
      vertex   -3.073496e+00 1.871083e+01 4.350000e+02
      vertex   3.582200e+00 1.898603e+01 4.350000e+02
      vertex   3.073496e+00 1.871083e+01 4.350000e+02
    endloop
  endfacet
  facet normal 0.000000e+00 0.000000e+00 -1.000000e+00
    outer loop
      vertex   -3.073496e+00 1.871083e+01 4.350000e+02
      vertex   3.073496e+00 1.871083e+01 4.350000e+02
      vertex   -2.543809e+00 1.847857e+01 4.350000e+02
    endloop
  endfacet
  facet normal 0.000000e+00 0.000000e+00 -1.000000e+00
    outer loop
      vertex   -2.543809e+00 1.847857e+01 4.350000e+02
      vertex   3.073496e+00 1.871083e+01 4.350000e+02
      vertex   2.543809e+00 1.847857e+01 4.350000e+02
    endloop
  endfacet
  facet normal 0.000000e+00 0.000000e+00 -1.000000e+00
    outer loop
      vertex   -2.543809e+00 1.847857e+01 4.350000e+02
      vertex   2.543809e+00 1.847857e+01 4.350000e+02
      vertex   -1.996756e+00 1.829083e+01 4.350000e+02
    endloop
  endfacet
  facet normal 0.000000e+00 0.000000e+00 -1.000000e+00
    outer loop
      vertex   -1.996756e+00 1.829083e+01 4.350000e+02
      vertex   2.543809e+00 1.847857e+01 4.350000e+02
      vertex   1.996756e+00 1.829083e+01 4.350000e+02
    endloop
  endfacet
  facet normal 0.000000e+00 0.000000e+00 -1.000000e+00
    outer loop
      vertex   -1.996756e+00 1.829083e+01 4.350000e+02
      vertex   1.996756e+00 1.829083e+01 4.350000e+02
      vertex   -1.436071e+00 1.814889e+01 4.350000e+02
    endloop
  endfacet
  facet normal 0.000000e+00 0.000000e+00 -1.000000e+00
    outer loop
      vertex   -1.436071e+00 1.814889e+01 4.350000e+02
      vertex   1.996756e+00 1.829083e+01 4.350000e+02
      vertex   1.436071e+00 1.814889e+01 4.350000e+02
    endloop
  endfacet
  facet normal 0.000000e+00 0.000000e+00 -1.000000e+00
    outer loop
      vertex   -1.436071e+00 1.814889e+01 4.350000e+02
      vertex   1.436071e+00 1.814889e+01 4.350000e+02
      vertex   -8.655832e-01 1.805372e+01 4.350000e+02
    endloop
  endfacet
  facet normal 0.000000e+00 0.000000e+00 -1.000000e+00
    outer loop
      vertex   -8.655832e-01 1.805372e+01 4.350000e+02
      vertex   1.436071e+00 1.814889e+01 4.350000e+02
      vertex   8.655832e-01 1.805372e+01 4.350000e+02
    endloop
  endfacet
  facet normal 0.000000e+00 0.000000e+00 -1.000000e+00
    outer loop
      vertex   -8.655832e-01 1.805372e+01 4.350000e+02
      vertex   8.655832e-01 1.805372e+01 4.350000e+02
      vertex   -2.891858e-01 1.800598e+01 4.350000e+02
    endloop
  endfacet
  facet normal 0.000000e+00 0.000000e+00 -1.000000e+00
    outer loop
      vertex   -2.891858e-01 1.800598e+01 4.350000e+02
      vertex   8.655832e-01 1.805372e+01 4.350000e+02
      vertex   2.891858e-01 1.800598e+01 4.350000e+02
    endloop
  endfacet
  facet normal -1.000000e+00 -0.000000e+00 -0.000000e+00
    outer loop
      vertex   9.000000e+00 2.900000e+01 4.350000e+02
      vertex   9.000000e+00 2.900000e+01 4.300000e+02
      vertex   9.000000e+00 2.300000e+01 4.350000e+02
    endloop
  endfacet
  facet normal -1.000000e+00 0.000000e+00 0.000000e+00
    outer loop
      vertex   9.000000e+00 2.300000e+01 4.350000e+02
      vertex   9.000000e+00 2.900000e+01 4.300000e+02
      vertex   9.000000e+00 2.300000e+01 4.300000e+02
    endloop
  endfacet
  facet normal 3.172427e-15 -1.000000e+00 2.842171e-15
    outer loop
      vertex   -6.708204e+00 2.300000e+01 4.350000e+02
      vertex   -6.708204e+00 2.300000e+01 4.375000e+02
      vertex   -8.500000e+00 2.300000e+01 4.370000e+02
    endloop
  endfacet
  facet normal 1.655584e-15 -1.000000e+00 8.277918e-15
    outer loop
      vertex   -8.500000e+00 2.300000e+01 4.370000e+02
      vertex   -6.708204e+00 2.300000e+01 4.375000e+02
      vertex   -1.100000e+01 2.300000e+01 4.375000e+02
    endloop
  endfacet
  facet normal 0.000000e+00 -1.000000e+00 0.000000e+00
    outer loop
      vertex   -8.500000e+00 2.300000e+01 4.370000e+02
      vertex   -1.100000e+01 2.300000e+01 4.375000e+02
      vertex   -1.100000e+01 2.300000e+01 4.370000e+02
    endloop
  endfacet
  facet normal 0.000000e+00 -1.000000e+00 0.000000e+00
    outer loop
      vertex   -6.708204e+00 2.300000e+01 4.350000e+02
      vertex   -8.500000e+00 2.300000e+01 4.370000e+02
      vertex   -9.000000e+00 2.300000e+01 4.350000e+02
    endloop
  endfacet
  facet normal -3.557780e-08 -1.000000e+00 8.894449e-09
    outer loop
      vertex   -9.000000e+00 2.300000e+01 4.350000e+02
      vertex   -8.500000e+00 2.300000e+01 4.370000e+02
      vertex   -8.826316e+00 2.300000e+01 4.369786e+02
    endloop
  endfacet
  facet normal -6.655521e-09 -1.000000e+00 6.355623e-09
    outer loop
      vertex   -9.000000e+00 2.300000e+01 4.350000e+02
      vertex   -8.826316e+00 2.300000e+01 4.369786e+02
      vertex   -9.147048e+00 2.300000e+01 4.369148e+02
    endloop
  endfacet
  facet normal -7.526045e-09 -1.000000e+00 6.288772e-09
    outer loop
      vertex   -9.147048e+00 2.300000e+01 4.369148e+02
      vertex   -9.456709e+00 2.300000e+01 4.368097e+02
      vertex   -9.000000e+00 2.300000e+01 4.350000e+02
    endloop
  endfacet
  facet normal -8.385599e-09 -1.000000e+00 6.071848e-09
    outer loop
      vertex   -9.000000e+00 2.300000e+01 4.350000e+02
      vertex   -9.456709e+00 2.300000e+01 4.368097e+02
      vertex   -9.750000e+00 2.300000e+01 4.366651e+02
    endloop
  endfacet
  facet normal -9.202493e-09 -1.000000e+00 5.703892e-09
    outer loop
      vertex   -9.000000e+00 2.300000e+01 4.350000e+02
      vertex   -9.750000e+00 2.300000e+01 4.366651e+02
      vertex   -1.002190e+01 2.300000e+01 4.364834e+02
    endloop
  endfacet
  facet normal -9.944928e-09 -1.000000e+00 5.192428e-09
    outer loop
      vertex   -1.002190e+01 2.300000e+01 4.364834e+02
      vertex   -1.026777e+01 2.300000e+01 4.362678e+02
      vertex   -9.000000e+00 2.300000e+01 4.350000e+02
    endloop
  endfacet
  facet normal -1.058372e-08 -1.000000e+00 4.553636e-09
    outer loop
      vertex   -9.000000e+00 2.300000e+01 4.350000e+02
      vertex   -1.026777e+01 2.300000e+01 4.362678e+02
      vertex   -1.048338e+01 2.300000e+01 4.360219e+02
    endloop
  endfacet
  facet normal -1.109517e-08 -1.000000e+00 3.811215e-09
    outer loop
      vertex   -9.000000e+00 2.300000e+01 4.350000e+02
      vertex   -1.048338e+01 2.300000e+01 4.360219e+02
      vertex   -1.066506e+01 2.300000e+01 4.357500e+02
    endloop
  endfacet
  facet normal -1.146314e-08 -1.000000e+00 2.994304e-09
    outer loop
      vertex   -1.066506e+01 2.300000e+01 4.357500e+02
      vertex   -1.080970e+01 2.300000e+01 4.354567e+02
      vertex   -9.000000e+00 2.300000e+01 4.350000e+02
    endloop
  endfacet
  facet normal -1.168006e-08 -1.000000e+00 2.134745e-09
    outer loop
      vertex   -9.000000e+00 2.300000e+01 4.350000e+02
      vertex   -1.080970e+01 2.300000e+01 4.354567e+02
      vertex   -1.091481e+01 2.300000e+01 4.351470e+02
    endloop
  endfacet
  facet normal -1.174691e-08 -1.000000e+00 1.264220e-09
    outer loop
      vertex   -9.000000e+00 2.300000e+01 4.350000e+02
      vertex   -1.091481e+01 2.300000e+01 4.351470e+02
      vertex   -1.097861e+01 2.300000e+01 4.348263e+02
    endloop
  endfacet
  facet normal -1.167208e-08 -1.000000e+00 4.116573e-10
    outer loop
      vertex   -1.097861e+01 2.300000e+01 4.348263e+02
      vertex   -1.100000e+01 2.300000e+01 4.345000e+02
      vertex   -9.000000e+00 2.300000e+01 4.350000e+02
    endloop
  endfacet
  facet normal -1.156916e-08 -1.000000e+00 -0.000000e+00
    outer loop
      vertex   -9.000000e+00 2.300000e+01 4.350000e+02
      vertex   -1.100000e+01 2.300000e+01 4.345000e+02
      vertex   -9.000000e+00 2.300000e+01 4.300000e+02
    endloop
  endfacet
  facet normal 0.000000e+00 -1.000000e+00 5.141850e-09
    outer loop
      vertex   -9.000000e+00 2.300000e+01 4.300000e+02
      vertex   -1.100000e+01 2.300000e+01 4.345000e+02
      vertex   -1.100000e+01 2.300000e+01 4.300000e+02
    endloop
  endfacet
  facet normal 9.456932e-01 -3.250605e-01 -5.375644e-15
    outer loop
      vertex   6.708204e+00 2.300000e+01 4.350000e+02
      vertex   6.708204e+00 2.300000e+01 4.375000e+02
      vertex   6.520198e+00 2.245304e+01 4.350000e+02
    endloop
  endfacet
  facet normal 9.456932e-01 -3.250605e-01 -5.459944e-16
    outer loop
      vertex   6.520198e+00 2.245304e+01 4.350000e+02
      vertex   6.708204e+00 2.300000e+01 4.375000e+02
      vertex   6.520198e+00 2.245304e+01 4.375000e+02
    endloop
  endfacet
  facet normal 9.156301e-01 -4.020217e-01 -4.045843e-16
    outer loop
      vertex   6.520198e+00 2.245304e+01 4.350000e+02
      vertex   6.520198e+00 2.245304e+01 4.375000e+02
      vertex   6.287680e+00 2.192346e+01 4.350000e+02
    endloop
  endfacet
  facet normal 9.156301e-01 -4.020217e-01 2.460100e-16
    outer loop
      vertex   6.287680e+00 2.192346e+01 4.350000e+02
      vertex   6.520198e+00 2.245304e+01 4.375000e+02
      vertex   6.287680e+00 2.192346e+01 4.375000e+02
    endloop
  endfacet
  facet normal 8.793162e-01 -4.762384e-01 3.643795e-16
    outer loop
      vertex   6.287680e+00 2.192346e+01 4.350000e+02
      vertex   6.287680e+00 2.192346e+01 4.375000e+02
      vertex   6.012237e+00 2.141489e+01 4.350000e+02
    endloop
  endfacet
  facet normal 8.793162e-01 -4.762384e-01 7.287590e-16
    outer loop
      vertex   6.012237e+00 2.141489e+01 4.350000e+02
      vertex   6.287680e+00 2.192346e+01 4.375000e+02
      vertex   6.012237e+00 2.141489e+01 4.375000e+02
    endloop
  endfacet
  facet normal 8.369994e-01 -5.472038e-01 9.605229e-16
    outer loop
      vertex   6.012237e+00 2.141489e+01 4.350000e+02
      vertex   6.012237e+00 2.141489e+01 4.375000e+02
      vertex   5.695750e+00 2.093080e+01 4.350000e+02
    endloop
  endfacet
  facet normal 8.369994e-01 -5.472038e-01 4.802615e-16
    outer loop
      vertex   5.695750e+00 2.093080e+01 4.350000e+02
      vertex   6.012237e+00 2.141489e+01 4.375000e+02
      vertex   5.695750e+00 2.093080e+01 4.375000e+02
    endloop
  endfacet
  facet normal 7.889685e-01 -6.144336e-01 5.928648e-16
    outer loop
      vertex   5.695750e+00 2.093080e+01 4.350000e+02
      vertex   5.695750e+00 2.093080e+01 4.375000e+02
      vertex   5.340379e+00 2.047448e+01 4.350000e+02
    endloop
  endfacet
  facet normal 7.889685e-01 -6.144336e-01 5.928648e-16
    outer loop
      vertex   5.340379e+00 2.047448e+01 4.350000e+02
      vertex   5.695750e+00 2.093080e+01 4.375000e+02
      vertex   5.340379e+00 2.047448e+01 4.375000e+02
    endloop
  endfacet
  facet normal 7.355515e-01 -6.774688e-01 7.014207e-16
    outer loop
      vertex   5.340379e+00 2.047448e+01 4.350000e+02
      vertex   5.340379e+00 2.047448e+01 4.375000e+02
      vertex   4.948551e+00 2.004906e+01 4.350000e+02
    endloop
  endfacet
  facet normal 7.355515e-01 -6.774688e-01 4.401003e-16
    outer loop
      vertex   4.948551e+00 2.004906e+01 4.350000e+02
      vertex   5.340379e+00 2.047448e+01 4.375000e+02
      vertex   4.948551e+00 2.004906e+01 4.375000e+02
    endloop
  endfacet
  facet normal 6.771130e-01 -7.358790e-01 5.646292e-16
    outer loop
      vertex   4.948551e+00 2.004906e+01 4.350000e+02
      vertex   4.948551e+00 2.004906e+01 4.375000e+02
      vertex   4.522939e+00 1.965743e+01 4.350000e+02
    endloop
  endfacet
  facet normal 6.771130e-01 -7.358790e-01 -7.216766e-16
    outer loop
      vertex   4.522939e+00 1.965743e+01 4.350000e+02
      vertex   4.948551e+00 2.004906e+01 4.375000e+02
      vertex   4.522939e+00 1.965743e+01 4.375000e+02
    endloop
  endfacet
  facet normal 6.140520e-01 -7.892656e-01 -6.544653e-16
    outer loop
      vertex   4.522939e+00 1.965743e+01 4.350000e+02
      vertex   4.522939e+00 1.965743e+01 4.375000e+02
      vertex   4.066450e+00 1.930228e+01 4.350000e+02
    endloop
  endfacet
  facet normal 6.140520e-01 -7.892656e-01 -4.363102e-16
    outer loop
      vertex   4.066450e+00 1.930228e+01 4.350000e+02
      vertex   4.522939e+00 1.965743e+01 4.375000e+02
      vertex   4.066450e+00 1.930228e+01 4.375000e+02
    endloop
  endfacet
  facet normal 5.467990e-01 -8.372639e-01 -3.885241e-16
    outer loop
      vertex   4.066450e+00 1.930228e+01 4.350000e+02
      vertex   4.066450e+00 1.930228e+01 4.375000e+02
      vertex   3.582200e+00 1.898603e+01 4.350000e+02
    endloop
  endfacet
  facet normal 5.467990e-01 -8.372639e-01 -3.885241e-16
    outer loop
      vertex   3.582200e+00 1.898603e+01 4.350000e+02
      vertex   4.066450e+00 1.930228e+01 4.375000e+02
      vertex   3.582200e+00 1.898603e+01 4.375000e+02
    endloop
  endfacet
  facet normal 4.758131e-01 -8.795464e-01 -3.380855e-16
    outer loop
      vertex   3.582200e+00 1.898603e+01 4.350000e+02
      vertex   3.582200e+00 1.898603e+01 4.375000e+02
      vertex   3.073496e+00 1.871083e+01 4.350000e+02
    endloop
  endfacet
  facet normal 4.758131e-01 -8.795464e-01 0.000000e+00
    outer loop
      vertex   3.073496e+00 1.871083e+01 4.350000e+02
      vertex   3.582200e+00 1.898603e+01 4.375000e+02
      vertex   3.073496e+00 1.871083e+01 4.375000e+02
    endloop
  endfacet
  facet normal 4.015789e-01 -9.158244e-01 0.000000e+00
    outer loop
      vertex   3.073496e+00 1.871083e+01 4.350000e+02
      vertex   3.073496e+00 1.871083e+01 4.375000e+02
      vertex   2.543809e+00 1.847857e+01 4.350000e+02
    endloop
  endfacet
  facet normal 4.015789e-01 -9.158244e-01 -2.140042e-16
    outer loop
      vertex   2.543809e+00 1.847857e+01 4.350000e+02
      vertex   3.073496e+00 1.871083e+01 4.375000e+02
      vertex   2.543809e+00 1.847857e+01 4.375000e+02
    endloop
  endfacet
  facet normal 3.246032e-01 -9.458503e-01 -1.729833e-16
    outer loop
      vertex   2.543809e+00 1.847857e+01 4.350000e+02
      vertex   2.543809e+00 1.847857e+01 4.375000e+02
      vertex   1.996756e+00 1.829083e+01 4.350000e+02
    endloop
  endfacet
  facet normal 3.246032e-01 -9.458503e-01 1.113490e-15
    outer loop
      vertex   1.996756e+00 1.829083e+01 4.350000e+02
      vertex   2.543809e+00 1.847857e+01 4.375000e+02
      vertex   1.996756e+00 1.829083e+01 4.375000e+02
    endloop
  endfacet
  facet normal 2.454115e-01 -9.694190e-01 1.203252e-15
    outer loop
      vertex   1.996756e+00 1.829083e+01 4.350000e+02
      vertex   1.996756e+00 1.829083e+01 4.375000e+02
      vertex   1.436071e+00 1.814889e+01 4.350000e+02
    endloop
  endfacet
  facet normal 2.454115e-01 -9.694190e-01 1.246846e-15
    outer loop
      vertex   1.436071e+00 1.814889e+01 4.350000e+02
      vertex   1.996756e+00 1.829083e+01 4.375000e+02
      vertex   1.436071e+00 1.814889e+01 4.375000e+02
    endloop
  endfacet
  facet normal 1.645444e-01 -9.863697e-01 1.314029e-15
    outer loop
      vertex   1.436071e+00 1.814889e+01 4.350000e+02
      vertex   1.436071e+00 1.814889e+01 4.375000e+02
      vertex   8.655832e-01 1.805372e+01 4.350000e+02
    endloop
  endfacet
  facet normal 1.645444e-01 -9.863697e-01 -1.023013e-16
    outer loop
      vertex   8.655832e-01 1.805372e+01 4.350000e+02
      vertex   1.436071e+00 1.814889e+01 4.375000e+02
      vertex   8.655832e-01 1.805372e+01 4.375000e+02
    endloop
  endfacet
  facet normal 8.255398e-02 -9.965866e-01 -5.132587e-17
    outer loop
      vertex   8.655832e-01 1.805372e+01 4.350000e+02
      vertex   8.655832e-01 1.805372e+01 4.375000e+02
      vertex   2.891858e-01 1.800598e+01 4.350000e+02
    endloop
  endfacet
  facet normal 8.255398e-02 -9.965866e-01 0.000000e+00
    outer loop
      vertex   2.891858e-01 1.800598e+01 4.350000e+02
      vertex   8.655832e-01 1.805372e+01 4.375000e+02
      vertex   2.891858e-01 1.800598e+01 4.375000e+02
    endloop
  endfacet
  facet normal -6.142614e-15 -1.000000e+00 0.000000e+00
    outer loop
      vertex   2.891858e-01 1.800598e+01 4.350000e+02
      vertex   2.891858e-01 1.800598e+01 4.375000e+02
      vertex   -2.891858e-01 1.800598e+01 4.350000e+02
    endloop
  endfacet
  facet normal -6.142614e-15 -1.000000e+00 3.955409e-30
    outer loop
      vertex   -2.891858e-01 1.800598e+01 4.350000e+02
      vertex   2.891858e-01 1.800598e+01 4.375000e+02
      vertex   -2.891858e-01 1.800598e+01 4.375000e+02
    endloop
  endfacet
  facet normal -8.255398e-02 -9.965866e-01 5.315893e-17
    outer loop
      vertex   -2.891858e-01 1.800598e+01 4.350000e+02
      vertex   -2.891858e-01 1.800598e+01 4.375000e+02
      vertex   -8.655832e-01 1.805372e+01 4.350000e+02
    endloop
  endfacet
  facet normal -8.255398e-02 -9.965866e-01 0.000000e+00
    outer loop
      vertex   -8.655832e-01 1.805372e+01 4.350000e+02
      vertex   -2.891858e-01 1.800598e+01 4.375000e+02
      vertex   -8.655832e-01 1.805372e+01 4.375000e+02
    endloop
  endfacet
  facet normal -1.645444e-01 -9.863697e-01 0.000000e+00
    outer loop
      vertex   -8.655832e-01 1.805372e+01 4.350000e+02
      vertex   -8.655832e-01 1.805372e+01 4.375000e+02
      vertex   -1.436071e+00 1.814889e+01 4.350000e+02
    endloop
  endfacet
  facet normal -1.645444e-01 -9.863697e-01 1.169158e-16
    outer loop
      vertex   -1.436071e+00 1.814889e+01 4.350000e+02
      vertex   -8.655832e-01 1.805372e+01 4.375000e+02
      vertex   -1.436071e+00 1.814889e+01 4.375000e+02
    endloop
  endfacet
  facet normal -2.454115e-01 -9.694190e-01 1.743753e-16
    outer loop
      vertex   -1.436071e+00 1.814889e+01 4.350000e+02
      vertex   -1.436071e+00 1.814889e+01 4.375000e+02
      vertex   -1.996756e+00 1.829083e+01 4.350000e+02
    endloop
  endfacet
  facet normal -2.454115e-01 -9.694190e-01 1.246846e-15
    outer loop
      vertex   -1.996756e+00 1.829083e+01 4.350000e+02
      vertex   -1.436071e+00 1.814889e+01 4.375000e+02
      vertex   -1.996756e+00 1.829083e+01 4.375000e+02
    endloop
  endfacet
  facet normal -3.246032e-01 -9.458503e-01 1.171151e-15
    outer loop
      vertex   -1.996756e+00 1.829083e+01 4.350000e+02
      vertex   -1.996756e+00 1.829083e+01 4.375000e+02
      vertex   -2.543809e+00 1.847857e+01 4.350000e+02
    endloop
  endfacet
  facet normal -3.246032e-01 -9.458503e-01 0.000000e+00
    outer loop
      vertex   -2.543809e+00 1.847857e+01 4.350000e+02
      vertex   -1.996756e+00 1.829083e+01 4.375000e+02
      vertex   -2.543809e+00 1.847857e+01 4.375000e+02
    endloop
  endfacet
  facet normal -4.015789e-01 -9.158244e-01 0.000000e+00
    outer loop
      vertex   -2.543809e+00 1.847857e+01 4.350000e+02
      vertex   -2.543809e+00 1.847857e+01 4.375000e+02
      vertex   -3.073496e+00 1.871083e+01 4.350000e+02
    endloop
  endfacet
  facet normal -4.015789e-01 -9.158244e-01 0.000000e+00
    outer loop
      vertex   -3.073496e+00 1.871083e+01 4.350000e+02
      vertex   -2.543809e+00 1.847857e+01 4.375000e+02
      vertex   -3.073496e+00 1.871083e+01 4.375000e+02
    endloop
  endfacet
  facet normal -4.758131e-01 -8.795464e-01 0.000000e+00
    outer loop
      vertex   -3.073496e+00 1.871083e+01 4.350000e+02
      vertex   -3.073496e+00 1.871083e+01 4.375000e+02
      vertex   -3.582200e+00 1.898603e+01 4.350000e+02
    endloop
  endfacet
  facet normal -4.758131e-01 -8.795464e-01 -5.071283e-16
    outer loop
      vertex   -3.582200e+00 1.898603e+01 4.350000e+02
      vertex   -3.073496e+00 1.871083e+01 4.375000e+02
      vertex   -3.582200e+00 1.898603e+01 4.375000e+02
    endloop
  endfacet
  facet normal -5.467990e-01 -8.372639e-01 -5.827861e-16
    outer loop
      vertex   -3.582200e+00 1.898603e+01 4.350000e+02
      vertex   -3.582200e+00 1.898603e+01 4.375000e+02
      vertex   -4.066450e+00 1.930228e+01 4.350000e+02
    endloop
  endfacet
  facet normal -5.467990e-01 -8.372639e-01 0.000000e+00
    outer loop
      vertex   -4.066450e+00 1.930228e+01 4.350000e+02
      vertex   -3.582200e+00 1.898603e+01 4.375000e+02
      vertex   -4.066450e+00 1.930228e+01 4.375000e+02
    endloop
  endfacet
  facet normal -6.140520e-01 -7.892656e-01 0.000000e+00
    outer loop
      vertex   -4.066450e+00 1.930228e+01 4.350000e+02
      vertex   -4.066450e+00 1.930228e+01 4.375000e+02
      vertex   -4.522939e+00 1.965743e+01 4.350000e+02
    endloop
  endfacet
  facet normal -6.140520e-01 -7.892656e-01 0.000000e+00
    outer loop
      vertex   -4.522939e+00 1.965743e+01 4.350000e+02
      vertex   -4.066450e+00 1.930228e+01 4.375000e+02
      vertex   -4.522939e+00 1.965743e+01 4.375000e+02
    endloop
  endfacet
  facet normal -6.771130e-01 -7.358790e-01 0.000000e+00
    outer loop
      vertex   -4.522939e+00 1.965743e+01 4.350000e+02
      vertex   -4.522939e+00 1.965743e+01 4.375000e+02
      vertex   -4.948551e+00 2.004906e+01 4.350000e+02
    endloop
  endfacet
  facet normal -6.771130e-01 -7.358790e-01 0.000000e+00
    outer loop
      vertex   -4.948551e+00 2.004906e+01 4.350000e+02
      vertex   -4.522939e+00 1.965743e+01 4.375000e+02
      vertex   -4.948551e+00 2.004906e+01 4.375000e+02
    endloop
  endfacet
  facet normal -7.355515e-01 -6.774688e-01 0.000000e+00
    outer loop
      vertex   -4.948551e+00 2.004906e+01 4.350000e+02
      vertex   -4.948551e+00 2.004906e+01 4.375000e+02
      vertex   -5.340379e+00 2.047448e+01 4.350000e+02
    endloop
  endfacet
  facet normal -7.355515e-01 -6.774688e-01 0.000000e+00
    outer loop
      vertex   -5.340379e+00 2.047448e+01 4.350000e+02
      vertex   -4.948551e+00 2.004906e+01 4.375000e+02
      vertex   -5.340379e+00 2.047448e+01 4.375000e+02
    endloop
  endfacet
  facet normal -7.889685e-01 -6.144336e-01 0.000000e+00
    outer loop
      vertex   -5.340379e+00 2.047448e+01 4.350000e+02
      vertex   -5.340379e+00 2.047448e+01 4.375000e+02
      vertex   -5.695750e+00 2.093080e+01 4.350000e+02
    endloop
  endfacet
  facet normal -7.889685e-01 -6.144336e-01 3.226890e-17
    outer loop
      vertex   -5.695750e+00 2.093080e+01 4.350000e+02
      vertex   -5.340379e+00 2.047448e+01 4.375000e+02
      vertex   -5.695750e+00 2.093080e+01 4.375000e+02
    endloop
  endfacet
  facet normal -8.369994e-01 -5.472038e-01 -1.144624e-16
    outer loop
      vertex   -5.695750e+00 2.093080e+01 4.350000e+02
      vertex   -5.695750e+00 2.093080e+01 4.375000e+02
      vertex   -6.012237e+00 2.141489e+01 4.350000e+02
    endloop
  endfacet
  facet normal -8.369994e-01 -5.472038e-01 -2.973619e-16
    outer loop
      vertex   -6.012237e+00 2.141489e+01 4.350000e+02
      vertex   -5.695750e+00 2.093080e+01 4.375000e+02
      vertex   -6.012237e+00 2.141489e+01 4.375000e+02
    endloop
  endfacet
  facet normal -8.793162e-01 -4.762384e-01 -3.123959e-16
    outer loop
      vertex   -6.012237e+00 2.141489e+01 4.350000e+02
      vertex   -6.012237e+00 2.141489e+01 4.375000e+02
      vertex   -6.287680e+00 2.192346e+01 4.350000e+02
    endloop
  endfacet
  facet normal -8.793162e-01 -4.762384e-01 0.000000e+00
    outer loop
      vertex   -6.287680e+00 2.192346e+01 4.350000e+02
      vertex   -6.012237e+00 2.141489e+01 4.375000e+02
      vertex   -6.287680e+00 2.192346e+01 4.375000e+02
    endloop
  endfacet
  facet normal -9.156301e-01 -4.020217e-01 0.000000e+00
    outer loop
      vertex   -6.287680e+00 2.192346e+01 4.350000e+02
      vertex   -6.287680e+00 2.192346e+01 4.375000e+02
      vertex   -6.520198e+00 2.245304e+01 4.350000e+02
    endloop
  endfacet
  facet normal -9.156301e-01 -4.020217e-01 0.000000e+00
    outer loop
      vertex   -6.520198e+00 2.245304e+01 4.350000e+02
      vertex   -6.287680e+00 2.192346e+01 4.375000e+02
      vertex   -6.520198e+00 2.245304e+01 4.375000e+02
    endloop
  endfacet
  facet normal -9.456932e-01 -3.250605e-01 0.000000e+00
    outer loop
      vertex   -6.520198e+00 2.245304e+01 4.350000e+02
      vertex   -6.520198e+00 2.245304e+01 4.375000e+02
      vertex   -6.708204e+00 2.300000e+01 4.350000e+02
    endloop
  endfacet
  facet normal -9.456932e-01 -3.250605e-01 6.635499e-15
    outer loop
      vertex   -6.708204e+00 2.300000e+01 4.350000e+02
      vertex   -6.520198e+00 2.245304e+01 4.375000e+02
      vertex   -6.708204e+00 2.300000e+01 4.375000e+02
    endloop
  endfacet
  facet normal -1.000000e+00 0.000000e+00 0.000000e+00
    outer loop
      vertex   -1.200000e+01 2.300000e+01 4.375000e+02
      vertex   -1.200000e+01 2.900000e+01 4.375000e+02
      vertex   -1.200000e+01 2.300000e+01 4.325000e+02
    endloop
  endfacet
  facet normal -1.000000e+00 0.000000e+00 0.000000e+00
    outer loop
      vertex   -1.200000e+01 2.300000e+01 4.325000e+02
      vertex   -1.200000e+01 2.900000e+01 4.375000e+02
      vertex   -1.200000e+01 2.900000e+01 4.325000e+02
    endloop
  endfacet
  facet normal 9.965845e-01 8.257935e-02 -2.347046e-16
    outer loop
      vertex   1.327387e+01 2.571196e+01 4.325000e+02
      vertex   1.327387e+01 2.571196e+01 4.300000e+02
      vertex   1.325000e+01 2.600000e+01 4.325000e+02
    endloop
  endfacet
  facet normal 9.965845e-01 8.257935e-02 0.000000e+00
    outer loop
      vertex   1.325000e+01 2.600000e+01 4.325000e+02
      vertex   1.327387e+01 2.571196e+01 4.300000e+02
      vertex   1.325000e+01 2.600000e+01 4.300000e+02
    endloop
  endfacet
  facet normal 9.965845e-01 -8.257935e-02 0.000000e+00
    outer loop
      vertex   1.325000e+01 2.600000e+01 4.325000e+02
      vertex   1.325000e+01 2.600000e+01 4.300000e+02
      vertex   1.327387e+01 2.628804e+01 4.325000e+02
    endloop
  endfacet
  facet normal 9.965845e-01 -8.257935e-02 2.347046e-16
    outer loop
      vertex   1.327387e+01 2.628804e+01 4.325000e+02
      vertex   1.325000e+01 2.600000e+01 4.300000e+02
      vertex   1.327387e+01 2.628804e+01 4.300000e+02
    endloop
  endfacet
  facet normal 9.694003e-01 -2.454855e-01 6.977117e-16
    outer loop
      vertex   1.327387e+01 2.628804e+01 4.325000e+02
      vertex   1.327387e+01 2.628804e+01 4.300000e+02
      vertex   1.334482e+01 2.656822e+01 4.325000e+02
    endloop
  endfacet
  facet normal 9.694003e-01 -2.454855e-01 0.000000e+00
    outer loop
      vertex   1.334482e+01 2.656822e+01 4.325000e+02
      vertex   1.327387e+01 2.628804e+01 4.300000e+02
      vertex   1.334482e+01 2.656822e+01 4.300000e+02
    endloop
  endfacet
  facet normal 9.157733e-01 -4.016954e-01 0.000000e+00
    outer loop
      vertex   1.334482e+01 2.656822e+01 4.325000e+02
      vertex   1.334482e+01 2.656822e+01 4.300000e+02
      vertex   1.346092e+01 2.683291e+01 4.325000e+02
    endloop
  endfacet
  facet normal 9.157733e-01 -4.016954e-01 -6.506961e-16
    outer loop
      vertex   1.346092e+01 2.683291e+01 4.325000e+02
      vertex   1.334482e+01 2.656822e+01 4.300000e+02
      vertex   1.346092e+01 2.683291e+01 4.300000e+02
    endloop
  endfacet
  facet normal 8.371665e-01 -5.469482e-01 -5.948426e-16
    outer loop
      vertex   1.346092e+01 2.683291e+01 4.325000e+02
      vertex   1.346092e+01 2.683291e+01 4.300000e+02
      vertex   1.361900e+01 2.707487e+01 4.325000e+02
    endloop
  endfacet
  facet normal 8.371665e-01 -5.469482e-01 0.000000e+00
    outer loop
      vertex   1.361900e+01 2.707487e+01 4.325000e+02
      vertex   1.346092e+01 2.683291e+01 4.300000e+02
      vertex   1.361900e+01 2.707487e+01 4.300000e+02
    endloop
  endfacet
  facet normal 7.357239e-01 -6.772816e-01 0.000000e+00
    outer loop
      vertex   1.361900e+01 2.707487e+01 4.325000e+02
      vertex   1.361900e+01 2.707487e+01 4.300000e+02
      vertex   1.381476e+01 2.728752e+01 4.325000e+02
    endloop
  endfacet
  facet normal 7.357239e-01 -6.772816e-01 -5.227633e-16
    outer loop
      vertex   1.381476e+01 2.728752e+01 4.325000e+02
      vertex   1.361900e+01 2.707487e+01 4.300000e+02
      vertex   1.381476e+01 2.728752e+01 4.300000e+02
    endloop
  endfacet
  facet normal 6.142127e-01 -7.891405e-01 -4.364244e-16
    outer loop
      vertex   1.381476e+01 2.728752e+01 4.325000e+02
      vertex   1.381476e+01 2.728752e+01 4.300000e+02
      vertex   1.404284e+01 2.746504e+01 4.325000e+02
    endloop
  endfacet
  facet normal 6.142127e-01 -7.891405e-01 0.000000e+00
    outer loop
      vertex   1.404284e+01 2.746504e+01 4.325000e+02
      vertex   1.381476e+01 2.728752e+01 4.300000e+02
      vertex   1.404284e+01 2.746504e+01 4.300000e+02
    endloop
  endfacet
  facet normal 4.759474e-01 -8.794738e-01 0.000000e+00
    outer loop
      vertex   1.404284e+01 2.746504e+01 4.325000e+02
      vertex   1.404284e+01 2.746504e+01 4.300000e+02
      vertex   1.429703e+01 2.760260e+01 4.325000e+02
    endloop
  endfacet
  facet normal 4.759474e-01 -8.794738e-01 0.000000e+00
    outer loop
      vertex   1.429703e+01 2.760260e+01 4.325000e+02
      vertex   1.404284e+01 2.746504e+01 4.300000e+02
      vertex   1.429703e+01 2.760260e+01 4.300000e+02
    endloop
  endfacet
  facet normal 3.246995e-01 -9.458172e-01 0.000000e+00
    outer loop
      vertex   1.429703e+01 2.760260e+01 4.325000e+02
      vertex   1.429703e+01 2.760260e+01 4.300000e+02
      vertex   1.457040e+01 2.769645e+01 4.325000e+02
    endloop
  endfacet
  facet normal 3.246995e-01 -9.458172e-01 0.000000e+00
    outer loop
      vertex   1.457040e+01 2.769645e+01 4.325000e+02
      vertex   1.429703e+01 2.760260e+01 4.300000e+02
      vertex   1.457040e+01 2.769645e+01 4.300000e+02
    endloop
  endfacet
  facet normal 1.645946e-01 -9.863613e-01 0.000000e+00
    outer loop
      vertex   1.457040e+01 2.769645e+01 4.325000e+02
      vertex   1.457040e+01 2.769645e+01 4.300000e+02
      vertex   1.485549e+01 2.774402e+01 4.325000e+02
    endloop
  endfacet
  facet normal 1.645946e-01 -9.863613e-01 0.000000e+00
    outer loop
      vertex   1.485549e+01 2.774402e+01 4.325000e+02
      vertex   1.457040e+01 2.769645e+01 4.300000e+02
      vertex   1.485549e+01 2.774402e+01 4.300000e+02
    endloop
  endfacet
  facet normal 0.000000e+00 -1.000000e+00 0.000000e+00
    outer loop
      vertex   1.485549e+01 2.774402e+01 4.325000e+02
      vertex   1.485549e+01 2.774402e+01 4.300000e+02
      vertex   1.514451e+01 2.774402e+01 4.325000e+02
    endloop
  endfacet
  facet normal 0.000000e+00 -1.000000e+00 -0.000000e+00
    outer loop
      vertex   1.514451e+01 2.774402e+01 4.325000e+02
      vertex   1.485549e+01 2.774402e+01 4.300000e+02
      vertex   1.514451e+01 2.774402e+01 4.300000e+02
    endloop
  endfacet
  facet normal -1.645946e-01 -9.863613e-01 -0.000000e+00
    outer loop
      vertex   1.514451e+01 2.774402e+01 4.325000e+02
      vertex   1.514451e+01 2.774402e+01 4.300000e+02
      vertex   1.542960e+01 2.769645e+01 4.325000e+02
    endloop
  endfacet
  facet normal -1.645946e-01 -9.863613e-01 -0.000000e+00
    outer loop
      vertex   1.542960e+01 2.769645e+01 4.325000e+02
      vertex   1.514451e+01 2.774402e+01 4.300000e+02
      vertex   1.542960e+01 2.769645e+01 4.300000e+02
    endloop
  endfacet
  facet normal -3.246995e-01 -9.458172e-01 -0.000000e+00
    outer loop
      vertex   1.542960e+01 2.769645e+01 4.325000e+02
      vertex   1.542960e+01 2.769645e+01 4.300000e+02
      vertex   1.570297e+01 2.760260e+01 4.325000e+02
    endloop
  endfacet
  facet normal -3.246995e-01 -9.458172e-01 -0.000000e+00
    outer loop
      vertex   1.570297e+01 2.760260e+01 4.325000e+02
      vertex   1.542960e+01 2.769645e+01 4.300000e+02
      vertex   1.570297e+01 2.760260e+01 4.300000e+02
    endloop
  endfacet
  facet normal -4.759474e-01 -8.794738e-01 -0.000000e+00
    outer loop
      vertex   1.570297e+01 2.760260e+01 4.325000e+02
      vertex   1.570297e+01 2.760260e+01 4.300000e+02
      vertex   1.595716e+01 2.746504e+01 4.325000e+02
    endloop
  endfacet
  facet normal -4.759474e-01 -8.794738e-01 -0.000000e+00
    outer loop
      vertex   1.595716e+01 2.746504e+01 4.325000e+02
      vertex   1.570297e+01 2.760260e+01 4.300000e+02
      vertex   1.595716e+01 2.746504e+01 4.300000e+02
    endloop
  endfacet
  facet normal -6.142127e-01 -7.891405e-01 -0.000000e+00
    outer loop
      vertex   1.595716e+01 2.746504e+01 4.325000e+02
      vertex   1.595716e+01 2.746504e+01 4.300000e+02
      vertex   1.618524e+01 2.728752e+01 4.325000e+02
    endloop
  endfacet
  facet normal -6.142127e-01 -7.891405e-01 -2.242872e-15
    outer loop
      vertex   1.618524e+01 2.728752e+01 4.325000e+02
      vertex   1.595716e+01 2.746504e+01 4.300000e+02
      vertex   1.618524e+01 2.728752e+01 4.300000e+02
    endloop
  endfacet
  facet normal -7.357239e-01 -6.772816e-01 -1.924950e-15
    outer loop
      vertex   1.618524e+01 2.728752e+01 4.325000e+02
      vertex   1.618524e+01 2.728752e+01 4.300000e+02
      vertex   1.638100e+01 2.707487e+01 4.325000e+02
    endloop
  endfacet
  facet normal -7.357239e-01 -6.772816e-01 -0.000000e+00
    outer loop
      vertex   1.638100e+01 2.707487e+01 4.325000e+02
      vertex   1.618524e+01 2.728752e+01 4.300000e+02
      vertex   1.638100e+01 2.707487e+01 4.300000e+02
    endloop
  endfacet
  facet normal -8.371665e-01 -5.469482e-01 -0.000000e+00
    outer loop
      vertex   1.638100e+01 2.707487e+01 4.325000e+02
      vertex   1.638100e+01 2.707487e+01 4.300000e+02
      vertex   1.653908e+01 2.683291e+01 4.325000e+02
    endloop
  endfacet
  facet normal -8.371665e-01 -5.469482e-01 -0.000000e+00
    outer loop
      vertex   1.653908e+01 2.683291e+01 4.325000e+02
      vertex   1.638100e+01 2.707487e+01 4.300000e+02
      vertex   1.653908e+01 2.683291e+01 4.300000e+02
    endloop
  endfacet
  facet normal -9.157733e-01 -4.016954e-01 -0.000000e+00
    outer loop
      vertex   1.653908e+01 2.683291e+01 4.325000e+02
      vertex   1.653908e+01 2.683291e+01 4.300000e+02
      vertex   1.665518e+01 2.656822e+01 4.325000e+02
    endloop
  endfacet
  facet normal -9.157733e-01 -4.016954e-01 -0.000000e+00
    outer loop
      vertex   1.665518e+01 2.656822e+01 4.325000e+02
      vertex   1.653908e+01 2.683291e+01 4.300000e+02
      vertex   1.665518e+01 2.656822e+01 4.300000e+02
    endloop
  endfacet
  facet normal -9.694003e-01 -2.454855e-01 -0.000000e+00
    outer loop
      vertex   1.665518e+01 2.656822e+01 4.325000e+02
      vertex   1.665518e+01 2.656822e+01 4.300000e+02
      vertex   1.672613e+01 2.628804e+01 4.325000e+02
    endloop
  endfacet
  facet normal -9.694003e-01 -2.454855e-01 -0.000000e+00
    outer loop
      vertex   1.672613e+01 2.628804e+01 4.325000e+02
      vertex   1.665518e+01 2.656822e+01 4.300000e+02
      vertex   1.672613e+01 2.628804e+01 4.300000e+02
    endloop
  endfacet
  facet normal -9.965845e-01 -8.257935e-02 -0.000000e+00
    outer loop
      vertex   1.672613e+01 2.628804e+01 4.325000e+02
      vertex   1.672613e+01 2.628804e+01 4.300000e+02
      vertex   1.675000e+01 2.600000e+01 4.325000e+02
    endloop
  endfacet
  facet normal -9.965845e-01 -8.257935e-02 -0.000000e+00
    outer loop
      vertex   1.675000e+01 2.600000e+01 4.325000e+02
      vertex   1.672613e+01 2.628804e+01 4.300000e+02
      vertex   1.675000e+01 2.600000e+01 4.300000e+02
    endloop
  endfacet
  facet normal -9.965845e-01 8.257935e-02 0.000000e+00
    outer loop
      vertex   1.675000e+01 2.600000e+01 4.325000e+02
      vertex   1.675000e+01 2.600000e+01 4.300000e+02
      vertex   1.672613e+01 2.571196e+01 4.325000e+02
    endloop
  endfacet
  facet normal -9.965845e-01 8.257935e-02 0.000000e+00
    outer loop
      vertex   1.672613e+01 2.571196e+01 4.325000e+02
      vertex   1.675000e+01 2.600000e+01 4.300000e+02
      vertex   1.672613e+01 2.571196e+01 4.300000e+02
    endloop
  endfacet
  facet normal -9.694003e-01 2.454855e-01 0.000000e+00
    outer loop
      vertex   1.672613e+01 2.571196e+01 4.325000e+02
      vertex   1.672613e+01 2.571196e+01 4.300000e+02
      vertex   1.665518e+01 2.543178e+01 4.325000e+02
    endloop
  endfacet
  facet normal -9.694003e-01 2.454855e-01 0.000000e+00
    outer loop
      vertex   1.665518e+01 2.543178e+01 4.325000e+02
      vertex   1.672613e+01 2.571196e+01 4.300000e+02
      vertex   1.665518e+01 2.543178e+01 4.300000e+02
    endloop
  endfacet
  facet normal -9.157733e-01 4.016954e-01 0.000000e+00
    outer loop
      vertex   1.665518e+01 2.543178e+01 4.325000e+02
      vertex   1.665518e+01 2.543178e+01 4.300000e+02
      vertex   1.653908e+01 2.516709e+01 4.325000e+02
    endloop
  endfacet
  facet normal -9.157733e-01 4.016954e-01 0.000000e+00
    outer loop
      vertex   1.653908e+01 2.516709e+01 4.325000e+02
      vertex   1.665518e+01 2.543178e+01 4.300000e+02
      vertex   1.653908e+01 2.516709e+01 4.300000e+02
    endloop
  endfacet
  facet normal -8.371665e-01 5.469482e-01 0.000000e+00
    outer loop
      vertex   1.653908e+01 2.516709e+01 4.325000e+02
      vertex   1.653908e+01 2.516709e+01 4.300000e+02
      vertex   1.638100e+01 2.492513e+01 4.325000e+02
    endloop
  endfacet
  facet normal -8.371665e-01 5.469482e-01 0.000000e+00
    outer loop
      vertex   1.638100e+01 2.492513e+01 4.325000e+02
      vertex   1.653908e+01 2.516709e+01 4.300000e+02
      vertex   1.638100e+01 2.492513e+01 4.300000e+02
    endloop
  endfacet
  facet normal -7.357239e-01 6.772816e-01 0.000000e+00
    outer loop
      vertex   1.638100e+01 2.492513e+01 4.325000e+02
      vertex   1.638100e+01 2.492513e+01 4.300000e+02
      vertex   1.618524e+01 2.471248e+01 4.325000e+02
    endloop
  endfacet
  facet normal -7.357239e-01 6.772816e-01 1.924950e-15
    outer loop
      vertex   1.618524e+01 2.471248e+01 4.325000e+02
      vertex   1.638100e+01 2.492513e+01 4.300000e+02
      vertex   1.618524e+01 2.471248e+01 4.300000e+02
    endloop
  endfacet
  facet normal -6.142127e-01 7.891405e-01 2.242872e-15
    outer loop
      vertex   1.618524e+01 2.471248e+01 4.325000e+02
      vertex   1.618524e+01 2.471248e+01 4.300000e+02
      vertex   1.595716e+01 2.453496e+01 4.325000e+02
    endloop
  endfacet
  facet normal -6.142127e-01 7.891405e-01 0.000000e+00
    outer loop
      vertex   1.595716e+01 2.453496e+01 4.325000e+02
      vertex   1.618524e+01 2.471248e+01 4.300000e+02
      vertex   1.595716e+01 2.453496e+01 4.300000e+02
    endloop
  endfacet
  facet normal -4.759474e-01 8.794738e-01 0.000000e+00
    outer loop
      vertex   1.595716e+01 2.453496e+01 4.325000e+02
      vertex   1.595716e+01 2.453496e+01 4.300000e+02
      vertex   1.570297e+01 2.439740e+01 4.325000e+02
    endloop
  endfacet
  facet normal -4.759474e-01 8.794738e-01 0.000000e+00
    outer loop
      vertex   1.570297e+01 2.439740e+01 4.325000e+02
      vertex   1.595716e+01 2.453496e+01 4.300000e+02
      vertex   1.570297e+01 2.439740e+01 4.300000e+02
    endloop
  endfacet
  facet normal -3.246995e-01 9.458172e-01 0.000000e+00
    outer loop
      vertex   1.570297e+01 2.439740e+01 4.325000e+02
      vertex   1.570297e+01 2.439740e+01 4.300000e+02
      vertex   1.542960e+01 2.430355e+01 4.325000e+02
    endloop
  endfacet
  facet normal -3.246995e-01 9.458172e-01 0.000000e+00
    outer loop
      vertex   1.542960e+01 2.430355e+01 4.325000e+02
      vertex   1.570297e+01 2.439740e+01 4.300000e+02
      vertex   1.542960e+01 2.430355e+01 4.300000e+02
    endloop
  endfacet
  facet normal -1.645946e-01 9.863613e-01 0.000000e+00
    outer loop
      vertex   1.542960e+01 2.430355e+01 4.325000e+02
      vertex   1.542960e+01 2.430355e+01 4.300000e+02
      vertex   1.514451e+01 2.425598e+01 4.325000e+02
    endloop
  endfacet
  facet normal -1.645946e-01 9.863613e-01 0.000000e+00
    outer loop
      vertex   1.514451e+01 2.425598e+01 4.325000e+02
      vertex   1.542960e+01 2.430355e+01 4.300000e+02
      vertex   1.514451e+01 2.425598e+01 4.300000e+02
    endloop
  endfacet
  facet normal 0.000000e+00 1.000000e+00 0.000000e+00
    outer loop
      vertex   1.514451e+01 2.425598e+01 4.325000e+02
      vertex   1.514451e+01 2.425598e+01 4.300000e+02
      vertex   1.485549e+01 2.425598e+01 4.325000e+02
    endloop
  endfacet
  facet normal 0.000000e+00 1.000000e+00 0.000000e+00
    outer loop
      vertex   1.485549e+01 2.425598e+01 4.325000e+02
      vertex   1.514451e+01 2.425598e+01 4.300000e+02
      vertex   1.485549e+01 2.425598e+01 4.300000e+02
    endloop
  endfacet
  facet normal 1.645946e-01 9.863613e-01 0.000000e+00
    outer loop
      vertex   1.485549e+01 2.425598e+01 4.325000e+02
      vertex   1.485549e+01 2.425598e+01 4.300000e+02
      vertex   1.457040e+01 2.430355e+01 4.325000e+02
    endloop
  endfacet
  facet normal 1.645946e-01 9.863613e-01 0.000000e+00
    outer loop
      vertex   1.457040e+01 2.430355e+01 4.325000e+02
      vertex   1.485549e+01 2.425598e+01 4.300000e+02
      vertex   1.457040e+01 2.430355e+01 4.300000e+02
    endloop
  endfacet
  facet normal 3.246995e-01 9.458172e-01 0.000000e+00
    outer loop
      vertex   1.457040e+01 2.430355e+01 4.325000e+02
      vertex   1.457040e+01 2.430355e+01 4.300000e+02
      vertex   1.429703e+01 2.439740e+01 4.325000e+02
    endloop
  endfacet
  facet normal 3.246995e-01 9.458172e-01 0.000000e+00
    outer loop
      vertex   1.429703e+01 2.439740e+01 4.325000e+02
      vertex   1.457040e+01 2.430355e+01 4.300000e+02
      vertex   1.429703e+01 2.439740e+01 4.300000e+02
    endloop
  endfacet
  facet normal 4.759474e-01 8.794738e-01 0.000000e+00
    outer loop
      vertex   1.429703e+01 2.439740e+01 4.325000e+02
      vertex   1.429703e+01 2.439740e+01 4.300000e+02
      vertex   1.404284e+01 2.453496e+01 4.325000e+02
    endloop
  endfacet
  facet normal 4.759474e-01 8.794738e-01 0.000000e+00
    outer loop
      vertex   1.404284e+01 2.453496e+01 4.325000e+02
      vertex   1.429703e+01 2.439740e+01 4.300000e+02
      vertex   1.404284e+01 2.453496e+01 4.300000e+02
    endloop
  endfacet
  facet normal 6.142127e-01 7.891405e-01 0.000000e+00
    outer loop
      vertex   1.404284e+01 2.453496e+01 4.325000e+02
      vertex   1.404284e+01 2.453496e+01 4.300000e+02
      vertex   1.381476e+01 2.471248e+01 4.325000e+02
    endloop
  endfacet
  facet normal 6.142127e-01 7.891405e-01 4.364244e-16
    outer loop
      vertex   1.381476e+01 2.471248e+01 4.325000e+02
      vertex   1.404284e+01 2.453496e+01 4.300000e+02
      vertex   1.381476e+01 2.471248e+01 4.300000e+02
    endloop
  endfacet
  facet normal 7.357239e-01 6.772816e-01 5.227633e-16
    outer loop
      vertex   1.381476e+01 2.471248e+01 4.325000e+02
      vertex   1.381476e+01 2.471248e+01 4.300000e+02
      vertex   1.361900e+01 2.492513e+01 4.325000e+02
    endloop
  endfacet
  facet normal 7.357239e-01 6.772816e-01 0.000000e+00
    outer loop
      vertex   1.361900e+01 2.492513e+01 4.325000e+02
      vertex   1.381476e+01 2.471248e+01 4.300000e+02
      vertex   1.361900e+01 2.492513e+01 4.300000e+02
    endloop
  endfacet
  facet normal 8.371665e-01 5.469482e-01 0.000000e+00
    outer loop
      vertex   1.361900e+01 2.492513e+01 4.325000e+02
      vertex   1.361900e+01 2.492513e+01 4.300000e+02
      vertex   1.346092e+01 2.516709e+01 4.325000e+02
    endloop
  endfacet
  facet normal 8.371665e-01 5.469482e-01 5.948426e-16
    outer loop
      vertex   1.346092e+01 2.516709e+01 4.325000e+02
      vertex   1.361900e+01 2.492513e+01 4.300000e+02
      vertex   1.346092e+01 2.516709e+01 4.300000e+02
    endloop
  endfacet
  facet normal 9.157733e-01 4.016954e-01 6.506961e-16
    outer loop
      vertex   1.346092e+01 2.516709e+01 4.325000e+02
      vertex   1.346092e+01 2.516709e+01 4.300000e+02
      vertex   1.334482e+01 2.543178e+01 4.325000e+02
    endloop
  endfacet
  facet normal 9.157733e-01 4.016954e-01 0.000000e+00
    outer loop
      vertex   1.334482e+01 2.543178e+01 4.325000e+02
      vertex   1.346092e+01 2.516709e+01 4.300000e+02
      vertex   1.334482e+01 2.543178e+01 4.300000e+02
    endloop
  endfacet
  facet normal 9.694003e-01 2.454855e-01 0.000000e+00
    outer loop
      vertex   1.334482e+01 2.543178e+01 4.325000e+02
      vertex   1.334482e+01 2.543178e+01 4.300000e+02
      vertex   1.327387e+01 2.571196e+01 4.325000e+02
    endloop
  endfacet
  facet normal 9.694003e-01 2.454855e-01 -6.977117e-16
    outer loop
      vertex   1.327387e+01 2.571196e+01 4.325000e+02
      vertex   1.334482e+01 2.543178e+01 4.300000e+02
      vertex   1.327387e+01 2.571196e+01 4.300000e+02
    endloop
  endfacet
  facet normal -0.000000e+00 0.000000e+00 -1.000000e+00
    outer loop
      vertex   1.500000e+01 2.900000e+01 4.300000e+02
      vertex   1.404284e+01 2.746504e+01 4.300000e+02
      vertex   9.000000e+00 2.900000e+01 4.300000e+02
    endloop
  endfacet
  facet normal 0.000000e+00 0.000000e+00 -1.000000e+00
    outer loop
      vertex   9.000000e+00 2.900000e+01 4.300000e+02
      vertex   1.404284e+01 2.746504e+01 4.300000e+02
      vertex   1.381476e+01 2.728752e+01 4.300000e+02
    endloop
  endfacet
  facet normal 0.000000e+00 0.000000e+00 -1.000000e+00
    outer loop
      vertex   9.000000e+00 2.900000e+01 4.300000e+02
      vertex   1.381476e+01 2.728752e+01 4.300000e+02
      vertex   1.361900e+01 2.707487e+01 4.300000e+02
    endloop
  endfacet
  facet normal -0.000000e+00 0.000000e+00 -1.000000e+00
    outer loop
      vertex   1.537600e+01 2.897634e+01 4.300000e+02
      vertex   1.514451e+01 2.774402e+01 4.300000e+02
      vertex   1.500000e+01 2.900000e+01 4.300000e+02
    endloop
  endfacet
  facet normal 0.000000e+00 -0.000000e+00 -1.000000e+00
    outer loop
      vertex   1.500000e+01 2.900000e+01 4.300000e+02
      vertex   1.514451e+01 2.774402e+01 4.300000e+02
      vertex   1.485549e+01 2.774402e+01 4.300000e+02
    endloop
  endfacet
  facet normal 0.000000e+00 0.000000e+00 -1.000000e+00
    outer loop
      vertex   1.500000e+01 2.900000e+01 4.300000e+02
      vertex   1.485549e+01 2.774402e+01 4.300000e+02
      vertex   1.457040e+01 2.769645e+01 4.300000e+02
    endloop
  endfacet
  facet normal 0.000000e+00 -0.000000e+00 -1.000000e+00
    outer loop
      vertex   1.537600e+01 2.897634e+01 4.300000e+02
      vertex   1.574607e+01 2.890575e+01 4.300000e+02
      vertex   1.514451e+01 2.774402e+01 4.300000e+02
    endloop
  endfacet
  facet normal 0.000000e+00 0.000000e+00 -1.000000e+00
    outer loop
      vertex   1.514451e+01 2.774402e+01 4.300000e+02
      vertex   1.574607e+01 2.890575e+01 4.300000e+02
      vertex   1.542960e+01 2.769645e+01 4.300000e+02
    endloop
  endfacet
  facet normal 0.000000e+00 0.000000e+00 -1.000000e+00
    outer loop
      vertex   1.542960e+01 2.769645e+01 4.300000e+02
      vertex   1.574607e+01 2.890575e+01 4.300000e+02
      vertex   1.610437e+01 2.878933e+01 4.300000e+02
    endloop
  endfacet
  facet normal 0.000000e+00 0.000000e+00 -1.000000e+00
    outer loop
      vertex   1.542960e+01 2.769645e+01 4.300000e+02
      vertex   1.610437e+01 2.878933e+01 4.300000e+02
      vertex   1.644526e+01 2.862892e+01 4.300000e+02
    endloop
  endfacet
  facet normal 0.000000e+00 0.000000e+00 -1.000000e+00
    outer loop
      vertex   1.542960e+01 2.769645e+01 4.300000e+02
      vertex   1.644526e+01 2.862892e+01 4.300000e+02
      vertex   1.570297e+01 2.760260e+01 4.300000e+02
    endloop
  endfacet
  facet normal 0.000000e+00 0.000000e+00 -1.000000e+00
    outer loop
      vertex   1.570297e+01 2.760260e+01 4.300000e+02
      vertex   1.644526e+01 2.862892e+01 4.300000e+02
      vertex   1.676336e+01 2.842705e+01 4.300000e+02
    endloop
  endfacet
  facet normal 0.000000e+00 0.000000e+00 -1.000000e+00
    outer loop
      vertex   1.570297e+01 2.760260e+01 4.300000e+02
      vertex   1.676336e+01 2.842705e+01 4.300000e+02
      vertex   1.705364e+01 2.818691e+01 4.300000e+02
    endloop
  endfacet
  facet normal 0.000000e+00 0.000000e+00 -1.000000e+00
    outer loop
      vertex   1.570297e+01 2.760260e+01 4.300000e+02
      vertex   1.705364e+01 2.818691e+01 4.300000e+02
      vertex   1.595716e+01 2.746504e+01 4.300000e+02
    endloop
  endfacet
  facet normal 0.000000e+00 0.000000e+00 -1.000000e+00
    outer loop
      vertex   1.595716e+01 2.746504e+01 4.300000e+02
      vertex   1.705364e+01 2.818691e+01 4.300000e+02
      vertex   1.731154e+01 2.791227e+01 4.300000e+02
    endloop
  endfacet
  facet normal 0.000000e+00 0.000000e+00 -1.000000e+00
    outer loop
      vertex   1.595716e+01 2.746504e+01 4.300000e+02
      vertex   1.731154e+01 2.791227e+01 4.300000e+02
      vertex   1.618524e+01 2.728752e+01 4.300000e+02
    endloop
  endfacet
  facet normal 0.000000e+00 0.000000e+00 -1.000000e+00
    outer loop
      vertex   1.618524e+01 2.728752e+01 4.300000e+02
      vertex   1.731154e+01 2.791227e+01 4.300000e+02
      vertex   1.753298e+01 2.760748e+01 4.300000e+02
    endloop
  endfacet
  facet normal 0.000000e+00 0.000000e+00 -1.000000e+00
    outer loop
      vertex   1.618524e+01 2.728752e+01 4.300000e+02
      vertex   1.753298e+01 2.760748e+01 4.300000e+02
      vertex   1.638100e+01 2.707487e+01 4.300000e+02
    endloop
  endfacet
  facet normal 0.000000e+00 0.000000e+00 -1.000000e+00
    outer loop
      vertex   1.638100e+01 2.707487e+01 4.300000e+02
      vertex   1.753298e+01 2.760748e+01 4.300000e+02
      vertex   1.771448e+01 2.727734e+01 4.300000e+02
    endloop
  endfacet
  facet normal 0.000000e+00 0.000000e+00 -1.000000e+00
    outer loop
      vertex   1.638100e+01 2.707487e+01 4.300000e+02
      vertex   1.771448e+01 2.727734e+01 4.300000e+02
      vertex   1.653908e+01 2.683291e+01 4.300000e+02
    endloop
  endfacet
  facet normal 0.000000e+00 0.000000e+00 -1.000000e+00
    outer loop
      vertex   1.653908e+01 2.683291e+01 4.300000e+02
      vertex   1.771448e+01 2.727734e+01 4.300000e+02
      vertex   1.785317e+01 2.692705e+01 4.300000e+02
    endloop
  endfacet
  facet normal 0.000000e+00 0.000000e+00 -1.000000e+00
    outer loop
      vertex   1.653908e+01 2.683291e+01 4.300000e+02
      vertex   1.785317e+01 2.692705e+01 4.300000e+02
      vertex   1.665518e+01 2.656822e+01 4.300000e+02
    endloop
  endfacet
  facet normal 0.000000e+00 0.000000e+00 -1.000000e+00
    outer loop
      vertex   1.665518e+01 2.656822e+01 4.300000e+02
      vertex   1.785317e+01 2.692705e+01 4.300000e+02
      vertex   1.794686e+01 2.656214e+01 4.300000e+02
    endloop
  endfacet
  facet normal 0.000000e+00 0.000000e+00 -1.000000e+00
    outer loop
      vertex   1.665518e+01 2.656822e+01 4.300000e+02
      vertex   1.794686e+01 2.656214e+01 4.300000e+02
      vertex   1.672613e+01 2.628804e+01 4.300000e+02
    endloop
  endfacet
  facet normal 0.000000e+00 0.000000e+00 -1.000000e+00
    outer loop
      vertex   1.672613e+01 2.628804e+01 4.300000e+02
      vertex   1.794686e+01 2.656214e+01 4.300000e+02
      vertex   1.799408e+01 2.618837e+01 4.300000e+02
    endloop
  endfacet
  facet normal 0.000000e+00 0.000000e+00 -1.000000e+00
    outer loop
      vertex   1.672613e+01 2.628804e+01 4.300000e+02
      vertex   1.799408e+01 2.618837e+01 4.300000e+02
      vertex   1.675000e+01 2.600000e+01 4.300000e+02
    endloop
  endfacet
  facet normal 0.000000e+00 0.000000e+00 -1.000000e+00
    outer loop
      vertex   1.675000e+01 2.600000e+01 4.300000e+02
      vertex   1.799408e+01 2.618837e+01 4.300000e+02
      vertex   1.799408e+01 2.581163e+01 4.300000e+02
    endloop
  endfacet
  facet normal 0.000000e+00 -0.000000e+00 -1.000000e+00
    outer loop
      vertex   1.675000e+01 2.600000e+01 4.300000e+02
      vertex   1.799408e+01 2.581163e+01 4.300000e+02
      vertex   1.672613e+01 2.571196e+01 4.300000e+02
    endloop
  endfacet
  facet normal 0.000000e+00 0.000000e+00 -1.000000e+00
    outer loop
      vertex   1.672613e+01 2.571196e+01 4.300000e+02
      vertex   1.799408e+01 2.581163e+01 4.300000e+02
      vertex   1.794686e+01 2.543786e+01 4.300000e+02
    endloop
  endfacet
  facet normal 0.000000e+00 -0.000000e+00 -1.000000e+00
    outer loop
      vertex   1.672613e+01 2.571196e+01 4.300000e+02
      vertex   1.794686e+01 2.543786e+01 4.300000e+02
      vertex   1.665518e+01 2.543178e+01 4.300000e+02
    endloop
  endfacet
  facet normal 0.000000e+00 0.000000e+00 -1.000000e+00
    outer loop
      vertex   1.665518e+01 2.543178e+01 4.300000e+02
      vertex   1.794686e+01 2.543786e+01 4.300000e+02
      vertex   1.785317e+01 2.507295e+01 4.300000e+02
    endloop
  endfacet
  facet normal 0.000000e+00 -0.000000e+00 -1.000000e+00
    outer loop
      vertex   1.665518e+01 2.543178e+01 4.300000e+02
      vertex   1.785317e+01 2.507295e+01 4.300000e+02
      vertex   1.653908e+01 2.516709e+01 4.300000e+02
    endloop
  endfacet
  facet normal 0.000000e+00 0.000000e+00 -1.000000e+00
    outer loop
      vertex   1.653908e+01 2.516709e+01 4.300000e+02
      vertex   1.785317e+01 2.507295e+01 4.300000e+02
      vertex   1.771448e+01 2.472266e+01 4.300000e+02
    endloop
  endfacet
  facet normal 0.000000e+00 -0.000000e+00 -1.000000e+00
    outer loop
      vertex   1.653908e+01 2.516709e+01 4.300000e+02
      vertex   1.771448e+01 2.472266e+01 4.300000e+02
      vertex   1.638100e+01 2.492513e+01 4.300000e+02
    endloop
  endfacet
  facet normal 0.000000e+00 0.000000e+00 -1.000000e+00
    outer loop
      vertex   1.638100e+01 2.492513e+01 4.300000e+02
      vertex   1.771448e+01 2.472266e+01 4.300000e+02
      vertex   1.753298e+01 2.439252e+01 4.300000e+02
    endloop
  endfacet
  facet normal 0.000000e+00 -0.000000e+00 -1.000000e+00
    outer loop
      vertex   1.638100e+01 2.492513e+01 4.300000e+02
      vertex   1.753298e+01 2.439252e+01 4.300000e+02
      vertex   1.618524e+01 2.471248e+01 4.300000e+02
    endloop
  endfacet
  facet normal 0.000000e+00 0.000000e+00 -1.000000e+00
    outer loop
      vertex   1.618524e+01 2.471248e+01 4.300000e+02
      vertex   1.753298e+01 2.439252e+01 4.300000e+02
      vertex   1.731154e+01 2.408773e+01 4.300000e+02
    endloop
  endfacet
  facet normal 0.000000e+00 -0.000000e+00 -1.000000e+00
    outer loop
      vertex   1.618524e+01 2.471248e+01 4.300000e+02
      vertex   1.731154e+01 2.408773e+01 4.300000e+02
      vertex   1.595716e+01 2.453496e+01 4.300000e+02
    endloop
  endfacet
  facet normal 0.000000e+00 0.000000e+00 -1.000000e+00
    outer loop
      vertex   1.595716e+01 2.453496e+01 4.300000e+02
      vertex   1.731154e+01 2.408773e+01 4.300000e+02
      vertex   1.705364e+01 2.381309e+01 4.300000e+02
    endloop
  endfacet
  facet normal 0.000000e+00 -0.000000e+00 -1.000000e+00
    outer loop
      vertex   1.595716e+01 2.453496e+01 4.300000e+02
      vertex   1.705364e+01 2.381309e+01 4.300000e+02
      vertex   1.570297e+01 2.439740e+01 4.300000e+02
    endloop
  endfacet
  facet normal 0.000000e+00 0.000000e+00 -1.000000e+00
    outer loop
      vertex   1.570297e+01 2.439740e+01 4.300000e+02
      vertex   1.705364e+01 2.381309e+01 4.300000e+02
      vertex   1.676336e+01 2.357295e+01 4.300000e+02
    endloop
  endfacet
  facet normal 0.000000e+00 0.000000e+00 -1.000000e+00
    outer loop
      vertex   1.570297e+01 2.439740e+01 4.300000e+02
      vertex   1.676336e+01 2.357295e+01 4.300000e+02
      vertex   1.644526e+01 2.337108e+01 4.300000e+02
    endloop
  endfacet
  facet normal 0.000000e+00 -0.000000e+00 -1.000000e+00
    outer loop
      vertex   1.570297e+01 2.439740e+01 4.300000e+02
      vertex   1.644526e+01 2.337108e+01 4.300000e+02
      vertex   1.542960e+01 2.430355e+01 4.300000e+02
    endloop
  endfacet
  facet normal 0.000000e+00 0.000000e+00 -1.000000e+00
    outer loop
      vertex   1.542960e+01 2.430355e+01 4.300000e+02
      vertex   1.644526e+01 2.337108e+01 4.300000e+02
      vertex   1.610437e+01 2.321067e+01 4.300000e+02
    endloop
  endfacet
  facet normal 0.000000e+00 0.000000e+00 -1.000000e+00
    outer loop
      vertex   1.542960e+01 2.430355e+01 4.300000e+02
      vertex   1.610437e+01 2.321067e+01 4.300000e+02
      vertex   1.574607e+01 2.309425e+01 4.300000e+02
    endloop
  endfacet
  facet normal 0.000000e+00 -0.000000e+00 -1.000000e+00
    outer loop
      vertex   1.542960e+01 2.430355e+01 4.300000e+02
      vertex   1.574607e+01 2.309425e+01 4.300000e+02
      vertex   1.514451e+01 2.425598e+01 4.300000e+02
    endloop
  endfacet
  facet normal 0.000000e+00 0.000000e+00 -1.000000e+00
    outer loop
      vertex   1.514451e+01 2.425598e+01 4.300000e+02
      vertex   1.574607e+01 2.309425e+01 4.300000e+02
      vertex   1.537600e+01 2.302366e+01 4.300000e+02
    endloop
  endfacet
  facet normal 0.000000e+00 -0.000000e+00 -1.000000e+00
    outer loop
      vertex   1.514451e+01 2.425598e+01 4.300000e+02
      vertex   1.537600e+01 2.302366e+01 4.300000e+02
      vertex   1.500000e+01 2.300000e+01 4.300000e+02
    endloop
  endfacet
  facet normal 0.000000e+00 0.000000e+00 -1.000000e+00
    outer loop
      vertex   9.000000e+00 2.300000e+01 4.300000e+02
      vertex   1.404284e+01 2.453496e+01 4.300000e+02
      vertex   1.500000e+01 2.300000e+01 4.300000e+02
    endloop
  endfacet
  facet normal 0.000000e+00 0.000000e+00 -1.000000e+00
    outer loop
      vertex   1.500000e+01 2.300000e+01 4.300000e+02
      vertex   1.404284e+01 2.453496e+01 4.300000e+02
      vertex   1.429703e+01 2.439740e+01 4.300000e+02
    endloop
  endfacet
  facet normal 0.000000e+00 0.000000e+00 -1.000000e+00
    outer loop
      vertex   1.500000e+01 2.300000e+01 4.300000e+02
      vertex   1.429703e+01 2.439740e+01 4.300000e+02
      vertex   1.457040e+01 2.430355e+01 4.300000e+02
    endloop
  endfacet
  facet normal 0.000000e+00 0.000000e+00 -1.000000e+00
    outer loop
      vertex   9.000000e+00 2.900000e+01 4.300000e+02
      vertex   1.325000e+01 2.600000e+01 4.300000e+02
      vertex   9.000000e+00 2.300000e+01 4.300000e+02
    endloop
  endfacet
  facet normal 0.000000e+00 0.000000e+00 -1.000000e+00
    outer loop
      vertex   9.000000e+00 2.300000e+01 4.300000e+02
      vertex   1.325000e+01 2.600000e+01 4.300000e+02
      vertex   1.327387e+01 2.571196e+01 4.300000e+02
    endloop
  endfacet
  facet normal 0.000000e+00 0.000000e+00 -1.000000e+00
    outer loop
      vertex   9.000000e+00 2.300000e+01 4.300000e+02
      vertex   1.327387e+01 2.571196e+01 4.300000e+02
      vertex   1.334482e+01 2.543178e+01 4.300000e+02
    endloop
  endfacet
  facet normal 0.000000e+00 -0.000000e+00 -1.000000e+00
    outer loop
      vertex   1.334482e+01 2.543178e+01 4.300000e+02
      vertex   1.346092e+01 2.516709e+01 4.300000e+02
      vertex   9.000000e+00 2.300000e+01 4.300000e+02
    endloop
  endfacet
  facet normal 0.000000e+00 0.000000e+00 -1.000000e+00
    outer loop
      vertex   9.000000e+00 2.300000e+01 4.300000e+02
      vertex   1.346092e+01 2.516709e+01 4.300000e+02
      vertex   1.361900e+01 2.492513e+01 4.300000e+02
    endloop
  endfacet
  facet normal 0.000000e+00 0.000000e+00 -1.000000e+00
    outer loop
      vertex   9.000000e+00 2.300000e+01 4.300000e+02
      vertex   1.361900e+01 2.492513e+01 4.300000e+02
      vertex   1.381476e+01 2.471248e+01 4.300000e+02
    endloop
  endfacet
  facet normal 0.000000e+00 -0.000000e+00 -1.000000e+00
    outer loop
      vertex   1.381476e+01 2.471248e+01 4.300000e+02
      vertex   1.404284e+01 2.453496e+01 4.300000e+02
      vertex   9.000000e+00 2.300000e+01 4.300000e+02
    endloop
  endfacet
  facet normal 0.000000e+00 0.000000e+00 -1.000000e+00
    outer loop
      vertex   1.457040e+01 2.430355e+01 4.300000e+02
      vertex   1.485549e+01 2.425598e+01 4.300000e+02
      vertex   1.500000e+01 2.300000e+01 4.300000e+02
    endloop
  endfacet
  facet normal 0.000000e+00 0.000000e+00 -1.000000e+00
    outer loop
      vertex   1.500000e+01 2.300000e+01 4.300000e+02
      vertex   1.485549e+01 2.425598e+01 4.300000e+02
      vertex   1.514451e+01 2.425598e+01 4.300000e+02
    endloop
  endfacet
  facet normal -0.000000e+00 0.000000e+00 -1.000000e+00
    outer loop
      vertex   1.457040e+01 2.769645e+01 4.300000e+02
      vertex   1.429703e+01 2.760260e+01 4.300000e+02
      vertex   1.500000e+01 2.900000e+01 4.300000e+02
    endloop
  endfacet
  facet normal 0.000000e+00 0.000000e+00 -1.000000e+00
    outer loop
      vertex   1.500000e+01 2.900000e+01 4.300000e+02
      vertex   1.429703e+01 2.760260e+01 4.300000e+02
      vertex   1.404284e+01 2.746504e+01 4.300000e+02
    endloop
  endfacet
  facet normal -0.000000e+00 0.000000e+00 -1.000000e+00
    outer loop
      vertex   1.361900e+01 2.707487e+01 4.300000e+02
      vertex   1.346092e+01 2.683291e+01 4.300000e+02
      vertex   9.000000e+00 2.900000e+01 4.300000e+02
    endloop
  endfacet
  facet normal 0.000000e+00 0.000000e+00 -1.000000e+00
    outer loop
      vertex   9.000000e+00 2.900000e+01 4.300000e+02
      vertex   1.346092e+01 2.683291e+01 4.300000e+02
      vertex   1.334482e+01 2.656822e+01 4.300000e+02
    endloop
  endfacet
  facet normal 0.000000e+00 0.000000e+00 -1.000000e+00
    outer loop
      vertex   9.000000e+00 2.900000e+01 4.300000e+02
      vertex   1.334482e+01 2.656822e+01 4.300000e+02
      vertex   1.327387e+01 2.628804e+01 4.300000e+02
    endloop
  endfacet
  facet normal -0.000000e+00 0.000000e+00 -1.000000e+00
    outer loop
      vertex   1.327387e+01 2.628804e+01 4.300000e+02
      vertex   1.325000e+01 2.600000e+01 4.300000e+02
      vertex   9.000000e+00 2.900000e+01 4.300000e+02
    endloop
  endfacet
  facet normal 9.965845e-01 8.257935e-02 -2.347046e-16
    outer loop
      vertex   -1.672613e+01 2.571196e+01 4.325000e+02
      vertex   -1.672613e+01 2.571196e+01 4.300000e+02
      vertex   -1.675000e+01 2.600000e+01 4.325000e+02
    endloop
  endfacet
  facet normal 9.965845e-01 8.257935e-02 0.000000e+00
    outer loop
      vertex   -1.675000e+01 2.600000e+01 4.325000e+02
      vertex   -1.672613e+01 2.571196e+01 4.300000e+02
      vertex   -1.675000e+01 2.600000e+01 4.300000e+02
    endloop
  endfacet
  facet normal 9.965845e-01 -8.257935e-02 0.000000e+00
    outer loop
      vertex   -1.675000e+01 2.600000e+01 4.325000e+02
      vertex   -1.675000e+01 2.600000e+01 4.300000e+02
      vertex   -1.672613e+01 2.628804e+01 4.325000e+02
    endloop
  endfacet
  facet normal 9.965845e-01 -8.257935e-02 2.347046e-16
    outer loop
      vertex   -1.672613e+01 2.628804e+01 4.325000e+02
      vertex   -1.675000e+01 2.600000e+01 4.300000e+02
      vertex   -1.672613e+01 2.628804e+01 4.300000e+02
    endloop
  endfacet
  facet normal 9.694003e-01 -2.454855e-01 6.977117e-16
    outer loop
      vertex   -1.672613e+01 2.628804e+01 4.325000e+02
      vertex   -1.672613e+01 2.628804e+01 4.300000e+02
      vertex   -1.665518e+01 2.656822e+01 4.325000e+02
    endloop
  endfacet
  facet normal 9.694003e-01 -2.454855e-01 0.000000e+00
    outer loop
      vertex   -1.665518e+01 2.656822e+01 4.325000e+02
      vertex   -1.672613e+01 2.628804e+01 4.300000e+02
      vertex   -1.665518e+01 2.656822e+01 4.300000e+02
    endloop
  endfacet
  facet normal 9.157733e-01 -4.016954e-01 0.000000e+00
    outer loop
      vertex   -1.665518e+01 2.656822e+01 4.325000e+02
      vertex   -1.665518e+01 2.656822e+01 4.300000e+02
      vertex   -1.653908e+01 2.683291e+01 4.325000e+02
    endloop
  endfacet
  facet normal 9.157733e-01 -4.016954e-01 -1.301392e-15
    outer loop
      vertex   -1.653908e+01 2.683291e+01 4.325000e+02
      vertex   -1.665518e+01 2.656822e+01 4.300000e+02
      vertex   -1.653908e+01 2.683291e+01 4.300000e+02
    endloop
  endfacet
  facet normal 8.371665e-01 -5.469482e-01 -1.189685e-15
    outer loop
      vertex   -1.653908e+01 2.683291e+01 4.325000e+02
      vertex   -1.653908e+01 2.683291e+01 4.300000e+02
      vertex   -1.638100e+01 2.707487e+01 4.325000e+02
    endloop
  endfacet
  facet normal 8.371665e-01 -5.469482e-01 0.000000e+00
    outer loop
      vertex   -1.638100e+01 2.707487e+01 4.325000e+02
      vertex   -1.653908e+01 2.683291e+01 4.300000e+02
      vertex   -1.638100e+01 2.707487e+01 4.300000e+02
    endloop
  endfacet
  facet normal 7.357239e-01 -6.772816e-01 0.000000e+00
    outer loop
      vertex   -1.638100e+01 2.707487e+01 4.325000e+02
      vertex   -1.638100e+01 2.707487e+01 4.300000e+02
      vertex   -1.618524e+01 2.728752e+01 4.325000e+02
    endloop
  endfacet
  facet normal 7.357239e-01 -6.772816e-01 0.000000e+00
    outer loop
      vertex   -1.618524e+01 2.728752e+01 4.325000e+02
      vertex   -1.638100e+01 2.707487e+01 4.300000e+02
      vertex   -1.618524e+01 2.728752e+01 4.300000e+02
    endloop
  endfacet
  facet normal 6.142127e-01 -7.891405e-01 0.000000e+00
    outer loop
      vertex   -1.618524e+01 2.728752e+01 4.325000e+02
      vertex   -1.618524e+01 2.728752e+01 4.300000e+02
      vertex   -1.595716e+01 2.746504e+01 4.325000e+02
    endloop
  endfacet
  facet normal 6.142127e-01 -7.891405e-01 0.000000e+00
    outer loop
      vertex   -1.595716e+01 2.746504e+01 4.325000e+02
      vertex   -1.618524e+01 2.728752e+01 4.300000e+02
      vertex   -1.595716e+01 2.746504e+01 4.300000e+02
    endloop
  endfacet
  facet normal 4.759474e-01 -8.794738e-01 0.000000e+00
    outer loop
      vertex   -1.595716e+01 2.746504e+01 4.325000e+02
      vertex   -1.595716e+01 2.746504e+01 4.300000e+02
      vertex   -1.570297e+01 2.760260e+01 4.325000e+02
    endloop
  endfacet
  facet normal 4.759474e-01 -8.794738e-01 0.000000e+00
    outer loop
      vertex   -1.570297e+01 2.760260e+01 4.325000e+02
      vertex   -1.595716e+01 2.746504e+01 4.300000e+02
      vertex   -1.570297e+01 2.760260e+01 4.300000e+02
    endloop
  endfacet
  facet normal 3.246995e-01 -9.458172e-01 0.000000e+00
    outer loop
      vertex   -1.570297e+01 2.760260e+01 4.325000e+02
      vertex   -1.570297e+01 2.760260e+01 4.300000e+02
      vertex   -1.542960e+01 2.769645e+01 4.325000e+02
    endloop
  endfacet
  facet normal 3.246995e-01 -9.458172e-01 0.000000e+00
    outer loop
      vertex   -1.542960e+01 2.769645e+01 4.325000e+02
      vertex   -1.570297e+01 2.760260e+01 4.300000e+02
      vertex   -1.542960e+01 2.769645e+01 4.300000e+02
    endloop
  endfacet
  facet normal 1.645946e-01 -9.863613e-01 0.000000e+00
    outer loop
      vertex   -1.542960e+01 2.769645e+01 4.325000e+02
      vertex   -1.542960e+01 2.769645e+01 4.300000e+02
      vertex   -1.514451e+01 2.774402e+01 4.325000e+02
    endloop
  endfacet
  facet normal 1.645946e-01 -9.863613e-01 0.000000e+00
    outer loop
      vertex   -1.514451e+01 2.774402e+01 4.325000e+02
      vertex   -1.542960e+01 2.769645e+01 4.300000e+02
      vertex   -1.514451e+01 2.774402e+01 4.300000e+02
    endloop
  endfacet
  facet normal 0.000000e+00 -1.000000e+00 0.000000e+00
    outer loop
      vertex   -1.514451e+01 2.774402e+01 4.325000e+02
      vertex   -1.514451e+01 2.774402e+01 4.300000e+02
      vertex   -1.485549e+01 2.774402e+01 4.325000e+02
    endloop
  endfacet
  facet normal 0.000000e+00 -1.000000e+00 -0.000000e+00
    outer loop
      vertex   -1.485549e+01 2.774402e+01 4.325000e+02
      vertex   -1.514451e+01 2.774402e+01 4.300000e+02
      vertex   -1.485549e+01 2.774402e+01 4.300000e+02
    endloop
  endfacet
  facet normal -1.645946e-01 -9.863613e-01 -0.000000e+00
    outer loop
      vertex   -1.485549e+01 2.774402e+01 4.325000e+02
      vertex   -1.485549e+01 2.774402e+01 4.300000e+02
      vertex   -1.457040e+01 2.769645e+01 4.325000e+02
    endloop
  endfacet
  facet normal -1.645946e-01 -9.863613e-01 -0.000000e+00
    outer loop
      vertex   -1.457040e+01 2.769645e+01 4.325000e+02
      vertex   -1.485549e+01 2.774402e+01 4.300000e+02
      vertex   -1.457040e+01 2.769645e+01 4.300000e+02
    endloop
  endfacet
  facet normal -3.246995e-01 -9.458172e-01 -0.000000e+00
    outer loop
      vertex   -1.457040e+01 2.769645e+01 4.325000e+02
      vertex   -1.457040e+01 2.769645e+01 4.300000e+02
      vertex   -1.429703e+01 2.760260e+01 4.325000e+02
    endloop
  endfacet
  facet normal -3.246995e-01 -9.458172e-01 -0.000000e+00
    outer loop
      vertex   -1.429703e+01 2.760260e+01 4.325000e+02
      vertex   -1.457040e+01 2.769645e+01 4.300000e+02
      vertex   -1.429703e+01 2.760260e+01 4.300000e+02
    endloop
  endfacet
  facet normal -4.759474e-01 -8.794738e-01 -0.000000e+00
    outer loop
      vertex   -1.429703e+01 2.760260e+01 4.325000e+02
      vertex   -1.429703e+01 2.760260e+01 4.300000e+02
      vertex   -1.404284e+01 2.746504e+01 4.325000e+02
    endloop
  endfacet
  facet normal -4.759474e-01 -8.794738e-01 -0.000000e+00
    outer loop
      vertex   -1.404284e+01 2.746504e+01 4.325000e+02
      vertex   -1.429703e+01 2.760260e+01 4.300000e+02
      vertex   -1.404284e+01 2.746504e+01 4.300000e+02
    endloop
  endfacet
  facet normal -6.142127e-01 -7.891405e-01 -0.000000e+00
    outer loop
      vertex   -1.404284e+01 2.746504e+01 4.325000e+02
      vertex   -1.404284e+01 2.746504e+01 4.300000e+02
      vertex   -1.381476e+01 2.728752e+01 4.325000e+02
    endloop
  endfacet
  facet normal -6.142127e-01 -7.891405e-01 -2.242872e-15
    outer loop
      vertex   -1.381476e+01 2.728752e+01 4.325000e+02
      vertex   -1.404284e+01 2.746504e+01 4.300000e+02
      vertex   -1.381476e+01 2.728752e+01 4.300000e+02
    endloop
  endfacet
  facet normal -7.357239e-01 -6.772816e-01 -1.924950e-15
    outer loop
      vertex   -1.381476e+01 2.728752e+01 4.325000e+02
      vertex   -1.381476e+01 2.728752e+01 4.300000e+02
      vertex   -1.361900e+01 2.707487e+01 4.325000e+02
    endloop
  endfacet
  facet normal -7.357239e-01 -6.772816e-01 -0.000000e+00
    outer loop
      vertex   -1.361900e+01 2.707487e+01 4.325000e+02
      vertex   -1.381476e+01 2.728752e+01 4.300000e+02
      vertex   -1.361900e+01 2.707487e+01 4.300000e+02
    endloop
  endfacet
  facet normal -8.371665e-01 -5.469482e-01 -0.000000e+00
    outer loop
      vertex   -1.361900e+01 2.707487e+01 4.325000e+02
      vertex   -1.361900e+01 2.707487e+01 4.300000e+02
      vertex   -1.346092e+01 2.683291e+01 4.325000e+02
    endloop
  endfacet
  facet normal -8.371665e-01 -5.469482e-01 -0.000000e+00
    outer loop
      vertex   -1.346092e+01 2.683291e+01 4.325000e+02
      vertex   -1.361900e+01 2.707487e+01 4.300000e+02
      vertex   -1.346092e+01 2.683291e+01 4.300000e+02
    endloop
  endfacet
  facet normal -9.157733e-01 -4.016954e-01 -0.000000e+00
    outer loop
      vertex   -1.346092e+01 2.683291e+01 4.325000e+02
      vertex   -1.346092e+01 2.683291e+01 4.300000e+02
      vertex   -1.334482e+01 2.656822e+01 4.325000e+02
    endloop
  endfacet
  facet normal -9.157733e-01 -4.016954e-01 -0.000000e+00
    outer loop
      vertex   -1.334482e+01 2.656822e+01 4.325000e+02
      vertex   -1.346092e+01 2.683291e+01 4.300000e+02
      vertex   -1.334482e+01 2.656822e+01 4.300000e+02
    endloop
  endfacet
  facet normal -9.694003e-01 -2.454855e-01 -0.000000e+00
    outer loop
      vertex   -1.334482e+01 2.656822e+01 4.325000e+02
      vertex   -1.334482e+01 2.656822e+01 4.300000e+02
      vertex   -1.327387e+01 2.628804e+01 4.325000e+02
    endloop
  endfacet
  facet normal -9.694003e-01 -2.454855e-01 -0.000000e+00
    outer loop
      vertex   -1.327387e+01 2.628804e+01 4.325000e+02
      vertex   -1.334482e+01 2.656822e+01 4.300000e+02
      vertex   -1.327387e+01 2.628804e+01 4.300000e+02
    endloop
  endfacet
  facet normal -9.965845e-01 -8.257935e-02 -0.000000e+00
    outer loop
      vertex   -1.327387e+01 2.628804e+01 4.325000e+02
      vertex   -1.327387e+01 2.628804e+01 4.300000e+02
      vertex   -1.325000e+01 2.600000e+01 4.325000e+02
    endloop
  endfacet
  facet normal -9.965845e-01 -8.257935e-02 -0.000000e+00
    outer loop
      vertex   -1.325000e+01 2.600000e+01 4.325000e+02
      vertex   -1.327387e+01 2.628804e+01 4.300000e+02
      vertex   -1.325000e+01 2.600000e+01 4.300000e+02
    endloop
  endfacet
  facet normal -9.965845e-01 8.257935e-02 0.000000e+00
    outer loop
      vertex   -1.325000e+01 2.600000e+01 4.325000e+02
      vertex   -1.325000e+01 2.600000e+01 4.300000e+02
      vertex   -1.327387e+01 2.571196e+01 4.325000e+02
    endloop
  endfacet
  facet normal -9.965845e-01 8.257935e-02 0.000000e+00
    outer loop
      vertex   -1.327387e+01 2.571196e+01 4.325000e+02
      vertex   -1.325000e+01 2.600000e+01 4.300000e+02
      vertex   -1.327387e+01 2.571196e+01 4.300000e+02
    endloop
  endfacet
  facet normal -9.694003e-01 2.454855e-01 0.000000e+00
    outer loop
      vertex   -1.327387e+01 2.571196e+01 4.325000e+02
      vertex   -1.327387e+01 2.571196e+01 4.300000e+02
      vertex   -1.334482e+01 2.543178e+01 4.325000e+02
    endloop
  endfacet
  facet normal -9.694003e-01 2.454855e-01 0.000000e+00
    outer loop
      vertex   -1.334482e+01 2.543178e+01 4.325000e+02
      vertex   -1.327387e+01 2.571196e+01 4.300000e+02
      vertex   -1.334482e+01 2.543178e+01 4.300000e+02
    endloop
  endfacet
  facet normal -9.157733e-01 4.016954e-01 0.000000e+00
    outer loop
      vertex   -1.334482e+01 2.543178e+01 4.325000e+02
      vertex   -1.334482e+01 2.543178e+01 4.300000e+02
      vertex   -1.346092e+01 2.516709e+01 4.325000e+02
    endloop
  endfacet
  facet normal -9.157733e-01 4.016954e-01 0.000000e+00
    outer loop
      vertex   -1.346092e+01 2.516709e+01 4.325000e+02
      vertex   -1.334482e+01 2.543178e+01 4.300000e+02
      vertex   -1.346092e+01 2.516709e+01 4.300000e+02
    endloop
  endfacet
  facet normal -8.371665e-01 5.469482e-01 0.000000e+00
    outer loop
      vertex   -1.346092e+01 2.516709e+01 4.325000e+02
      vertex   -1.346092e+01 2.516709e+01 4.300000e+02
      vertex   -1.361900e+01 2.492513e+01 4.325000e+02
    endloop
  endfacet
  facet normal -8.371665e-01 5.469482e-01 0.000000e+00
    outer loop
      vertex   -1.361900e+01 2.492513e+01 4.325000e+02
      vertex   -1.346092e+01 2.516709e+01 4.300000e+02
      vertex   -1.361900e+01 2.492513e+01 4.300000e+02
    endloop
  endfacet
  facet normal -7.357239e-01 6.772816e-01 0.000000e+00
    outer loop
      vertex   -1.361900e+01 2.492513e+01 4.325000e+02
      vertex   -1.361900e+01 2.492513e+01 4.300000e+02
      vertex   -1.381476e+01 2.471248e+01 4.325000e+02
    endloop
  endfacet
  facet normal -7.357239e-01 6.772816e-01 1.924950e-15
    outer loop
      vertex   -1.381476e+01 2.471248e+01 4.325000e+02
      vertex   -1.361900e+01 2.492513e+01 4.300000e+02
      vertex   -1.381476e+01 2.471248e+01 4.300000e+02
    endloop
  endfacet
  facet normal -6.142127e-01 7.891405e-01 2.242872e-15
    outer loop
      vertex   -1.381476e+01 2.471248e+01 4.325000e+02
      vertex   -1.381476e+01 2.471248e+01 4.300000e+02
      vertex   -1.404284e+01 2.453496e+01 4.325000e+02
    endloop
  endfacet
  facet normal -6.142127e-01 7.891405e-01 0.000000e+00
    outer loop
      vertex   -1.404284e+01 2.453496e+01 4.325000e+02
      vertex   -1.381476e+01 2.471248e+01 4.300000e+02
      vertex   -1.404284e+01 2.453496e+01 4.300000e+02
    endloop
  endfacet
  facet normal -4.759474e-01 8.794738e-01 0.000000e+00
    outer loop
      vertex   -1.404284e+01 2.453496e+01 4.325000e+02
      vertex   -1.404284e+01 2.453496e+01 4.300000e+02
      vertex   -1.429703e+01 2.439740e+01 4.325000e+02
    endloop
  endfacet
  facet normal -4.759474e-01 8.794738e-01 0.000000e+00
    outer loop
      vertex   -1.429703e+01 2.439740e+01 4.325000e+02
      vertex   -1.404284e+01 2.453496e+01 4.300000e+02
      vertex   -1.429703e+01 2.439740e+01 4.300000e+02
    endloop
  endfacet
  facet normal -3.246995e-01 9.458172e-01 0.000000e+00
    outer loop
      vertex   -1.429703e+01 2.439740e+01 4.325000e+02
      vertex   -1.429703e+01 2.439740e+01 4.300000e+02
      vertex   -1.457040e+01 2.430355e+01 4.325000e+02
    endloop
  endfacet
  facet normal -3.246995e-01 9.458172e-01 0.000000e+00
    outer loop
      vertex   -1.457040e+01 2.430355e+01 4.325000e+02
      vertex   -1.429703e+01 2.439740e+01 4.300000e+02
      vertex   -1.457040e+01 2.430355e+01 4.300000e+02
    endloop
  endfacet
  facet normal -1.645946e-01 9.863613e-01 0.000000e+00
    outer loop
      vertex   -1.457040e+01 2.430355e+01 4.325000e+02
      vertex   -1.457040e+01 2.430355e+01 4.300000e+02
      vertex   -1.485549e+01 2.425598e+01 4.325000e+02
    endloop
  endfacet
  facet normal -1.645946e-01 9.863613e-01 0.000000e+00
    outer loop
      vertex   -1.485549e+01 2.425598e+01 4.325000e+02
      vertex   -1.457040e+01 2.430355e+01 4.300000e+02
      vertex   -1.485549e+01 2.425598e+01 4.300000e+02
    endloop
  endfacet
  facet normal 0.000000e+00 1.000000e+00 0.000000e+00
    outer loop
      vertex   -1.485549e+01 2.425598e+01 4.325000e+02
      vertex   -1.485549e+01 2.425598e+01 4.300000e+02
      vertex   -1.514451e+01 2.425598e+01 4.325000e+02
    endloop
  endfacet
  facet normal 0.000000e+00 1.000000e+00 0.000000e+00
    outer loop
      vertex   -1.514451e+01 2.425598e+01 4.325000e+02
      vertex   -1.485549e+01 2.425598e+01 4.300000e+02
      vertex   -1.514451e+01 2.425598e+01 4.300000e+02
    endloop
  endfacet
  facet normal 1.645946e-01 9.863613e-01 0.000000e+00
    outer loop
      vertex   -1.514451e+01 2.425598e+01 4.325000e+02
      vertex   -1.514451e+01 2.425598e+01 4.300000e+02
      vertex   -1.542960e+01 2.430355e+01 4.325000e+02
    endloop
  endfacet
  facet normal 1.645946e-01 9.863613e-01 0.000000e+00
    outer loop
      vertex   -1.542960e+01 2.430355e+01 4.325000e+02
      vertex   -1.514451e+01 2.425598e+01 4.300000e+02
      vertex   -1.542960e+01 2.430355e+01 4.300000e+02
    endloop
  endfacet
  facet normal 3.246995e-01 9.458172e-01 0.000000e+00
    outer loop
      vertex   -1.542960e+01 2.430355e+01 4.325000e+02
      vertex   -1.542960e+01 2.430355e+01 4.300000e+02
      vertex   -1.570297e+01 2.439740e+01 4.325000e+02
    endloop
  endfacet
  facet normal 3.246995e-01 9.458172e-01 0.000000e+00
    outer loop
      vertex   -1.570297e+01 2.439740e+01 4.325000e+02
      vertex   -1.542960e+01 2.430355e+01 4.300000e+02
      vertex   -1.570297e+01 2.439740e+01 4.300000e+02
    endloop
  endfacet
  facet normal 4.759474e-01 8.794738e-01 0.000000e+00
    outer loop
      vertex   -1.570297e+01 2.439740e+01 4.325000e+02
      vertex   -1.570297e+01 2.439740e+01 4.300000e+02
      vertex   -1.595716e+01 2.453496e+01 4.325000e+02
    endloop
  endfacet
  facet normal 4.759474e-01 8.794738e-01 0.000000e+00
    outer loop
      vertex   -1.595716e+01 2.453496e+01 4.325000e+02
      vertex   -1.570297e+01 2.439740e+01 4.300000e+02
      vertex   -1.595716e+01 2.453496e+01 4.300000e+02
    endloop
  endfacet
  facet normal 6.142127e-01 7.891405e-01 0.000000e+00
    outer loop
      vertex   -1.595716e+01 2.453496e+01 4.325000e+02
      vertex   -1.595716e+01 2.453496e+01 4.300000e+02
      vertex   -1.618524e+01 2.471248e+01 4.325000e+02
    endloop
  endfacet
  facet normal 6.142127e-01 7.891405e-01 0.000000e+00
    outer loop
      vertex   -1.618524e+01 2.471248e+01 4.325000e+02
      vertex   -1.595716e+01 2.453496e+01 4.300000e+02
      vertex   -1.618524e+01 2.471248e+01 4.300000e+02
    endloop
  endfacet
  facet normal 7.357239e-01 6.772816e-01 0.000000e+00
    outer loop
      vertex   -1.618524e+01 2.471248e+01 4.325000e+02
      vertex   -1.618524e+01 2.471248e+01 4.300000e+02
      vertex   -1.638100e+01 2.492513e+01 4.325000e+02
    endloop
  endfacet
  facet normal 7.357239e-01 6.772816e-01 0.000000e+00
    outer loop
      vertex   -1.638100e+01 2.492513e+01 4.325000e+02
      vertex   -1.618524e+01 2.471248e+01 4.300000e+02
      vertex   -1.638100e+01 2.492513e+01 4.300000e+02
    endloop
  endfacet
  facet normal 8.371665e-01 5.469482e-01 0.000000e+00
    outer loop
      vertex   -1.638100e+01 2.492513e+01 4.325000e+02
      vertex   -1.638100e+01 2.492513e+01 4.300000e+02
      vertex   -1.653908e+01 2.516709e+01 4.325000e+02
    endloop
  endfacet
  facet normal 8.371665e-01 5.469482e-01 1.189685e-15
    outer loop
      vertex   -1.653908e+01 2.516709e+01 4.325000e+02
      vertex   -1.638100e+01 2.492513e+01 4.300000e+02
      vertex   -1.653908e+01 2.516709e+01 4.300000e+02
    endloop
  endfacet
  facet normal 9.157733e-01 4.016954e-01 1.301392e-15
    outer loop
      vertex   -1.653908e+01 2.516709e+01 4.325000e+02
      vertex   -1.653908e+01 2.516709e+01 4.300000e+02
      vertex   -1.665518e+01 2.543178e+01 4.325000e+02
    endloop
  endfacet
  facet normal 9.157733e-01 4.016954e-01 0.000000e+00
    outer loop
      vertex   -1.665518e+01 2.543178e+01 4.325000e+02
      vertex   -1.653908e+01 2.516709e+01 4.300000e+02
      vertex   -1.665518e+01 2.543178e+01 4.300000e+02
    endloop
  endfacet
  facet normal 9.694003e-01 2.454855e-01 0.000000e+00
    outer loop
      vertex   -1.665518e+01 2.543178e+01 4.325000e+02
      vertex   -1.665518e+01 2.543178e+01 4.300000e+02
      vertex   -1.672613e+01 2.571196e+01 4.325000e+02
    endloop
  endfacet
  facet normal 9.694003e-01 2.454855e-01 -6.977117e-16
    outer loop
      vertex   -1.672613e+01 2.571196e+01 4.325000e+02
      vertex   -1.665518e+01 2.543178e+01 4.300000e+02
      vertex   -1.672613e+01 2.571196e+01 4.300000e+02
    endloop
  endfacet
  facet normal 0.000000e+00 0.000000e+00 -1.000000e+00
    outer loop
      vertex   -1.500000e+01 2.300000e+01 4.300000e+02
      vertex   -1.429703e+01 2.439740e+01 4.300000e+02
      vertex   -1.100000e+01 2.300000e+01 4.300000e+02
    endloop
  endfacet
  facet normal 0.000000e+00 0.000000e+00 -1.000000e+00
    outer loop
      vertex   -1.100000e+01 2.300000e+01 4.300000e+02
      vertex   -1.429703e+01 2.439740e+01 4.300000e+02
      vertex   -1.404284e+01 2.453496e+01 4.300000e+02
    endloop
  endfacet
  facet normal 0.000000e+00 0.000000e+00 -1.000000e+00
    outer loop
      vertex   -1.100000e+01 2.300000e+01 4.300000e+02
      vertex   -1.404284e+01 2.453496e+01 4.300000e+02
      vertex   -1.381476e+01 2.471248e+01 4.300000e+02
    endloop
  endfacet
  facet normal 0.000000e+00 0.000000e+00 -1.000000e+00
    outer loop
      vertex   -1.537600e+01 2.302366e+01 4.300000e+02
      vertex   -1.514451e+01 2.425598e+01 4.300000e+02
      vertex   -1.500000e+01 2.300000e+01 4.300000e+02
    endloop
  endfacet
  facet normal 0.000000e+00 0.000000e+00 -1.000000e+00
    outer loop
      vertex   -1.500000e+01 2.300000e+01 4.300000e+02
      vertex   -1.514451e+01 2.425598e+01 4.300000e+02
      vertex   -1.485549e+01 2.425598e+01 4.300000e+02
    endloop
  endfacet
  facet normal 0.000000e+00 0.000000e+00 -1.000000e+00
    outer loop
      vertex   -1.500000e+01 2.300000e+01 4.300000e+02
      vertex   -1.485549e+01 2.425598e+01 4.300000e+02
      vertex   -1.457040e+01 2.430355e+01 4.300000e+02
    endloop
  endfacet
  facet normal 0.000000e+00 0.000000e+00 -1.000000e+00
    outer loop
      vertex   -1.537600e+01 2.302366e+01 4.300000e+02
      vertex   -1.574607e+01 2.309425e+01 4.300000e+02
      vertex   -1.514451e+01 2.425598e+01 4.300000e+02
    endloop
  endfacet
  facet normal -0.000000e+00 0.000000e+00 -1.000000e+00
    outer loop
      vertex   -1.514451e+01 2.425598e+01 4.300000e+02
      vertex   -1.574607e+01 2.309425e+01 4.300000e+02
      vertex   -1.542960e+01 2.430355e+01 4.300000e+02
    endloop
  endfacet
  facet normal 0.000000e+00 0.000000e+00 -1.000000e+00
    outer loop
      vertex   -1.542960e+01 2.430355e+01 4.300000e+02
      vertex   -1.574607e+01 2.309425e+01 4.300000e+02
      vertex   -1.610437e+01 2.321067e+01 4.300000e+02
    endloop
  endfacet
  facet normal 0.000000e+00 0.000000e+00 -1.000000e+00
    outer loop
      vertex   -1.542960e+01 2.430355e+01 4.300000e+02
      vertex   -1.610437e+01 2.321067e+01 4.300000e+02
      vertex   -1.644526e+01 2.337108e+01 4.300000e+02
    endloop
  endfacet
  facet normal -0.000000e+00 0.000000e+00 -1.000000e+00
    outer loop
      vertex   -1.542960e+01 2.430355e+01 4.300000e+02
      vertex   -1.644526e+01 2.337108e+01 4.300000e+02
      vertex   -1.570297e+01 2.439740e+01 4.300000e+02
    endloop
  endfacet
  facet normal 0.000000e+00 0.000000e+00 -1.000000e+00
    outer loop
      vertex   -1.570297e+01 2.439740e+01 4.300000e+02
      vertex   -1.644526e+01 2.337108e+01 4.300000e+02
      vertex   -1.676336e+01 2.357295e+01 4.300000e+02
    endloop
  endfacet
  facet normal 0.000000e+00 0.000000e+00 -1.000000e+00
    outer loop
      vertex   -1.570297e+01 2.439740e+01 4.300000e+02
      vertex   -1.676336e+01 2.357295e+01 4.300000e+02
      vertex   -1.705364e+01 2.381309e+01 4.300000e+02
    endloop
  endfacet
  facet normal -0.000000e+00 0.000000e+00 -1.000000e+00
    outer loop
      vertex   -1.570297e+01 2.439740e+01 4.300000e+02
      vertex   -1.705364e+01 2.381309e+01 4.300000e+02
      vertex   -1.595716e+01 2.453496e+01 4.300000e+02
    endloop
  endfacet
  facet normal 0.000000e+00 0.000000e+00 -1.000000e+00
    outer loop
      vertex   -1.595716e+01 2.453496e+01 4.300000e+02
      vertex   -1.705364e+01 2.381309e+01 4.300000e+02
      vertex   -1.731154e+01 2.408773e+01 4.300000e+02
    endloop
  endfacet
  facet normal -0.000000e+00 0.000000e+00 -1.000000e+00
    outer loop
      vertex   -1.595716e+01 2.453496e+01 4.300000e+02
      vertex   -1.731154e+01 2.408773e+01 4.300000e+02
      vertex   -1.618524e+01 2.471248e+01 4.300000e+02
    endloop
  endfacet
  facet normal 0.000000e+00 0.000000e+00 -1.000000e+00
    outer loop
      vertex   -1.618524e+01 2.471248e+01 4.300000e+02
      vertex   -1.731154e+01 2.408773e+01 4.300000e+02
      vertex   -1.753298e+01 2.439252e+01 4.300000e+02
    endloop
  endfacet
  facet normal -0.000000e+00 0.000000e+00 -1.000000e+00
    outer loop
      vertex   -1.618524e+01 2.471248e+01 4.300000e+02
      vertex   -1.753298e+01 2.439252e+01 4.300000e+02
      vertex   -1.638100e+01 2.492513e+01 4.300000e+02
    endloop
  endfacet
  facet normal 0.000000e+00 0.000000e+00 -1.000000e+00
    outer loop
      vertex   -1.638100e+01 2.492513e+01 4.300000e+02
      vertex   -1.753298e+01 2.439252e+01 4.300000e+02
      vertex   -1.771448e+01 2.472266e+01 4.300000e+02
    endloop
  endfacet
  facet normal -0.000000e+00 0.000000e+00 -1.000000e+00
    outer loop
      vertex   -1.638100e+01 2.492513e+01 4.300000e+02
      vertex   -1.771448e+01 2.472266e+01 4.300000e+02
      vertex   -1.653908e+01 2.516709e+01 4.300000e+02
    endloop
  endfacet
  facet normal 0.000000e+00 0.000000e+00 -1.000000e+00
    outer loop
      vertex   -1.653908e+01 2.516709e+01 4.300000e+02
      vertex   -1.771448e+01 2.472266e+01 4.300000e+02
      vertex   -1.785317e+01 2.507295e+01 4.300000e+02
    endloop
  endfacet
  facet normal -0.000000e+00 0.000000e+00 -1.000000e+00
    outer loop
      vertex   -1.653908e+01 2.516709e+01 4.300000e+02
      vertex   -1.785317e+01 2.507295e+01 4.300000e+02
      vertex   -1.665518e+01 2.543178e+01 4.300000e+02
    endloop
  endfacet
  facet normal -0.000000e+00 0.000000e+00 -1.000000e+00
    outer loop
      vertex   -1.665518e+01 2.543178e+01 4.300000e+02
      vertex   -1.785317e+01 2.507295e+01 4.300000e+02
      vertex   -1.794686e+01 2.543786e+01 4.300000e+02
    endloop
  endfacet
  facet normal 0.000000e+00 0.000000e+00 -1.000000e+00
    outer loop
      vertex   -1.665518e+01 2.543178e+01 4.300000e+02
      vertex   -1.794686e+01 2.543786e+01 4.300000e+02
      vertex   -1.672613e+01 2.571196e+01 4.300000e+02
    endloop
  endfacet
  facet normal -0.000000e+00 0.000000e+00 -1.000000e+00
    outer loop
      vertex   -1.672613e+01 2.571196e+01 4.300000e+02
      vertex   -1.794686e+01 2.543786e+01 4.300000e+02
      vertex   -1.799408e+01 2.581163e+01 4.300000e+02
    endloop
  endfacet
  facet normal 0.000000e+00 0.000000e+00 -1.000000e+00
    outer loop
      vertex   -1.672613e+01 2.571196e+01 4.300000e+02
      vertex   -1.799408e+01 2.581163e+01 4.300000e+02
      vertex   -1.675000e+01 2.600000e+01 4.300000e+02
    endloop
  endfacet
  facet normal -0.000000e+00 0.000000e+00 -1.000000e+00
    outer loop
      vertex   -1.675000e+01 2.600000e+01 4.300000e+02
      vertex   -1.799408e+01 2.581163e+01 4.300000e+02
      vertex   -1.799408e+01 2.618837e+01 4.300000e+02
    endloop
  endfacet
  facet normal 0.000000e+00 0.000000e+00 -1.000000e+00
    outer loop
      vertex   -1.675000e+01 2.600000e+01 4.300000e+02
      vertex   -1.799408e+01 2.618837e+01 4.300000e+02
      vertex   -1.672613e+01 2.628804e+01 4.300000e+02
    endloop
  endfacet
  facet normal -0.000000e+00 0.000000e+00 -1.000000e+00
    outer loop
      vertex   -1.672613e+01 2.628804e+01 4.300000e+02
      vertex   -1.799408e+01 2.618837e+01 4.300000e+02
      vertex   -1.794686e+01 2.656214e+01 4.300000e+02
    endloop
  endfacet
  facet normal 0.000000e+00 0.000000e+00 -1.000000e+00
    outer loop
      vertex   -1.672613e+01 2.628804e+01 4.300000e+02
      vertex   -1.794686e+01 2.656214e+01 4.300000e+02
      vertex   -1.665518e+01 2.656822e+01 4.300000e+02
    endloop
  endfacet
  facet normal -0.000000e+00 0.000000e+00 -1.000000e+00
    outer loop
      vertex   -1.665518e+01 2.656822e+01 4.300000e+02
      vertex   -1.794686e+01 2.656214e+01 4.300000e+02
      vertex   -1.785317e+01 2.692705e+01 4.300000e+02
    endloop
  endfacet
  facet normal 0.000000e+00 0.000000e+00 -1.000000e+00
    outer loop
      vertex   -1.665518e+01 2.656822e+01 4.300000e+02
      vertex   -1.785317e+01 2.692705e+01 4.300000e+02
      vertex   -1.653908e+01 2.683291e+01 4.300000e+02
    endloop
  endfacet
  facet normal 0.000000e+00 0.000000e+00 -1.000000e+00
    outer loop
      vertex   -1.653908e+01 2.683291e+01 4.300000e+02
      vertex   -1.785317e+01 2.692705e+01 4.300000e+02
      vertex   -1.771448e+01 2.727734e+01 4.300000e+02
    endloop
  endfacet
  facet normal 0.000000e+00 0.000000e+00 -1.000000e+00
    outer loop
      vertex   -1.653908e+01 2.683291e+01 4.300000e+02
      vertex   -1.771448e+01 2.727734e+01 4.300000e+02
      vertex   -1.638100e+01 2.707487e+01 4.300000e+02
    endloop
  endfacet
  facet normal 0.000000e+00 0.000000e+00 -1.000000e+00
    outer loop
      vertex   -1.638100e+01 2.707487e+01 4.300000e+02
      vertex   -1.771448e+01 2.727734e+01 4.300000e+02
      vertex   -1.753298e+01 2.760748e+01 4.300000e+02
    endloop
  endfacet
  facet normal 0.000000e+00 0.000000e+00 -1.000000e+00
    outer loop
      vertex   -1.638100e+01 2.707487e+01 4.300000e+02
      vertex   -1.753298e+01 2.760748e+01 4.300000e+02
      vertex   -1.618524e+01 2.728752e+01 4.300000e+02
    endloop
  endfacet
  facet normal 0.000000e+00 0.000000e+00 -1.000000e+00
    outer loop
      vertex   -1.618524e+01 2.728752e+01 4.300000e+02
      vertex   -1.753298e+01 2.760748e+01 4.300000e+02
      vertex   -1.731154e+01 2.791227e+01 4.300000e+02
    endloop
  endfacet
  facet normal 0.000000e+00 0.000000e+00 -1.000000e+00
    outer loop
      vertex   -1.618524e+01 2.728752e+01 4.300000e+02
      vertex   -1.731154e+01 2.791227e+01 4.300000e+02
      vertex   -1.595716e+01 2.746504e+01 4.300000e+02
    endloop
  endfacet
  facet normal 0.000000e+00 0.000000e+00 -1.000000e+00
    outer loop
      vertex   -1.595716e+01 2.746504e+01 4.300000e+02
      vertex   -1.731154e+01 2.791227e+01 4.300000e+02
      vertex   -1.705364e+01 2.818691e+01 4.300000e+02
    endloop
  endfacet
  facet normal 0.000000e+00 0.000000e+00 -1.000000e+00
    outer loop
      vertex   -1.595716e+01 2.746504e+01 4.300000e+02
      vertex   -1.705364e+01 2.818691e+01 4.300000e+02
      vertex   -1.570297e+01 2.760260e+01 4.300000e+02
    endloop
  endfacet
  facet normal 0.000000e+00 0.000000e+00 -1.000000e+00
    outer loop
      vertex   -1.570297e+01 2.760260e+01 4.300000e+02
      vertex   -1.705364e+01 2.818691e+01 4.300000e+02
      vertex   -1.676336e+01 2.842705e+01 4.300000e+02
    endloop
  endfacet
  facet normal 0.000000e+00 0.000000e+00 -1.000000e+00
    outer loop
      vertex   -1.570297e+01 2.760260e+01 4.300000e+02
      vertex   -1.676336e+01 2.842705e+01 4.300000e+02
      vertex   -1.644526e+01 2.862892e+01 4.300000e+02
    endloop
  endfacet
  facet normal 0.000000e+00 0.000000e+00 -1.000000e+00
    outer loop
      vertex   -1.570297e+01 2.760260e+01 4.300000e+02
      vertex   -1.644526e+01 2.862892e+01 4.300000e+02
      vertex   -1.542960e+01 2.769645e+01 4.300000e+02
    endloop
  endfacet
  facet normal 0.000000e+00 0.000000e+00 -1.000000e+00
    outer loop
      vertex   -1.542960e+01 2.769645e+01 4.300000e+02
      vertex   -1.644526e+01 2.862892e+01 4.300000e+02
      vertex   -1.610437e+01 2.878933e+01 4.300000e+02
    endloop
  endfacet
  facet normal 0.000000e+00 0.000000e+00 -1.000000e+00
    outer loop
      vertex   -1.542960e+01 2.769645e+01 4.300000e+02
      vertex   -1.610437e+01 2.878933e+01 4.300000e+02
      vertex   -1.574607e+01 2.890575e+01 4.300000e+02
    endloop
  endfacet
  facet normal 0.000000e+00 0.000000e+00 -1.000000e+00
    outer loop
      vertex   -1.542960e+01 2.769645e+01 4.300000e+02
      vertex   -1.574607e+01 2.890575e+01 4.300000e+02
      vertex   -1.514451e+01 2.774402e+01 4.300000e+02
    endloop
  endfacet
  facet normal 0.000000e+00 0.000000e+00 -1.000000e+00
    outer loop
      vertex   -1.514451e+01 2.774402e+01 4.300000e+02
      vertex   -1.574607e+01 2.890575e+01 4.300000e+02
      vertex   -1.537600e+01 2.897634e+01 4.300000e+02
    endloop
  endfacet
  facet normal 0.000000e+00 0.000000e+00 -1.000000e+00
    outer loop
      vertex   -1.514451e+01 2.774402e+01 4.300000e+02
      vertex   -1.537600e+01 2.897634e+01 4.300000e+02
      vertex   -1.500000e+01 2.900000e+01 4.300000e+02
    endloop
  endfacet
  facet normal -0.000000e+00 0.000000e+00 -1.000000e+00
    outer loop
      vertex   -9.000000e+00 2.900000e+01 4.300000e+02
      vertex   -1.404284e+01 2.746504e+01 4.300000e+02
      vertex   -1.500000e+01 2.900000e+01 4.300000e+02
    endloop
  endfacet
  facet normal 0.000000e+00 0.000000e+00 -1.000000e+00
    outer loop
      vertex   -1.500000e+01 2.900000e+01 4.300000e+02
      vertex   -1.404284e+01 2.746504e+01 4.300000e+02
      vertex   -1.429703e+01 2.760260e+01 4.300000e+02
    endloop
  endfacet
  facet normal 0.000000e+00 0.000000e+00 -1.000000e+00
    outer loop
      vertex   -1.500000e+01 2.900000e+01 4.300000e+02
      vertex   -1.429703e+01 2.760260e+01 4.300000e+02
      vertex   -1.457040e+01 2.769645e+01 4.300000e+02
    endloop
  endfacet
  facet normal 0.000000e+00 0.000000e+00 -1.000000e+00
    outer loop
      vertex   -9.000000e+00 2.300000e+01 4.300000e+02
      vertex   -1.325000e+01 2.600000e+01 4.300000e+02
      vertex   -9.000000e+00 2.900000e+01 4.300000e+02
    endloop
  endfacet
  facet normal 0.000000e+00 0.000000e+00 -1.000000e+00
    outer loop
      vertex   -9.000000e+00 2.900000e+01 4.300000e+02
      vertex   -1.325000e+01 2.600000e+01 4.300000e+02
      vertex   -1.327387e+01 2.628804e+01 4.300000e+02
    endloop
  endfacet
  facet normal 0.000000e+00 0.000000e+00 -1.000000e+00
    outer loop
      vertex   -9.000000e+00 2.900000e+01 4.300000e+02
      vertex   -1.327387e+01 2.628804e+01 4.300000e+02
      vertex   -1.334482e+01 2.656822e+01 4.300000e+02
    endloop
  endfacet
  facet normal 0.000000e+00 0.000000e+00 -1.000000e+00
    outer loop
      vertex   -1.100000e+01 2.300000e+01 4.300000e+02
      vertex   -1.334482e+01 2.543178e+01 4.300000e+02
      vertex   -9.000000e+00 2.300000e+01 4.300000e+02
    endloop
  endfacet
  facet normal 0.000000e+00 0.000000e+00 -1.000000e+00
    outer loop
      vertex   -9.000000e+00 2.300000e+01 4.300000e+02
      vertex   -1.334482e+01 2.543178e+01 4.300000e+02
      vertex   -1.327387e+01 2.571196e+01 4.300000e+02
    endloop
  endfacet
  facet normal 0.000000e+00 0.000000e+00 -1.000000e+00
    outer loop
      vertex   -9.000000e+00 2.300000e+01 4.300000e+02
      vertex   -1.327387e+01 2.571196e+01 4.300000e+02
      vertex   -1.325000e+01 2.600000e+01 4.300000e+02
    endloop
  endfacet
  facet normal 0.000000e+00 -0.000000e+00 -1.000000e+00
    outer loop
      vertex   -1.457040e+01 2.430355e+01 4.300000e+02
      vertex   -1.429703e+01 2.439740e+01 4.300000e+02
      vertex   -1.500000e+01 2.300000e+01 4.300000e+02
    endloop
  endfacet
  facet normal 0.000000e+00 0.000000e+00 -1.000000e+00
    outer loop
      vertex   -1.381476e+01 2.471248e+01 4.300000e+02
      vertex   -1.361900e+01 2.492513e+01 4.300000e+02
      vertex   -1.100000e+01 2.300000e+01 4.300000e+02
    endloop
  endfacet
  facet normal 0.000000e+00 0.000000e+00 -1.000000e+00
    outer loop
      vertex   -1.100000e+01 2.300000e+01 4.300000e+02
      vertex   -1.361900e+01 2.492513e+01 4.300000e+02
      vertex   -1.346092e+01 2.516709e+01 4.300000e+02
    endloop
  endfacet
  facet normal 0.000000e+00 0.000000e+00 -1.000000e+00
    outer loop
      vertex   -1.100000e+01 2.300000e+01 4.300000e+02
      vertex   -1.346092e+01 2.516709e+01 4.300000e+02
      vertex   -1.334482e+01 2.543178e+01 4.300000e+02
    endloop
  endfacet
  facet normal 0.000000e+00 0.000000e+00 -1.000000e+00
    outer loop
      vertex   -1.334482e+01 2.656822e+01 4.300000e+02
      vertex   -1.346092e+01 2.683291e+01 4.300000e+02
      vertex   -9.000000e+00 2.900000e+01 4.300000e+02
    endloop
  endfacet
  facet normal 0.000000e+00 0.000000e+00 -1.000000e+00
    outer loop
      vertex   -9.000000e+00 2.900000e+01 4.300000e+02
      vertex   -1.346092e+01 2.683291e+01 4.300000e+02
      vertex   -1.361900e+01 2.707487e+01 4.300000e+02
    endloop
  endfacet
  facet normal 0.000000e+00 0.000000e+00 -1.000000e+00
    outer loop
      vertex   -9.000000e+00 2.900000e+01 4.300000e+02
      vertex   -1.361900e+01 2.707487e+01 4.300000e+02
      vertex   -1.381476e+01 2.728752e+01 4.300000e+02
    endloop
  endfacet
  facet normal 0.000000e+00 0.000000e+00 -1.000000e+00
    outer loop
      vertex   -1.381476e+01 2.728752e+01 4.300000e+02
      vertex   -1.404284e+01 2.746504e+01 4.300000e+02
      vertex   -9.000000e+00 2.900000e+01 4.300000e+02
    endloop
  endfacet
  facet normal 0.000000e+00 0.000000e+00 -1.000000e+00
    outer loop
      vertex   -1.457040e+01 2.769645e+01 4.300000e+02
      vertex   -1.485549e+01 2.774402e+01 4.300000e+02
      vertex   -1.500000e+01 2.900000e+01 4.300000e+02
    endloop
  endfacet
  facet normal 0.000000e+00 -0.000000e+00 -1.000000e+00
    outer loop
      vertex   -1.500000e+01 2.900000e+01 4.300000e+02
      vertex   -1.485549e+01 2.774402e+01 4.300000e+02
      vertex   -1.514451e+01 2.774402e+01 4.300000e+02
    endloop
  endfacet
endsolid
