solid ASCII
  facet normal -5.318538e-16 8.708759e-17 1.000000e+00
    outer loop
      vertex   -7.321033e+01 1.750000e+02 -8.406512e+00
      vertex   -5.669005e+01 5.152028e+01 -8.406512e+00
      vertex   -2.311131e+01 1.750000e+02 -8.406512e+00
    endloop
  endfacet
  facet normal -5.536924e-17 -4.248631e-17 1.000000e+00
    outer loop
      vertex   -2.311131e+01 1.750000e+02 -8.406512e+00
      vertex   -5.669005e+01 5.152028e+01 -8.406512e+00
      vertex   -5.634837e+01 5.107500e+01 -8.406512e+00
    endloop
  endfacet
  facet normal -8.401981e-17 -3.480214e-17 1.000000e+00
    outer loop
      vertex   -2.311131e+01 1.750000e+02 -8.406512e+00
      vertex   -5.634837e+01 5.107500e+01 -8.406512e+00
      vertex   -5.613359e+01 5.055646e+01 -8.406512e+00
    endloop
  endfacet
  facet normal -1.520617e-15 0.000000e+00 1.000000e+00
    outer loop
      vertex   -7.321033e+01 0.000000e+00 -8.406512e+00
      vertex   -6.036033e+01 5.000000e+01 -8.406512e+00
      vertex   -7.321033e+01 1.750000e+02 -8.406512e+00
    endloop
  endfacet
  facet normal -6.667423e-16 8.777829e-17 1.000000e+00
    outer loop
      vertex   -7.321033e+01 1.750000e+02 -8.406512e+00
      vertex   -6.036033e+01 5.000000e+01 -8.406512e+00
      vertex   -6.028707e+01 5.055646e+01 -8.406512e+00
    endloop
  endfacet
  facet normal -3.030881e-16 1.255432e-16 1.000000e+00
    outer loop
      vertex   -7.321033e+01 1.750000e+02 -8.406512e+00
      vertex   -6.028707e+01 5.055646e+01 -8.406512e+00
      vertex   -6.007228e+01 5.107500e+01 -8.406512e+00
    endloop
  endfacet
  facet normal -5.318538e-16 -2.218155e-16 1.000000e+00
    outer loop
      vertex   -2.311131e+01 0.000000e+00 -8.406512e+00
      vertex   -5.669005e+01 4.847972e+01 -8.406512e+00
      vertex   -7.321033e+01 0.000000e+00 -8.406512e+00
    endloop
  endfacet
  facet normal 4.187750e-16 -5.457582e-16 1.000000e+00
    outer loop
      vertex   -7.321033e+01 0.000000e+00 -8.406512e+00
      vertex   -5.669005e+01 4.847972e+01 -8.406512e+00
      vertex   -5.713533e+01 4.813805e+01 -8.406512e+00
    endloop
  endfacet
  facet normal 1.951251e-16 -4.710736e-16 1.000000e+00
    outer loop
      vertex   -7.321033e+01 0.000000e+00 -8.406512e+00
      vertex   -5.713533e+01 4.813805e+01 -8.406512e+00
      vertex   -5.765387e+01 4.792326e+01 -8.406512e+00
    endloop
  endfacet
  facet normal -2.156492e-16 0.000000e+00 1.000000e+00
    outer loop
      vertex   -2.311131e+01 1.750000e+02 -8.406512e+00
      vertex   -5.606033e+01 5.000000e+01 -8.406512e+00
      vertex   -2.311131e+01 0.000000e+00 -8.406512e+00
    endloop
  endfacet
  facet normal -1.797403e-16 2.366325e-17 1.000000e+00
    outer loop
      vertex   -2.311131e+01 0.000000e+00 -8.406512e+00
      vertex   -5.606033e+01 5.000000e+01 -8.406512e+00
      vertex   -5.613359e+01 4.944354e+01 -8.406512e+00
    endloop
  endfacet
  facet normal -1.328056e-16 5.500989e-17 1.000000e+00
    outer loop
      vertex   -2.311131e+01 0.000000e+00 -8.406512e+00
      vertex   -5.613359e+01 4.944354e+01 -8.406512e+00
      vertex   -5.634837e+01 4.892500e+01 -8.406512e+00
    endloop
  endfacet
  facet normal -1.805423e-16 1.385350e-16 1.000000e+00
    outer loop
      vertex   -6.007228e+01 5.107500e+01 -8.406512e+00
      vertex   -5.973061e+01 5.152028e+01 -8.406512e+00
      vertex   -7.321033e+01 1.750000e+02 -8.406512e+00
    endloop
  endfacet
  facet normal -1.120398e-16 1.460131e-16 1.000000e+00
    outer loop
      vertex   -7.321033e+01 1.750000e+02 -8.406512e+00
      vertex   -5.973061e+01 5.152028e+01 -8.406512e+00
      vertex   -5.928533e+01 5.186195e+01 -8.406512e+00
    endloop
  endfacet
  facet normal -6.278764e-17 1.515828e-16 1.000000e+00
    outer loop
      vertex   -7.321033e+01 1.750000e+02 -8.406512e+00
      vertex   -5.928533e+01 5.186195e+01 -8.406512e+00
      vertex   -5.876679e+01 5.207674e+01 -8.406512e+00
    endloop
  endfacet
  facet normal -2.060873e-17 1.565388e-16 1.000000e+00
    outer loop
      vertex   -5.876679e+01 5.207674e+01 -8.406512e+00
      vertex   -5.821033e+01 5.215000e+01 -8.406512e+00
      vertex   -7.321033e+01 1.750000e+02 -8.406512e+00
    endloop
  endfacet
  facet normal 2.128211e-17 1.616537e-16 1.000000e+00
    outer loop
      vertex   -7.321033e+01 1.750000e+02 -8.406512e+00
      vertex   -5.821033e+01 5.215000e+01 -8.406512e+00
      vertex   -5.765387e+01 5.207674e+01 -8.406512e+00
    endloop
  endfacet
  facet normal 6.948603e-17 1.677541e-16 1.000000e+00
    outer loop
      vertex   -7.321033e+01 1.750000e+02 -8.406512e+00
      vertex   -5.765387e+01 5.207674e+01 -8.406512e+00
      vertex   -5.713533e+01 5.186195e+01 -8.406512e+00
    endloop
  endfacet
  facet normal 1.353165e-16 1.763479e-16 1.000000e+00
    outer loop
      vertex   -5.713533e+01 5.186195e+01 -8.406512e+00
      vertex   -5.669005e+01 5.152028e+01 -8.406512e+00
      vertex   -7.321033e+01 1.750000e+02 -8.406512e+00
    endloop
  endfacet
  facet normal -1.438183e-16 -1.893404e-17 1.000000e+00
    outer loop
      vertex   -5.613359e+01 5.055646e+01 -8.406512e+00
      vertex   -5.606033e+01 5.000000e+01 -8.406512e+00
      vertex   -2.311131e+01 1.750000e+02 -8.406512e+00
    endloop
  endfacet
  facet normal -1.003896e-16 7.703163e-17 1.000000e+00
    outer loop
      vertex   -5.634837e+01 4.892500e+01 -8.406512e+00
      vertex   -5.669005e+01 4.847972e+01 -8.406512e+00
      vertex   -2.311131e+01 0.000000e+00 -8.406512e+00
    endloop
  endfacet
  facet normal 5.607560e-17 -4.259365e-16 1.000000e+00
    outer loop
      vertex   -5.765387e+01 4.792326e+01 -8.406512e+00
      vertex   -5.821033e+01 4.785000e+01 -8.406512e+00
      vertex   -7.321033e+01 0.000000e+00 -8.406512e+00
    endloop
  endfacet
  facet normal -5.163053e-17 -3.921728e-16 1.000000e+00
    outer loop
      vertex   -7.321033e+01 0.000000e+00 -8.406512e+00
      vertex   -5.821033e+01 4.785000e+01 -8.406512e+00
      vertex   -5.876679e+01 4.792326e+01 -8.406512e+00
    endloop
  endfacet
  facet normal -1.501448e-16 -3.624817e-16 1.000000e+00
    outer loop
      vertex   -7.321033e+01 0.000000e+00 -8.406512e+00
      vertex   -5.876679e+01 4.792326e+01 -8.406512e+00
      vertex   -5.928533e+01 4.813805e+01 -8.406512e+00
    endloop
  endfacet
  facet normal -2.548917e-16 -3.321813e-16 1.000000e+00
    outer loop
      vertex   -5.928533e+01 4.813805e+01 -8.406512e+00
      vertex   -5.973061e+01 4.847972e+01 -8.406512e+00
      vertex   -7.321033e+01 0.000000e+00 -8.406512e+00
    endloop
  endfacet
  facet normal -3.855586e-16 -2.958495e-16 1.000000e+00
    outer loop
      vertex   -7.321033e+01 0.000000e+00 -8.406512e+00
      vertex   -5.973061e+01 4.847972e+01 -8.406512e+00
      vertex   -6.007228e+01 4.892500e+01 -8.406512e+00
    endloop
  endfacet
  facet normal -5.849674e-16 -2.423014e-16 1.000000e+00
    outer loop
      vertex   -7.321033e+01 0.000000e+00 -8.406512e+00
      vertex   -6.007228e+01 4.892500e+01 -8.406512e+00
      vertex   -6.028707e+01 4.944354e+01 -8.406512e+00
    endloop
  endfacet
  facet normal -1.005522e-15 -1.323794e-16 1.000000e+00
    outer loop
      vertex   -6.028707e+01 4.944354e+01 -8.406512e+00
      vertex   -6.036033e+01 5.000000e+01 -8.406512e+00
      vertex   -7.321033e+01 0.000000e+00 -8.406512e+00
    endloop
  endfacet
  facet normal 1.000000e+00 0.000000e+00 -0.000000e+00
    outer loop
      vertex   -7.321033e+01 1.750000e+02 -8.406512e+00
      vertex   -7.321033e+01 1.750000e+02 -2.519094e+00
      vertex   -7.321033e+01 0.000000e+00 -8.406512e+00
    endloop
  endfacet
  facet normal 1.000000e+00 0.000000e+00 0.000000e+00
    outer loop
      vertex   -7.321033e+01 0.000000e+00 -8.406512e+00
      vertex   -7.321033e+01 1.750000e+02 -2.519094e+00
      vertex   -7.321033e+01 0.000000e+00 -2.519094e+00
    endloop
  endfacet
  facet normal 0.000000e+00 1.000000e+00 0.000000e+00
    outer loop
      vertex   -1.596799e+02 1.750000e+02 -7.697505e+01
      vertex   -1.313256e+02 1.750000e+02 -3.447863e+01
      vertex   -1.031113e+02 1.750000e+02 -2.040651e+01
    endloop
  endfacet
  facet normal 0.000000e+00 1.000000e+00 0.000000e+00
    outer loop
      vertex   -1.031113e+02 1.750000e+02 -2.040651e+01
      vertex   -1.313256e+02 1.750000e+02 -3.447863e+01
      vertex   -1.354372e+02 1.750000e+02 -2.554175e+01
    endloop
  endfacet
  facet normal 0.000000e+00 1.000000e+00 0.000000e+00
    outer loop
      vertex   -1.031113e+02 1.750000e+02 -2.040651e+01
      vertex   -1.354372e+02 1.750000e+02 -2.554175e+01
      vertex   -1.337186e+02 1.750000e+02 -2.230425e+01
    endloop
  endfacet
  facet normal 0.000000e+00 1.000000e+00 -0.000000e+00
    outer loop
      vertex   -1.596799e+02 1.750000e+02 -7.697505e+01
      vertex   -1.667509e+02 1.750000e+02 -6.990399e+01
      vertex   -1.313256e+02 1.750000e+02 -3.447863e+01
    endloop
  endfacet
  facet normal 0.000000e+00 1.000000e+00 0.000000e+00
    outer loop
      vertex   -1.313256e+02 1.750000e+02 -3.447863e+01
      vertex   -1.369028e+02 1.750000e+02 -2.890139e+01
      vertex   -1.354372e+02 1.750000e+02 -2.554175e+01
    endloop
  endfacet
  facet normal 0.000000e+00 1.000000e+00 0.000000e+00
    outer loop
      vertex   -1.337186e+02 1.750000e+02 -2.230425e+01
      vertex   -1.317570e+02 1.750000e+02 -1.920791e+01
      vertex   -1.031113e+02 1.750000e+02 -2.040651e+01
    endloop
  endfacet
  facet normal 0.000000e+00 1.000000e+00 0.000000e+00
    outer loop
      vertex   -1.031113e+02 1.750000e+02 -2.040651e+01
      vertex   -1.317570e+02 1.750000e+02 -1.920791e+01
      vertex   -1.295640e+02 1.750000e+02 -1.627092e+01
    endloop
  endfacet
  facet normal 0.000000e+00 1.000000e+00 0.000000e+00
    outer loop
      vertex   -1.031113e+02 1.750000e+02 -2.040651e+01
      vertex   -1.295640e+02 1.750000e+02 -1.627092e+01
      vertex   -1.271525e+02 1.750000e+02 -1.351054e+01
    endloop
  endfacet
  facet normal -0.000000e+00 1.000000e+00 0.000000e+00
    outer loop
      vertex   -1.271525e+02 1.750000e+02 -1.351054e+01
      vertex   -1.245366e+02 1.750000e+02 -1.094300e+01
      vertex   -1.031113e+02 1.750000e+02 -2.040651e+01
    endloop
  endfacet
  facet normal 0.000000e+00 1.000000e+00 0.000000e+00
    outer loop
      vertex   -1.031113e+02 1.750000e+02 -2.040651e+01
      vertex   -1.245366e+02 1.750000e+02 -1.094300e+01
      vertex   -1.217318e+02 1.750000e+02 -8.583375e+00
    endloop
  endfacet
  facet normal 0.000000e+00 1.000000e+00 0.000000e+00
    outer loop
      vertex   -1.031113e+02 1.750000e+02 -2.040651e+01
      vertex   -1.217318e+02 1.750000e+02 -8.583375e+00
      vertex   -1.187544e+02 1.750000e+02 -6.445535e+00
    endloop
  endfacet
  facet normal -0.000000e+00 1.000000e+00 0.000000e+00
    outer loop
      vertex   -1.187544e+02 1.750000e+02 -6.445535e+00
      vertex   -1.156220e+02 1.750000e+02 -4.542042e+00
      vertex   -1.031113e+02 1.750000e+02 -2.040651e+01
    endloop
  endfacet
  facet normal 0.000000e+00 1.000000e+00 0.000000e+00
    outer loop
      vertex   -1.031113e+02 1.750000e+02 -2.040651e+01
      vertex   -1.156220e+02 1.750000e+02 -4.542042e+00
      vertex   -1.123530e+02 1.750000e+02 -2.884082e+00
    endloop
  endfacet
  facet normal 0.000000e+00 1.000000e+00 0.000000e+00
    outer loop
      vertex   -1.031113e+02 1.750000e+02 -2.040651e+01
      vertex   -1.123530e+02 1.750000e+02 -2.884082e+00
      vertex   -1.089667e+02 1.750000e+02 -1.481398e+00
    endloop
  endfacet
  facet normal -0.000000e+00 1.000000e+00 0.000000e+00
    outer loop
      vertex   -1.089667e+02 1.750000e+02 -1.481398e+00
      vertex   -1.054828e+02 1.750000e+02 -3.422303e-01
      vertex   -1.031113e+02 1.750000e+02 -2.040651e+01
    endloop
  endfacet
  facet normal 0.000000e+00 1.000000e+00 -0.000000e+00
    outer loop
      vertex   -1.031113e+02 1.750000e+02 -2.040651e+01
      vertex   -1.054828e+02 1.750000e+02 -3.422303e-01
      vertex   -1.019219e+02 1.750000e+02 5.267256e-01
    endloop
  endfacet
  facet normal 0.000000e+00 1.000000e+00 0.000000e+00
    outer loop
      vertex   -1.031113e+02 1.750000e+02 -2.040651e+01
      vertex   -1.019219e+02 1.750000e+02 5.267256e-01
      vertex   -9.830488e+01 1.750000e+02 1.120364e+00
    endloop
  endfacet
  facet normal 0.000000e+00 1.000000e+00 0.000000e+00
    outer loop
      vertex   -1.031113e+02 1.750000e+02 -2.040651e+01
      vertex   -9.830488e+01 1.750000e+02 1.120364e+00
      vertex   -7.321033e+01 1.750000e+02 -8.406512e+00
    endloop
  endfacet
  facet normal 0.000000e+00 1.000000e+00 0.000000e+00
    outer loop
      vertex   -7.321033e+01 1.750000e+02 -8.406512e+00
      vertex   -9.830488e+01 1.750000e+02 1.120364e+00
      vertex   -9.465303e+01 1.750000e+02 1.435197e+00
    endloop
  endfacet
  facet normal 0.000000e+00 1.000000e+00 0.000000e+00
    outer loop
      vertex   -7.321033e+01 1.750000e+02 -8.406512e+00
      vertex   -9.465303e+01 1.750000e+02 1.435197e+00
      vertex   -9.098780e+01 1.750000e+02 1.469373e+00
    endloop
  endfacet
  facet normal 0.000000e+00 1.000000e+00 0.000000e+00
    outer loop
      vertex   -9.098780e+01 1.750000e+02 1.469373e+00
      vertex   -8.733072e+01 1.750000e+02 1.222693e+00
      vertex   -7.321033e+01 1.750000e+02 -8.406512e+00
    endloop
  endfacet
  facet normal 0.000000e+00 1.000000e+00 0.000000e+00
    outer loop
      vertex   -7.321033e+01 1.750000e+02 -8.406512e+00
      vertex   -8.733072e+01 1.750000e+02 1.222693e+00
      vertex   -8.370328e+01 1.750000e+02 6.966060e-01
    endloop
  endfacet
  facet normal 0.000000e+00 1.000000e+00 0.000000e+00
    outer loop
      vertex   -7.321033e+01 1.750000e+02 -8.406512e+00
      vertex   -8.370328e+01 1.750000e+02 6.966060e-01
      vertex   -8.012679e+01 1.750000e+02 -1.057969e-01
    endloop
  endfacet
  facet normal 0.000000e+00 1.000000e+00 0.000000e+00
    outer loop
      vertex   -8.012679e+01 1.750000e+02 -1.057969e-01
      vertex   -7.662228e+01 1.750000e+02 -1.179801e+00
      vertex   -7.321033e+01 1.750000e+02 -8.406512e+00
    endloop
  endfacet
  facet normal 0.000000e+00 1.000000e+00 -0.000000e+00
    outer loop
      vertex   -7.321033e+01 1.750000e+02 -8.406512e+00
      vertex   -7.662228e+01 1.750000e+02 -1.179801e+00
      vertex   -7.321033e+01 1.750000e+02 -2.519094e+00
    endloop
  endfacet
  facet normal 0.000000e+00 1.000000e+00 0.000000e+00
    outer loop
      vertex   -2.311131e+01 1.750000e+02 -8.406512e+00
      vertex   -2.311131e+01 1.750000e+02 -2.040651e+01
      vertex   -7.321033e+01 1.750000e+02 -8.406512e+00
    endloop
  endfacet
  facet normal 0.000000e+00 1.000000e+00 0.000000e+00
    outer loop
      vertex   -7.321033e+01 1.750000e+02 -8.406512e+00
      vertex   -2.311131e+01 1.750000e+02 -2.040651e+01
      vertex   -1.031113e+02 1.750000e+02 -2.040651e+01
    endloop
  endfacet
  facet normal 3.653889e-01 1.728432e-17 9.308550e-01
    outer loop
      vertex   -7.662228e+01 1.750000e+02 -1.179801e+00
      vertex   -7.662228e+01 1.166667e+02 -1.179801e+00
      vertex   -7.321033e+01 1.750000e+02 -2.519094e+00
    endloop
  endfacet
  facet normal 3.653889e-01 -8.896667e-17 9.308550e-01
    outer loop
      vertex   -7.321033e+01 1.750000e+02 -2.519094e+00
      vertex   -7.662228e+01 1.166667e+02 -1.179801e+00
      vertex   -7.662228e+01 5.833333e+01 -1.179801e+00
    endloop
  endfacet
  facet normal 3.653889e-01 0.000000e+00 9.308550e-01
    outer loop
      vertex   -7.321033e+01 1.750000e+02 -2.519094e+00
      vertex   -7.662228e+01 5.833333e+01 -1.179801e+00
      vertex   -7.321033e+01 0.000000e+00 -2.519094e+00
    endloop
  endfacet
  facet normal 3.653889e-01 1.188082e-15 9.308550e-01
    outer loop
      vertex   -7.321033e+01 0.000000e+00 -2.519094e+00
      vertex   -7.662228e+01 5.833333e+01 -1.179801e+00
      vertex   -7.662228e+01 0.000000e+00 -1.179801e+00
    endloop
  endfacet
  facet normal 2.930120e-01 1.199598e-15 9.561088e-01
    outer loop
      vertex   -7.662228e+01 0.000000e+00 -1.179801e+00
      vertex   -7.662228e+01 5.833333e+01 -1.179801e+00
      vertex   -8.012679e+01 0.000000e+00 -1.057969e-01
    endloop
  endfacet
  facet normal 2.930120e-01 1.019034e-15 9.561088e-01
    outer loop
      vertex   -8.012679e+01 0.000000e+00 -1.057969e-01
      vertex   -7.662228e+01 5.833333e+01 -1.179801e+00
      vertex   -8.012679e+01 5.833333e+01 -1.057969e-01
    endloop
  endfacet
  facet normal 2.189133e-01 1.039962e-15 9.757443e-01
    outer loop
      vertex   -8.012679e+01 0.000000e+00 -1.057969e-01
      vertex   -8.012679e+01 5.833333e+01 -1.057969e-01
      vertex   -8.370328e+01 0.000000e+00 6.966060e-01
    endloop
  endfacet
  facet normal 2.189133e-01 9.099668e-16 9.757443e-01
    outer loop
      vertex   -8.370328e+01 0.000000e+00 6.966060e-01
      vertex   -8.012679e+01 5.833333e+01 -1.057969e-01
      vertex   -8.370328e+01 5.833333e+01 6.966060e-01
    endloop
  endfacet
  facet normal 1.435282e-01 9.229315e-16 9.896462e-01
    outer loop
      vertex   -8.370328e+01 0.000000e+00 6.966060e-01
      vertex   -8.370328e+01 5.833333e+01 6.966060e-01
      vertex   -8.733072e+01 0.000000e+00 1.222693e+00
    endloop
  endfacet
  facet normal 1.435282e-01 8.664255e-16 9.896462e-01
    outer loop
      vertex   -8.733072e+01 0.000000e+00 1.222693e+00
      vertex   -8.370328e+01 5.833333e+01 6.966060e-01
      vertex   -8.733072e+01 5.833333e+01 1.222693e+00
    endloop
  endfacet
  facet normal 6.729976e-02 8.735052e-16 9.977328e-01
    outer loop
      vertex   -8.733072e+01 0.000000e+00 1.222693e+00
      vertex   -8.733072e+01 5.833333e+01 1.222693e+00
      vertex   -9.098780e+01 0.000000e+00 1.469373e+00
    endloop
  endfacet
  facet normal 6.729976e-02 5.722714e-16 9.977328e-01
    outer loop
      vertex   -9.098780e+01 0.000000e+00 1.469373e+00
      vertex   -8.733072e+01 5.833333e+01 1.222693e+00
      vertex   -9.098780e+01 5.833333e+01 1.469373e+00
    endloop
  endfacet
  facet normal -9.324153e-03 5.922501e-16 9.999565e-01
    outer loop
      vertex   -9.098780e+01 0.000000e+00 1.469373e+00
      vertex   -9.098780e+01 5.833333e+01 1.469373e+00
      vertex   -9.465303e+01 0.000000e+00 1.435197e+00
    endloop
  endfacet
  facet normal -9.324153e-03 5.351554e-16 9.999565e-01
    outer loop
      vertex   -9.465303e+01 0.000000e+00 1.435197e+00
      vertex   -9.098780e+01 5.833333e+01 1.469373e+00
      vertex   -9.465303e+01 5.833333e+01 1.435197e+00
    endloop
  endfacet
  facet normal -8.589328e-02 5.518625e-16 9.963043e-01
    outer loop
      vertex   -9.465303e+01 0.000000e+00 1.435197e+00
      vertex   -9.465303e+01 5.833333e+01 1.435197e+00
      vertex   -9.830488e+01 0.000000e+00 1.120364e+00
    endloop
  endfacet
  facet normal -8.589328e-02 4.949763e-16 9.963043e-01
    outer loop
      vertex   -9.830488e+01 0.000000e+00 1.120364e+00
      vertex   -9.465303e+01 5.833333e+01 1.435197e+00
      vertex   -9.830488e+01 5.833333e+01 1.120364e+00
    endloop
  endfacet
  facet normal -1.619577e-01 5.089833e-16 9.867977e-01
    outer loop
      vertex   -9.830488e+01 0.000000e+00 1.120364e+00
      vertex   -9.830488e+01 5.833333e+01 1.120364e+00
      vertex   -1.019219e+02 0.000000e+00 5.267256e-01
    endloop
  endfacet
  facet normal -1.619577e-01 4.169708e-16 9.867977e-01
    outer loop
      vertex   -1.019219e+02 0.000000e+00 5.267256e-01
      vertex   -9.830488e+01 5.833333e+01 1.120364e+00
      vertex   -1.019219e+02 5.833333e+01 5.267256e-01
    endloop
  endfacet
  facet normal -2.370704e-01 4.483246e-16 9.714925e-01
    outer loop
      vertex   -1.019219e+02 0.000000e+00 5.267256e-01
      vertex   -1.019219e+02 5.833333e+01 5.267256e-01
      vertex   -1.054828e+02 0.000000e+00 -3.422303e-01
    endloop
  endfacet
  facet normal -2.370704e-01 9.935594e-17 9.714925e-01
    outer loop
      vertex   -1.054828e+02 0.000000e+00 -3.422303e-01
      vertex   -1.019219e+02 5.833333e+01 5.267256e-01
      vertex   -1.054828e+02 5.833333e+01 -3.422303e-01
    endloop
  endfacet
  facet normal -3.107900e-01 1.164152e-16 9.504786e-01
    outer loop
      vertex   -1.054828e+02 0.000000e+00 -3.422303e-01
      vertex   -1.054828e+02 5.833333e+01 -3.422303e-01
      vertex   -1.089667e+02 0.000000e+00 -1.481398e+00
    endloop
  endfacet
  facet normal -3.107900e-01 1.118928e-16 9.504786e-01
    outer loop
      vertex   -1.089667e+02 0.000000e+00 -1.481398e+00
      vertex   -1.054828e+02 5.833333e+01 -3.422303e-01
      vertex   -1.089667e+02 5.833333e+01 -1.481398e+00
    endloop
  endfacet
  facet normal -3.826834e-01 1.283946e-16 9.238795e-01
    outer loop
      vertex   -1.089667e+02 0.000000e+00 -1.481398e+00
      vertex   -1.089667e+02 5.833333e+01 -1.481398e+00
      vertex   -1.123530e+02 0.000000e+00 -2.884082e+00
    endloop
  endfacet
  facet normal -3.826834e-01 7.391929e-17 9.238795e-01
    outer loop
      vertex   -1.123530e+02 0.000000e+00 -2.884082e+00
      vertex   -1.089667e+02 5.833333e+01 -1.481398e+00
      vertex   -1.123530e+02 5.833333e+01 -2.884082e+00
    endloop
  endfacet
  facet normal -4.523281e-01 1.117535e-16 8.918516e-01
    outer loop
      vertex   -1.123530e+02 0.000000e+00 -2.884082e+00
      vertex   -1.123530e+02 5.833333e+01 -2.884082e+00
      vertex   -1.156220e+02 0.000000e+00 -4.542042e+00
    endloop
  endfacet
  facet normal -4.523281e-01 -2.428669e-16 8.918516e-01
    outer loop
      vertex   -1.156220e+02 0.000000e+00 -4.542042e+00
      vertex   -1.123530e+02 5.833333e+01 -2.884082e+00
      vertex   -1.156220e+02 5.833333e+01 -4.542042e+00
    endloop
  endfacet
  facet normal -5.193148e-01 -2.117943e-16 8.545830e-01
    outer loop
      vertex   -1.156220e+02 0.000000e+00 -4.542042e+00
      vertex   -1.156220e+02 5.833333e+01 -4.542042e+00
      vertex   -1.187544e+02 0.000000e+00 -6.445535e+00
    endloop
  endfacet
  facet normal -5.193148e-01 -5.725196e-16 8.545830e-01
    outer loop
      vertex   -1.187544e+02 0.000000e+00 -6.445535e+00
      vertex   -1.156220e+02 5.833333e+01 -4.542042e+00
      vertex   -1.187544e+02 5.833333e+01 -6.445535e+00
    endloop
  endfacet
  facet normal -5.832500e-01 -5.441876e-16 8.122927e-01
    outer loop
      vertex   -1.187544e+02 0.000000e+00 -6.445535e+00
      vertex   -1.187544e+02 5.833333e+01 -6.445535e+00
      vertex   -1.217318e+02 0.000000e+00 -8.583375e+00
    endloop
  endfacet
  facet normal -5.832500e-01 -6.183950e-16 8.122927e-01
    outer loop
      vertex   -1.217318e+02 0.000000e+00 -8.583375e+00
      vertex   -1.187544e+02 5.833333e+01 -6.445535e+00
      vertex   -1.217318e+02 5.833333e+01 -8.583375e+00
    endloop
  endfacet
  facet normal -6.437578e-01 -5.825658e-16 7.652293e-01
    outer loop
      vertex   -1.217318e+02 0.000000e+00 -8.583375e+00
      vertex   -1.217318e+02 5.833333e+01 -8.583375e+00
      vertex   -1.245366e+02 0.000000e+00 -1.094300e+01
    endloop
  endfacet
  facet normal -6.437578e-01 -5.825658e-16 7.652293e-01
    outer loop
      vertex   -1.245366e+02 0.000000e+00 -1.094300e+01
      vertex   -1.217318e+02 5.833333e+01 -8.583375e+00
      vertex   -1.245366e+02 5.833333e+01 -1.094300e+01
    endloop
  endfacet
  facet normal -7.004829e-01 -5.433134e-16 7.136692e-01
    outer loop
      vertex   -1.245366e+02 0.000000e+00 -1.094300e+01
      vertex   -1.245366e+02 5.833333e+01 -1.094300e+01
      vertex   -1.271525e+02 0.000000e+00 -1.351054e+01
    endloop
  endfacet
  facet normal -7.004829e-01 -8.878215e-16 7.136692e-01
    outer loop
      vertex   -1.271525e+02 0.000000e+00 -1.351054e+01
      vertex   -1.245366e+02 5.833333e+01 -1.094300e+01
      vertex   -1.271525e+02 5.833333e+01 -1.351054e+01
    endloop
  endfacet
  facet normal -7.530917e-01 -8.446103e-16 6.579155e-01
    outer loop
      vertex   -1.271525e+02 0.000000e+00 -1.351054e+01
      vertex   -1.271525e+02 5.833333e+01 -1.351054e+01
      vertex   -1.295640e+02 0.000000e+00 -1.627092e+01
    endloop
  endfacet
  facet normal -7.530917e-01 -7.212504e-16 6.579155e-01
    outer loop
      vertex   -1.295640e+02 0.000000e+00 -1.627092e+01
      vertex   -1.271525e+02 5.833333e+01 -1.351054e+01
      vertex   -1.295640e+02 5.833333e+01 -1.627092e+01
    endloop
  endfacet
  facet normal -8.012753e-01 -6.558913e-16 5.982958e-01
    outer loop
      vertex   -1.295640e+02 0.000000e+00 -1.627092e+01
      vertex   -1.295640e+02 5.833333e+01 -1.627092e+01
      vertex   -1.317570e+02 0.000000e+00 -1.920791e+01
    endloop
  endfacet
  facet normal -8.012753e-01 -6.923297e-16 5.982958e-01
    outer loop
      vertex   -1.317570e+02 0.000000e+00 -1.920791e+01
      vertex   -1.295640e+02 5.833333e+01 -1.627092e+01
      vertex   -1.317570e+02 5.833333e+01 -1.920791e+01
    endloop
  endfacet
  facet normal -8.447505e-01 -6.192713e-16 5.351604e-01
    outer loop
      vertex   -1.317570e+02 0.000000e+00 -1.920791e+01
      vertex   -1.317570e+02 5.833333e+01 -1.920791e+01
      vertex   -1.337186e+02 0.000000e+00 -2.230425e+01
    endloop
  endfacet
  facet normal -8.447505e-01 -1.475039e-15 5.351604e-01
    outer loop
      vertex   -1.337186e+02 0.000000e+00 -2.230425e+01
      vertex   -1.317570e+02 5.833333e+01 -1.920791e+01
      vertex   -1.337186e+02 5.833333e+01 -2.230425e+01
    endloop
  endfacet
  facet normal -8.832617e-01 -1.431833e-15 4.688803e-01
    outer loop
      vertex   -1.337186e+02 0.000000e+00 -2.230425e+01
      vertex   -1.337186e+02 5.833333e+01 -2.230425e+01
      vertex   -1.354372e+02 0.000000e+00 -2.554175e+01
    endloop
  endfacet
  facet normal -8.832617e-01 -1.431833e-15 4.688803e-01
    outer loop
      vertex   -1.354372e+02 0.000000e+00 -2.554175e+01
      vertex   -1.337186e+02 5.833333e+01 -2.230425e+01
      vertex   -1.354372e+02 5.833333e+01 -2.554175e+01
    endloop
  endfacet
  facet normal -9.165828e-01 -1.380212e-15 3.998449e-01
    outer loop
      vertex   -1.354372e+02 0.000000e+00 -2.554175e+01
      vertex   -1.354372e+02 5.833333e+01 -2.554175e+01
      vertex   -1.369028e+02 0.000000e+00 -2.890139e+01
    endloop
  endfacet
  facet normal -9.165828e-01 1.043065e-16 3.998449e-01
    outer loop
      vertex   -1.369028e+02 0.000000e+00 -2.890139e+01
      vertex   -1.354372e+02 5.833333e+01 -2.554175e+01
      vertex   -1.354372e+02 1.166667e+02 -2.554175e+01
    endloop
  endfacet
  facet normal -9.165828e-01 0.000000e+00 3.998449e-01
    outer loop
      vertex   -1.369028e+02 0.000000e+00 -2.890139e+01
      vertex   -1.354372e+02 1.166667e+02 -2.554175e+01
      vertex   -1.369028e+02 1.750000e+02 -2.890139e+01
    endloop
  endfacet
  facet normal -9.165828e-01 1.316449e-16 3.998449e-01
    outer loop
      vertex   -1.369028e+02 1.750000e+02 -2.890139e+01
      vertex   -1.354372e+02 1.166667e+02 -2.554175e+01
      vertex   -1.354372e+02 1.750000e+02 -2.554175e+01
    endloop
  endfacet
  facet normal -8.832617e-01 5.911618e-17 4.688803e-01
    outer loop
      vertex   -1.354372e+02 1.750000e+02 -2.554175e+01
      vertex   -1.354372e+02 1.166667e+02 -2.554175e+01
      vertex   -1.337186e+02 1.750000e+02 -2.230425e+01
    endloop
  endfacet
  facet normal -8.832617e-01 -3.141218e-16 4.688803e-01
    outer loop
      vertex   -1.337186e+02 1.750000e+02 -2.230425e+01
      vertex   -1.354372e+02 1.166667e+02 -2.554175e+01
      vertex   -1.337186e+02 1.166667e+02 -2.230425e+01
    endloop
  endfacet
  facet normal -8.447505e-01 -3.585255e-16 5.351604e-01
    outer loop
      vertex   -1.337186e+02 1.750000e+02 -2.230425e+01
      vertex   -1.337186e+02 1.166667e+02 -2.230425e+01
      vertex   -1.317570e+02 1.750000e+02 -1.920791e+01
    endloop
  endfacet
  facet normal -8.447505e-01 5.306170e-17 5.351604e-01
    outer loop
      vertex   -1.317570e+02 1.750000e+02 -1.920791e+01
      vertex   -1.337186e+02 1.166667e+02 -2.230425e+01
      vertex   -1.317570e+02 1.166667e+02 -1.920791e+01
    endloop
  endfacet
  facet normal -8.012753e-01 -1.041763e-17 5.982958e-01
    outer loop
      vertex   -1.317570e+02 1.750000e+02 -1.920791e+01
      vertex   -1.317570e+02 1.166667e+02 -1.920791e+01
      vertex   -1.295640e+02 1.750000e+02 -1.627092e+01
    endloop
  endfacet
  facet normal -8.012753e-01 1.353360e-16 5.982958e-01
    outer loop
      vertex   -1.295640e+02 1.750000e+02 -1.627092e+01
      vertex   -1.317570e+02 1.166667e+02 -1.920791e+01
      vertex   -1.295640e+02 1.166667e+02 -1.627092e+01
    endloop
  endfacet
  facet normal -7.530917e-01 8.644212e-17 6.579155e-01
    outer loop
      vertex   -1.295640e+02 1.750000e+02 -1.627092e+01
      vertex   -1.295640e+02 1.166667e+02 -1.627092e+01
      vertex   -1.271525e+02 1.750000e+02 -1.351054e+01
    endloop
  endfacet
  facet normal -7.530917e-01 1.064768e-16 6.579155e-01
    outer loop
      vertex   -1.271525e+02 1.750000e+02 -1.351054e+01
      vertex   -1.295640e+02 1.166667e+02 -1.627092e+01
      vertex   -1.271525e+02 1.166667e+02 -1.351054e+01
    endloop
  endfacet
  facet normal -7.004829e-01 5.877283e-17 7.136692e-01
    outer loop
      vertex   -1.271525e+02 1.750000e+02 -1.351054e+01
      vertex   -1.271525e+02 1.166667e+02 -1.351054e+01
      vertex   -1.245366e+02 1.750000e+02 -1.094300e+01
    endloop
  endfacet
  facet normal -7.004829e-01 2.511533e-16 7.136692e-01
    outer loop
      vertex   -1.245366e+02 1.750000e+02 -1.094300e+01
      vertex   -1.271525e+02 1.166667e+02 -1.351054e+01
      vertex   -1.245366e+02 1.166667e+02 -1.094300e+01
    endloop
  endfacet
  facet normal -6.437578e-01 1.908549e-16 7.652293e-01
    outer loop
      vertex   -1.245366e+02 1.750000e+02 -1.094300e+01
      vertex   -1.245366e+02 1.166667e+02 -1.094300e+01
      vertex   -1.217318e+02 1.750000e+02 -8.583375e+00
    endloop
  endfacet
  facet normal -6.437578e-01 -1.461054e-16 7.652293e-01
    outer loop
      vertex   -1.217318e+02 1.750000e+02 -8.583375e+00
      vertex   -1.245366e+02 1.166667e+02 -1.094300e+01
      vertex   -1.217318e+02 1.166667e+02 -8.583375e+00
    endloop
  endfacet
  facet normal -5.832500e-01 -1.794772e-16 8.122927e-01
    outer loop
      vertex   -1.217318e+02 1.750000e+02 -8.583375e+00
      vertex   -1.217318e+02 1.166667e+02 -8.583375e+00
      vertex   -1.187544e+02 1.750000e+02 -6.445535e+00
    endloop
  endfacet
  facet normal -5.832500e-01 -1.423735e-16 8.122927e-01
    outer loop
      vertex   -1.187544e+02 1.750000e+02 -6.445535e+00
      vertex   -1.217318e+02 1.166667e+02 -8.583375e+00
      vertex   -1.187544e+02 1.166667e+02 -6.445535e+00
    endloop
  endfacet
  facet normal -5.193148e-01 -1.727589e-16 8.545830e-01
    outer loop
      vertex   -1.187544e+02 1.750000e+02 -6.445535e+00
      vertex   -1.187544e+02 1.166667e+02 -6.445535e+00
      vertex   -1.156220e+02 1.750000e+02 -4.542042e+00
    endloop
  endfacet
  facet normal -5.193148e-01 1.193019e-16 8.545830e-01
    outer loop
      vertex   -1.156220e+02 1.750000e+02 -4.542042e+00
      vertex   -1.187544e+02 1.166667e+02 -6.445535e+00
      vertex   -1.156220e+02 1.166667e+02 -4.542042e+00
    endloop
  endfacet
  facet normal -4.523281e-01 5.899612e-17 8.918516e-01
    outer loop
      vertex   -1.156220e+02 1.750000e+02 -4.542042e+00
      vertex   -1.156220e+02 1.166667e+02 -4.542042e+00
      vertex   -1.123530e+02 1.750000e+02 -2.884082e+00
    endloop
  endfacet
  facet normal -4.523281e-01 1.117535e-16 8.918516e-01
    outer loop
      vertex   -1.123530e+02 1.750000e+02 -2.884082e+00
      vertex   -1.156220e+02 1.166667e+02 -4.542042e+00
      vertex   -1.123530e+02 1.166667e+02 -2.884082e+00
    endloop
  endfacet
  facet normal -3.826834e-01 7.391929e-17 9.238795e-01
    outer loop
      vertex   -1.123530e+02 1.750000e+02 -2.884082e+00
      vertex   -1.123530e+02 1.166667e+02 -2.884082e+00
      vertex   -1.089667e+02 1.750000e+02 -1.481398e+00
    endloop
  endfacet
  facet normal -3.826834e-01 1.585928e-17 9.238795e-01
    outer loop
      vertex   -1.089667e+02 1.750000e+02 -1.481398e+00
      vertex   -1.123530e+02 1.166667e+02 -2.884082e+00
      vertex   -1.089667e+02 1.166667e+02 -1.481398e+00
    endloop
  endfacet
  facet normal -3.107900e-01 -3.882480e-18 9.504786e-01
    outer loop
      vertex   -1.089667e+02 1.750000e+02 -1.481398e+00
      vertex   -1.089667e+02 1.166667e+02 -1.481398e+00
      vertex   -1.054828e+02 1.750000e+02 -3.422303e-01
    endloop
  endfacet
  facet normal -3.107900e-01 7.002154e-17 9.504786e-01
    outer loop
      vertex   -1.054828e+02 1.750000e+02 -3.422303e-01
      vertex   -1.089667e+02 1.166667e+02 -1.481398e+00
      vertex   -1.054828e+02 1.166667e+02 -3.422303e-01
    endloop
  endfacet
  facet normal -2.370704e-01 3.230342e-17 9.714925e-01
    outer loop
      vertex   -1.054828e+02 1.750000e+02 -3.422303e-01
      vertex   -1.054828e+02 1.166667e+02 -3.422303e-01
      vertex   -1.019219e+02 1.750000e+02 5.267256e-01
    endloop
  endfacet
  facet normal -2.370704e-01 -2.545041e-17 9.714925e-01
    outer loop
      vertex   -1.019219e+02 1.750000e+02 5.267256e-01
      vertex   -1.054828e+02 1.166667e+02 -3.422303e-01
      vertex   -1.019219e+02 1.166667e+02 5.267256e-01
    endloop
  endfacet
  facet normal -1.619577e-01 -4.505979e-17 9.867977e-01
    outer loop
      vertex   -1.019219e+02 1.750000e+02 5.267256e-01
      vertex   -1.019219e+02 1.166667e+02 5.267256e-01
      vertex   -9.830488e+01 1.750000e+02 1.120364e+00
    endloop
  endfacet
  facet normal -1.619577e-01 -5.619432e-18 9.867977e-01
    outer loop
      vertex   -9.830488e+01 1.750000e+02 1.120364e+00
      vertex   -1.019219e+02 1.166667e+02 5.267256e-01
      vertex   -9.830488e+01 1.166667e+02 1.120364e+00
    endloop
  endfacet
  facet normal -8.589328e-02 -2.458408e-17 9.963043e-01
    outer loop
      vertex   -9.830488e+01 1.750000e+02 1.120364e+00
      vertex   -9.830488e+01 1.166667e+02 1.120364e+00
      vertex   -9.465303e+01 1.750000e+02 1.435197e+00
    endloop
  endfacet
  facet normal -8.589328e-02 1.366600e-16 9.963043e-01
    outer loop
      vertex   -9.465303e+01 1.750000e+02 1.435197e+00
      vertex   -9.830488e+01 1.166667e+02 1.120364e+00
      vertex   -9.465303e+01 1.166667e+02 1.435197e+00
    endloop
  endfacet
  facet normal -9.324153e-03 9.970084e-17 9.999565e-01
    outer loop
      vertex   -9.465303e+01 1.750000e+02 1.435197e+00
      vertex   -9.465303e+01 1.166667e+02 1.435197e+00
      vertex   -9.098780e+01 1.750000e+02 1.469373e+00
    endloop
  endfacet
  facet normal -9.324153e-03 1.735556e-16 9.999565e-01
    outer loop
      vertex   -9.098780e+01 1.750000e+02 1.469373e+00
      vertex   -9.465303e+01 1.166667e+02 1.435197e+00
      vertex   -9.098780e+01 1.166667e+02 1.469373e+00
    endloop
  endfacet
  facet normal 6.729976e-02 1.545080e-16 9.977328e-01
    outer loop
      vertex   -9.098780e+01 1.750000e+02 1.469373e+00
      vertex   -9.098780e+01 1.166667e+02 1.469373e+00
      vertex   -8.733072e+01 1.750000e+02 1.222693e+00
    endloop
  endfacet
  facet normal 6.729976e-02 6.215581e-17 9.977328e-01
    outer loop
      vertex   -8.733072e+01 1.750000e+02 1.222693e+00
      vertex   -9.098780e+01 1.166667e+02 1.469373e+00
      vertex   -8.733072e+01 1.166667e+02 1.222693e+00
    endloop
  endfacet
  facet normal 1.435282e-01 2.424553e-17 9.896462e-01
    outer loop
      vertex   -8.733072e+01 1.750000e+02 1.222693e+00
      vertex   -8.733072e+01 1.166667e+02 1.222693e+00
      vertex   -8.370328e+01 1.750000e+02 6.966060e-01
    endloop
  endfacet
  facet normal 1.435282e-01 2.154044e-17 9.896462e-01
    outer loop
      vertex   -8.370328e+01 1.750000e+02 6.966060e-01
      vertex   -8.733072e+01 1.166667e+02 1.222693e+00
      vertex   -8.370328e+01 1.166667e+02 6.966060e-01
    endloop
  endfacet
  facet normal 2.189133e-01 2.381773e-18 9.757443e-01
    outer loop
      vertex   -8.370328e+01 1.750000e+02 6.966060e-01
      vertex   -8.370328e+01 1.166667e+02 6.966060e-01
      vertex   -8.012679e+01 1.750000e+02 -1.057969e-01
    endloop
  endfacet
  facet normal 2.189133e-01 2.095252e-17 9.757443e-01
    outer loop
      vertex   -8.012679e+01 1.750000e+02 -1.057969e-01
      vertex   -8.370328e+01 1.166667e+02 6.966060e-01
      vertex   -8.012679e+01 1.166667e+02 -1.057969e-01
    endloop
  endfacet
  facet normal 2.930120e-01 1.406153e-18 9.561088e-01
    outer loop
      vertex   -8.012679e+01 1.750000e+02 -1.057969e-01
      vertex   -8.012679e+01 1.166667e+02 -1.057969e-01
      vertex   -7.662228e+01 1.750000e+02 -1.179801e+00
    endloop
  endfacet
  facet normal 2.930120e-01 3.780023e-17 9.561088e-01
    outer loop
      vertex   -7.662228e+01 1.750000e+02 -1.179801e+00
      vertex   -8.012679e+01 1.166667e+02 -1.057969e-01
      vertex   -7.662228e+01 1.166667e+02 -1.179801e+00
    endloop
  endfacet
  facet normal 2.930120e-01 -7.120702e-17 9.561088e-01
    outer loop
      vertex   -8.012679e+01 5.833333e+01 -1.057969e-01
      vertex   -7.662228e+01 5.833333e+01 -1.179801e+00
      vertex   -7.662228e+01 1.166667e+02 -1.179801e+00
    endloop
  endfacet
  facet normal 2.930120e-01 -0.000000e+00 9.561088e-01
    outer loop
      vertex   -8.012679e+01 5.833333e+01 -1.057969e-01
      vertex   -7.662228e+01 1.166667e+02 -1.179801e+00
      vertex   -8.012679e+01 1.166667e+02 -1.057969e-01
    endloop
  endfacet
  facet normal 2.189133e-01 6.989153e-20 9.757443e-01
    outer loop
      vertex   -8.370328e+01 5.833333e+01 6.966060e-01
      vertex   -8.012679e+01 5.833333e+01 -1.057969e-01
      vertex   -8.012679e+01 1.166667e+02 -1.057969e-01
    endloop
  endfacet
  facet normal 2.189133e-01 -5.333048e-17 9.757443e-01
    outer loop
      vertex   -8.370328e+01 5.833333e+01 6.966060e-01
      vertex   -8.012679e+01 1.166667e+02 -1.057969e-01
      vertex   -8.370328e+01 1.166667e+02 6.966060e-01
    endloop
  endfacet
  facet normal 1.435282e-01 -3.446365e-17 9.896462e-01
    outer loop
      vertex   -8.733072e+01 5.833333e+01 1.222693e+00
      vertex   -8.370328e+01 5.833333e+01 6.966060e-01
      vertex   -8.370328e+01 1.166667e+02 6.966060e-01
    endloop
  endfacet
  facet normal 1.435282e-01 -3.496558e-17 9.896462e-01
    outer loop
      vertex   -8.733072e+01 5.833333e+01 1.222693e+00
      vertex   -8.370328e+01 1.166667e+02 6.966060e-01
      vertex   -8.733072e+01 1.166667e+02 1.222693e+00
    endloop
  endfacet
  facet normal 6.729976e-02 -1.631347e-17 9.977328e-01
    outer loop
      vertex   -9.098780e+01 5.833333e+01 1.469373e+00
      vertex   -8.733072e+01 5.833333e+01 1.222693e+00
      vertex   -8.733072e+01 1.166667e+02 1.222693e+00
    endloop
  endfacet
  facet normal 6.729976e-02 -3.279042e-17 9.977328e-01
    outer loop
      vertex   -9.098780e+01 5.833333e+01 1.469373e+00
      vertex   -8.733072e+01 1.166667e+02 1.222693e+00
      vertex   -9.098780e+01 1.166667e+02 1.469373e+00
    endloop
  endfacet
  facet normal -9.324153e-03 4.501529e-18 9.999565e-01
    outer loop
      vertex   -9.465303e+01 5.833333e+01 1.435197e+00
      vertex   -9.098780e+01 5.833333e+01 1.469373e+00
      vertex   -9.098780e+01 1.166667e+02 1.469373e+00
    endloop
  endfacet
  facet normal -9.324153e-03 2.271500e-18 9.999565e-01
    outer loop
      vertex   -9.465303e+01 5.833333e+01 1.435197e+00
      vertex   -9.098780e+01 1.166667e+02 1.469373e+00
      vertex   -9.465303e+01 1.166667e+02 1.435197e+00
    endloop
  endfacet
  facet normal -8.589328e-02 2.064486e-17 9.963043e-01
    outer loop
      vertex   -9.830488e+01 5.833333e+01 1.120364e+00
      vertex   -9.465303e+01 5.833333e+01 1.435197e+00
      vertex   -9.465303e+01 1.166667e+02 1.435197e+00
    endloop
  endfacet
  facet normal -8.589328e-02 6.277458e-17 9.963043e-01
    outer loop
      vertex   -9.830488e+01 5.833333e+01 1.120364e+00
      vertex   -9.465303e+01 1.166667e+02 1.435197e+00
      vertex   -9.830488e+01 1.166667e+02 1.120364e+00
    endloop
  endfacet
  facet normal -1.619577e-01 1.180630e-16 9.867977e-01
    outer loop
      vertex   -1.019219e+02 5.833333e+01 5.267256e-01
      vertex   -9.830488e+01 5.833333e+01 1.120364e+00
      vertex   -9.830488e+01 1.166667e+02 1.120364e+00
    endloop
  endfacet
  facet normal -1.619577e-01 -7.133846e-17 9.867977e-01
    outer loop
      vertex   -1.019219e+02 5.833333e+01 5.267256e-01
      vertex   -9.830488e+01 1.166667e+02 1.120364e+00
      vertex   -1.019219e+02 1.166667e+02 5.267256e-01
    endloop
  endfacet
  facet normal -2.370704e-01 -3.151598e-17 9.714925e-01
    outer loop
      vertex   -1.054828e+02 5.833333e+01 -3.422303e-01
      vertex   -1.019219e+02 5.833333e+01 5.267256e-01
      vertex   -1.019219e+02 1.166667e+02 5.267256e-01
    endloop
  endfacet
  facet normal -2.370704e-01 1.155076e-16 9.714925e-01
    outer loop
      vertex   -1.054828e+02 5.833333e+01 -3.422303e-01
      vertex   -1.019219e+02 1.166667e+02 5.267256e-01
      vertex   -1.054828e+02 1.166667e+02 -3.422303e-01
    endloop
  endfacet
  facet normal -3.107900e-01 1.510354e-16 9.504786e-01
    outer loop
      vertex   -1.089667e+02 5.833333e+01 -1.481398e+00
      vertex   -1.054828e+02 5.833333e+01 -3.422303e-01
      vertex   -1.054828e+02 1.166667e+02 -3.422303e-01
    endloop
  endfacet
  facet normal -3.107900e-01 -6.900606e-17 9.504786e-01
    outer loop
      vertex   -1.089667e+02 5.833333e+01 -1.481398e+00
      vertex   -1.054828e+02 1.166667e+02 -3.422303e-01
      vertex   -1.089667e+02 1.166667e+02 -1.481398e+00
    endloop
  endfacet
  facet normal -3.826834e-01 -4.903422e-17 9.238795e-01
    outer loop
      vertex   -1.123530e+02 5.833333e+01 -2.884082e+00
      vertex   -1.089667e+02 5.833333e+01 -1.481398e+00
      vertex   -1.089667e+02 1.166667e+02 -1.481398e+00
    endloop
  endfacet
  facet normal -3.826834e-01 -9.488366e-17 9.238795e-01
    outer loop
      vertex   -1.123530e+02 5.833333e+01 -2.884082e+00
      vertex   -1.089667e+02 1.166667e+02 -1.481398e+00
      vertex   -1.123530e+02 1.166667e+02 -2.884082e+00
    endloop
  endfacet
  facet normal -4.523281e-01 -5.118494e-17 8.918516e-01
    outer loop
      vertex   -1.156220e+02 5.833333e+01 -4.542042e+00
      vertex   -1.123530e+02 5.833333e+01 -2.884082e+00
      vertex   -1.123530e+02 1.166667e+02 -2.884082e+00
    endloop
  endfacet
  facet normal -4.523281e-01 -2.559882e-17 8.918516e-01
    outer loop
      vertex   -1.156220e+02 5.833333e+01 -4.542042e+00
      vertex   -1.123530e+02 1.166667e+02 -2.884082e+00
      vertex   -1.156220e+02 1.166667e+02 -4.542042e+00
    endloop
  endfacet
  facet normal -5.193148e-01 -3.433338e-18 8.545830e-01
    outer loop
      vertex   -1.187544e+02 5.833333e+01 -6.445535e+00
      vertex   -1.156220e+02 5.833333e+01 -4.542042e+00
      vertex   -1.156220e+02 1.166667e+02 -4.542042e+00
    endloop
  endfacet
  facet normal -5.193148e-01 -3.605385e-18 8.545830e-01
    outer loop
      vertex   -1.187544e+02 5.833333e+01 -6.445535e+00
      vertex   -1.156220e+02 1.166667e+02 -4.542042e+00
      vertex   -1.187544e+02 1.166667e+02 -6.445535e+00
    endloop
  endfacet
  facet normal -5.832500e-01 1.713210e-17 8.122927e-01
    outer loop
      vertex   -1.217318e+02 5.833333e+01 -8.583375e+00
      vertex   -1.187544e+02 5.833333e+01 -6.445535e+00
      vertex   -1.187544e+02 1.166667e+02 -6.445535e+00
    endloop
  endfacet
  facet normal -5.832500e-01 1.789067e-16 8.122927e-01
    outer loop
      vertex   -1.217318e+02 5.833333e+01 -8.583375e+00
      vertex   -1.187544e+02 1.166667e+02 -6.445535e+00
      vertex   -1.217318e+02 1.166667e+02 -8.583375e+00
    endloop
  endfacet
  facet normal -6.437578e-01 2.385104e-16 7.652293e-01
    outer loop
      vertex   -1.245366e+02 5.833333e+01 -1.094300e+01
      vertex   -1.217318e+02 5.833333e+01 -8.583375e+00
      vertex   -1.217318e+02 1.166667e+02 -8.583375e+00
    endloop
  endfacet
  facet normal -6.437578e-01 -1.927107e-16 7.652293e-01
    outer loop
      vertex   -1.245366e+02 5.833333e+01 -1.094300e+01
      vertex   -1.217318e+02 1.166667e+02 -8.583375e+00
      vertex   -1.245366e+02 1.166667e+02 -1.094300e+01
    endloop
  endfacet
  facet normal -7.004829e-01 -1.572214e-16 7.136692e-01
    outer loop
      vertex   -1.271525e+02 5.833333e+01 -1.351054e+01
      vertex   -1.245366e+02 5.833333e+01 -1.094300e+01
      vertex   -1.245366e+02 1.166667e+02 -1.094300e+01
    endloop
  endfacet
  facet normal -7.004829e-01 1.424906e-16 7.136692e-01
    outer loop
      vertex   -1.271525e+02 5.833333e+01 -1.351054e+01
      vertex   -1.245366e+02 1.166667e+02 -1.094300e+01
      vertex   -1.271525e+02 1.166667e+02 -1.351054e+01
    endloop
  endfacet
  facet normal -7.530917e-01 2.118335e-16 6.579155e-01
    outer loop
      vertex   -1.295640e+02 5.833333e+01 -1.627092e+01
      vertex   -1.271525e+02 5.833333e+01 -1.351054e+01
      vertex   -1.271525e+02 1.166667e+02 -1.351054e+01
    endloop
  endfacet
  facet normal -7.530917e-01 -3.376628e-17 6.579155e-01
    outer loop
      vertex   -1.295640e+02 5.833333e+01 -1.627092e+01
      vertex   -1.271525e+02 1.166667e+02 -1.351054e+01
      vertex   -1.295640e+02 1.166667e+02 -1.627092e+01
    endloop
  endfacet
  facet normal -8.012753e-01 2.748228e-17 5.982958e-01
    outer loop
      vertex   -1.317570e+02 5.833333e+01 -1.920791e+01
      vertex   -1.295640e+02 5.833333e+01 -1.627092e+01
      vertex   -1.295640e+02 1.166667e+02 -1.627092e+01
    endloop
  endfacet
  facet normal -8.012753e-01 -4.008225e-16 5.982958e-01
    outer loop
      vertex   -1.317570e+02 5.833333e+01 -1.920791e+01
      vertex   -1.295640e+02 1.166667e+02 -1.627092e+01
      vertex   -1.317570e+02 1.166667e+02 -1.920791e+01
    endloop
  endfacet
  facet normal -8.447505e-01 -3.576653e-16 5.351604e-01
    outer loop
      vertex   -1.337186e+02 5.833333e+01 -2.230425e+01
      vertex   -1.317570e+02 5.833333e+01 -1.920791e+01
      vertex   -1.317570e+02 1.166667e+02 -1.920791e+01
    endloop
  endfacet
  facet normal -8.447505e-01 4.320557e-16 5.351604e-01
    outer loop
      vertex   -1.337186e+02 5.833333e+01 -2.230425e+01
      vertex   -1.317570e+02 1.166667e+02 -1.920791e+01
      vertex   -1.337186e+02 1.166667e+02 -2.230425e+01
    endloop
  endfacet
  facet normal -8.832617e-01 5.200510e-16 4.688803e-01
    outer loop
      vertex   -1.354372e+02 5.833333e+01 -2.554175e+01
      vertex   -1.337186e+02 5.833333e+01 -2.230425e+01
      vertex   -1.337186e+02 1.166667e+02 -2.230425e+01
    endloop
  endfacet
  facet normal -8.832617e-01 3.055965e-17 4.688803e-01
    outer loop
      vertex   -1.354372e+02 5.833333e+01 -2.554175e+01
      vertex   -1.337186e+02 1.166667e+02 -2.230425e+01
      vertex   -1.354372e+02 1.166667e+02 -2.554175e+01
    endloop
  endfacet
  facet normal -7.071068e-01 -0.000000e+00 -7.071068e-01
    outer loop
      vertex   -1.369028e+02 1.750000e+02 -2.890139e+01
      vertex   -1.313256e+02 1.750000e+02 -3.447863e+01
      vertex   -1.369028e+02 0.000000e+00 -2.890139e+01
    endloop
  endfacet
  facet normal -7.071068e-01 6.912138e-19 -7.071068e-01
    outer loop
      vertex   -1.369028e+02 0.000000e+00 -2.890139e+01
      vertex   -1.313256e+02 1.750000e+02 -3.447863e+01
      vertex   -1.313256e+02 0.000000e+00 -3.447863e+01
    endloop
  endfacet
  facet normal -7.071068e-01 1.199926e-16 7.071068e-01
    outer loop
      vertex   -1.667509e+02 1.750000e+02 -6.990399e+01
      vertex   -1.430072e+02 5.152028e+01 -4.616023e+01
      vertex   -1.313256e+02 1.750000e+02 -3.447863e+01
    endloop
  endfacet
  facet normal -7.071068e-01 5.513535e-15 7.071068e-01
    outer loop
      vertex   -1.313256e+02 1.750000e+02 -3.447863e+01
      vertex   -1.430072e+02 5.152028e+01 -4.616023e+01
      vertex   -1.426923e+02 5.186195e+01 -4.584537e+01
    endloop
  endfacet
  facet normal -7.071068e-01 -2.129577e-15 7.071068e-01
    outer loop
      vertex   -1.313256e+02 1.750000e+02 -3.447863e+01
      vertex   -1.426923e+02 5.186195e+01 -4.584537e+01
      vertex   -1.423256e+02 5.207674e+01 -4.547871e+01
    endloop
  endfacet
  facet normal -7.071068e-01 0.000000e+00 7.071068e-01
    outer loop
      vertex   -1.667509e+02 0.000000e+00 -6.990399e+01
      vertex   -1.434525e+02 5.000000e+01 -4.660551e+01
      vertex   -1.667509e+02 1.750000e+02 -6.990399e+01
    endloop
  endfacet
  facet normal -7.071068e-01 -1.199123e-14 7.071068e-01
    outer loop
      vertex   -1.667509e+02 1.750000e+02 -6.990399e+01
      vertex   -1.434525e+02 5.000000e+01 -4.660551e+01
      vertex   -1.434006e+02 5.055646e+01 -4.655371e+01
    endloop
  endfacet
  facet normal -7.071068e-01 6.090691e-15 7.071068e-01
    outer loop
      vertex   -1.667509e+02 1.750000e+02 -6.990399e+01
      vertex   -1.434006e+02 5.055646e+01 -4.655371e+01
      vertex   -1.432488e+02 5.107500e+01 -4.640184e+01
    endloop
  endfacet
  facet normal -7.071068e-01 -3.136205e-16 7.071068e-01
    outer loop
      vertex   -1.313256e+02 0.000000e+00 -3.447863e+01
      vertex   -1.430072e+02 4.847972e+01 -4.616023e+01
      vertex   -1.667509e+02 0.000000e+00 -6.990399e+01
    endloop
  endfacet
  facet normal -7.071068e-01 -7.170263e-15 7.071068e-01
    outer loop
      vertex   -1.667509e+02 0.000000e+00 -6.990399e+01
      vertex   -1.430072e+02 4.847972e+01 -4.616023e+01
      vertex   -1.432488e+02 4.892500e+01 -4.640184e+01
    endloop
  endfacet
  facet normal -7.071068e-01 -7.572922e-15 7.071068e-01
    outer loop
      vertex   -1.667509e+02 0.000000e+00 -6.990399e+01
      vertex   -1.432488e+02 4.892500e+01 -4.640184e+01
      vertex   -1.434006e+02 4.944354e+01 -4.655371e+01
    endloop
  endfacet
  facet normal -7.071068e-01 0.000000e+00 7.071068e-01
    outer loop
      vertex   -1.313256e+02 1.750000e+02 -3.447863e+01
      vertex   -1.404119e+02 5.000000e+01 -4.356496e+01
      vertex   -1.313256e+02 0.000000e+00 -3.447863e+01
    endloop
  endfacet
  facet normal -7.071068e-01 -7.475673e-15 7.071068e-01
    outer loop
      vertex   -1.313256e+02 0.000000e+00 -3.447863e+01
      vertex   -1.404119e+02 5.000000e+01 -4.356496e+01
      vertex   -1.404637e+02 4.944354e+01 -4.361676e+01
    endloop
  endfacet
  facet normal -7.071068e-01 5.476701e-15 7.071068e-01
    outer loop
      vertex   -1.313256e+02 0.000000e+00 -3.447863e+01
      vertex   -1.404637e+02 4.944354e+01 -4.361676e+01
      vertex   -1.406156e+02 4.892500e+01 -4.376863e+01
    endloop
  endfacet
  facet normal -7.071068e-01 -8.812531e-15 7.071068e-01
    outer loop
      vertex   -1.406156e+02 4.892500e+01 -4.376863e+01
      vertex   -1.408572e+02 4.847972e+01 -4.401023e+01
      vertex   -1.313256e+02 0.000000e+00 -3.447863e+01
    endloop
  endfacet
  facet normal -7.071068e-01 4.856718e-15 7.071068e-01
    outer loop
      vertex   -1.313256e+02 0.000000e+00 -3.447863e+01
      vertex   -1.408572e+02 4.847972e+01 -4.401023e+01
      vertex   -1.411720e+02 4.813805e+01 -4.432509e+01
    endloop
  endfacet
  facet normal -7.071068e-01 1.184427e-15 7.071068e-01
    outer loop
      vertex   -1.313256e+02 0.000000e+00 -3.447863e+01
      vertex   -1.411720e+02 4.813805e+01 -4.432509e+01
      vertex   -1.415387e+02 4.792326e+01 -4.469176e+01
    endloop
  endfacet
  facet normal -7.071068e-01 -9.484094e-15 7.071068e-01
    outer loop
      vertex   -1.415387e+02 4.792326e+01 -4.469176e+01
      vertex   -1.419322e+02 4.785000e+01 -4.508523e+01
      vertex   -1.313256e+02 0.000000e+00 -3.447863e+01
    endloop
  endfacet
  facet normal -7.071068e-01 4.398330e-15 7.071068e-01
    outer loop
      vertex   -1.313256e+02 0.000000e+00 -3.447863e+01
      vertex   -1.419322e+02 4.785000e+01 -4.508523e+01
      vertex   -1.423256e+02 4.792326e+01 -4.547871e+01
    endloop
  endfacet
  facet normal -7.071068e-01 5.659369e-15 7.071068e-01
    outer loop
      vertex   -1.313256e+02 0.000000e+00 -3.447863e+01
      vertex   -1.423256e+02 4.792326e+01 -4.547871e+01
      vertex   -1.426923e+02 4.813805e+01 -4.584537e+01
    endloop
  endfacet
  facet normal -7.071068e-01 -1.659160e-14 7.071068e-01
    outer loop
      vertex   -1.426923e+02 4.813805e+01 -4.584537e+01
      vertex   -1.430072e+02 4.847972e+01 -4.616023e+01
      vertex   -1.313256e+02 0.000000e+00 -3.447863e+01
    endloop
  endfacet
  facet normal -7.071068e-01 1.635125e-14 7.071068e-01
    outer loop
      vertex   -1.434006e+02 4.944354e+01 -4.655371e+01
      vertex   -1.434525e+02 5.000000e+01 -4.660551e+01
      vertex   -1.667509e+02 0.000000e+00 -6.990399e+01
    endloop
  endfacet
  facet normal -7.071068e-01 3.494934e-15 7.071068e-01
    outer loop
      vertex   -1.432488e+02 5.107500e+01 -4.640184e+01
      vertex   -1.430072e+02 5.152028e+01 -4.616023e+01
      vertex   -1.667509e+02 1.750000e+02 -6.990399e+01
    endloop
  endfacet
  facet normal -7.071068e-01 -1.702685e-15 7.071068e-01
    outer loop
      vertex   -1.423256e+02 5.207674e+01 -4.547871e+01
      vertex   -1.419322e+02 5.215000e+01 -4.508523e+01
      vertex   -1.313256e+02 1.750000e+02 -3.447863e+01
    endloop
  endfacet
  facet normal -7.071068e-01 3.781335e-15 7.071068e-01
    outer loop
      vertex   -1.313256e+02 1.750000e+02 -3.447863e+01
      vertex   -1.419322e+02 5.215000e+01 -4.508523e+01
      vertex   -1.415387e+02 5.207674e+01 -4.469176e+01
    endloop
  endfacet
  facet normal -7.071068e-01 -4.642099e-16 7.071068e-01
    outer loop
      vertex   -1.313256e+02 1.750000e+02 -3.447863e+01
      vertex   -1.415387e+02 5.207674e+01 -4.469176e+01
      vertex   -1.411720e+02 5.186195e+01 -4.432509e+01
    endloop
  endfacet
  facet normal -7.071068e-01 -2.018358e-15 7.071068e-01
    outer loop
      vertex   -1.411720e+02 5.186195e+01 -4.432509e+01
      vertex   -1.408572e+02 5.152028e+01 -4.401023e+01
      vertex   -1.313256e+02 1.750000e+02 -3.447863e+01
    endloop
  endfacet
  facet normal -7.071068e-01 4.042147e-15 7.071068e-01
    outer loop
      vertex   -1.313256e+02 1.750000e+02 -3.447863e+01
      vertex   -1.408572e+02 5.152028e+01 -4.401023e+01
      vertex   -1.406156e+02 5.107500e+01 -4.376863e+01
    endloop
  endfacet
  facet normal -7.071068e-01 -2.828190e-15 7.071068e-01
    outer loop
      vertex   -1.313256e+02 1.750000e+02 -3.447863e+01
      vertex   -1.406156e+02 5.107500e+01 -4.376863e+01
      vertex   -1.404637e+02 5.055646e+01 -4.361676e+01
    endloop
  endfacet
  facet normal -7.071068e-01 4.817063e-15 7.071068e-01
    outer loop
      vertex   -1.404637e+02 5.055646e+01 -4.361676e+01
      vertex   -1.404119e+02 5.000000e+01 -4.356496e+01
      vertex   -1.313256e+02 1.750000e+02 -3.447863e+01
    endloop
  endfacet
  facet normal -7.071068e-01 -0.000000e+00 -7.071068e-01
    outer loop
      vertex   -1.667509e+02 1.750000e+02 -6.990399e+01
      vertex   -1.596799e+02 1.750000e+02 -7.697505e+01
      vertex   -1.667509e+02 0.000000e+00 -6.990399e+01
    endloop
  endfacet
  facet normal -7.071068e-01 7.737417e-19 -7.071068e-01
    outer loop
      vertex   -1.667509e+02 0.000000e+00 -6.990399e+01
      vertex   -1.596799e+02 1.750000e+02 -7.697505e+01
      vertex   -1.596799e+02 0.000000e+00 -7.697505e+01
    endloop
  endfacet
  facet normal 7.071068e-01 1.681129e-16 -7.071068e-01
    outer loop
      vertex   -1.031113e+02 1.750000e+02 -2.040651e+01
      vertex   -1.344676e+02 5.207674e+01 -5.176283e+01
      vertex   -1.596799e+02 1.750000e+02 -7.697505e+01
    endloop
  endfacet
  facet normal 7.071068e-01 6.849929e-15 -7.071068e-01
    outer loop
      vertex   -1.596799e+02 1.750000e+02 -7.697505e+01
      vertex   -1.344676e+02 5.207674e+01 -5.176283e+01
      vertex   -1.348611e+02 5.215000e+01 -5.215630e+01
    endloop
  endfacet
  facet normal 7.071068e-01 -1.011556e-15 -7.071068e-01
    outer loop
      vertex   -1.596799e+02 1.750000e+02 -7.697505e+01
      vertex   -1.348611e+02 5.215000e+01 -5.215630e+01
      vertex   -1.352546e+02 5.207674e+01 -5.254978e+01
    endloop
  endfacet
  facet normal 7.071068e-01 0.000000e+00 -7.071068e-01
    outer loop
      vertex   -1.031113e+02 0.000000e+00 -2.040651e+01
      vertex   -1.333926e+02 5.055646e+01 -5.068783e+01
      vertex   -1.031113e+02 1.750000e+02 -2.040651e+01
    endloop
  endfacet
  facet normal 7.071068e-01 6.855670e-15 -7.071068e-01
    outer loop
      vertex   -1.031113e+02 1.750000e+02 -2.040651e+01
      vertex   -1.333926e+02 5.055646e+01 -5.068783e+01
      vertex   -1.335445e+02 5.107500e+01 -5.083970e+01
    endloop
  endfacet
  facet normal 7.071068e-01 -1.006085e-14 -7.071068e-01
    outer loop
      vertex   -1.031113e+02 1.750000e+02 -2.040651e+01
      vertex   -1.335445e+02 5.107500e+01 -5.083970e+01
      vertex   -1.337861e+02 5.152028e+01 -5.108130e+01
    endloop
  endfacet
  facet normal 7.071068e-01 -5.087906e-16 -7.071068e-01
    outer loop
      vertex   -1.596799e+02 0.000000e+00 -7.697505e+01
      vertex   -1.344676e+02 4.792326e+01 -5.176283e+01
      vertex   -1.031113e+02 0.000000e+00 -2.040651e+01
    endloop
  endfacet
  facet normal 7.071068e-01 -1.309284e-14 -7.071068e-01
    outer loop
      vertex   -1.031113e+02 0.000000e+00 -2.040651e+01
      vertex   -1.344676e+02 4.792326e+01 -5.176283e+01
      vertex   -1.341010e+02 4.813805e+01 -5.139616e+01
    endloop
  endfacet
  facet normal 7.071068e-01 -6.487508e-15 -7.071068e-01
    outer loop
      vertex   -1.031113e+02 0.000000e+00 -2.040651e+01
      vertex   -1.341010e+02 4.813805e+01 -5.139616e+01
      vertex   -1.337861e+02 4.847972e+01 -5.108130e+01
    endloop
  endfacet
  facet normal 7.071068e-01 0.000000e+00 -7.071068e-01
    outer loop
      vertex   -1.596799e+02 1.750000e+02 -7.697505e+01
      vertex   -1.363296e+02 5.055646e+01 -5.362478e+01
      vertex   -1.596799e+02 0.000000e+00 -7.697505e+01
    endloop
  endfacet
  facet normal 7.071068e-01 1.217887e-14 -7.071068e-01
    outer loop
      vertex   -1.596799e+02 0.000000e+00 -7.697505e+01
      vertex   -1.363296e+02 5.055646e+01 -5.362478e+01
      vertex   -1.363814e+02 5.000000e+01 -5.367658e+01
    endloop
  endfacet
  facet normal 7.071068e-01 -1.121127e-14 -7.071068e-01
    outer loop
      vertex   -1.596799e+02 0.000000e+00 -7.697505e+01
      vertex   -1.363814e+02 5.000000e+01 -5.367658e+01
      vertex   -1.363296e+02 4.944354e+01 -5.362478e+01
    endloop
  endfacet
  facet normal 7.071068e-01 -1.433046e-14 -7.071068e-01
    outer loop
      vertex   -1.333926e+02 4.944354e+01 -5.068783e+01
      vertex   -1.333408e+02 5.000000e+01 -5.063602e+01
      vertex   -1.031113e+02 0.000000e+00 -2.040651e+01
    endloop
  endfacet
  facet normal 7.071068e-01 2.173580e-14 -7.071068e-01
    outer loop
      vertex   -1.031113e+02 0.000000e+00 -2.040651e+01
      vertex   -1.333408e+02 5.000000e+01 -5.063602e+01
      vertex   -1.333926e+02 5.055646e+01 -5.068783e+01
    endloop
  endfacet
  facet normal 7.071068e-01 3.027798e-15 -7.071068e-01
    outer loop
      vertex   -1.337861e+02 5.152028e+01 -5.108130e+01
      vertex   -1.341010e+02 5.186195e+01 -5.139616e+01
      vertex   -1.031113e+02 1.750000e+02 -2.040651e+01
    endloop
  endfacet
  facet normal 7.071068e-01 5.435427e-15 -7.071068e-01
    outer loop
      vertex   -1.031113e+02 1.750000e+02 -2.040651e+01
      vertex   -1.341010e+02 5.186195e+01 -5.139616e+01
      vertex   -1.344676e+02 5.207674e+01 -5.176283e+01
    endloop
  endfacet
  facet normal 7.071068e-01 -1.512593e-15 -7.071068e-01
    outer loop
      vertex   -1.352546e+02 5.207674e+01 -5.254978e+01
      vertex   -1.356212e+02 5.186195e+01 -5.291644e+01
      vertex   -1.596799e+02 1.750000e+02 -7.697505e+01
    endloop
  endfacet
  facet normal 7.071068e-01 4.957736e-15 -7.071068e-01
    outer loop
      vertex   -1.596799e+02 1.750000e+02 -7.697505e+01
      vertex   -1.356212e+02 5.186195e+01 -5.291644e+01
      vertex   -1.359361e+02 5.152028e+01 -5.323130e+01
    endloop
  endfacet
  facet normal 7.071068e-01 -3.029128e-15 -7.071068e-01
    outer loop
      vertex   -1.596799e+02 1.750000e+02 -7.697505e+01
      vertex   -1.359361e+02 5.152028e+01 -5.323130e+01
      vertex   -1.361777e+02 5.107500e+01 -5.347290e+01
    endloop
  endfacet
  facet normal 7.071068e-01 -5.429607e-15 -7.071068e-01
    outer loop
      vertex   -1.361777e+02 5.107500e+01 -5.347290e+01
      vertex   -1.363296e+02 5.055646e+01 -5.362478e+01
      vertex   -1.596799e+02 1.750000e+02 -7.697505e+01
    endloop
  endfacet
  facet normal 7.071068e-01 8.576119e-15 -7.071068e-01
    outer loop
      vertex   -1.363296e+02 4.944354e+01 -5.362478e+01
      vertex   -1.361777e+02 4.892500e+01 -5.347290e+01
      vertex   -1.596799e+02 0.000000e+00 -7.697505e+01
    endloop
  endfacet
  facet normal 7.071068e-01 7.471867e-15 -7.071068e-01
    outer loop
      vertex   -1.596799e+02 0.000000e+00 -7.697505e+01
      vertex   -1.361777e+02 4.892500e+01 -5.347290e+01
      vertex   -1.359361e+02 4.847972e+01 -5.323130e+01
    endloop
  endfacet
  facet normal 7.071068e-01 -1.161176e-14 -7.071068e-01
    outer loop
      vertex   -1.596799e+02 0.000000e+00 -7.697505e+01
      vertex   -1.359361e+02 4.847972e+01 -5.323130e+01
      vertex   -1.356212e+02 4.813805e+01 -5.291644e+01
    endloop
  endfacet
  facet normal 7.071068e-01 3.353032e-15 -7.071068e-01
    outer loop
      vertex   -1.356212e+02 4.813805e+01 -5.291644e+01
      vertex   -1.352546e+02 4.792326e+01 -5.254978e+01
      vertex   -1.596799e+02 0.000000e+00 -7.697505e+01
    endloop
  endfacet
  facet normal 7.071068e-01 4.514789e-15 -7.071068e-01
    outer loop
      vertex   -1.596799e+02 0.000000e+00 -7.697505e+01
      vertex   -1.352546e+02 4.792326e+01 -5.254978e+01
      vertex   -1.348611e+02 4.785000e+01 -5.215630e+01
    endloop
  endfacet
  facet normal 7.071068e-01 -1.842614e-14 -7.071068e-01
    outer loop
      vertex   -1.596799e+02 0.000000e+00 -7.697505e+01
      vertex   -1.348611e+02 4.785000e+01 -5.215630e+01
      vertex   -1.344676e+02 4.792326e+01 -5.176283e+01
    endloop
  endfacet
  facet normal 7.071068e-01 1.694970e-14 -7.071068e-01
    outer loop
      vertex   -1.337861e+02 4.847972e+01 -5.108130e+01
      vertex   -1.335445e+02 4.892500e+01 -5.083970e+01
      vertex   -1.031113e+02 0.000000e+00 -2.040651e+01
    endloop
  endfacet
  facet normal 7.071068e-01 -9.975347e-15 -7.071068e-01
    outer loop
      vertex   -1.031113e+02 0.000000e+00 -2.040651e+01
      vertex   -1.335445e+02 4.892500e+01 -5.083970e+01
      vertex   -1.333926e+02 4.944354e+01 -5.068783e+01
    endloop
  endfacet
  facet normal -7.010574e-01 1.305262e-01 -7.010574e-01
    outer loop
      vertex   -1.333926e+02 4.944354e+01 -5.068783e+01
      vertex   -1.404637e+02 4.944354e+01 -4.361676e+01
      vertex   -1.333408e+02 5.000000e+01 -5.063602e+01
    endloop
  endfacet
  facet normal -7.010574e-01 1.305262e-01 -7.010574e-01
    outer loop
      vertex   -1.333408e+02 5.000000e+01 -5.063602e+01
      vertex   -1.404637e+02 4.944354e+01 -4.361676e+01
      vertex   -1.404119e+02 5.000000e+01 -4.356496e+01
    endloop
  endfacet
  facet normal -7.010574e-01 -1.305262e-01 -7.010574e-01
    outer loop
      vertex   -1.333408e+02 5.000000e+01 -5.063602e+01
      vertex   -1.404119e+02 5.000000e+01 -4.356496e+01
      vertex   -1.333926e+02 5.055646e+01 -5.068783e+01
    endloop
  endfacet
  facet normal -7.010574e-01 -1.305262e-01 -7.010574e-01
    outer loop
      vertex   -1.333926e+02 5.055646e+01 -5.068783e+01
      vertex   -1.404119e+02 5.000000e+01 -4.356496e+01
      vertex   -1.404637e+02 5.055646e+01 -4.361676e+01
    endloop
  endfacet
  facet normal -6.532815e-01 -3.826834e-01 -6.532815e-01
    outer loop
      vertex   -1.333926e+02 5.055646e+01 -5.068783e+01
      vertex   -1.404637e+02 5.055646e+01 -4.361676e+01
      vertex   -1.335445e+02 5.107500e+01 -5.083970e+01
    endloop
  endfacet
  facet normal -6.532815e-01 -3.826834e-01 -6.532815e-01
    outer loop
      vertex   -1.335445e+02 5.107500e+01 -5.083970e+01
      vertex   -1.404637e+02 5.055646e+01 -4.361676e+01
      vertex   -1.406156e+02 5.107500e+01 -4.376863e+01
    endloop
  endfacet
  facet normal -5.609855e-01 -6.087614e-01 -5.609855e-01
    outer loop
      vertex   -1.335445e+02 5.107500e+01 -5.083970e+01
      vertex   -1.406156e+02 5.107500e+01 -4.376863e+01
      vertex   -1.337861e+02 5.152028e+01 -5.108130e+01
    endloop
  endfacet
  facet normal -5.609855e-01 -6.087614e-01 -5.609855e-01
    outer loop
      vertex   -1.337861e+02 5.152028e+01 -5.108130e+01
      vertex   -1.406156e+02 5.107500e+01 -4.376863e+01
      vertex   -1.408572e+02 5.152028e+01 -4.401023e+01
    endloop
  endfacet
  facet normal -4.304593e-01 -7.933533e-01 -4.304593e-01
    outer loop
      vertex   -1.337861e+02 5.152028e+01 -5.108130e+01
      vertex   -1.408572e+02 5.152028e+01 -4.401023e+01
      vertex   -1.341010e+02 5.186195e+01 -5.139616e+01
    endloop
  endfacet
  facet normal -4.304593e-01 -7.933533e-01 -4.304593e-01
    outer loop
      vertex   -1.341010e+02 5.186195e+01 -5.139616e+01
      vertex   -1.408572e+02 5.152028e+01 -4.401023e+01
      vertex   -1.411720e+02 5.186195e+01 -4.432509e+01
    endloop
  endfacet
  facet normal -2.705981e-01 -9.238795e-01 -2.705981e-01
    outer loop
      vertex   -1.341010e+02 5.186195e+01 -5.139616e+01
      vertex   -1.411720e+02 5.186195e+01 -4.432509e+01
      vertex   -1.344676e+02 5.207674e+01 -5.176283e+01
    endloop
  endfacet
  facet normal -2.705981e-01 -9.238795e-01 -2.705981e-01
    outer loop
      vertex   -1.344676e+02 5.207674e+01 -5.176283e+01
      vertex   -1.411720e+02 5.186195e+01 -4.432509e+01
      vertex   -1.415387e+02 5.207674e+01 -4.469176e+01
    endloop
  endfacet
  facet normal -9.229596e-02 -9.914449e-01 -9.229596e-02
    outer loop
      vertex   -1.344676e+02 5.207674e+01 -5.176283e+01
      vertex   -1.415387e+02 5.207674e+01 -4.469176e+01
      vertex   -1.348611e+02 5.215000e+01 -5.215630e+01
    endloop
  endfacet
  facet normal -9.229596e-02 -9.914449e-01 -9.229596e-02
    outer loop
      vertex   -1.348611e+02 5.215000e+01 -5.215630e+01
      vertex   -1.415387e+02 5.207674e+01 -4.469176e+01
      vertex   -1.419322e+02 5.215000e+01 -4.508523e+01
    endloop
  endfacet
  facet normal 9.229596e-02 -9.914449e-01 9.229596e-02
    outer loop
      vertex   -1.348611e+02 5.215000e+01 -5.215630e+01
      vertex   -1.419322e+02 5.215000e+01 -4.508523e+01
      vertex   -1.352546e+02 5.207674e+01 -5.254978e+01
    endloop
  endfacet
  facet normal 9.229596e-02 -9.914449e-01 9.229596e-02
    outer loop
      vertex   -1.352546e+02 5.207674e+01 -5.254978e+01
      vertex   -1.419322e+02 5.215000e+01 -4.508523e+01
      vertex   -1.423256e+02 5.207674e+01 -4.547871e+01
    endloop
  endfacet
  facet normal 2.705981e-01 -9.238795e-01 2.705981e-01
    outer loop
      vertex   -1.352546e+02 5.207674e+01 -5.254978e+01
      vertex   -1.423256e+02 5.207674e+01 -4.547871e+01
      vertex   -1.356212e+02 5.186195e+01 -5.291644e+01
    endloop
  endfacet
  facet normal 2.705981e-01 -9.238795e-01 2.705981e-01
    outer loop
      vertex   -1.356212e+02 5.186195e+01 -5.291644e+01
      vertex   -1.423256e+02 5.207674e+01 -4.547871e+01
      vertex   -1.426923e+02 5.186195e+01 -4.584537e+01
    endloop
  endfacet
  facet normal 4.304593e-01 -7.933533e-01 4.304593e-01
    outer loop
      vertex   -1.356212e+02 5.186195e+01 -5.291644e+01
      vertex   -1.426923e+02 5.186195e+01 -4.584537e+01
      vertex   -1.359361e+02 5.152028e+01 -5.323130e+01
    endloop
  endfacet
  facet normal 4.304593e-01 -7.933533e-01 4.304593e-01
    outer loop
      vertex   -1.359361e+02 5.152028e+01 -5.323130e+01
      vertex   -1.426923e+02 5.186195e+01 -4.584537e+01
      vertex   -1.430072e+02 5.152028e+01 -4.616023e+01
    endloop
  endfacet
  facet normal 5.609855e-01 -6.087614e-01 5.609855e-01
    outer loop
      vertex   -1.359361e+02 5.152028e+01 -5.323130e+01
      vertex   -1.430072e+02 5.152028e+01 -4.616023e+01
      vertex   -1.361777e+02 5.107500e+01 -5.347290e+01
    endloop
  endfacet
  facet normal 5.609855e-01 -6.087614e-01 5.609855e-01
    outer loop
      vertex   -1.361777e+02 5.107500e+01 -5.347290e+01
      vertex   -1.430072e+02 5.152028e+01 -4.616023e+01
      vertex   -1.432488e+02 5.107500e+01 -4.640184e+01
    endloop
  endfacet
  facet normal 6.532815e-01 -3.826834e-01 6.532815e-01
    outer loop
      vertex   -1.361777e+02 5.107500e+01 -5.347290e+01
      vertex   -1.432488e+02 5.107500e+01 -4.640184e+01
      vertex   -1.363296e+02 5.055646e+01 -5.362478e+01
    endloop
  endfacet
  facet normal 6.532815e-01 -3.826834e-01 6.532815e-01
    outer loop
      vertex   -1.363296e+02 5.055646e+01 -5.362478e+01
      vertex   -1.432488e+02 5.107500e+01 -4.640184e+01
      vertex   -1.434006e+02 5.055646e+01 -4.655371e+01
    endloop
  endfacet
  facet normal 7.010574e-01 -1.305262e-01 7.010574e-01
    outer loop
      vertex   -1.363296e+02 5.055646e+01 -5.362478e+01
      vertex   -1.434006e+02 5.055646e+01 -4.655371e+01
      vertex   -1.363814e+02 5.000000e+01 -5.367658e+01
    endloop
  endfacet
  facet normal 7.010574e-01 -1.305262e-01 7.010574e-01
    outer loop
      vertex   -1.363814e+02 5.000000e+01 -5.367658e+01
      vertex   -1.434006e+02 5.055646e+01 -4.655371e+01
      vertex   -1.434525e+02 5.000000e+01 -4.660551e+01
    endloop
  endfacet
  facet normal 7.010574e-01 1.305262e-01 7.010574e-01
    outer loop
      vertex   -1.363814e+02 5.000000e+01 -5.367658e+01
      vertex   -1.434525e+02 5.000000e+01 -4.660551e+01
      vertex   -1.363296e+02 4.944354e+01 -5.362478e+01
    endloop
  endfacet
  facet normal 7.010574e-01 1.305262e-01 7.010574e-01
    outer loop
      vertex   -1.363296e+02 4.944354e+01 -5.362478e+01
      vertex   -1.434525e+02 5.000000e+01 -4.660551e+01
      vertex   -1.434006e+02 4.944354e+01 -4.655371e+01
    endloop
  endfacet
  facet normal 6.532815e-01 3.826834e-01 6.532815e-01
    outer loop
      vertex   -1.363296e+02 4.944354e+01 -5.362478e+01
      vertex   -1.434006e+02 4.944354e+01 -4.655371e+01
      vertex   -1.361777e+02 4.892500e+01 -5.347290e+01
    endloop
  endfacet
  facet normal 6.532815e-01 3.826834e-01 6.532815e-01
    outer loop
      vertex   -1.361777e+02 4.892500e+01 -5.347290e+01
      vertex   -1.434006e+02 4.944354e+01 -4.655371e+01
      vertex   -1.432488e+02 4.892500e+01 -4.640184e+01
    endloop
  endfacet
  facet normal 5.609855e-01 6.087614e-01 5.609855e-01
    outer loop
      vertex   -1.361777e+02 4.892500e+01 -5.347290e+01
      vertex   -1.432488e+02 4.892500e+01 -4.640184e+01
      vertex   -1.359361e+02 4.847972e+01 -5.323130e+01
    endloop
  endfacet
  facet normal 5.609855e-01 6.087614e-01 5.609855e-01
    outer loop
      vertex   -1.359361e+02 4.847972e+01 -5.323130e+01
      vertex   -1.432488e+02 4.892500e+01 -4.640184e+01
      vertex   -1.430072e+02 4.847972e+01 -4.616023e+01
    endloop
  endfacet
  facet normal 4.304593e-01 7.933533e-01 4.304593e-01
    outer loop
      vertex   -1.359361e+02 4.847972e+01 -5.323130e+01
      vertex   -1.430072e+02 4.847972e+01 -4.616023e+01
      vertex   -1.356212e+02 4.813805e+01 -5.291644e+01
    endloop
  endfacet
  facet normal 4.304593e-01 7.933533e-01 4.304593e-01
    outer loop
      vertex   -1.356212e+02 4.813805e+01 -5.291644e+01
      vertex   -1.430072e+02 4.847972e+01 -4.616023e+01
      vertex   -1.426923e+02 4.813805e+01 -4.584537e+01
    endloop
  endfacet
  facet normal 2.705981e-01 9.238795e-01 2.705981e-01
    outer loop
      vertex   -1.356212e+02 4.813805e+01 -5.291644e+01
      vertex   -1.426923e+02 4.813805e+01 -4.584537e+01
      vertex   -1.352546e+02 4.792326e+01 -5.254978e+01
    endloop
  endfacet
  facet normal 2.705981e-01 9.238795e-01 2.705981e-01
    outer loop
      vertex   -1.352546e+02 4.792326e+01 -5.254978e+01
      vertex   -1.426923e+02 4.813805e+01 -4.584537e+01
      vertex   -1.423256e+02 4.792326e+01 -4.547871e+01
    endloop
  endfacet
  facet normal 9.229596e-02 9.914449e-01 9.229596e-02
    outer loop
      vertex   -1.352546e+02 4.792326e+01 -5.254978e+01
      vertex   -1.423256e+02 4.792326e+01 -4.547871e+01
      vertex   -1.348611e+02 4.785000e+01 -5.215630e+01
    endloop
  endfacet
  facet normal 9.229596e-02 9.914449e-01 9.229596e-02
    outer loop
      vertex   -1.348611e+02 4.785000e+01 -5.215630e+01
      vertex   -1.423256e+02 4.792326e+01 -4.547871e+01
      vertex   -1.419322e+02 4.785000e+01 -4.508523e+01
    endloop
  endfacet
  facet normal -9.229596e-02 9.914449e-01 -9.229596e-02
    outer loop
      vertex   -1.348611e+02 4.785000e+01 -5.215630e+01
      vertex   -1.419322e+02 4.785000e+01 -4.508523e+01
      vertex   -1.344676e+02 4.792326e+01 -5.176283e+01
    endloop
  endfacet
  facet normal -9.229596e-02 9.914449e-01 -9.229596e-02
    outer loop
      vertex   -1.344676e+02 4.792326e+01 -5.176283e+01
      vertex   -1.419322e+02 4.785000e+01 -4.508523e+01
      vertex   -1.415387e+02 4.792326e+01 -4.469176e+01
    endloop
  endfacet
  facet normal -2.705981e-01 9.238795e-01 -2.705981e-01
    outer loop
      vertex   -1.344676e+02 4.792326e+01 -5.176283e+01
      vertex   -1.415387e+02 4.792326e+01 -4.469176e+01
      vertex   -1.341010e+02 4.813805e+01 -5.139616e+01
    endloop
  endfacet
  facet normal -2.705981e-01 9.238795e-01 -2.705981e-01
    outer loop
      vertex   -1.341010e+02 4.813805e+01 -5.139616e+01
      vertex   -1.415387e+02 4.792326e+01 -4.469176e+01
      vertex   -1.411720e+02 4.813805e+01 -4.432509e+01
    endloop
  endfacet
  facet normal -4.304593e-01 7.933533e-01 -4.304593e-01
    outer loop
      vertex   -1.341010e+02 4.813805e+01 -5.139616e+01
      vertex   -1.411720e+02 4.813805e+01 -4.432509e+01
      vertex   -1.337861e+02 4.847972e+01 -5.108130e+01
    endloop
  endfacet
  facet normal -4.304593e-01 7.933533e-01 -4.304593e-01
    outer loop
      vertex   -1.337861e+02 4.847972e+01 -5.108130e+01
      vertex   -1.411720e+02 4.813805e+01 -4.432509e+01
      vertex   -1.408572e+02 4.847972e+01 -4.401023e+01
    endloop
  endfacet
  facet normal -5.609855e-01 6.087614e-01 -5.609855e-01
    outer loop
      vertex   -1.337861e+02 4.847972e+01 -5.108130e+01
      vertex   -1.408572e+02 4.847972e+01 -4.401023e+01
      vertex   -1.335445e+02 4.892500e+01 -5.083970e+01
    endloop
  endfacet
  facet normal -5.609855e-01 6.087614e-01 -5.609855e-01
    outer loop
      vertex   -1.335445e+02 4.892500e+01 -5.083970e+01
      vertex   -1.408572e+02 4.847972e+01 -4.401023e+01
      vertex   -1.406156e+02 4.892500e+01 -4.376863e+01
    endloop
  endfacet
  facet normal -6.532815e-01 3.826834e-01 -6.532815e-01
    outer loop
      vertex   -1.335445e+02 4.892500e+01 -5.083970e+01
      vertex   -1.406156e+02 4.892500e+01 -4.376863e+01
      vertex   -1.333926e+02 4.944354e+01 -5.068783e+01
    endloop
  endfacet
  facet normal -6.532815e-01 3.826834e-01 -6.532815e-01
    outer loop
      vertex   -1.333926e+02 4.944354e+01 -5.068783e+01
      vertex   -1.406156e+02 4.892500e+01 -4.376863e+01
      vertex   -1.404637e+02 4.944354e+01 -4.361676e+01
    endloop
  endfacet
  facet normal 2.220446e-16 1.668082e-16 -1.000000e+00
    outer loop
      vertex   -2.311131e+01 1.750000e+02 -2.040651e+01
      vertex   -5.876679e+01 5.207674e+01 -2.040651e+01
      vertex   -1.031113e+02 1.750000e+02 -2.040651e+01
    endloop
  endfacet
  facet normal -3.124569e-17 7.543378e-17 -1.000000e+00
    outer loop
      vertex   -1.031113e+02 1.750000e+02 -2.040651e+01
      vertex   -5.876679e+01 5.207674e+01 -2.040651e+01
      vertex   -5.928533e+01 5.186195e+01 -2.040651e+01
    endloop
  endfacet
  facet normal -5.216840e-17 6.798719e-17 -1.000000e+00
    outer loop
      vertex   -1.031113e+02 1.750000e+02 -2.040651e+01
      vertex   -5.928533e+01 5.186195e+01 -2.040651e+01
      vertex   -5.973061e+01 5.152028e+01 -2.040651e+01
    endloop
  endfacet
  facet normal 8.606830e-16 0.000000e+00 -1.000000e+00
    outer loop
      vertex   -2.311131e+01 0.000000e+00 -2.040651e+01
      vertex   -5.613359e+01 5.055646e+01 -2.040651e+01
      vertex   -2.311131e+01 1.750000e+02 -2.040651e+01
    endloop
  endfacet
  facet normal 3.360792e-16 1.392086e-16 -1.000000e+00
    outer loop
      vertex   -2.311131e+01 1.750000e+02 -2.040651e+01
      vertex   -5.613359e+01 5.055646e+01 -2.040651e+01
      vertex   -5.634837e+01 5.107500e+01 -2.040651e+01
    endloop
  endfacet
  facet normal 2.214770e-16 1.699453e-16 -1.000000e+00
    outer loop
      vertex   -2.311131e+01 1.750000e+02 -2.040651e+01
      vertex   -5.634837e+01 5.107500e+01 -2.040651e+01
      vertex   -5.669005e+01 5.152028e+01 -2.040651e+01
    endloop
  endfacet
  facet normal 2.220446e-16 -4.278633e-16 -1.000000e+00
    outer loop
      vertex   -1.031113e+02 0.000000e+00 -2.040651e+01
      vertex   -5.876679e+01 4.792326e+01 -2.040651e+01
      vertex   -2.311131e+01 0.000000e+00 -2.040651e+01
    endloop
  endfacet
  facet normal -8.655713e-17 -6.574667e-16 -1.000000e+00
    outer loop
      vertex   -2.311131e+01 0.000000e+00 -2.040651e+01
      vertex   -5.876679e+01 4.792326e+01 -2.040651e+01
      vertex   -5.821033e+01 4.785000e+01 -2.040651e+01
    endloop
  endfacet
  facet normal 7.131174e-17 -5.416664e-16 -1.000000e+00
    outer loop
      vertex   -2.311131e+01 0.000000e+00 -2.040651e+01
      vertex   -5.821033e+01 4.785000e+01 -2.040651e+01
      vertex   -5.765387e+01 4.792326e+01 -2.040651e+01
    endloop
  endfacet
  facet normal -2.488810e-16 -0.000000e+00 -1.000000e+00
    outer loop
      vertex   -1.031113e+02 1.750000e+02 -2.040651e+01
      vertex   -6.028707e+01 5.055646e+01 -2.040651e+01
      vertex   -1.031113e+02 0.000000e+00 -2.040651e+01
    endloop
  endfacet
  facet normal -2.946814e-16 3.879554e-17 -1.000000e+00
    outer loop
      vertex   -1.031113e+02 0.000000e+00 -2.040651e+01
      vertex   -6.028707e+01 5.055646e+01 -2.040651e+01
      vertex   -6.036033e+01 5.000000e+01 -2.040651e+01
    endloop
  endfacet
  facet normal -2.160422e-16 -2.844249e-17 -1.000000e+00
    outer loop
      vertex   -1.031113e+02 0.000000e+00 -2.040651e+01
      vertex   -6.036033e+01 5.000000e+01 -2.040651e+01
      vertex   -6.028707e+01 4.944354e+01 -2.040651e+01
    endloop
  endfacet
  facet normal -1.683633e-16 -6.973835e-17 -1.000000e+00
    outer loop
      vertex   -6.028707e+01 4.944354e+01 -2.040651e+01
      vertex   -6.007228e+01 4.892500e+01 -2.040651e+01
      vertex   -1.031113e+02 0.000000e+00 -2.040651e+01
    endloop
  endfacet
  facet normal -1.322670e-16 -1.014920e-16 -1.000000e+00
    outer loop
      vertex   -1.031113e+02 0.000000e+00 -2.040651e+01
      vertex   -6.007228e+01 4.892500e+01 -2.040651e+01
      vertex   -5.973061e+01 4.847972e+01 -2.040651e+01
    endloop
  endfacet
  facet normal -1.000194e-16 -1.303479e-16 -1.000000e+00
    outer loop
      vertex   -1.031113e+02 0.000000e+00 -2.040651e+01
      vertex   -5.973061e+01 4.847972e+01 -2.040651e+01
      vertex   -5.928533e+01 4.813805e+01 -2.040651e+01
    endloop
  endfacet
  facet normal -6.659611e-17 -1.607772e-16 -1.000000e+00
    outer loop
      vertex   -5.928533e+01 4.813805e+01 -2.040651e+01
      vertex   -5.876679e+01 4.792326e+01 -2.040651e+01
      vertex   -1.031113e+02 0.000000e+00 -2.040651e+01
    endloop
  endfacet
  facet normal 1.891760e-16 -4.567112e-16 -1.000000e+00
    outer loop
      vertex   -5.765387e+01 4.792326e+01 -2.040651e+01
      vertex   -5.713533e+01 4.813805e+01 -2.040651e+01
      vertex   -2.311131e+01 0.000000e+00 -2.040651e+01
    endloop
  endfacet
  facet normal 2.937379e-16 -3.828067e-16 -1.000000e+00
    outer loop
      vertex   -2.311131e+01 0.000000e+00 -2.040651e+01
      vertex   -5.713533e+01 4.813805e+01 -2.040651e+01
      vertex   -5.669005e+01 4.847972e+01 -2.040651e+01
    endloop
  endfacet
  facet normal 4.015583e-16 -3.081265e-16 -1.000000e+00
    outer loop
      vertex   -2.311131e+01 0.000000e+00 -2.040651e+01
      vertex   -5.669005e+01 4.847972e+01 -2.040651e+01
      vertex   -5.634837e+01 4.892500e+01 -2.040651e+01
    endloop
  endfacet
  facet normal 5.312225e-16 -2.200396e-16 -1.000000e+00
    outer loop
      vertex   -5.634837e+01 4.892500e+01 -2.040651e+01
      vertex   -5.613359e+01 4.944354e+01 -2.040651e+01
      vertex   -2.311131e+01 0.000000e+00 -2.040651e+01
    endloop
  endfacet
  facet normal 7.189610e-16 -9.465302e-17 -1.000000e+00
    outer loop
      vertex   -2.311131e+01 0.000000e+00 -2.040651e+01
      vertex   -5.613359e+01 4.944354e+01 -2.040651e+01
      vertex   -5.606033e+01 5.000000e+01 -2.040651e+01
    endloop
  endfacet
  facet normal 1.077952e-15 1.419151e-16 -1.000000e+00
    outer loop
      vertex   -2.311131e+01 0.000000e+00 -2.040651e+01
      vertex   -5.606033e+01 5.000000e+01 -2.040651e+01
      vertex   -5.613359e+01 5.055646e+01 -2.040651e+01
    endloop
  endfacet
  facet normal 1.461266e-16 1.904358e-16 -1.000000e+00
    outer loop
      vertex   -5.669005e+01 5.152028e+01 -2.040651e+01
      vertex   -5.713533e+01 5.186195e+01 -2.040651e+01
      vertex   -2.311131e+01 1.750000e+02 -2.040651e+01
    endloop
  endfacet
  facet normal 8.578700e-17 2.071081e-16 -1.000000e+00
    outer loop
      vertex   -2.311131e+01 1.750000e+02 -2.040651e+01
      vertex   -5.713533e+01 5.186195e+01 -2.040651e+01
      vertex   -5.765387e+01 5.207674e+01 -2.040651e+01
    endloop
  endfacet
  facet normal 2.935407e-17 2.229663e-16 -1.000000e+00
    outer loop
      vertex   -2.311131e+01 1.750000e+02 -2.040651e+01
      vertex   -5.765387e+01 5.207674e+01 -2.040651e+01
      vertex   -5.821033e+01 5.215000e+01 -2.040651e+01
    endloop
  endfacet
  facet normal -3.164862e-17 2.403952e-16 -1.000000e+00
    outer loop
      vertex   -5.821033e+01 5.215000e+01 -2.040651e+01
      vertex   -5.876679e+01 5.207674e+01 -2.040651e+01
      vertex   -2.311131e+01 1.750000e+02 -2.040651e+01
    endloop
  endfacet
  facet normal -7.716020e-17 5.920711e-17 -1.000000e+00
    outer loop
      vertex   -5.973061e+01 5.152028e+01 -2.040651e+01
      vertex   -6.007228e+01 5.107500e+01 -2.040651e+01
      vertex   -1.031113e+02 1.750000e+02 -2.040651e+01
    endloop
  endfacet
  facet normal -1.129394e-16 4.678103e-17 -1.000000e+00
    outer loop
      vertex   -1.031113e+02 1.750000e+02 -2.040651e+01
      vertex   -6.007228e+01 5.107500e+01 -2.040651e+01
      vertex   -6.028707e+01 5.055646e+01 -2.040651e+01
    endloop
  endfacet
  facet normal 1.000000e+00 0.000000e+00 -0.000000e+00
    outer loop
      vertex   -2.311131e+01 1.750000e+02 -2.040651e+01
      vertex   -2.311131e+01 1.750000e+02 -8.406512e+00
      vertex   -2.311131e+01 0.000000e+00 -2.040651e+01
    endloop
  endfacet
  facet normal 1.000000e+00 0.000000e+00 0.000000e+00
    outer loop
      vertex   -2.311131e+01 0.000000e+00 -2.040651e+01
      vertex   -2.311131e+01 1.750000e+02 -8.406512e+00
      vertex   -2.311131e+01 0.000000e+00 -8.406512e+00
    endloop
  endfacet
  facet normal 9.914449e-01 1.305262e-01 7.728703e-17
    outer loop
      vertex   -6.028707e+01 4.944354e+01 -8.406512e+00
      vertex   -6.028707e+01 4.944354e+01 -2.040651e+01
      vertex   -6.036033e+01 5.000000e+01 -8.406512e+00
    endloop
  endfacet
  facet normal 9.914449e-01 1.305262e-01 0.000000e+00
    outer loop
      vertex   -6.036033e+01 5.000000e+01 -8.406512e+00
      vertex   -6.028707e+01 4.944354e+01 -2.040651e+01
      vertex   -6.036033e+01 5.000000e+01 -2.040651e+01
    endloop
  endfacet
  facet normal 9.914449e-01 -1.305262e-01 0.000000e+00
    outer loop
      vertex   -6.036033e+01 5.000000e+01 -8.406512e+00
      vertex   -6.036033e+01 5.000000e+01 -2.040651e+01
      vertex   -6.028707e+01 5.055646e+01 -8.406512e+00
    endloop
  endfacet
  facet normal 9.914449e-01 -1.305262e-01 -7.728703e-17
    outer loop
      vertex   -6.028707e+01 5.055646e+01 -8.406512e+00
      vertex   -6.036033e+01 5.000000e+01 -2.040651e+01
      vertex   -6.028707e+01 5.055646e+01 -2.040651e+01
    endloop
  endfacet
  facet normal 9.238795e-01 -3.826834e-01 -2.265941e-16
    outer loop
      vertex   -6.028707e+01 5.055646e+01 -8.406512e+00
      vertex   -6.028707e+01 5.055646e+01 -2.040651e+01
      vertex   -6.007228e+01 5.107500e+01 -8.406512e+00
    endloop
  endfacet
  facet normal 9.238795e-01 -3.826834e-01 0.000000e+00
    outer loop
      vertex   -6.007228e+01 5.107500e+01 -8.406512e+00
      vertex   -6.028707e+01 5.055646e+01 -2.040651e+01
      vertex   -6.007228e+01 5.107500e+01 -2.040651e+01
    endloop
  endfacet
  facet normal 7.933533e-01 -6.087614e-01 0.000000e+00
    outer loop
      vertex   -6.007228e+01 5.107500e+01 -8.406512e+00
      vertex   -6.007228e+01 5.107500e+01 -2.040651e+01
      vertex   -5.973061e+01 5.152028e+01 -8.406512e+00
    endloop
  endfacet
  facet normal 7.933533e-01 -6.087614e-01 0.000000e+00
    outer loop
      vertex   -5.973061e+01 5.152028e+01 -8.406512e+00
      vertex   -6.007228e+01 5.107500e+01 -2.040651e+01
      vertex   -5.973061e+01 5.152028e+01 -2.040651e+01
    endloop
  endfacet
  facet normal 6.087614e-01 -7.933533e-01 0.000000e+00
    outer loop
      vertex   -5.973061e+01 5.152028e+01 -8.406512e+00
      vertex   -5.973061e+01 5.152028e+01 -2.040651e+01
      vertex   -5.928533e+01 5.186195e+01 -8.406512e+00
    endloop
  endfacet
  facet normal 6.087614e-01 -7.933533e-01 0.000000e+00
    outer loop
      vertex   -5.928533e+01 5.186195e+01 -8.406512e+00
      vertex   -5.973061e+01 5.152028e+01 -2.040651e+01
      vertex   -5.928533e+01 5.186195e+01 -2.040651e+01
    endloop
  endfacet
  facet normal 3.826834e-01 -9.238795e-01 0.000000e+00
    outer loop
      vertex   -5.928533e+01 5.186195e+01 -8.406512e+00
      vertex   -5.928533e+01 5.186195e+01 -2.040651e+01
      vertex   -5.876679e+01 5.207674e+01 -8.406512e+00
    endloop
  endfacet
  facet normal 3.826834e-01 -9.238795e-01 0.000000e+00
    outer loop
      vertex   -5.876679e+01 5.207674e+01 -8.406512e+00
      vertex   -5.928533e+01 5.186195e+01 -2.040651e+01
      vertex   -5.876679e+01 5.207674e+01 -2.040651e+01
    endloop
  endfacet
  facet normal 1.305262e-01 -9.914449e-01 0.000000e+00
    outer loop
      vertex   -5.876679e+01 5.207674e+01 -8.406512e+00
      vertex   -5.876679e+01 5.207674e+01 -2.040651e+01
      vertex   -5.821033e+01 5.215000e+01 -8.406512e+00
    endloop
  endfacet
  facet normal 1.305262e-01 -9.914449e-01 0.000000e+00
    outer loop
      vertex   -5.821033e+01 5.215000e+01 -8.406512e+00
      vertex   -5.876679e+01 5.207674e+01 -2.040651e+01
      vertex   -5.821033e+01 5.215000e+01 -2.040651e+01
    endloop
  endfacet
  facet normal -1.305262e-01 -9.914449e-01 -0.000000e+00
    outer loop
      vertex   -5.821033e+01 5.215000e+01 -8.406512e+00
      vertex   -5.821033e+01 5.215000e+01 -2.040651e+01
      vertex   -5.765387e+01 5.207674e+01 -8.406512e+00
    endloop
  endfacet
  facet normal -1.305262e-01 -9.914449e-01 -0.000000e+00
    outer loop
      vertex   -5.765387e+01 5.207674e+01 -8.406512e+00
      vertex   -5.821033e+01 5.215000e+01 -2.040651e+01
      vertex   -5.765387e+01 5.207674e+01 -2.040651e+01
    endloop
  endfacet
  facet normal -3.826834e-01 -9.238795e-01 -0.000000e+00
    outer loop
      vertex   -5.765387e+01 5.207674e+01 -8.406512e+00
      vertex   -5.765387e+01 5.207674e+01 -2.040651e+01
      vertex   -5.713533e+01 5.186195e+01 -8.406512e+00
    endloop
  endfacet
  facet normal -3.826834e-01 -9.238795e-01 -0.000000e+00
    outer loop
      vertex   -5.713533e+01 5.186195e+01 -8.406512e+00
      vertex   -5.765387e+01 5.207674e+01 -2.040651e+01
      vertex   -5.713533e+01 5.186195e+01 -2.040651e+01
    endloop
  endfacet
  facet normal -6.087614e-01 -7.933533e-01 -0.000000e+00
    outer loop
      vertex   -5.713533e+01 5.186195e+01 -8.406512e+00
      vertex   -5.713533e+01 5.186195e+01 -2.040651e+01
      vertex   -5.669005e+01 5.152028e+01 -8.406512e+00
    endloop
  endfacet
  facet normal -6.087614e-01 -7.933533e-01 -0.000000e+00
    outer loop
      vertex   -5.669005e+01 5.152028e+01 -8.406512e+00
      vertex   -5.713533e+01 5.186195e+01 -2.040651e+01
      vertex   -5.669005e+01 5.152028e+01 -2.040651e+01
    endloop
  endfacet
  facet normal -7.933533e-01 -6.087614e-01 -0.000000e+00
    outer loop
      vertex   -5.669005e+01 5.152028e+01 -8.406512e+00
      vertex   -5.669005e+01 5.152028e+01 -2.040651e+01
      vertex   -5.634837e+01 5.107500e+01 -8.406512e+00
    endloop
  endfacet
  facet normal -7.933533e-01 -6.087614e-01 -0.000000e+00
    outer loop
      vertex   -5.634837e+01 5.107500e+01 -8.406512e+00
      vertex   -5.669005e+01 5.152028e+01 -2.040651e+01
      vertex   -5.634837e+01 5.107500e+01 -2.040651e+01
    endloop
  endfacet
  facet normal -9.238795e-01 -3.826834e-01 -0.000000e+00
    outer loop
      vertex   -5.634837e+01 5.107500e+01 -8.406512e+00
      vertex   -5.634837e+01 5.107500e+01 -2.040651e+01
      vertex   -5.613359e+01 5.055646e+01 -8.406512e+00
    endloop
  endfacet
  facet normal -9.238795e-01 -3.826834e-01 -0.000000e+00
    outer loop
      vertex   -5.613359e+01 5.055646e+01 -8.406512e+00
      vertex   -5.634837e+01 5.107500e+01 -2.040651e+01
      vertex   -5.613359e+01 5.055646e+01 -2.040651e+01
    endloop
  endfacet
  facet normal -9.914449e-01 -1.305262e-01 -0.000000e+00
    outer loop
      vertex   -5.613359e+01 5.055646e+01 -8.406512e+00
      vertex   -5.613359e+01 5.055646e+01 -2.040651e+01
      vertex   -5.606033e+01 5.000000e+01 -8.406512e+00
    endloop
  endfacet
  facet normal -9.914449e-01 -1.305262e-01 -0.000000e+00
    outer loop
      vertex   -5.606033e+01 5.000000e+01 -8.406512e+00
      vertex   -5.613359e+01 5.055646e+01 -2.040651e+01
      vertex   -5.606033e+01 5.000000e+01 -2.040651e+01
    endloop
  endfacet
  facet normal -9.914449e-01 1.305262e-01 0.000000e+00
    outer loop
      vertex   -5.606033e+01 5.000000e+01 -8.406512e+00
      vertex   -5.606033e+01 5.000000e+01 -2.040651e+01
      vertex   -5.613359e+01 4.944354e+01 -8.406512e+00
    endloop
  endfacet
  facet normal -9.914449e-01 1.305262e-01 0.000000e+00
    outer loop
      vertex   -5.613359e+01 4.944354e+01 -8.406512e+00
      vertex   -5.606033e+01 5.000000e+01 -2.040651e+01
      vertex   -5.613359e+01 4.944354e+01 -2.040651e+01
    endloop
  endfacet
  facet normal -9.238795e-01 3.826834e-01 0.000000e+00
    outer loop
      vertex   -5.613359e+01 4.944354e+01 -8.406512e+00
      vertex   -5.613359e+01 4.944354e+01 -2.040651e+01
      vertex   -5.634837e+01 4.892500e+01 -8.406512e+00
    endloop
  endfacet
  facet normal -9.238795e-01 3.826834e-01 0.000000e+00
    outer loop
      vertex   -5.634837e+01 4.892500e+01 -8.406512e+00
      vertex   -5.613359e+01 4.944354e+01 -2.040651e+01
      vertex   -5.634837e+01 4.892500e+01 -2.040651e+01
    endloop
  endfacet
  facet normal -7.933533e-01 6.087614e-01 0.000000e+00
    outer loop
      vertex   -5.634837e+01 4.892500e+01 -8.406512e+00
      vertex   -5.634837e+01 4.892500e+01 -2.040651e+01
      vertex   -5.669005e+01 4.847972e+01 -8.406512e+00
    endloop
  endfacet
  facet normal -7.933533e-01 6.087614e-01 0.000000e+00
    outer loop
      vertex   -5.669005e+01 4.847972e+01 -8.406512e+00
      vertex   -5.634837e+01 4.892500e+01 -2.040651e+01
      vertex   -5.669005e+01 4.847972e+01 -2.040651e+01
    endloop
  endfacet
  facet normal -6.087614e-01 7.933533e-01 0.000000e+00
    outer loop
      vertex   -5.669005e+01 4.847972e+01 -8.406512e+00
      vertex   -5.669005e+01 4.847972e+01 -2.040651e+01
      vertex   -5.713533e+01 4.813805e+01 -8.406512e+00
    endloop
  endfacet
  facet normal -6.087614e-01 7.933533e-01 0.000000e+00
    outer loop
      vertex   -5.713533e+01 4.813805e+01 -8.406512e+00
      vertex   -5.669005e+01 4.847972e+01 -2.040651e+01
      vertex   -5.713533e+01 4.813805e+01 -2.040651e+01
    endloop
  endfacet
  facet normal -3.826834e-01 9.238795e-01 0.000000e+00
    outer loop
      vertex   -5.713533e+01 4.813805e+01 -8.406512e+00
      vertex   -5.713533e+01 4.813805e+01 -2.040651e+01
      vertex   -5.765387e+01 4.792326e+01 -8.406512e+00
    endloop
  endfacet
  facet normal -3.826834e-01 9.238795e-01 0.000000e+00
    outer loop
      vertex   -5.765387e+01 4.792326e+01 -8.406512e+00
      vertex   -5.713533e+01 4.813805e+01 -2.040651e+01
      vertex   -5.765387e+01 4.792326e+01 -2.040651e+01
    endloop
  endfacet
  facet normal -1.305262e-01 9.914449e-01 0.000000e+00
    outer loop
      vertex   -5.765387e+01 4.792326e+01 -8.406512e+00
      vertex   -5.765387e+01 4.792326e+01 -2.040651e+01
      vertex   -5.821033e+01 4.785000e+01 -8.406512e+00
    endloop
  endfacet
  facet normal -1.305262e-01 9.914449e-01 0.000000e+00
    outer loop
      vertex   -5.821033e+01 4.785000e+01 -8.406512e+00
      vertex   -5.765387e+01 4.792326e+01 -2.040651e+01
      vertex   -5.821033e+01 4.785000e+01 -2.040651e+01
    endloop
  endfacet
  facet normal 1.305262e-01 9.914449e-01 0.000000e+00
    outer loop
      vertex   -5.821033e+01 4.785000e+01 -8.406512e+00
      vertex   -5.821033e+01 4.785000e+01 -2.040651e+01
      vertex   -5.876679e+01 4.792326e+01 -8.406512e+00
    endloop
  endfacet
  facet normal 1.305262e-01 9.914449e-01 0.000000e+00
    outer loop
      vertex   -5.876679e+01 4.792326e+01 -8.406512e+00
      vertex   -5.821033e+01 4.785000e+01 -2.040651e+01
      vertex   -5.876679e+01 4.792326e+01 -2.040651e+01
    endloop
  endfacet
  facet normal 3.826834e-01 9.238795e-01 0.000000e+00
    outer loop
      vertex   -5.876679e+01 4.792326e+01 -8.406512e+00
      vertex   -5.876679e+01 4.792326e+01 -2.040651e+01
      vertex   -5.928533e+01 4.813805e+01 -8.406512e+00
    endloop
  endfacet
  facet normal 3.826834e-01 9.238795e-01 0.000000e+00
    outer loop
      vertex   -5.928533e+01 4.813805e+01 -8.406512e+00
      vertex   -5.876679e+01 4.792326e+01 -2.040651e+01
      vertex   -5.928533e+01 4.813805e+01 -2.040651e+01
    endloop
  endfacet
  facet normal 6.087614e-01 7.933533e-01 0.000000e+00
    outer loop
      vertex   -5.928533e+01 4.813805e+01 -8.406512e+00
      vertex   -5.928533e+01 4.813805e+01 -2.040651e+01
      vertex   -5.973061e+01 4.847972e+01 -8.406512e+00
    endloop
  endfacet
  facet normal 6.087614e-01 7.933533e-01 0.000000e+00
    outer loop
      vertex   -5.973061e+01 4.847972e+01 -8.406512e+00
      vertex   -5.928533e+01 4.813805e+01 -2.040651e+01
      vertex   -5.973061e+01 4.847972e+01 -2.040651e+01
    endloop
  endfacet
  facet normal 7.933533e-01 6.087614e-01 0.000000e+00
    outer loop
      vertex   -5.973061e+01 4.847972e+01 -8.406512e+00
      vertex   -5.973061e+01 4.847972e+01 -2.040651e+01
      vertex   -6.007228e+01 4.892500e+01 -8.406512e+00
    endloop
  endfacet
  facet normal 7.933533e-01 6.087614e-01 0.000000e+00
    outer loop
      vertex   -6.007228e+01 4.892500e+01 -8.406512e+00
      vertex   -5.973061e+01 4.847972e+01 -2.040651e+01
      vertex   -6.007228e+01 4.892500e+01 -2.040651e+01
    endloop
  endfacet
  facet normal 9.238795e-01 3.826834e-01 0.000000e+00
    outer loop
      vertex   -6.007228e+01 4.892500e+01 -8.406512e+00
      vertex   -6.007228e+01 4.892500e+01 -2.040651e+01
      vertex   -6.028707e+01 4.944354e+01 -8.406512e+00
    endloop
  endfacet
  facet normal 9.238795e-01 3.826834e-01 2.265941e-16
    outer loop
      vertex   -6.028707e+01 4.944354e+01 -8.406512e+00
      vertex   -6.007228e+01 4.892500e+01 -2.040651e+01
      vertex   -6.028707e+01 4.944354e+01 -2.040651e+01
    endloop
  endfacet
  facet normal -0.000000e+00 -1.000000e+00 0.000000e+00
    outer loop
      vertex   -2.311131e+01 0.000000e+00 -2.040651e+01
      vertex   -2.311131e+01 0.000000e+00 -8.406512e+00
      vertex   -1.031113e+02 0.000000e+00 -2.040651e+01
    endloop
  endfacet
  facet normal 0.000000e+00 -1.000000e+00 0.000000e+00
    outer loop
      vertex   -1.031113e+02 0.000000e+00 -2.040651e+01
      vertex   -2.311131e+01 0.000000e+00 -8.406512e+00
      vertex   -7.321033e+01 0.000000e+00 -8.406512e+00
    endloop
  endfacet
  facet normal 0.000000e+00 -1.000000e+00 0.000000e+00
    outer loop
      vertex   -1.031113e+02 0.000000e+00 -2.040651e+01
      vertex   -7.321033e+01 0.000000e+00 -8.406512e+00
      vertex   -7.321033e+01 0.000000e+00 -2.519094e+00
    endloop
  endfacet
  facet normal -0.000000e+00 -1.000000e+00 0.000000e+00
    outer loop
      vertex   -7.321033e+01 0.000000e+00 -2.519094e+00
      vertex   -7.662228e+01 0.000000e+00 -1.179801e+00
      vertex   -1.031113e+02 0.000000e+00 -2.040651e+01
    endloop
  endfacet
  facet normal 0.000000e+00 -1.000000e+00 0.000000e+00
    outer loop
      vertex   -1.031113e+02 0.000000e+00 -2.040651e+01
      vertex   -7.662228e+01 0.000000e+00 -1.179801e+00
      vertex   -8.012679e+01 0.000000e+00 -1.057969e-01
    endloop
  endfacet
  facet normal 0.000000e+00 -1.000000e+00 0.000000e+00
    outer loop
      vertex   -1.031113e+02 0.000000e+00 -2.040651e+01
      vertex   -8.012679e+01 0.000000e+00 -1.057969e-01
      vertex   -8.370328e+01 0.000000e+00 6.966060e-01
    endloop
  endfacet
  facet normal -0.000000e+00 -1.000000e+00 0.000000e+00
    outer loop
      vertex   -8.370328e+01 0.000000e+00 6.966060e-01
      vertex   -8.733072e+01 0.000000e+00 1.222693e+00
      vertex   -1.031113e+02 0.000000e+00 -2.040651e+01
    endloop
  endfacet
  facet normal 0.000000e+00 -1.000000e+00 0.000000e+00
    outer loop
      vertex   -1.031113e+02 0.000000e+00 -2.040651e+01
      vertex   -8.733072e+01 0.000000e+00 1.222693e+00
      vertex   -1.295640e+02 0.000000e+00 -1.627092e+01
    endloop
  endfacet
  facet normal 0.000000e+00 -1.000000e+00 0.000000e+00
    outer loop
      vertex   -1.031113e+02 0.000000e+00 -2.040651e+01
      vertex   -1.295640e+02 0.000000e+00 -1.627092e+01
      vertex   -1.317570e+02 0.000000e+00 -1.920791e+01
    endloop
  endfacet
  facet normal 0.000000e+00 -1.000000e+00 0.000000e+00
    outer loop
      vertex   -1.295640e+02 0.000000e+00 -1.627092e+01
      vertex   -8.733072e+01 0.000000e+00 1.222693e+00
      vertex   -1.271525e+02 0.000000e+00 -1.351054e+01
    endloop
  endfacet
  facet normal 0.000000e+00 -1.000000e+00 0.000000e+00
    outer loop
      vertex   -1.271525e+02 0.000000e+00 -1.351054e+01
      vertex   -8.733072e+01 0.000000e+00 1.222693e+00
      vertex   -9.098780e+01 0.000000e+00 1.469373e+00
    endloop
  endfacet
  facet normal 0.000000e+00 -1.000000e+00 0.000000e+00
    outer loop
      vertex   -1.271525e+02 0.000000e+00 -1.351054e+01
      vertex   -9.098780e+01 0.000000e+00 1.469373e+00
      vertex   -1.245366e+02 0.000000e+00 -1.094300e+01
    endloop
  endfacet
  facet normal 0.000000e+00 -1.000000e+00 0.000000e+00
    outer loop
      vertex   -1.245366e+02 0.000000e+00 -1.094300e+01
      vertex   -9.098780e+01 0.000000e+00 1.469373e+00
      vertex   -9.465303e+01 0.000000e+00 1.435197e+00
    endloop
  endfacet
  facet normal 0.000000e+00 -1.000000e+00 0.000000e+00
    outer loop
      vertex   -1.245366e+02 0.000000e+00 -1.094300e+01
      vertex   -9.465303e+01 0.000000e+00 1.435197e+00
      vertex   -1.217318e+02 0.000000e+00 -8.583375e+00
    endloop
  endfacet
  facet normal 0.000000e+00 -1.000000e+00 0.000000e+00
    outer loop
      vertex   -1.217318e+02 0.000000e+00 -8.583375e+00
      vertex   -9.465303e+01 0.000000e+00 1.435197e+00
      vertex   -9.830488e+01 0.000000e+00 1.120364e+00
    endloop
  endfacet
  facet normal 0.000000e+00 -1.000000e+00 0.000000e+00
    outer loop
      vertex   -1.217318e+02 0.000000e+00 -8.583375e+00
      vertex   -9.830488e+01 0.000000e+00 1.120364e+00
      vertex   -1.187544e+02 0.000000e+00 -6.445535e+00
    endloop
  endfacet
  facet normal 0.000000e+00 -1.000000e+00 0.000000e+00
    outer loop
      vertex   -1.187544e+02 0.000000e+00 -6.445535e+00
      vertex   -9.830488e+01 0.000000e+00 1.120364e+00
      vertex   -1.019219e+02 0.000000e+00 5.267256e-01
    endloop
  endfacet
  facet normal 0.000000e+00 -1.000000e+00 0.000000e+00
    outer loop
      vertex   -1.187544e+02 0.000000e+00 -6.445535e+00
      vertex   -1.019219e+02 0.000000e+00 5.267256e-01
      vertex   -1.156220e+02 0.000000e+00 -4.542042e+00
    endloop
  endfacet
  facet normal 0.000000e+00 -1.000000e+00 0.000000e+00
    outer loop
      vertex   -1.156220e+02 0.000000e+00 -4.542042e+00
      vertex   -1.019219e+02 0.000000e+00 5.267256e-01
      vertex   -1.054828e+02 0.000000e+00 -3.422303e-01
    endloop
  endfacet
  facet normal 0.000000e+00 -1.000000e+00 0.000000e+00
    outer loop
      vertex   -1.156220e+02 0.000000e+00 -4.542042e+00
      vertex   -1.054828e+02 0.000000e+00 -3.422303e-01
      vertex   -1.123530e+02 0.000000e+00 -2.884082e+00
    endloop
  endfacet
  facet normal 0.000000e+00 -1.000000e+00 0.000000e+00
    outer loop
      vertex   -1.123530e+02 0.000000e+00 -2.884082e+00
      vertex   -1.054828e+02 0.000000e+00 -3.422303e-01
      vertex   -1.089667e+02 0.000000e+00 -1.481398e+00
    endloop
  endfacet
  facet normal 0.000000e+00 -1.000000e+00 -0.000000e+00
    outer loop
      vertex   -1.317570e+02 0.000000e+00 -1.920791e+01
      vertex   -1.337186e+02 0.000000e+00 -2.230425e+01
      vertex   -1.031113e+02 0.000000e+00 -2.040651e+01
    endloop
  endfacet
  facet normal 0.000000e+00 -1.000000e+00 0.000000e+00
    outer loop
      vertex   -1.031113e+02 0.000000e+00 -2.040651e+01
      vertex   -1.337186e+02 0.000000e+00 -2.230425e+01
      vertex   -1.354372e+02 0.000000e+00 -2.554175e+01
    endloop
  endfacet
  facet normal 0.000000e+00 -1.000000e+00 0.000000e+00
    outer loop
      vertex   -1.031113e+02 0.000000e+00 -2.040651e+01
      vertex   -1.354372e+02 0.000000e+00 -2.554175e+01
      vertex   -1.369028e+02 0.000000e+00 -2.890139e+01
    endloop
  endfacet
  facet normal 0.000000e+00 -1.000000e+00 0.000000e+00
    outer loop
      vertex   -1.369028e+02 0.000000e+00 -2.890139e+01
      vertex   -1.313256e+02 0.000000e+00 -3.447863e+01
      vertex   -1.031113e+02 0.000000e+00 -2.040651e+01
    endloop
  endfacet
  facet normal 0.000000e+00 -1.000000e+00 0.000000e+00
    outer loop
      vertex   -1.031113e+02 0.000000e+00 -2.040651e+01
      vertex   -1.313256e+02 0.000000e+00 -3.447863e+01
      vertex   -1.596799e+02 0.000000e+00 -7.697505e+01
    endloop
  endfacet
  facet normal 0.000000e+00 -1.000000e+00 0.000000e+00
    outer loop
      vertex   -1.596799e+02 0.000000e+00 -7.697505e+01
      vertex   -1.313256e+02 0.000000e+00 -3.447863e+01
      vertex   -1.667509e+02 0.000000e+00 -6.990399e+01
    endloop
  endfacet
endsolid
