solid ASCII
  facet normal -9.165828e-01 -4.870404e-17 3.998449e-01
    outer loop
      vertex   -1.354372e+02 1.750000e+02 -2.554175e+01
      vertex   -1.354372e+02 2.333333e+02 -2.554175e+01
      vertex   -1.369028e+02 1.750000e+02 -2.890139e+01
    endloop
  endfacet
  facet normal -9.165828e-01 -2.232058e-17 3.998449e-01
    outer loop
      vertex   -1.369028e+02 1.750000e+02 -2.890139e+01
      vertex   -1.354372e+02 2.333333e+02 -2.554175e+01
      vertex   -1.354372e+02 2.916667e+02 -2.554175e+01
    endloop
  endfacet
  facet normal -9.165828e-01 0.000000e+00 3.998449e-01
    outer loop
      vertex   -1.369028e+02 1.750000e+02 -2.890139e+01
      vertex   -1.354372e+02 2.916667e+02 -2.554175e+01
      vertex   -1.369028e+02 3.500000e+02 -2.890139e+01
    endloop
  endfacet
  facet normal -9.165828e-01 -7.095470e-15 3.998449e-01
    outer loop
      vertex   -1.369028e+02 3.500000e+02 -2.890139e+01
      vertex   -1.354372e+02 2.916667e+02 -2.554175e+01
      vertex   -1.354372e+02 3.500000e+02 -2.554175e+01
    endloop
  endfacet
  facet normal -8.832617e-01 -7.108059e-15 4.688803e-01
    outer loop
      vertex   -1.354372e+02 3.500000e+02 -2.554175e+01
      vertex   -1.354372e+02 2.916667e+02 -2.554175e+01
      vertex   -1.337186e+02 3.500000e+02 -2.230425e+01
    endloop
  endfacet
  facet normal -8.832617e-01 -6.706264e-15 4.688803e-01
    outer loop
      vertex   -1.337186e+02 3.500000e+02 -2.230425e+01
      vertex   -1.354372e+02 2.916667e+02 -2.554175e+01
      vertex   -1.337186e+02 2.916667e+02 -2.230425e+01
    endloop
  endfacet
  facet normal -8.447505e-01 -6.699081e-15 5.351604e-01
    outer loop
      vertex   -1.337186e+02 3.500000e+02 -2.230425e+01
      vertex   -1.337186e+02 2.916667e+02 -2.230425e+01
      vertex   -1.317570e+02 3.500000e+02 -1.920791e+01
    endloop
  endfacet
  facet normal -8.447505e-01 -5.843313e-15 5.351604e-01
    outer loop
      vertex   -1.317570e+02 3.500000e+02 -1.920791e+01
      vertex   -1.337186e+02 2.916667e+02 -2.230425e+01
      vertex   -1.317570e+02 2.916667e+02 -1.920791e+01
    endloop
  endfacet
  facet normal -8.012753e-01 -5.835284e-15 5.982958e-01
    outer loop
      vertex   -1.317570e+02 3.500000e+02 -1.920791e+01
      vertex   -1.317570e+02 2.916667e+02 -1.920791e+01
      vertex   -1.295640e+02 3.500000e+02 -1.627092e+01
    endloop
  endfacet
  facet normal -8.012753e-01 -5.372002e-15 5.982958e-01
    outer loop
      vertex   -1.295640e+02 3.500000e+02 -1.627092e+01
      vertex   -1.317570e+02 2.916667e+02 -1.920791e+01
      vertex   -1.295640e+02 2.916667e+02 -1.627092e+01
    endloop
  endfacet
  facet normal -7.530917e-01 -5.345898e-15 6.579155e-01
    outer loop
      vertex   -1.295640e+02 3.500000e+02 -1.627092e+01
      vertex   -1.295640e+02 2.916667e+02 -1.627092e+01
      vertex   -1.271525e+02 3.500000e+02 -1.351054e+01
    endloop
  endfacet
  facet normal -7.530917e-01 -4.168126e-15 6.579155e-01
    outer loop
      vertex   -1.271525e+02 3.500000e+02 -1.351054e+01
      vertex   -1.295640e+02 2.916667e+02 -1.627092e+01
      vertex   -1.271525e+02 2.916667e+02 -1.351054e+01
    endloop
  endfacet
  facet normal -7.004829e-01 -4.152618e-15 7.136692e-01
    outer loop
      vertex   -1.271525e+02 3.500000e+02 -1.351054e+01
      vertex   -1.271525e+02 2.916667e+02 -1.351054e+01
      vertex   -1.245366e+02 3.500000e+02 -1.094300e+01
    endloop
  endfacet
  facet normal -7.004829e-01 -3.829843e-15 7.136692e-01
    outer loop
      vertex   -1.245366e+02 3.500000e+02 -1.094300e+01
      vertex   -1.271525e+02 2.916667e+02 -1.351054e+01
      vertex   -1.245366e+02 2.916667e+02 -1.094300e+01
    endloop
  endfacet
  facet normal -6.437578e-01 -3.792762e-15 7.652293e-01
    outer loop
      vertex   -1.245366e+02 3.500000e+02 -1.094300e+01
      vertex   -1.245366e+02 2.916667e+02 -1.094300e+01
      vertex   -1.217318e+02 3.500000e+02 -8.583375e+00
    endloop
  endfacet
  facet normal -6.437578e-01 -3.019341e-15 7.652293e-01
    outer loop
      vertex   -1.217318e+02 3.500000e+02 -8.583375e+00
      vertex   -1.245366e+02 2.916667e+02 -1.094300e+01
      vertex   -1.217318e+02 2.916667e+02 -8.583375e+00
    endloop
  endfacet
  facet normal -5.832500e-01 -2.985564e-15 8.122927e-01
    outer loop
      vertex   -1.217318e+02 3.500000e+02 -8.583375e+00
      vertex   -1.217318e+02 2.916667e+02 -8.583375e+00
      vertex   -1.187544e+02 3.500000e+02 -6.445535e+00
    endloop
  endfacet
  facet normal -5.832500e-01 -2.151159e-15 8.122927e-01
    outer loop
      vertex   -1.187544e+02 3.500000e+02 -6.445535e+00
      vertex   -1.217318e+02 2.916667e+02 -8.583375e+00
      vertex   -1.187544e+02 2.916667e+02 -6.445535e+00
    endloop
  endfacet
  facet normal -5.193148e-01 -2.125316e-15 8.545830e-01
    outer loop
      vertex   -1.187544e+02 3.500000e+02 -6.445535e+00
      vertex   -1.187544e+02 2.916667e+02 -6.445535e+00
      vertex   -1.156220e+02 3.500000e+02 -4.542042e+00
    endloop
  endfacet
  facet normal -5.193148e-01 -1.296166e-15 8.545830e-01
    outer loop
      vertex   -1.156220e+02 3.500000e+02 -4.542042e+00
      vertex   -1.187544e+02 2.916667e+02 -6.445535e+00
      vertex   -1.156220e+02 2.916667e+02 -4.542042e+00
    endloop
  endfacet
  facet normal -4.523281e-01 -1.243511e-15 8.918516e-01
    outer loop
      vertex   -1.156220e+02 3.500000e+02 -4.542042e+00
      vertex   -1.156220e+02 2.916667e+02 -4.542042e+00
      vertex   -1.123530e+02 3.500000e+02 -2.884082e+00
    endloop
  endfacet
  facet normal -4.523281e-01 -4.851830e-16 8.918516e-01
    outer loop
      vertex   -1.123530e+02 3.500000e+02 -2.884082e+00
      vertex   -1.156220e+02 2.916667e+02 -4.542042e+00
      vertex   -1.123530e+02 2.916667e+02 -2.884082e+00
    endloop
  endfacet
  facet normal -3.826834e-01 -4.607594e-16 9.238795e-01
    outer loop
      vertex   -1.123530e+02 3.500000e+02 -2.884082e+00
      vertex   -1.123530e+02 2.916667e+02 -2.884082e+00
      vertex   -1.089667e+02 3.500000e+02 -1.481398e+00
    endloop
  endfacet
  facet normal -3.826834e-01 3.780143e-16 9.238795e-01
    outer loop
      vertex   -1.089667e+02 3.500000e+02 -1.481398e+00
      vertex   -1.123530e+02 2.916667e+02 -2.884082e+00
      vertex   -1.089667e+02 2.916667e+02 -1.481398e+00
    endloop
  endfacet
  facet normal -3.107900e-01 4.090959e-16 9.504786e-01
    outer loop
      vertex   -1.089667e+02 3.500000e+02 -1.481398e+00
      vertex   -1.089667e+02 2.916667e+02 -1.481398e+00
      vertex   -1.054828e+02 3.500000e+02 -3.422303e-01
    endloop
  endfacet
  facet normal -3.107900e-01 1.199624e-15 9.504786e-01
    outer loop
      vertex   -1.054828e+02 3.500000e+02 -3.422303e-01
      vertex   -1.089667e+02 2.916667e+02 -1.481398e+00
      vertex   -1.054828e+02 2.916667e+02 -3.422303e-01
    endloop
  endfacet
  facet normal -2.370704e-01 1.245779e-15 9.714925e-01
    outer loop
      vertex   -1.054828e+02 3.500000e+02 -3.422303e-01
      vertex   -1.054828e+02 2.916667e+02 -3.422303e-01
      vertex   -1.019219e+02 3.500000e+02 5.267256e-01
    endloop
  endfacet
  facet normal -2.370704e-01 2.043126e-15 9.714925e-01
    outer loop
      vertex   -1.019219e+02 3.500000e+02 5.267256e-01
      vertex   -1.054828e+02 2.916667e+02 -3.422303e-01
      vertex   -1.019219e+02 2.916667e+02 5.267256e-01
    endloop
  endfacet
  facet normal -1.619577e-01 2.075314e-15 9.867977e-01
    outer loop
      vertex   -1.019219e+02 3.500000e+02 5.267256e-01
      vertex   -1.019219e+02 2.916667e+02 5.267256e-01
      vertex   -9.830488e+01 3.500000e+02 1.120364e+00
    endloop
  endfacet
  facet normal -1.619577e-01 2.817169e-15 9.867977e-01
    outer loop
      vertex   -9.830488e+01 3.500000e+02 1.120364e+00
      vertex   -1.019219e+02 2.916667e+02 5.267256e-01
      vertex   -9.830488e+01 2.916667e+02 1.120364e+00
    endloop
  endfacet
  facet normal -8.589328e-02 2.844309e-15 9.963043e-01
    outer loop
      vertex   -9.830488e+01 3.500000e+02 1.120364e+00
      vertex   -9.830488e+01 2.916667e+02 1.120364e+00
      vertex   -9.465303e+01 3.500000e+02 1.435197e+00
    endloop
  endfacet
  facet normal -8.589328e-02 3.451094e-15 9.963043e-01
    outer loop
      vertex   -9.465303e+01 3.500000e+02 1.435197e+00
      vertex   -9.830488e+01 2.916667e+02 1.120364e+00
      vertex   -9.465303e+01 2.916667e+02 1.435197e+00
    endloop
  endfacet
  facet normal -9.324153e-03 3.463745e-15 9.999565e-01
    outer loop
      vertex   -9.465303e+01 3.500000e+02 1.435197e+00
      vertex   -9.465303e+01 2.916667e+02 1.435197e+00
      vertex   -9.098780e+01 3.500000e+02 1.469373e+00
    endloop
  endfacet
  facet normal -9.324153e-03 4.546273e-15 9.999565e-01
    outer loop
      vertex   -9.098780e+01 3.500000e+02 1.469373e+00
      vertex   -9.465303e+01 2.916667e+02 1.435197e+00
      vertex   -9.098780e+01 2.916667e+02 1.469373e+00
    endloop
  endfacet
  facet normal 6.729976e-02 4.554825e-15 9.977328e-01
    outer loop
      vertex   -9.098780e+01 3.500000e+02 1.469373e+00
      vertex   -9.098780e+01 2.916667e+02 1.469373e+00
      vertex   -8.733072e+01 3.500000e+02 1.222693e+00
    endloop
  endfacet
  facet normal 6.729976e-02 5.026962e-15 9.977328e-01
    outer loop
      vertex   -8.733072e+01 3.500000e+02 1.222693e+00
      vertex   -9.098780e+01 2.916667e+02 1.469373e+00
      vertex   -8.733072e+01 2.916667e+02 1.222693e+00
    endloop
  endfacet
  facet normal 1.435282e-01 5.023625e-15 9.896462e-01
    outer loop
      vertex   -8.733072e+01 3.500000e+02 1.222693e+00
      vertex   -8.733072e+01 2.916667e+02 1.222693e+00
      vertex   -8.370328e+01 3.500000e+02 6.966060e-01
    endloop
  endfacet
  facet normal 1.435282e-01 5.941146e-15 9.896462e-01
    outer loop
      vertex   -8.370328e+01 3.500000e+02 6.966060e-01
      vertex   -8.733072e+01 2.916667e+02 1.222693e+00
      vertex   -8.370328e+01 2.916667e+02 6.966060e-01
    endloop
  endfacet
  facet normal 2.189133e-01 5.933113e-15 9.757443e-01
    outer loop
      vertex   -8.370328e+01 3.500000e+02 6.966060e-01
      vertex   -8.370328e+01 2.916667e+02 6.966060e-01
      vertex   -8.012679e+01 3.500000e+02 -1.057969e-01
    endloop
  endfacet
  facet normal 2.189133e-01 6.580708e-15 9.757443e-01
    outer loop
      vertex   -8.012679e+01 3.500000e+02 -1.057969e-01
      vertex   -8.370328e+01 2.916667e+02 6.966060e-01
      vertex   -8.012679e+01 2.916667e+02 -1.057969e-01
    endloop
  endfacet
  facet normal 2.930120e-01 6.543904e-15 9.561088e-01
    outer loop
      vertex   -8.012679e+01 3.500000e+02 -1.057969e-01
      vertex   -8.012679e+01 2.916667e+02 -1.057969e-01
      vertex   -7.662228e+01 3.500000e+02 -1.179801e+00
    endloop
  endfacet
  facet normal 2.930120e-01 7.267567e-15 9.561088e-01
    outer loop
      vertex   -7.662228e+01 3.500000e+02 -1.179801e+00
      vertex   -8.012679e+01 2.916667e+02 -1.057969e-01
      vertex   -7.662228e+01 2.916667e+02 -1.179801e+00
    endloop
  endfacet
  facet normal 3.653889e-01 7.231748e-15 9.308550e-01
    outer loop
      vertex   -7.662228e+01 3.500000e+02 -1.179801e+00
      vertex   -7.662228e+01 2.916667e+02 -1.179801e+00
      vertex   -7.321033e+01 3.500000e+02 -2.519094e+00
    endloop
  endfacet
  facet normal 3.653889e-01 -2.151583e-16 9.308550e-01
    outer loop
      vertex   -7.321033e+01 3.500000e+02 -2.519094e+00
      vertex   -7.662228e+01 2.916667e+02 -1.179801e+00
      vertex   -7.662228e+01 2.333333e+02 -1.179801e+00
    endloop
  endfacet
  facet normal 3.653889e-01 0.000000e+00 9.308550e-01
    outer loop
      vertex   -7.321033e+01 3.500000e+02 -2.519094e+00
      vertex   -7.662228e+01 2.333333e+02 -1.179801e+00
      vertex   -7.321033e+01 1.750000e+02 -2.519094e+00
    endloop
  endfacet
  facet normal 3.653889e-01 5.316479e-17 9.308550e-01
    outer loop
      vertex   -7.321033e+01 1.750000e+02 -2.519094e+00
      vertex   -7.662228e+01 2.333333e+02 -1.179801e+00
      vertex   -7.662228e+01 1.750000e+02 -1.179801e+00
    endloop
  endfacet
  facet normal 2.930120e-01 1.134007e-16 9.561088e-01
    outer loop
      vertex   -7.662228e+01 1.750000e+02 -1.179801e+00
      vertex   -7.662228e+01 2.333333e+02 -1.179801e+00
      vertex   -8.012679e+01 1.750000e+02 -1.057969e-01
    endloop
  endfacet
  facet normal 2.930120e-01 7.560046e-17 9.561088e-01
    outer loop
      vertex   -8.012679e+01 1.750000e+02 -1.057969e-01
      vertex   -7.662228e+01 2.333333e+02 -1.179801e+00
      vertex   -8.012679e+01 2.333333e+02 -1.057969e-01
    endloop
  endfacet
  facet normal 2.189133e-01 1.161881e-16 9.757443e-01
    outer loop
      vertex   -8.012679e+01 1.750000e+02 -1.057969e-01
      vertex   -8.012679e+01 2.333333e+02 -1.057969e-01
      vertex   -8.370328e+01 1.750000e+02 6.966060e-01
    endloop
  endfacet
  facet normal 2.189133e-01 3.952327e-17 9.757443e-01
    outer loop
      vertex   -8.370328e+01 1.750000e+02 6.966060e-01
      vertex   -8.012679e+01 2.333333e+02 -1.057969e-01
      vertex   -8.370328e+01 2.333333e+02 6.966060e-01
    endloop
  endfacet
  facet normal 1.435282e-01 5.921111e-17 9.896462e-01
    outer loop
      vertex   -8.370328e+01 1.750000e+02 6.966060e-01
      vertex   -8.370328e+01 2.333333e+02 6.966060e-01
      vertex   -8.733072e+01 1.750000e+02 1.222693e+00
    endloop
  endfacet
  facet normal 1.435282e-01 -9.417669e-17 9.896462e-01
    outer loop
      vertex   -8.733072e+01 1.750000e+02 1.222693e+00
      vertex   -8.370328e+01 2.333333e+02 6.966060e-01
      vertex   -8.733072e+01 2.333333e+02 1.222693e+00
    endloop
  endfacet
  facet normal 6.729976e-02 -9.494622e-17 9.977328e-01
    outer loop
      vertex   -8.733072e+01 1.750000e+02 1.222693e+00
      vertex   -8.733072e+01 2.333333e+02 1.222693e+00
      vertex   -9.098780e+01 1.750000e+02 1.469373e+00
    endloop
  endfacet
  facet normal 6.729976e-02 -1.898924e-17 9.977328e-01
    outer loop
      vertex   -9.098780e+01 1.750000e+02 1.469373e+00
      vertex   -8.733072e+01 2.333333e+02 1.222693e+00
      vertex   -9.098780e+01 2.333333e+02 1.469373e+00
    endloop
  endfacet
  facet normal -9.324153e-03 -1.903157e-17 9.999565e-01
    outer loop
      vertex   -9.098780e+01 1.750000e+02 1.469373e+00
      vertex   -9.098780e+01 2.333333e+02 1.469373e+00
      vertex   -9.465303e+01 1.750000e+02 1.435197e+00
    endloop
  endfacet
  facet normal -9.324153e-03 -9.970084e-17 9.999565e-01
    outer loop
      vertex   -9.465303e+01 1.750000e+02 1.435197e+00
      vertex   -9.098780e+01 2.333333e+02 1.469373e+00
      vertex   -9.465303e+01 2.333333e+02 1.435197e+00
    endloop
  endfacet
  facet normal -8.589328e-02 -1.366600e-16 9.963043e-01
    outer loop
      vertex   -9.465303e+01 1.750000e+02 1.435197e+00
      vertex   -9.465303e+01 2.333333e+02 1.435197e+00
      vertex   -9.830488e+01 1.750000e+02 1.120364e+00
    endloop
  endfacet
  facet normal -8.589328e-02 2.458408e-17 9.963043e-01
    outer loop
      vertex   -9.830488e+01 1.750000e+02 1.120364e+00
      vertex   -9.465303e+01 2.333333e+02 1.435197e+00
      vertex   -9.830488e+01 2.333333e+02 1.120364e+00
    endloop
  endfacet
  facet normal -1.619577e-01 5.619432e-18 9.867977e-01
    outer loop
      vertex   -9.830488e+01 1.750000e+02 1.120364e+00
      vertex   -9.830488e+01 2.333333e+02 1.120364e+00
      vertex   -1.019219e+02 1.750000e+02 5.267256e-01
    endloop
  endfacet
  facet normal -1.619577e-01 4.505979e-17 9.867977e-01
    outer loop
      vertex   -1.019219e+02 1.750000e+02 5.267256e-01
      vertex   -9.830488e+01 2.333333e+02 1.120364e+00
      vertex   -1.019219e+02 2.333333e+02 5.267256e-01
    endloop
  endfacet
  facet normal -2.370704e-01 2.545041e-17 9.714925e-01
    outer loop
      vertex   -1.019219e+02 1.750000e+02 5.267256e-01
      vertex   -1.019219e+02 2.333333e+02 5.267256e-01
      vertex   -1.054828e+02 1.750000e+02 -3.422303e-01
    endloop
  endfacet
  facet normal -2.370704e-01 -2.379759e-16 9.714925e-01
    outer loop
      vertex   -1.054828e+02 1.750000e+02 -3.422303e-01
      vertex   -1.019219e+02 2.333333e+02 5.267256e-01
      vertex   -1.054828e+02 2.333333e+02 -3.422303e-01
    endloop
  endfacet
  facet normal -3.107900e-01 -2.904536e-16 9.504786e-01
    outer loop
      vertex   -1.054828e+02 1.750000e+02 -3.422303e-01
      vertex   -1.054828e+02 2.333333e+02 -3.422303e-01
      vertex   -1.089667e+02 1.750000e+02 -1.481398e+00
    endloop
  endfacet
  facet normal -3.107900e-01 3.882480e-18 9.504786e-01
    outer loop
      vertex   -1.089667e+02 1.750000e+02 -1.481398e+00
      vertex   -1.054828e+02 2.333333e+02 -3.422303e-01
      vertex   -1.089667e+02 2.333333e+02 -1.481398e+00
    endloop
  endfacet
  facet normal -3.826834e-01 -1.585928e-17 9.238795e-01
    outer loop
      vertex   -1.089667e+02 1.750000e+02 -1.481398e+00
      vertex   -1.089667e+02 2.333333e+02 -1.481398e+00
      vertex   -1.123530e+02 1.750000e+02 -2.884082e+00
    endloop
  endfacet
  facet normal -3.826834e-01 -2.647746e-17 9.238795e-01
    outer loop
      vertex   -1.123530e+02 1.750000e+02 -2.884082e+00
      vertex   -1.089667e+02 2.333333e+02 -1.481398e+00
      vertex   -1.123530e+02 2.333333e+02 -2.884082e+00
    endloop
  endfacet
  facet normal -4.523281e-01 -8.615463e-17 8.918516e-01
    outer loop
      vertex   -1.123530e+02 1.750000e+02 -2.884082e+00
      vertex   -1.123530e+02 2.333333e+02 -2.884082e+00
      vertex   -1.156220e+02 1.750000e+02 -4.542042e+00
    endloop
  endfacet
  facet normal -4.523281e-01 -5.899612e-17 8.918516e-01
    outer loop
      vertex   -1.156220e+02 1.750000e+02 -4.542042e+00
      vertex   -1.123530e+02 2.333333e+02 -2.884082e+00
      vertex   -1.156220e+02 2.333333e+02 -4.542042e+00
    endloop
  endfacet
  facet normal -5.193148e-01 -1.193019e-16 8.545830e-01
    outer loop
      vertex   -1.156220e+02 1.750000e+02 -4.542042e+00
      vertex   -1.156220e+02 2.333333e+02 -4.542042e+00
      vertex   -1.187544e+02 1.750000e+02 -6.445535e+00
    endloop
  endfacet
  facet normal -5.193148e-01 2.378179e-16 8.545830e-01
    outer loop
      vertex   -1.187544e+02 1.750000e+02 -6.445535e+00
      vertex   -1.156220e+02 2.333333e+02 -4.542042e+00
      vertex   -1.187544e+02 2.333333e+02 -6.445535e+00
    endloop
  endfacet
  facet normal -5.832500e-01 2.042130e-16 8.122927e-01
    outer loop
      vertex   -1.187544e+02 1.750000e+02 -6.445535e+00
      vertex   -1.187544e+02 2.333333e+02 -6.445535e+00
      vertex   -1.217318e+02 1.750000e+02 -8.583375e+00
    endloop
  endfacet
  facet normal -5.832500e-01 1.794772e-16 8.122927e-01
    outer loop
      vertex   -1.217318e+02 1.750000e+02 -8.583375e+00
      vertex   -1.187544e+02 2.333333e+02 -6.445535e+00
      vertex   -1.217318e+02 2.333333e+02 -8.583375e+00
    endloop
  endfacet
  facet normal -6.437578e-01 1.461054e-16 7.652293e-01
    outer loop
      vertex   -1.217318e+02 1.750000e+02 -8.583375e+00
      vertex   -1.217318e+02 2.333333e+02 -8.583375e+00
      vertex   -1.245366e+02 1.750000e+02 -1.094300e+01
    endloop
  endfacet
  facet normal -6.437578e-01 7.619749e-17 7.652293e-01
    outer loop
      vertex   -1.245366e+02 1.750000e+02 -1.094300e+01
      vertex   -1.217318e+02 2.333333e+02 -8.583375e+00
      vertex   -1.245366e+02 2.333333e+02 -1.094300e+01
    endloop
  endfacet
  facet normal -7.004829e-01 4.667746e-17 7.136692e-01
    outer loop
      vertex   -1.245366e+02 1.750000e+02 -1.094300e+01
      vertex   -1.245366e+02 2.333333e+02 -1.094300e+01
      vertex   -1.271525e+02 1.750000e+02 -1.351054e+01
    endloop
  endfacet
  facet normal -7.004829e-01 -1.054503e-16 7.136692e-01
    outer loop
      vertex   -1.271525e+02 1.750000e+02 -1.351054e+01
      vertex   -1.245366e+02 2.333333e+02 -1.094300e+01
      vertex   -1.271525e+02 2.333333e+02 -1.351054e+01
    endloop
  endfacet
  facet normal -7.530917e-01 -1.233600e-16 6.579155e-01
    outer loop
      vertex   -1.271525e+02 1.750000e+02 -1.351054e+01
      vertex   -1.271525e+02 2.333333e+02 -1.351054e+01
      vertex   -1.295640e+02 1.750000e+02 -1.627092e+01
    endloop
  endfacet
  facet normal -7.530917e-01 8.013893e-17 6.579155e-01
    outer loop
      vertex   -1.295640e+02 1.750000e+02 -1.627092e+01
      vertex   -1.271525e+02 2.333333e+02 -1.351054e+01
      vertex   -1.295640e+02 2.333333e+02 -1.627092e+01
    endloop
  endfacet
  facet normal -8.012753e-01 7.287681e-17 5.982958e-01
    outer loop
      vertex   -1.295640e+02 1.750000e+02 -1.627092e+01
      vertex   -1.295640e+02 2.333333e+02 -1.627092e+01
      vertex   -1.317570e+02 1.750000e+02 -1.920791e+01
    endloop
  endfacet
  facet normal -8.012753e-01 1.093152e-16 5.982958e-01
    outer loop
      vertex   -1.317570e+02 1.750000e+02 -1.920791e+01
      vertex   -1.295640e+02 2.333333e+02 -1.627092e+01
      vertex   -1.317570e+02 2.333333e+02 -1.920791e+01
    endloop
  endfacet
  facet normal -8.447505e-01 9.777968e-17 5.351604e-01
    outer loop
      vertex   -1.317570e+02 1.750000e+02 -1.920791e+01
      vertex   -1.317570e+02 2.333333e+02 -1.920791e+01
      vertex   -1.337186e+02 1.750000e+02 -2.230425e+01
    endloop
  endfacet
  facet normal -8.447505e-01 3.259323e-17 5.351604e-01
    outer loop
      vertex   -1.337186e+02 1.750000e+02 -2.230425e+01
      vertex   -1.317570e+02 2.333333e+02 -1.920791e+01
      vertex   -1.337186e+02 2.333333e+02 -2.230425e+01
    endloop
  endfacet
  facet normal -8.832617e-01 2.855653e-17 4.688803e-01
    outer loop
      vertex   -1.337186e+02 1.750000e+02 -2.230425e+01
      vertex   -1.337186e+02 2.333333e+02 -2.230425e+01
      vertex   -1.354372e+02 1.750000e+02 -2.554175e+01
    endloop
  endfacet
  facet normal -8.832617e-01 -5.711305e-17 4.688803e-01
    outer loop
      vertex   -1.354372e+02 1.750000e+02 -2.554175e+01
      vertex   -1.337186e+02 2.333333e+02 -2.230425e+01
      vertex   -1.354372e+02 2.333333e+02 -2.554175e+01
    endloop
  endfacet
  facet normal -8.832617e-01 -2.804504e-17 4.688803e-01
    outer loop
      vertex   -1.337186e+02 2.916667e+02 -2.230425e+01
      vertex   -1.354372e+02 2.916667e+02 -2.554175e+01
      vertex   -1.354372e+02 2.333333e+02 -2.554175e+01
    endloop
  endfacet
  facet normal -8.832617e-01 5.711305e-17 4.688803e-01
    outer loop
      vertex   -1.337186e+02 2.916667e+02 -2.230425e+01
      vertex   -1.354372e+02 2.333333e+02 -2.554175e+01
      vertex   -1.337186e+02 2.333333e+02 -2.230425e+01
    endloop
  endfacet
  facet normal -8.447505e-01 6.409478e-17 5.351604e-01
    outer loop
      vertex   -1.317570e+02 2.916667e+02 -1.920791e+01
      vertex   -1.337186e+02 2.916667e+02 -2.230425e+01
      vertex   -1.337186e+02 2.333333e+02 -2.230425e+01
    endloop
  endfacet
  facet normal -8.447505e-01 9.777968e-17 5.351604e-01
    outer loop
      vertex   -1.317570e+02 2.916667e+02 -1.920791e+01
      vertex   -1.337186e+02 2.333333e+02 -2.230425e+01
      vertex   -1.317570e+02 2.333333e+02 -1.920791e+01
    endloop
  endfacet
  facet normal -8.012753e-01 1.080055e-16 5.982958e-01
    outer loop
      vertex   -1.295640e+02 2.916667e+02 -1.627092e+01
      vertex   -1.317570e+02 2.916667e+02 -1.920791e+01
      vertex   -1.317570e+02 2.333333e+02 -1.920791e+01
    endloop
  endfacet
  facet normal -8.012753e-01 -2.082128e-16 5.982958e-01
    outer loop
      vertex   -1.295640e+02 2.916667e+02 -1.627092e+01
      vertex   -1.317570e+02 2.333333e+02 -1.920791e+01
      vertex   -1.295640e+02 2.333333e+02 -1.627092e+01
    endloop
  endfacet
  facet normal -7.530917e-01 -1.681101e-16 6.579155e-01
    outer loop
      vertex   -1.271525e+02 2.916667e+02 -1.351054e+01
      vertex   -1.295640e+02 2.916667e+02 -1.627092e+01
      vertex   -1.295640e+02 2.333333e+02 -1.627092e+01
    endloop
  endfacet
  facet normal -7.530917e-01 -3.500452e-16 6.579155e-01
    outer loop
      vertex   -1.271525e+02 2.916667e+02 -1.351054e+01
      vertex   -1.295640e+02 2.333333e+02 -1.627092e+01
      vertex   -1.271525e+02 2.333333e+02 -1.351054e+01
    endloop
  endfacet
  facet normal -7.004829e-01 -2.947339e-16 7.136692e-01
    outer loop
      vertex   -1.245366e+02 2.916667e+02 -1.094300e+01
      vertex   -1.271525e+02 2.916667e+02 -1.351054e+01
      vertex   -1.271525e+02 2.333333e+02 -1.351054e+01
    endloop
  endfacet
  facet normal -7.004829e-01 -8.050537e-17 7.136692e-01
    outer loop
      vertex   -1.245366e+02 2.916667e+02 -1.094300e+01
      vertex   -1.271525e+02 2.333333e+02 -1.351054e+01
      vertex   -1.245366e+02 2.333333e+02 -1.094300e+01
    endloop
  endfacet
  facet normal -6.437578e-01 -3.591993e-17 7.652293e-01
    outer loop
      vertex   -1.217318e+02 2.916667e+02 -8.583375e+00
      vertex   -1.245366e+02 2.916667e+02 -1.094300e+01
      vertex   -1.245366e+02 2.333333e+02 -1.094300e+01
    endloop
  endfacet
  facet normal -6.437578e-01 7.619749e-17 7.652293e-01
    outer loop
      vertex   -1.217318e+02 2.916667e+02 -8.583375e+00
      vertex   -1.245366e+02 2.333333e+02 -1.094300e+01
      vertex   -1.217318e+02 2.333333e+02 -8.583375e+00
    endloop
  endfacet
  facet normal -5.832500e-01 1.048091e-16 8.122927e-01
    outer loop
      vertex   -1.187544e+02 2.916667e+02 -6.445535e+00
      vertex   -1.217318e+02 2.916667e+02 -8.583375e+00
      vertex   -1.217318e+02 2.333333e+02 -8.583375e+00
    endloop
  endfacet
  facet normal -5.832500e-01 -1.789067e-16 8.122927e-01
    outer loop
      vertex   -1.187544e+02 2.916667e+02 -6.445535e+00
      vertex   -1.217318e+02 2.333333e+02 -8.583375e+00
      vertex   -1.187544e+02 2.333333e+02 -6.445535e+00
    endloop
  endfacet
  facet normal -5.193148e-01 -1.185220e-16 8.545830e-01
    outer loop
      vertex   -1.156220e+02 2.916667e+02 -4.542042e+00
      vertex   -1.187544e+02 2.916667e+02 -6.445535e+00
      vertex   -1.187544e+02 2.333333e+02 -6.445535e+00
    endloop
  endfacet
  facet normal -5.193148e-01 7.210771e-18 8.545830e-01
    outer loop
      vertex   -1.156220e+02 2.916667e+02 -4.542042e+00
      vertex   -1.187544e+02 2.333333e+02 -6.445535e+00
      vertex   -1.156220e+02 2.333333e+02 -4.542042e+00
    endloop
  endfacet
  facet normal -4.523281e-01 5.288466e-17 8.918516e-01
    outer loop
      vertex   -1.123530e+02 2.916667e+02 -2.884082e+00
      vertex   -1.156220e+02 2.916667e+02 -4.542042e+00
      vertex   -1.156220e+02 2.333333e+02 -4.542042e+00
    endloop
  endfacet
  facet normal -4.523281e-01 -1.947887e-16 8.918516e-01
    outer loop
      vertex   -1.123530e+02 2.916667e+02 -2.884082e+00
      vertex   -1.156220e+02 2.333333e+02 -4.542042e+00
      vertex   -1.123530e+02 2.333333e+02 -2.884082e+00
    endloop
  endfacet
  facet normal -3.826834e-01 -1.399476e-16 9.238795e-01
    outer loop
      vertex   -1.089667e+02 2.916667e+02 -1.481398e+00
      vertex   -1.123530e+02 2.916667e+02 -2.884082e+00
      vertex   -1.123530e+02 2.333333e+02 -2.884082e+00
    endloop
  endfacet
  facet normal -3.826834e-01 4.744183e-17 9.238795e-01
    outer loop
      vertex   -1.089667e+02 2.916667e+02 -1.481398e+00
      vertex   -1.123530e+02 2.333333e+02 -2.884082e+00
      vertex   -1.089667e+02 2.333333e+02 -1.481398e+00
    endloop
  endfacet
  facet normal -3.107900e-01 6.995495e-17 9.504786e-01
    outer loop
      vertex   -1.054828e+02 2.916667e+02 -3.422303e-01
      vertex   -1.089667e+02 2.916667e+02 -1.481398e+00
      vertex   -1.089667e+02 2.333333e+02 -1.481398e+00
    endloop
  endfacet
  facet normal -3.107900e-01 2.137251e-16 9.504786e-01
    outer loop
      vertex   -1.054828e+02 2.916667e+02 -3.422303e-01
      vertex   -1.089667e+02 2.333333e+02 -1.481398e+00
      vertex   -1.054828e+02 2.333333e+02 -3.422303e-01
    endloop
  endfacet
  facet normal -2.370704e-01 2.380728e-16 9.714925e-01
    outer loop
      vertex   -1.019219e+02 2.916667e+02 5.267256e-01
      vertex   -1.054828e+02 2.916667e+02 -3.422303e-01
      vertex   -1.054828e+02 2.333333e+02 -3.422303e-01
    endloop
  endfacet
  facet normal -2.370704e-01 3.241098e-17 9.714925e-01
    outer loop
      vertex   -1.019219e+02 2.916667e+02 5.267256e-01
      vertex   -1.054828e+02 2.333333e+02 -3.422303e-01
      vertex   -1.019219e+02 2.333333e+02 5.267256e-01
    endloop
  endfacet
  facet normal -1.619577e-01 7.031465e-17 9.867977e-01
    outer loop
      vertex   -9.830488e+01 2.916667e+02 1.120364e+00
      vertex   -1.019219e+02 2.916667e+02 5.267256e-01
      vertex   -1.019219e+02 2.333333e+02 5.267256e-01
    endloop
  endfacet
  facet normal -1.619577e-01 -3.945526e-17 9.867977e-01
    outer loop
      vertex   -9.830488e+01 2.916667e+02 1.120364e+00
      vertex   -1.019219e+02 2.333333e+02 5.267256e-01
      vertex   -9.830488e+01 2.333333e+02 1.120364e+00
    endloop
  endfacet
  facet normal -8.589328e-02 -2.055311e-17 9.963043e-01
    outer loop
      vertex   -9.465303e+01 2.916667e+02 1.435197e+00
      vertex   -9.830488e+01 2.916667e+02 1.120364e+00
      vertex   -9.830488e+01 2.333333e+02 1.120364e+00
    endloop
  endfacet
  facet normal -8.589328e-02 1.307716e-16 9.963043e-01
    outer loop
      vertex   -9.465303e+01 2.916667e+02 1.435197e+00
      vertex   -9.830488e+01 2.333333e+02 1.120364e+00
      vertex   -9.465303e+01 2.333333e+02 1.435197e+00
    endloop
  endfacet
  facet normal -9.324153e-03 1.499392e-16 9.999565e-01
    outer loop
      vertex   -9.098780e+01 2.916667e+02 1.469373e+00
      vertex   -9.465303e+01 2.916667e+02 1.435197e+00
      vertex   -9.465303e+01 2.333333e+02 1.435197e+00
    endloop
  endfacet
  facet normal -9.324153e-03 -1.545240e-16 9.999565e-01
    outer loop
      vertex   -9.098780e+01 2.916667e+02 1.469373e+00
      vertex   -9.465303e+01 2.333333e+02 1.435197e+00
      vertex   -9.098780e+01 2.333333e+02 1.469373e+00
    endloop
  endfacet
  facet normal 6.729976e-02 -1.357356e-16 9.977328e-01
    outer loop
      vertex   -8.733072e+01 2.916667e+02 1.222693e+00
      vertex   -9.098780e+01 2.916667e+02 1.469373e+00
      vertex   -9.098780e+01 2.333333e+02 1.469373e+00
    endloop
  endfacet
  facet normal 6.729976e-02 1.519140e-16 9.977328e-01
    outer loop
      vertex   -8.733072e+01 2.916667e+02 1.222693e+00
      vertex   -9.098780e+01 2.333333e+02 1.469373e+00
      vertex   -8.733072e+01 2.333333e+02 1.222693e+00
    endloop
  endfacet
  facet normal 1.435282e-01 1.510741e-16 9.896462e-01
    outer loop
      vertex   -8.370328e+01 2.916667e+02 6.966060e-01
      vertex   -8.733072e+01 2.916667e+02 1.222693e+00
      vertex   -8.733072e+01 2.333333e+02 1.222693e+00
    endloop
  endfacet
  facet normal 1.435282e-01 -1.048967e-16 9.896462e-01
    outer loop
      vertex   -8.370328e+01 2.916667e+02 6.966060e-01
      vertex   -8.733072e+01 2.333333e+02 1.222693e+00
      vertex   -8.370328e+01 2.333333e+02 6.966060e-01
    endloop
  endfacet
  facet normal 2.189133e-01 -1.596158e-16 9.757443e-01
    outer loop
      vertex   -8.012679e+01 2.916667e+02 -1.057969e-01
      vertex   -8.370328e+01 2.916667e+02 6.966060e-01
      vertex   -8.370328e+01 2.333333e+02 6.966060e-01
    endloop
  endfacet
  facet normal 2.189133e-01 -1.066610e-16 9.757443e-01
    outer loop
      vertex   -8.012679e+01 2.916667e+02 -1.057969e-01
      vertex   -8.370328e+01 2.333333e+02 6.966060e-01
      vertex   -8.012679e+01 2.333333e+02 -1.057969e-01
    endloop
  endfacet
  facet normal 2.930120e-01 -1.418683e-16 9.561088e-01
    outer loop
      vertex   -7.662228e+01 2.916667e+02 -1.179801e+00
      vertex   -8.012679e+01 2.916667e+02 -1.057969e-01
      vertex   -8.012679e+01 2.333333e+02 -1.057969e-01
    endloop
  endfacet
  facet normal 2.930120e-01 -1.399517e-16 9.561088e-01
    outer loop
      vertex   -7.662228e+01 2.916667e+02 -1.179801e+00
      vertex   -8.012679e+01 2.333333e+02 -1.057969e-01
      vertex   -7.662228e+01 2.333333e+02 -1.179801e+00
    endloop
  endfacet
  facet normal 9.914449e-01 -1.305262e-01 0.000000e+00
    outer loop
      vertex   -6.028707e+01 3.005565e+02 -2.040651e+01
      vertex   -6.028707e+01 3.005565e+02 -1.040651e+01
      vertex   -6.036033e+01 3.000000e+02 -2.040651e+01
    endloop
  endfacet
  facet normal 9.914449e-01 -1.305262e-01 0.000000e+00
    outer loop
      vertex   -6.036033e+01 3.000000e+02 -2.040651e+01
      vertex   -6.028707e+01 3.005565e+02 -1.040651e+01
      vertex   -6.036033e+01 3.000000e+02 -1.040651e+01
    endloop
  endfacet
  facet normal 9.914449e-01 1.305262e-01 -0.000000e+00
    outer loop
      vertex   -6.036033e+01 3.000000e+02 -2.040651e+01
      vertex   -6.036033e+01 3.000000e+02 -1.040651e+01
      vertex   -6.028707e+01 2.994435e+02 -2.040651e+01
    endloop
  endfacet
  facet normal 9.914449e-01 1.305262e-01 -0.000000e+00
    outer loop
      vertex   -6.028707e+01 2.994435e+02 -2.040651e+01
      vertex   -6.036033e+01 3.000000e+02 -1.040651e+01
      vertex   -6.028707e+01 2.994435e+02 -1.040651e+01
    endloop
  endfacet
  facet normal 9.238795e-01 3.826834e-01 -0.000000e+00
    outer loop
      vertex   -6.028707e+01 2.994435e+02 -2.040651e+01
      vertex   -6.028707e+01 2.994435e+02 -1.040651e+01
      vertex   -6.007228e+01 2.989250e+02 -2.040651e+01
    endloop
  endfacet
  facet normal 9.238795e-01 3.826834e-01 -0.000000e+00
    outer loop
      vertex   -6.007228e+01 2.989250e+02 -2.040651e+01
      vertex   -6.028707e+01 2.994435e+02 -1.040651e+01
      vertex   -6.007228e+01 2.989250e+02 -1.040651e+01
    endloop
  endfacet
  facet normal 7.933533e-01 6.087614e-01 -0.000000e+00
    outer loop
      vertex   -6.007228e+01 2.989250e+02 -2.040651e+01
      vertex   -6.007228e+01 2.989250e+02 -1.040651e+01
      vertex   -5.973061e+01 2.984797e+02 -2.040651e+01
    endloop
  endfacet
  facet normal 7.933533e-01 6.087614e-01 -0.000000e+00
    outer loop
      vertex   -5.973061e+01 2.984797e+02 -2.040651e+01
      vertex   -6.007228e+01 2.989250e+02 -1.040651e+01
      vertex   -5.973061e+01 2.984797e+02 -1.040651e+01
    endloop
  endfacet
  facet normal 6.087614e-01 7.933533e-01 -0.000000e+00
    outer loop
      vertex   -5.973061e+01 2.984797e+02 -2.040651e+01
      vertex   -5.973061e+01 2.984797e+02 -1.040651e+01
      vertex   -5.928533e+01 2.981380e+02 -2.040651e+01
    endloop
  endfacet
  facet normal 6.087614e-01 7.933533e-01 -4.325510e-16
    outer loop
      vertex   -5.928533e+01 2.981380e+02 -2.040651e+01
      vertex   -5.973061e+01 2.984797e+02 -1.040651e+01
      vertex   -5.928533e+01 2.981380e+02 -1.040651e+01
    endloop
  endfacet
  facet normal 3.826834e-01 9.238795e-01 -2.719129e-16
    outer loop
      vertex   -5.928533e+01 2.981380e+02 -2.040651e+01
      vertex   -5.928533e+01 2.981380e+02 -1.040651e+01
      vertex   -5.876679e+01 2.979233e+02 -2.040651e+01
    endloop
  endfacet
  facet normal 3.826834e-01 9.238795e-01 -0.000000e+00
    outer loop
      vertex   -5.876679e+01 2.979233e+02 -2.040651e+01
      vertex   -5.928533e+01 2.981380e+02 -1.040651e+01
      vertex   -5.876679e+01 2.979233e+02 -1.040651e+01
    endloop
  endfacet
  facet normal 1.305262e-01 9.914449e-01 -0.000000e+00
    outer loop
      vertex   -5.876679e+01 2.979233e+02 -2.040651e+01
      vertex   -5.876679e+01 2.979233e+02 -1.040651e+01
      vertex   -5.821033e+01 2.978500e+02 -2.040651e+01
    endloop
  endfacet
  facet normal 1.305262e-01 9.914449e-01 -0.000000e+00
    outer loop
      vertex   -5.821033e+01 2.978500e+02 -2.040651e+01
      vertex   -5.876679e+01 2.979233e+02 -1.040651e+01
      vertex   -5.821033e+01 2.978500e+02 -1.040651e+01
    endloop
  endfacet
  facet normal -1.305262e-01 9.914449e-01 0.000000e+00
    outer loop
      vertex   -5.821033e+01 2.978500e+02 -2.040651e+01
      vertex   -5.821033e+01 2.978500e+02 -1.040651e+01
      vertex   -5.765387e+01 2.979233e+02 -2.040651e+01
    endloop
  endfacet
  facet normal -1.305262e-01 9.914449e-01 0.000000e+00
    outer loop
      vertex   -5.765387e+01 2.979233e+02 -2.040651e+01
      vertex   -5.821033e+01 2.978500e+02 -1.040651e+01
      vertex   -5.765387e+01 2.979233e+02 -1.040651e+01
    endloop
  endfacet
  facet normal -3.826834e-01 9.238795e-01 0.000000e+00
    outer loop
      vertex   -5.765387e+01 2.979233e+02 -2.040651e+01
      vertex   -5.765387e+01 2.979233e+02 -1.040651e+01
      vertex   -5.713533e+01 2.981380e+02 -2.040651e+01
    endloop
  endfacet
  facet normal -3.826834e-01 9.238795e-01 2.719129e-16
    outer loop
      vertex   -5.713533e+01 2.981380e+02 -2.040651e+01
      vertex   -5.765387e+01 2.979233e+02 -1.040651e+01
      vertex   -5.713533e+01 2.981380e+02 -1.040651e+01
    endloop
  endfacet
  facet normal -6.087614e-01 7.933533e-01 4.325510e-16
    outer loop
      vertex   -5.713533e+01 2.981380e+02 -2.040651e+01
      vertex   -5.713533e+01 2.981380e+02 -1.040651e+01
      vertex   -5.669005e+01 2.984797e+02 -2.040651e+01
    endloop
  endfacet
  facet normal -6.087614e-01 7.933533e-01 0.000000e+00
    outer loop
      vertex   -5.669005e+01 2.984797e+02 -2.040651e+01
      vertex   -5.713533e+01 2.981380e+02 -1.040651e+01
      vertex   -5.669005e+01 2.984797e+02 -1.040651e+01
    endloop
  endfacet
  facet normal -7.933533e-01 6.087614e-01 0.000000e+00
    outer loop
      vertex   -5.669005e+01 2.984797e+02 -2.040651e+01
      vertex   -5.669005e+01 2.984797e+02 -1.040651e+01
      vertex   -5.634837e+01 2.989250e+02 -2.040651e+01
    endloop
  endfacet
  facet normal -7.933533e-01 6.087614e-01 0.000000e+00
    outer loop
      vertex   -5.634837e+01 2.989250e+02 -2.040651e+01
      vertex   -5.669005e+01 2.984797e+02 -1.040651e+01
      vertex   -5.634837e+01 2.989250e+02 -1.040651e+01
    endloop
  endfacet
  facet normal -9.238795e-01 3.826834e-01 0.000000e+00
    outer loop
      vertex   -5.634837e+01 2.989250e+02 -2.040651e+01
      vertex   -5.634837e+01 2.989250e+02 -1.040651e+01
      vertex   -5.613359e+01 2.994435e+02 -2.040651e+01
    endloop
  endfacet
  facet normal -9.238795e-01 3.826834e-01 0.000000e+00
    outer loop
      vertex   -5.613359e+01 2.994435e+02 -2.040651e+01
      vertex   -5.634837e+01 2.989250e+02 -1.040651e+01
      vertex   -5.613359e+01 2.994435e+02 -1.040651e+01
    endloop
  endfacet
  facet normal -9.914449e-01 1.305262e-01 0.000000e+00
    outer loop
      vertex   -5.613359e+01 2.994435e+02 -2.040651e+01
      vertex   -5.613359e+01 2.994435e+02 -1.040651e+01
      vertex   -5.606033e+01 3.000000e+02 -2.040651e+01
    endloop
  endfacet
  facet normal -9.914449e-01 1.305262e-01 0.000000e+00
    outer loop
      vertex   -5.606033e+01 3.000000e+02 -2.040651e+01
      vertex   -5.613359e+01 2.994435e+02 -1.040651e+01
      vertex   -5.606033e+01 3.000000e+02 -1.040651e+01
    endloop
  endfacet
  facet normal -9.914449e-01 -1.305262e-01 0.000000e+00
    outer loop
      vertex   -5.606033e+01 3.000000e+02 -2.040651e+01
      vertex   -5.606033e+01 3.000000e+02 -1.040651e+01
      vertex   -5.613359e+01 3.005565e+02 -2.040651e+01
    endloop
  endfacet
  facet normal -9.914449e-01 -1.305262e-01 0.000000e+00
    outer loop
      vertex   -5.613359e+01 3.005565e+02 -2.040651e+01
      vertex   -5.606033e+01 3.000000e+02 -1.040651e+01
      vertex   -5.613359e+01 3.005565e+02 -1.040651e+01
    endloop
  endfacet
  facet normal -9.238795e-01 -3.826834e-01 0.000000e+00
    outer loop
      vertex   -5.613359e+01 3.005565e+02 -2.040651e+01
      vertex   -5.613359e+01 3.005565e+02 -1.040651e+01
      vertex   -5.634837e+01 3.010750e+02 -2.040651e+01
    endloop
  endfacet
  facet normal -9.238795e-01 -3.826834e-01 0.000000e+00
    outer loop
      vertex   -5.634837e+01 3.010750e+02 -2.040651e+01
      vertex   -5.613359e+01 3.005565e+02 -1.040651e+01
      vertex   -5.634837e+01 3.010750e+02 -1.040651e+01
    endloop
  endfacet
  facet normal -7.933533e-01 -6.087614e-01 0.000000e+00
    outer loop
      vertex   -5.634837e+01 3.010750e+02 -2.040651e+01
      vertex   -5.634837e+01 3.010750e+02 -1.040651e+01
      vertex   -5.669005e+01 3.015203e+02 -2.040651e+01
    endloop
  endfacet
  facet normal -7.933533e-01 -6.087614e-01 0.000000e+00
    outer loop
      vertex   -5.669005e+01 3.015203e+02 -2.040651e+01
      vertex   -5.634837e+01 3.010750e+02 -1.040651e+01
      vertex   -5.669005e+01 3.015203e+02 -1.040651e+01
    endloop
  endfacet
  facet normal -6.087614e-01 -7.933533e-01 0.000000e+00
    outer loop
      vertex   -5.669005e+01 3.015203e+02 -2.040651e+01
      vertex   -5.669005e+01 3.015203e+02 -1.040651e+01
      vertex   -5.713533e+01 3.018620e+02 -2.040651e+01
    endloop
  endfacet
  facet normal -6.087614e-01 -7.933533e-01 -4.325510e-16
    outer loop
      vertex   -5.713533e+01 3.018620e+02 -2.040651e+01
      vertex   -5.669005e+01 3.015203e+02 -1.040651e+01
      vertex   -5.713533e+01 3.018620e+02 -1.040651e+01
    endloop
  endfacet
  facet normal -3.826834e-01 -9.238795e-01 -2.719129e-16
    outer loop
      vertex   -5.713533e+01 3.018620e+02 -2.040651e+01
      vertex   -5.713533e+01 3.018620e+02 -1.040651e+01
      vertex   -5.765387e+01 3.020767e+02 -2.040651e+01
    endloop
  endfacet
  facet normal -3.826834e-01 -9.238795e-01 0.000000e+00
    outer loop
      vertex   -5.765387e+01 3.020767e+02 -2.040651e+01
      vertex   -5.713533e+01 3.018620e+02 -1.040651e+01
      vertex   -5.765387e+01 3.020767e+02 -1.040651e+01
    endloop
  endfacet
  facet normal -1.305262e-01 -9.914449e-01 0.000000e+00
    outer loop
      vertex   -5.765387e+01 3.020767e+02 -2.040651e+01
      vertex   -5.765387e+01 3.020767e+02 -1.040651e+01
      vertex   -5.821033e+01 3.021500e+02 -2.040651e+01
    endloop
  endfacet
  facet normal -1.305262e-01 -9.914449e-01 0.000000e+00
    outer loop
      vertex   -5.821033e+01 3.021500e+02 -2.040651e+01
      vertex   -5.765387e+01 3.020767e+02 -1.040651e+01
      vertex   -5.821033e+01 3.021500e+02 -1.040651e+01
    endloop
  endfacet
  facet normal 1.305262e-01 -9.914449e-01 0.000000e+00
    outer loop
      vertex   -5.821033e+01 3.021500e+02 -2.040651e+01
      vertex   -5.821033e+01 3.021500e+02 -1.040651e+01
      vertex   -5.876679e+01 3.020767e+02 -2.040651e+01
    endloop
  endfacet
  facet normal 1.305262e-01 -9.914449e-01 0.000000e+00
    outer loop
      vertex   -5.876679e+01 3.020767e+02 -2.040651e+01
      vertex   -5.821033e+01 3.021500e+02 -1.040651e+01
      vertex   -5.876679e+01 3.020767e+02 -1.040651e+01
    endloop
  endfacet
  facet normal 3.826834e-01 -9.238795e-01 0.000000e+00
    outer loop
      vertex   -5.876679e+01 3.020767e+02 -2.040651e+01
      vertex   -5.876679e+01 3.020767e+02 -1.040651e+01
      vertex   -5.928533e+01 3.018620e+02 -2.040651e+01
    endloop
  endfacet
  facet normal 3.826834e-01 -9.238795e-01 2.719129e-16
    outer loop
      vertex   -5.928533e+01 3.018620e+02 -2.040651e+01
      vertex   -5.876679e+01 3.020767e+02 -1.040651e+01
      vertex   -5.928533e+01 3.018620e+02 -1.040651e+01
    endloop
  endfacet
  facet normal 6.087614e-01 -7.933533e-01 4.325510e-16
    outer loop
      vertex   -5.928533e+01 3.018620e+02 -2.040651e+01
      vertex   -5.928533e+01 3.018620e+02 -1.040651e+01
      vertex   -5.973061e+01 3.015203e+02 -2.040651e+01
    endloop
  endfacet
  facet normal 6.087614e-01 -7.933533e-01 0.000000e+00
    outer loop
      vertex   -5.973061e+01 3.015203e+02 -2.040651e+01
      vertex   -5.928533e+01 3.018620e+02 -1.040651e+01
      vertex   -5.973061e+01 3.015203e+02 -1.040651e+01
    endloop
  endfacet
  facet normal 7.933533e-01 -6.087614e-01 0.000000e+00
    outer loop
      vertex   -5.973061e+01 3.015203e+02 -2.040651e+01
      vertex   -5.973061e+01 3.015203e+02 -1.040651e+01
      vertex   -6.007228e+01 3.010750e+02 -2.040651e+01
    endloop
  endfacet
  facet normal 7.933533e-01 -6.087614e-01 0.000000e+00
    outer loop
      vertex   -6.007228e+01 3.010750e+02 -2.040651e+01
      vertex   -5.973061e+01 3.015203e+02 -1.040651e+01
      vertex   -6.007228e+01 3.010750e+02 -1.040651e+01
    endloop
  endfacet
  facet normal 9.238795e-01 -3.826834e-01 0.000000e+00
    outer loop
      vertex   -6.007228e+01 3.010750e+02 -2.040651e+01
      vertex   -6.007228e+01 3.010750e+02 -1.040651e+01
      vertex   -6.028707e+01 3.005565e+02 -2.040651e+01
    endloop
  endfacet
  facet normal 9.238795e-01 -3.826834e-01 0.000000e+00
    outer loop
      vertex   -6.028707e+01 3.005565e+02 -2.040651e+01
      vertex   -6.007228e+01 3.010750e+02 -1.040651e+01
      vertex   -6.028707e+01 3.005565e+02 -1.040651e+01
    endloop
  endfacet
  facet normal 0.000000e+00 1.000000e+00 -0.000000e+00
    outer loop
      vertex   -1.313256e+02 3.500000e+02 -3.447863e+01
      vertex   -1.369028e+02 3.500000e+02 -2.890139e+01
      vertex   -1.031113e+02 3.500000e+02 -2.040651e+01
    endloop
  endfacet
  facet normal 0.000000e+00 1.000000e+00 0.000000e+00
    outer loop
      vertex   -1.031113e+02 3.500000e+02 -2.040651e+01
      vertex   -1.369028e+02 3.500000e+02 -2.890139e+01
      vertex   -1.354372e+02 3.500000e+02 -2.554175e+01
    endloop
  endfacet
  facet normal 0.000000e+00 1.000000e+00 0.000000e+00
    outer loop
      vertex   -1.031113e+02 3.500000e+02 -2.040651e+01
      vertex   -1.354372e+02 3.500000e+02 -2.554175e+01
      vertex   -1.337186e+02 3.500000e+02 -2.230425e+01
    endloop
  endfacet
  facet normal 0.000000e+00 1.000000e+00 0.000000e+00
    outer loop
      vertex   -1.337186e+02 3.500000e+02 -2.230425e+01
      vertex   -1.317570e+02 3.500000e+02 -1.920791e+01
      vertex   -1.031113e+02 3.500000e+02 -2.040651e+01
    endloop
  endfacet
  facet normal 0.000000e+00 1.000000e+00 0.000000e+00
    outer loop
      vertex   -1.031113e+02 3.500000e+02 -2.040651e+01
      vertex   -1.317570e+02 3.500000e+02 -1.920791e+01
      vertex   -1.295640e+02 3.500000e+02 -1.627092e+01
    endloop
  endfacet
  facet normal 0.000000e+00 1.000000e+00 -0.000000e+00
    outer loop
      vertex   -1.031113e+02 3.500000e+02 -2.040651e+01
      vertex   -1.295640e+02 3.500000e+02 -1.627092e+01
      vertex   -8.733072e+01 3.500000e+02 1.222693e+00
    endloop
  endfacet
  facet normal 0.000000e+00 1.000000e+00 0.000000e+00
    outer loop
      vertex   -8.733072e+01 3.500000e+02 1.222693e+00
      vertex   -1.295640e+02 3.500000e+02 -1.627092e+01
      vertex   -1.271525e+02 3.500000e+02 -1.351054e+01
    endloop
  endfacet
  facet normal 0.000000e+00 1.000000e+00 0.000000e+00
    outer loop
      vertex   -8.733072e+01 3.500000e+02 1.222693e+00
      vertex   -1.271525e+02 3.500000e+02 -1.351054e+01
      vertex   -9.098780e+01 3.500000e+02 1.469373e+00
    endloop
  endfacet
  facet normal 0.000000e+00 1.000000e+00 0.000000e+00
    outer loop
      vertex   -9.098780e+01 3.500000e+02 1.469373e+00
      vertex   -1.271525e+02 3.500000e+02 -1.351054e+01
      vertex   -1.245366e+02 3.500000e+02 -1.094300e+01
    endloop
  endfacet
  facet normal 0.000000e+00 1.000000e+00 0.000000e+00
    outer loop
      vertex   -9.098780e+01 3.500000e+02 1.469373e+00
      vertex   -1.245366e+02 3.500000e+02 -1.094300e+01
      vertex   -9.465303e+01 3.500000e+02 1.435197e+00
    endloop
  endfacet
  facet normal 0.000000e+00 1.000000e+00 0.000000e+00
    outer loop
      vertex   -9.465303e+01 3.500000e+02 1.435197e+00
      vertex   -1.245366e+02 3.500000e+02 -1.094300e+01
      vertex   -1.217318e+02 3.500000e+02 -8.583375e+00
    endloop
  endfacet
  facet normal 0.000000e+00 1.000000e+00 0.000000e+00
    outer loop
      vertex   -9.465303e+01 3.500000e+02 1.435197e+00
      vertex   -1.217318e+02 3.500000e+02 -8.583375e+00
      vertex   -9.830488e+01 3.500000e+02 1.120364e+00
    endloop
  endfacet
  facet normal 0.000000e+00 1.000000e+00 0.000000e+00
    outer loop
      vertex   -9.830488e+01 3.500000e+02 1.120364e+00
      vertex   -1.217318e+02 3.500000e+02 -8.583375e+00
      vertex   -1.187544e+02 3.500000e+02 -6.445535e+00
    endloop
  endfacet
  facet normal 0.000000e+00 1.000000e+00 0.000000e+00
    outer loop
      vertex   -9.830488e+01 3.500000e+02 1.120364e+00
      vertex   -1.187544e+02 3.500000e+02 -6.445535e+00
      vertex   -1.019219e+02 3.500000e+02 5.267256e-01
    endloop
  endfacet
  facet normal 0.000000e+00 1.000000e+00 0.000000e+00
    outer loop
      vertex   -1.019219e+02 3.500000e+02 5.267256e-01
      vertex   -1.187544e+02 3.500000e+02 -6.445535e+00
      vertex   -1.156220e+02 3.500000e+02 -4.542042e+00
    endloop
  endfacet
  facet normal 0.000000e+00 1.000000e+00 0.000000e+00
    outer loop
      vertex   -1.019219e+02 3.500000e+02 5.267256e-01
      vertex   -1.156220e+02 3.500000e+02 -4.542042e+00
      vertex   -1.054828e+02 3.500000e+02 -3.422303e-01
    endloop
  endfacet
  facet normal 0.000000e+00 1.000000e+00 0.000000e+00
    outer loop
      vertex   -1.054828e+02 3.500000e+02 -3.422303e-01
      vertex   -1.156220e+02 3.500000e+02 -4.542042e+00
      vertex   -1.123530e+02 3.500000e+02 -2.884082e+00
    endloop
  endfacet
  facet normal 0.000000e+00 1.000000e+00 0.000000e+00
    outer loop
      vertex   -1.054828e+02 3.500000e+02 -3.422303e-01
      vertex   -1.123530e+02 3.500000e+02 -2.884082e+00
      vertex   -1.089667e+02 3.500000e+02 -1.481398e+00
    endloop
  endfacet
  facet normal 0.000000e+00 1.000000e+00 0.000000e+00
    outer loop
      vertex   -8.733072e+01 3.500000e+02 1.222693e+00
      vertex   -8.370328e+01 3.500000e+02 6.966060e-01
      vertex   -1.031113e+02 3.500000e+02 -2.040651e+01
    endloop
  endfacet
  facet normal 0.000000e+00 1.000000e+00 0.000000e+00
    outer loop
      vertex   -1.031113e+02 3.500000e+02 -2.040651e+01
      vertex   -8.370328e+01 3.500000e+02 6.966060e-01
      vertex   -8.012679e+01 3.500000e+02 -1.057969e-01
    endloop
  endfacet
  facet normal 0.000000e+00 1.000000e+00 0.000000e+00
    outer loop
      vertex   -1.031113e+02 3.500000e+02 -2.040651e+01
      vertex   -8.012679e+01 3.500000e+02 -1.057969e-01
      vertex   -7.662228e+01 3.500000e+02 -1.179801e+00
    endloop
  endfacet
  facet normal 0.000000e+00 1.000000e+00 0.000000e+00
    outer loop
      vertex   -7.662228e+01 3.500000e+02 -1.179801e+00
      vertex   -7.321033e+01 3.500000e+02 -2.519094e+00
      vertex   -1.031113e+02 3.500000e+02 -2.040651e+01
    endloop
  endfacet
  facet normal 0.000000e+00 1.000000e+00 0.000000e+00
    outer loop
      vertex   -1.031113e+02 3.500000e+02 -2.040651e+01
      vertex   -7.321033e+01 3.500000e+02 -2.519094e+00
      vertex   -7.321033e+01 3.500000e+02 -1.040651e+01
    endloop
  endfacet
  facet normal 0.000000e+00 1.000000e+00 0.000000e+00
    outer loop
      vertex   -1.031113e+02 3.500000e+02 -2.040651e+01
      vertex   -7.321033e+01 3.500000e+02 -1.040651e+01
      vertex   -2.311131e+01 3.500000e+02 -2.040651e+01
    endloop
  endfacet
  facet normal 0.000000e+00 1.000000e+00 -0.000000e+00
    outer loop
      vertex   -2.311131e+01 3.500000e+02 -2.040651e+01
      vertex   -7.321033e+01 3.500000e+02 -1.040651e+01
      vertex   -2.311131e+01 3.500000e+02 -1.040651e+01
    endloop
  endfacet
  facet normal 0.000000e+00 1.000000e+00 0.000000e+00
    outer loop
      vertex   -1.031113e+02 3.500000e+02 -2.040651e+01
      vertex   -1.596799e+02 3.500000e+02 -7.697505e+01
      vertex   -1.313256e+02 3.500000e+02 -3.447863e+01
    endloop
  endfacet
  facet normal 0.000000e+00 1.000000e+00 0.000000e+00
    outer loop
      vertex   -1.313256e+02 3.500000e+02 -3.447863e+01
      vertex   -1.596799e+02 3.500000e+02 -7.697505e+01
      vertex   -1.667509e+02 3.500000e+02 -6.990399e+01
    endloop
  endfacet
  facet normal -7.010574e-01 1.305262e-01 -7.010574e-01
    outer loop
      vertex   -1.333926e+02 2.994435e+02 -5.068783e+01
      vertex   -1.404637e+02 2.994435e+02 -4.361676e+01
      vertex   -1.333408e+02 3.000000e+02 -5.063602e+01
    endloop
  endfacet
  facet normal -7.010574e-01 1.305262e-01 -7.010574e-01
    outer loop
      vertex   -1.333408e+02 3.000000e+02 -5.063602e+01
      vertex   -1.404637e+02 2.994435e+02 -4.361676e+01
      vertex   -1.404119e+02 3.000000e+02 -4.356496e+01
    endloop
  endfacet
  facet normal -7.010574e-01 -1.305262e-01 -7.010574e-01
    outer loop
      vertex   -1.333408e+02 3.000000e+02 -5.063602e+01
      vertex   -1.404119e+02 3.000000e+02 -4.356496e+01
      vertex   -1.333926e+02 3.005565e+02 -5.068783e+01
    endloop
  endfacet
  facet normal -7.010574e-01 -1.305262e-01 -7.010574e-01
    outer loop
      vertex   -1.333926e+02 3.005565e+02 -5.068783e+01
      vertex   -1.404119e+02 3.000000e+02 -4.356496e+01
      vertex   -1.404637e+02 3.005565e+02 -4.361676e+01
    endloop
  endfacet
  facet normal -6.532815e-01 -3.826834e-01 -6.532815e-01
    outer loop
      vertex   -1.333926e+02 3.005565e+02 -5.068783e+01
      vertex   -1.404637e+02 3.005565e+02 -4.361676e+01
      vertex   -1.335445e+02 3.010750e+02 -5.083970e+01
    endloop
  endfacet
  facet normal -6.532815e-01 -3.826834e-01 -6.532815e-01
    outer loop
      vertex   -1.335445e+02 3.010750e+02 -5.083970e+01
      vertex   -1.404637e+02 3.005565e+02 -4.361676e+01
      vertex   -1.406156e+02 3.010750e+02 -4.376863e+01
    endloop
  endfacet
  facet normal -5.609855e-01 -6.087614e-01 -5.609855e-01
    outer loop
      vertex   -1.335445e+02 3.010750e+02 -5.083970e+01
      vertex   -1.406156e+02 3.010750e+02 -4.376863e+01
      vertex   -1.337861e+02 3.015203e+02 -5.108130e+01
    endloop
  endfacet
  facet normal -5.609855e-01 -6.087614e-01 -5.609855e-01
    outer loop
      vertex   -1.337861e+02 3.015203e+02 -5.108130e+01
      vertex   -1.406156e+02 3.010750e+02 -4.376863e+01
      vertex   -1.408572e+02 3.015203e+02 -4.401023e+01
    endloop
  endfacet
  facet normal -4.304593e-01 -7.933533e-01 -4.304593e-01
    outer loop
      vertex   -1.337861e+02 3.015203e+02 -5.108130e+01
      vertex   -1.408572e+02 3.015203e+02 -4.401023e+01
      vertex   -1.341010e+02 3.018620e+02 -5.139616e+01
    endloop
  endfacet
  facet normal -4.304593e-01 -7.933533e-01 -4.304593e-01
    outer loop
      vertex   -1.341010e+02 3.018620e+02 -5.139616e+01
      vertex   -1.408572e+02 3.015203e+02 -4.401023e+01
      vertex   -1.411720e+02 3.018620e+02 -4.432509e+01
    endloop
  endfacet
  facet normal -2.705981e-01 -9.238795e-01 -2.705981e-01
    outer loop
      vertex   -1.341010e+02 3.018620e+02 -5.139616e+01
      vertex   -1.411720e+02 3.018620e+02 -4.432509e+01
      vertex   -1.344676e+02 3.020767e+02 -5.176283e+01
    endloop
  endfacet
  facet normal -2.705981e-01 -9.238795e-01 -2.705981e-01
    outer loop
      vertex   -1.344676e+02 3.020767e+02 -5.176283e+01
      vertex   -1.411720e+02 3.018620e+02 -4.432509e+01
      vertex   -1.415387e+02 3.020767e+02 -4.469176e+01
    endloop
  endfacet
  facet normal -9.229596e-02 -9.914449e-01 -9.229596e-02
    outer loop
      vertex   -1.344676e+02 3.020767e+02 -5.176283e+01
      vertex   -1.415387e+02 3.020767e+02 -4.469176e+01
      vertex   -1.348611e+02 3.021500e+02 -5.215630e+01
    endloop
  endfacet
  facet normal -9.229596e-02 -9.914449e-01 -9.229596e-02
    outer loop
      vertex   -1.348611e+02 3.021500e+02 -5.215630e+01
      vertex   -1.415387e+02 3.020767e+02 -4.469176e+01
      vertex   -1.419322e+02 3.021500e+02 -4.508523e+01
    endloop
  endfacet
  facet normal 9.229596e-02 -9.914449e-01 9.229596e-02
    outer loop
      vertex   -1.348611e+02 3.021500e+02 -5.215630e+01
      vertex   -1.419322e+02 3.021500e+02 -4.508523e+01
      vertex   -1.352546e+02 3.020767e+02 -5.254978e+01
    endloop
  endfacet
  facet normal 9.229596e-02 -9.914449e-01 9.229596e-02
    outer loop
      vertex   -1.352546e+02 3.020767e+02 -5.254978e+01
      vertex   -1.419322e+02 3.021500e+02 -4.508523e+01
      vertex   -1.423256e+02 3.020767e+02 -4.547871e+01
    endloop
  endfacet
  facet normal 2.705981e-01 -9.238795e-01 2.705981e-01
    outer loop
      vertex   -1.352546e+02 3.020767e+02 -5.254978e+01
      vertex   -1.423256e+02 3.020767e+02 -4.547871e+01
      vertex   -1.356212e+02 3.018620e+02 -5.291644e+01
    endloop
  endfacet
  facet normal 2.705981e-01 -9.238795e-01 2.705981e-01
    outer loop
      vertex   -1.356212e+02 3.018620e+02 -5.291644e+01
      vertex   -1.423256e+02 3.020767e+02 -4.547871e+01
      vertex   -1.426923e+02 3.018620e+02 -4.584537e+01
    endloop
  endfacet
  facet normal 4.304593e-01 -7.933533e-01 4.304593e-01
    outer loop
      vertex   -1.356212e+02 3.018620e+02 -5.291644e+01
      vertex   -1.426923e+02 3.018620e+02 -4.584537e+01
      vertex   -1.359361e+02 3.015203e+02 -5.323130e+01
    endloop
  endfacet
  facet normal 4.304593e-01 -7.933533e-01 4.304593e-01
    outer loop
      vertex   -1.359361e+02 3.015203e+02 -5.323130e+01
      vertex   -1.426923e+02 3.018620e+02 -4.584537e+01
      vertex   -1.430072e+02 3.015203e+02 -4.616023e+01
    endloop
  endfacet
  facet normal 5.609855e-01 -6.087614e-01 5.609855e-01
    outer loop
      vertex   -1.359361e+02 3.015203e+02 -5.323130e+01
      vertex   -1.430072e+02 3.015203e+02 -4.616023e+01
      vertex   -1.361777e+02 3.010750e+02 -5.347290e+01
    endloop
  endfacet
  facet normal 5.609855e-01 -6.087614e-01 5.609855e-01
    outer loop
      vertex   -1.361777e+02 3.010750e+02 -5.347290e+01
      vertex   -1.430072e+02 3.015203e+02 -4.616023e+01
      vertex   -1.432488e+02 3.010750e+02 -4.640184e+01
    endloop
  endfacet
  facet normal 6.532815e-01 -3.826834e-01 6.532815e-01
    outer loop
      vertex   -1.361777e+02 3.010750e+02 -5.347290e+01
      vertex   -1.432488e+02 3.010750e+02 -4.640184e+01
      vertex   -1.363296e+02 3.005565e+02 -5.362478e+01
    endloop
  endfacet
  facet normal 6.532815e-01 -3.826834e-01 6.532815e-01
    outer loop
      vertex   -1.363296e+02 3.005565e+02 -5.362478e+01
      vertex   -1.432488e+02 3.010750e+02 -4.640184e+01
      vertex   -1.434006e+02 3.005565e+02 -4.655371e+01
    endloop
  endfacet
  facet normal 7.010574e-01 -1.305262e-01 7.010574e-01
    outer loop
      vertex   -1.363296e+02 3.005565e+02 -5.362478e+01
      vertex   -1.434006e+02 3.005565e+02 -4.655371e+01
      vertex   -1.363814e+02 3.000000e+02 -5.367658e+01
    endloop
  endfacet
  facet normal 7.010574e-01 -1.305262e-01 7.010574e-01
    outer loop
      vertex   -1.363814e+02 3.000000e+02 -5.367658e+01
      vertex   -1.434006e+02 3.005565e+02 -4.655371e+01
      vertex   -1.434525e+02 3.000000e+02 -4.660551e+01
    endloop
  endfacet
  facet normal 7.010574e-01 1.305262e-01 7.010574e-01
    outer loop
      vertex   -1.363814e+02 3.000000e+02 -5.367658e+01
      vertex   -1.434525e+02 3.000000e+02 -4.660551e+01
      vertex   -1.363296e+02 2.994435e+02 -5.362478e+01
    endloop
  endfacet
  facet normal 7.010574e-01 1.305262e-01 7.010574e-01
    outer loop
      vertex   -1.363296e+02 2.994435e+02 -5.362478e+01
      vertex   -1.434525e+02 3.000000e+02 -4.660551e+01
      vertex   -1.434006e+02 2.994435e+02 -4.655371e+01
    endloop
  endfacet
  facet normal 6.532815e-01 3.826834e-01 6.532815e-01
    outer loop
      vertex   -1.363296e+02 2.994435e+02 -5.362478e+01
      vertex   -1.434006e+02 2.994435e+02 -4.655371e+01
      vertex   -1.361777e+02 2.989250e+02 -5.347290e+01
    endloop
  endfacet
  facet normal 6.532815e-01 3.826834e-01 6.532815e-01
    outer loop
      vertex   -1.361777e+02 2.989250e+02 -5.347290e+01
      vertex   -1.434006e+02 2.994435e+02 -4.655371e+01
      vertex   -1.432488e+02 2.989250e+02 -4.640184e+01
    endloop
  endfacet
  facet normal 5.609855e-01 6.087614e-01 5.609855e-01
    outer loop
      vertex   -1.361777e+02 2.989250e+02 -5.347290e+01
      vertex   -1.432488e+02 2.989250e+02 -4.640184e+01
      vertex   -1.359361e+02 2.984797e+02 -5.323130e+01
    endloop
  endfacet
  facet normal 5.609855e-01 6.087614e-01 5.609855e-01
    outer loop
      vertex   -1.359361e+02 2.984797e+02 -5.323130e+01
      vertex   -1.432488e+02 2.989250e+02 -4.640184e+01
      vertex   -1.430072e+02 2.984797e+02 -4.616023e+01
    endloop
  endfacet
  facet normal 4.304593e-01 7.933533e-01 4.304593e-01
    outer loop
      vertex   -1.359361e+02 2.984797e+02 -5.323130e+01
      vertex   -1.430072e+02 2.984797e+02 -4.616023e+01
      vertex   -1.356212e+02 2.981380e+02 -5.291644e+01
    endloop
  endfacet
  facet normal 4.304593e-01 7.933533e-01 4.304593e-01
    outer loop
      vertex   -1.356212e+02 2.981380e+02 -5.291644e+01
      vertex   -1.430072e+02 2.984797e+02 -4.616023e+01
      vertex   -1.426923e+02 2.981380e+02 -4.584537e+01
    endloop
  endfacet
  facet normal 2.705981e-01 9.238795e-01 2.705981e-01
    outer loop
      vertex   -1.356212e+02 2.981380e+02 -5.291644e+01
      vertex   -1.426923e+02 2.981380e+02 -4.584537e+01
      vertex   -1.352546e+02 2.979233e+02 -5.254978e+01
    endloop
  endfacet
  facet normal 2.705981e-01 9.238795e-01 2.705981e-01
    outer loop
      vertex   -1.352546e+02 2.979233e+02 -5.254978e+01
      vertex   -1.426923e+02 2.981380e+02 -4.584537e+01
      vertex   -1.423256e+02 2.979233e+02 -4.547871e+01
    endloop
  endfacet
  facet normal 9.229596e-02 9.914449e-01 9.229596e-02
    outer loop
      vertex   -1.352546e+02 2.979233e+02 -5.254978e+01
      vertex   -1.423256e+02 2.979233e+02 -4.547871e+01
      vertex   -1.348611e+02 2.978500e+02 -5.215630e+01
    endloop
  endfacet
  facet normal 9.229596e-02 9.914449e-01 9.229596e-02
    outer loop
      vertex   -1.348611e+02 2.978500e+02 -5.215630e+01
      vertex   -1.423256e+02 2.979233e+02 -4.547871e+01
      vertex   -1.419322e+02 2.978500e+02 -4.508523e+01
    endloop
  endfacet
  facet normal -9.229596e-02 9.914449e-01 -9.229596e-02
    outer loop
      vertex   -1.348611e+02 2.978500e+02 -5.215630e+01
      vertex   -1.419322e+02 2.978500e+02 -4.508523e+01
      vertex   -1.344676e+02 2.979233e+02 -5.176283e+01
    endloop
  endfacet
  facet normal -9.229596e-02 9.914449e-01 -9.229596e-02
    outer loop
      vertex   -1.344676e+02 2.979233e+02 -5.176283e+01
      vertex   -1.419322e+02 2.978500e+02 -4.508523e+01
      vertex   -1.415387e+02 2.979233e+02 -4.469176e+01
    endloop
  endfacet
  facet normal -2.705981e-01 9.238795e-01 -2.705981e-01
    outer loop
      vertex   -1.344676e+02 2.979233e+02 -5.176283e+01
      vertex   -1.415387e+02 2.979233e+02 -4.469176e+01
      vertex   -1.341010e+02 2.981380e+02 -5.139616e+01
    endloop
  endfacet
  facet normal -2.705981e-01 9.238795e-01 -2.705981e-01
    outer loop
      vertex   -1.341010e+02 2.981380e+02 -5.139616e+01
      vertex   -1.415387e+02 2.979233e+02 -4.469176e+01
      vertex   -1.411720e+02 2.981380e+02 -4.432509e+01
    endloop
  endfacet
  facet normal -4.304593e-01 7.933533e-01 -4.304593e-01
    outer loop
      vertex   -1.341010e+02 2.981380e+02 -5.139616e+01
      vertex   -1.411720e+02 2.981380e+02 -4.432509e+01
      vertex   -1.337861e+02 2.984797e+02 -5.108130e+01
    endloop
  endfacet
  facet normal -4.304593e-01 7.933533e-01 -4.304593e-01
    outer loop
      vertex   -1.337861e+02 2.984797e+02 -5.108130e+01
      vertex   -1.411720e+02 2.981380e+02 -4.432509e+01
      vertex   -1.408572e+02 2.984797e+02 -4.401023e+01
    endloop
  endfacet
  facet normal -5.609855e-01 6.087614e-01 -5.609855e-01
    outer loop
      vertex   -1.337861e+02 2.984797e+02 -5.108130e+01
      vertex   -1.408572e+02 2.984797e+02 -4.401023e+01
      vertex   -1.335445e+02 2.989250e+02 -5.083970e+01
    endloop
  endfacet
  facet normal -5.609855e-01 6.087614e-01 -5.609855e-01
    outer loop
      vertex   -1.335445e+02 2.989250e+02 -5.083970e+01
      vertex   -1.408572e+02 2.984797e+02 -4.401023e+01
      vertex   -1.406156e+02 2.989250e+02 -4.376863e+01
    endloop
  endfacet
  facet normal -6.532815e-01 3.826834e-01 -6.532815e-01
    outer loop
      vertex   -1.335445e+02 2.989250e+02 -5.083970e+01
      vertex   -1.406156e+02 2.989250e+02 -4.376863e+01
      vertex   -1.333926e+02 2.994435e+02 -5.068783e+01
    endloop
  endfacet
  facet normal -6.532815e-01 3.826834e-01 -6.532815e-01
    outer loop
      vertex   -1.333926e+02 2.994435e+02 -5.068783e+01
      vertex   -1.406156e+02 2.989250e+02 -4.376863e+01
      vertex   -1.404637e+02 2.994435e+02 -4.361676e+01
    endloop
  endfacet
  facet normal -7.071068e-01 0.000000e+00 -7.071068e-01
    outer loop
      vertex   -1.313256e+02 1.750000e+02 -3.447863e+01
      vertex   -1.369028e+02 1.750000e+02 -2.890139e+01
      vertex   -1.313256e+02 3.500000e+02 -3.447863e+01
    endloop
  endfacet
  facet normal -7.071068e-01 6.912138e-19 -7.071068e-01
    outer loop
      vertex   -1.313256e+02 3.500000e+02 -3.447863e+01
      vertex   -1.369028e+02 1.750000e+02 -2.890139e+01
      vertex   -1.369028e+02 3.500000e+02 -2.890139e+01
    endloop
  endfacet
  facet normal -7.071068e-01 -1.231314e-16 7.071068e-01
    outer loop
      vertex   -1.313256e+02 1.750000e+02 -3.447863e+01
      vertex   -1.430072e+02 2.984797e+02 -4.616023e+01
      vertex   -1.667509e+02 1.750000e+02 -6.990399e+01
    endloop
  endfacet
  facet normal -7.071068e-01 -3.954713e-15 7.071068e-01
    outer loop
      vertex   -1.667509e+02 1.750000e+02 -6.990399e+01
      vertex   -1.430072e+02 2.984797e+02 -4.616023e+01
      vertex   -1.432488e+02 2.989250e+02 -4.640184e+01
    endloop
  endfacet
  facet normal -7.071068e-01 -2.198520e-15 7.071068e-01
    outer loop
      vertex   -1.667509e+02 1.750000e+02 -6.990399e+01
      vertex   -1.432488e+02 2.989250e+02 -4.640184e+01
      vertex   -1.434006e+02 2.994435e+02 -4.655371e+01
    endloop
  endfacet
  facet normal -7.071068e-01 0.000000e+00 7.071068e-01
    outer loop
      vertex   -1.313256e+02 3.500000e+02 -3.447863e+01
      vertex   -1.404119e+02 3.000000e+02 -4.356496e+01
      vertex   -1.313256e+02 1.750000e+02 -3.447863e+01
    endloop
  endfacet
  facet normal -7.071068e-01 -5.999458e-16 7.071068e-01
    outer loop
      vertex   -1.313256e+02 1.750000e+02 -3.447863e+01
      vertex   -1.404119e+02 3.000000e+02 -4.356496e+01
      vertex   -1.404637e+02 2.994435e+02 -4.361676e+01
    endloop
  endfacet
  facet normal -7.071068e-01 8.630724e-16 7.071068e-01
    outer loop
      vertex   -1.313256e+02 1.750000e+02 -3.447863e+01
      vertex   -1.404637e+02 2.994435e+02 -4.361676e+01
      vertex   -1.406156e+02 2.989250e+02 -4.376863e+01
    endloop
  endfacet
  facet normal -7.071068e-01 3.056259e-16 7.071068e-01
    outer loop
      vertex   -1.667509e+02 3.500000e+02 -6.990399e+01
      vertex   -1.430072e+02 3.015203e+02 -4.616023e+01
      vertex   -1.313256e+02 3.500000e+02 -3.447863e+01
    endloop
  endfacet
  facet normal -7.071068e-01 1.706318e-14 7.071068e-01
    outer loop
      vertex   -1.313256e+02 3.500000e+02 -3.447863e+01
      vertex   -1.430072e+02 3.015203e+02 -4.616023e+01
      vertex   -1.426923e+02 3.018620e+02 -4.584537e+01
    endloop
  endfacet
  facet normal -7.071068e-01 -5.980107e-15 7.071068e-01
    outer loop
      vertex   -1.313256e+02 3.500000e+02 -3.447863e+01
      vertex   -1.426923e+02 3.018620e+02 -4.584537e+01
      vertex   -1.423256e+02 3.020767e+02 -4.547871e+01
    endloop
  endfacet
  facet normal -7.071068e-01 0.000000e+00 7.071068e-01
    outer loop
      vertex   -1.667509e+02 1.750000e+02 -6.990399e+01
      vertex   -1.434525e+02 3.000000e+02 -4.660551e+01
      vertex   -1.667509e+02 3.500000e+02 -6.990399e+01
    endloop
  endfacet
  facet normal -7.071068e-01 -1.736049e-14 7.071068e-01
    outer loop
      vertex   -1.667509e+02 3.500000e+02 -6.990399e+01
      vertex   -1.434525e+02 3.000000e+02 -4.660551e+01
      vertex   -1.434006e+02 3.005565e+02 -4.655371e+01
    endloop
  endfacet
  facet normal -7.071068e-01 3.607977e-15 7.071068e-01
    outer loop
      vertex   -1.667509e+02 3.500000e+02 -6.990399e+01
      vertex   -1.434006e+02 3.005565e+02 -4.655371e+01
      vertex   -1.432488e+02 3.010750e+02 -4.640184e+01
    endloop
  endfacet
  facet normal -7.071068e-01 -4.126571e-15 7.071068e-01
    outer loop
      vertex   -1.406156e+02 2.989250e+02 -4.376863e+01
      vertex   -1.408572e+02 2.984797e+02 -4.401023e+01
      vertex   -1.313256e+02 1.750000e+02 -3.447863e+01
    endloop
  endfacet
  facet normal -7.071068e-01 2.134812e-15 7.071068e-01
    outer loop
      vertex   -1.313256e+02 1.750000e+02 -3.447863e+01
      vertex   -1.408572e+02 2.984797e+02 -4.401023e+01
      vertex   -1.411720e+02 2.981380e+02 -4.432509e+01
    endloop
  endfacet
  facet normal -7.071068e-01 4.953044e-16 7.071068e-01
    outer loop
      vertex   -1.313256e+02 1.750000e+02 -3.447863e+01
      vertex   -1.411720e+02 2.981380e+02 -4.432509e+01
      vertex   -1.415387e+02 2.979233e+02 -4.469176e+01
    endloop
  endfacet
  facet normal -7.071068e-01 -3.785650e-15 7.071068e-01
    outer loop
      vertex   -1.415387e+02 2.979233e+02 -4.469176e+01
      vertex   -1.419322e+02 2.978500e+02 -4.508523e+01
      vertex   -1.313256e+02 1.750000e+02 -3.447863e+01
    endloop
  endfacet
  facet normal -7.071068e-01 1.669278e-15 7.071068e-01
    outer loop
      vertex   -1.313256e+02 1.750000e+02 -3.447863e+01
      vertex   -1.419322e+02 2.978500e+02 -4.508523e+01
      vertex   -1.423256e+02 2.979233e+02 -4.547871e+01
    endloop
  endfacet
  facet normal -7.071068e-01 2.015359e-15 7.071068e-01
    outer loop
      vertex   -1.313256e+02 1.750000e+02 -3.447863e+01
      vertex   -1.423256e+02 2.979233e+02 -4.547871e+01
      vertex   -1.426923e+02 2.981380e+02 -4.584537e+01
    endloop
  endfacet
  facet normal -7.071068e-01 -5.361154e-15 7.071068e-01
    outer loop
      vertex   -1.426923e+02 2.981380e+02 -4.584537e+01
      vertex   -1.430072e+02 2.984797e+02 -4.616023e+01
      vertex   -1.313256e+02 1.750000e+02 -3.447863e+01
    endloop
  endfacet
  facet normal -7.071068e-01 1.309953e-14 7.071068e-01
    outer loop
      vertex   -1.434006e+02 2.994435e+02 -4.655371e+01
      vertex   -1.434525e+02 3.000000e+02 -4.660551e+01
      vertex   -1.667509e+02 1.750000e+02 -6.990399e+01
    endloop
  endfacet
  facet normal -7.071068e-01 6.336641e-15 7.071068e-01
    outer loop
      vertex   -1.432488e+02 3.010750e+02 -4.640184e+01
      vertex   -1.430072e+02 3.015203e+02 -4.616023e+01
      vertex   -1.667509e+02 3.500000e+02 -6.990399e+01
    endloop
  endfacet
  facet normal -7.071068e-01 -4.486354e-15 7.071068e-01
    outer loop
      vertex   -1.423256e+02 3.020767e+02 -4.547871e+01
      vertex   -1.419322e+02 3.021500e+02 -4.508523e+01
      vertex   -1.313256e+02 3.500000e+02 -3.447863e+01
    endloop
  endfacet
  facet normal -7.071068e-01 9.473282e-15 7.071068e-01
    outer loop
      vertex   -1.313256e+02 3.500000e+02 -3.447863e+01
      vertex   -1.419322e+02 3.021500e+02 -4.508523e+01
      vertex   -1.415387e+02 3.020767e+02 -4.469176e+01
    endloop
  endfacet
  facet normal -7.071068e-01 -1.110070e-15 7.071068e-01
    outer loop
      vertex   -1.313256e+02 3.500000e+02 -3.447863e+01
      vertex   -1.415387e+02 3.020767e+02 -4.469176e+01
      vertex   -1.411720e+02 3.018620e+02 -4.432509e+01
    endloop
  endfacet
  facet normal -7.071068e-01 -4.591785e-15 7.071068e-01
    outer loop
      vertex   -1.411720e+02 3.018620e+02 -4.432509e+01
      vertex   -1.408572e+02 3.015203e+02 -4.401023e+01
      vertex   -1.313256e+02 3.500000e+02 -3.447863e+01
    endloop
  endfacet
  facet normal -7.071068e-01 8.632240e-15 7.071068e-01
    outer loop
      vertex   -1.313256e+02 3.500000e+02 -3.447863e+01
      vertex   -1.408572e+02 3.015203e+02 -4.401023e+01
      vertex   -1.406156e+02 3.010750e+02 -4.376863e+01
    endloop
  endfacet
  facet normal -7.071068e-01 -1.356269e-15 7.071068e-01
    outer loop
      vertex   -1.313256e+02 3.500000e+02 -3.447863e+01
      vertex   -1.406156e+02 3.010750e+02 -4.376863e+01
      vertex   -1.404637e+02 3.005565e+02 -4.361676e+01
    endloop
  endfacet
  facet normal -7.071068e-01 1.290909e-15 7.071068e-01
    outer loop
      vertex   -1.404637e+02 3.005565e+02 -4.361676e+01
      vertex   -1.404119e+02 3.000000e+02 -4.356496e+01
      vertex   -1.313256e+02 3.500000e+02 -3.447863e+01
    endloop
  endfacet
  facet normal -7.071068e-01 0.000000e+00 -7.071068e-01
    outer loop
      vertex   -1.596799e+02 1.750000e+02 -7.697505e+01
      vertex   -1.667509e+02 1.750000e+02 -6.990399e+01
      vertex   -1.596799e+02 3.500000e+02 -7.697505e+01
    endloop
  endfacet
  facet normal -7.071068e-01 7.737417e-19 -7.071068e-01
    outer loop
      vertex   -1.596799e+02 3.500000e+02 -7.697505e+01
      vertex   -1.667509e+02 1.750000e+02 -6.990399e+01
      vertex   -1.667509e+02 3.500000e+02 -6.990399e+01
    endloop
  endfacet
  facet normal 7.071068e-01 -1.983587e-16 -7.071068e-01
    outer loop
      vertex   -1.596799e+02 1.750000e+02 -7.697505e+01
      vertex   -1.344676e+02 2.979233e+02 -5.176283e+01
      vertex   -1.031113e+02 1.750000e+02 -2.040651e+01
    endloop
  endfacet
  facet normal 7.071068e-01 -6.142923e-15 -7.071068e-01
    outer loop
      vertex   -1.031113e+02 1.750000e+02 -2.040651e+01
      vertex   -1.344676e+02 2.979233e+02 -5.176283e+01
      vertex   -1.341010e+02 2.981380e+02 -5.139616e+01
    endloop
  endfacet
  facet normal 7.071068e-01 -3.383772e-15 -7.071068e-01
    outer loop
      vertex   -1.031113e+02 1.750000e+02 -2.040651e+01
      vertex   -1.341010e+02 2.981380e+02 -5.139616e+01
      vertex   -1.337861e+02 2.984797e+02 -5.108130e+01
    endloop
  endfacet
  facet normal 7.071068e-01 0.000000e+00 -7.071068e-01
    outer loop
      vertex   -1.596799e+02 3.500000e+02 -7.697505e+01
      vertex   -1.363296e+02 2.994435e+02 -5.362478e+01
      vertex   -1.596799e+02 1.750000e+02 -7.697505e+01
    endloop
  endfacet
  facet normal 7.071068e-01 3.861341e-16 -7.071068e-01
    outer loop
      vertex   -1.596799e+02 1.750000e+02 -7.697505e+01
      vertex   -1.363296e+02 2.994435e+02 -5.362478e+01
      vertex   -1.361777e+02 2.989250e+02 -5.347290e+01
    endloop
  endfacet
  facet normal 7.071068e-01 4.121061e-15 -7.071068e-01
    outer loop
      vertex   -1.596799e+02 1.750000e+02 -7.697505e+01
      vertex   -1.361777e+02 2.989250e+02 -5.347290e+01
      vertex   -1.359361e+02 2.984797e+02 -5.323130e+01
    endloop
  endfacet
  facet normal 7.071068e-01 4.312101e-16 -7.071068e-01
    outer loop
      vertex   -1.031113e+02 3.500000e+02 -2.040651e+01
      vertex   -1.344676e+02 3.020767e+02 -5.176283e+01
      vertex   -1.596799e+02 3.500000e+02 -7.697505e+01
    endloop
  endfacet
  facet normal 7.071068e-01 1.873415e-14 -7.071068e-01
    outer loop
      vertex   -1.596799e+02 3.500000e+02 -7.697505e+01
      vertex   -1.344676e+02 3.020767e+02 -5.176283e+01
      vertex   -1.348611e+02 3.021500e+02 -5.215630e+01
    endloop
  endfacet
  facet normal 7.071068e-01 -2.457438e-15 -7.071068e-01
    outer loop
      vertex   -1.596799e+02 3.500000e+02 -7.697505e+01
      vertex   -1.348611e+02 3.021500e+02 -5.215630e+01
      vertex   -1.352546e+02 3.020767e+02 -5.254978e+01
    endloop
  endfacet
  facet normal 7.071068e-01 0.000000e+00 -7.071068e-01
    outer loop
      vertex   -1.031113e+02 1.750000e+02 -2.040651e+01
      vertex   -1.333926e+02 2.994435e+02 -5.068783e+01
      vertex   -1.031113e+02 3.500000e+02 -2.040651e+01
    endloop
  endfacet
  facet normal 7.071068e-01 -3.107438e-14 -7.071068e-01
    outer loop
      vertex   -1.031113e+02 3.500000e+02 -2.040651e+01
      vertex   -1.333926e+02 2.994435e+02 -5.068783e+01
      vertex   -1.333408e+02 3.000000e+02 -5.063602e+01
    endloop
  endfacet
  facet normal 7.071068e-01 2.421787e-14 -7.071068e-01
    outer loop
      vertex   -1.031113e+02 3.500000e+02 -2.040651e+01
      vertex   -1.333408e+02 3.000000e+02 -5.063602e+01
      vertex   -1.333926e+02 3.005565e+02 -5.068783e+01
    endloop
  endfacet
  facet normal 7.071068e-01 3.207075e-15 -7.071068e-01
    outer loop
      vertex   -1.333926e+02 3.005565e+02 -5.068783e+01
      vertex   -1.335445e+02 3.010750e+02 -5.083970e+01
      vertex   -1.031113e+02 3.500000e+02 -2.040651e+01
    endloop
  endfacet
  facet normal 7.071068e-01 -1.724618e-14 -7.071068e-01
    outer loop
      vertex   -1.031113e+02 3.500000e+02 -2.040651e+01
      vertex   -1.335445e+02 3.010750e+02 -5.083970e+01
      vertex   -1.337861e+02 3.015203e+02 -5.108130e+01
    endloop
  endfacet
  facet normal 7.071068e-01 5.554757e-15 -7.071068e-01
    outer loop
      vertex   -1.031113e+02 3.500000e+02 -2.040651e+01
      vertex   -1.337861e+02 3.015203e+02 -5.108130e+01
      vertex   -1.341010e+02 3.018620e+02 -5.139616e+01
    endloop
  endfacet
  facet normal 7.071068e-01 1.145332e-14 -7.071068e-01
    outer loop
      vertex   -1.341010e+02 3.018620e+02 -5.139616e+01
      vertex   -1.344676e+02 3.020767e+02 -5.176283e+01
      vertex   -1.031113e+02 3.500000e+02 -2.040651e+01
    endloop
  endfacet
  facet normal 7.071068e-01 -3.335544e-15 -7.071068e-01
    outer loop
      vertex   -1.352546e+02 3.020767e+02 -5.254978e+01
      vertex   -1.356212e+02 3.018620e+02 -5.291644e+01
      vertex   -1.596799e+02 3.500000e+02 -7.697505e+01
    endloop
  endfacet
  facet normal 7.071068e-01 9.965848e-15 -7.071068e-01
    outer loop
      vertex   -1.596799e+02 3.500000e+02 -7.697505e+01
      vertex   -1.356212e+02 3.018620e+02 -5.291644e+01
      vertex   -1.359361e+02 3.015203e+02 -5.323130e+01
    endloop
  endfacet
  facet normal 7.071068e-01 -5.492090e-15 -7.071068e-01
    outer loop
      vertex   -1.596799e+02 3.500000e+02 -7.697505e+01
      vertex   -1.359361e+02 3.015203e+02 -5.323130e+01
      vertex   -1.361777e+02 3.010750e+02 -5.347290e+01
    endloop
  endfacet
  facet normal 7.071068e-01 -2.563036e-15 -7.071068e-01
    outer loop
      vertex   -1.361777e+02 3.010750e+02 -5.347290e+01
      vertex   -1.363296e+02 3.005565e+02 -5.362478e+01
      vertex   -1.596799e+02 3.500000e+02 -7.697505e+01
    endloop
  endfacet
  facet normal 7.071068e-01 1.610168e-14 -7.071068e-01
    outer loop
      vertex   -1.596799e+02 3.500000e+02 -7.697505e+01
      vertex   -1.363296e+02 3.005565e+02 -5.362478e+01
      vertex   -1.363814e+02 3.000000e+02 -5.367658e+01
    endloop
  endfacet
  facet normal 7.071068e-01 -2.392859e-14 -7.071068e-01
    outer loop
      vertex   -1.596799e+02 3.500000e+02 -7.697505e+01
      vertex   -1.363814e+02 3.000000e+02 -5.367658e+01
      vertex   -1.363296e+02 2.994435e+02 -5.362478e+01
    endloop
  endfacet
  facet normal 7.071068e-01 -5.604178e-15 -7.071068e-01
    outer loop
      vertex   -1.359361e+02 2.984797e+02 -5.323130e+01
      vertex   -1.356212e+02 2.981380e+02 -5.291644e+01
      vertex   -1.596799e+02 1.750000e+02 -7.697505e+01
    endloop
  endfacet
  facet normal 7.071068e-01 1.266041e-15 -7.071068e-01
    outer loop
      vertex   -1.596799e+02 1.750000e+02 -7.697505e+01
      vertex   -1.356212e+02 2.981380e+02 -5.291644e+01
      vertex   -1.352546e+02 2.979233e+02 -5.254978e+01
    endloop
  endfacet
  facet normal 7.071068e-01 1.858424e-15 -7.071068e-01
    outer loop
      vertex   -1.596799e+02 1.750000e+02 -7.697505e+01
      vertex   -1.352546e+02 2.979233e+02 -5.254978e+01
      vertex   -1.348611e+02 2.978500e+02 -5.215630e+01
    endloop
  endfacet
  facet normal 7.071068e-01 -6.671977e-15 -7.071068e-01
    outer loop
      vertex   -1.348611e+02 2.978500e+02 -5.215630e+01
      vertex   -1.344676e+02 2.979233e+02 -5.176283e+01
      vertex   -1.596799e+02 1.750000e+02 -7.697505e+01
    endloop
  endfacet
  facet normal 7.071068e-01 9.887895e-15 -7.071068e-01
    outer loop
      vertex   -1.337861e+02 2.984797e+02 -5.108130e+01
      vertex   -1.335445e+02 2.989250e+02 -5.083970e+01
      vertex   -1.031113e+02 1.750000e+02 -2.040651e+01
    endloop
  endfacet
  facet normal 7.071068e-01 -2.045075e-15 -7.071068e-01
    outer loop
      vertex   -1.031113e+02 1.750000e+02 -2.040651e+01
      vertex   -1.335445e+02 2.989250e+02 -5.083970e+01
      vertex   -1.333926e+02 2.994435e+02 -5.068783e+01
    endloop
  endfacet
  facet normal 2.220446e-16 -1.668082e-16 -1.000000e+00
    outer loop
      vertex   -1.031113e+02 1.750000e+02 -2.040651e+01
      vertex   -5.876679e+01 2.979233e+02 -2.040651e+01
      vertex   -2.311131e+01 1.750000e+02 -2.040651e+01
    endloop
  endfacet
  facet normal -3.164862e-17 -2.403952e-16 -1.000000e+00
    outer loop
      vertex   -2.311131e+01 1.750000e+02 -2.040651e+01
      vertex   -5.876679e+01 2.979233e+02 -2.040651e+01
      vertex   -5.821033e+01 2.978500e+02 -2.040651e+01
    endloop
  endfacet
  facet normal 2.935407e-17 -2.229663e-16 -1.000000e+00
    outer loop
      vertex   -2.311131e+01 1.750000e+02 -2.040651e+01
      vertex   -5.821033e+01 2.978500e+02 -2.040651e+01
      vertex   -5.765387e+01 2.979233e+02 -2.040651e+01
    endloop
  endfacet
  facet normal -2.488810e-16 -0.000000e+00 -1.000000e+00
    outer loop
      vertex   -1.031113e+02 3.500000e+02 -2.040651e+01
      vertex   -6.028707e+01 2.994435e+02 -2.040651e+01
      vertex   -1.031113e+02 1.750000e+02 -2.040651e+01
    endloop
  endfacet
  facet normal -1.129394e-16 -4.678103e-17 -1.000000e+00
    outer loop
      vertex   -1.031113e+02 1.750000e+02 -2.040651e+01
      vertex   -6.028707e+01 2.994435e+02 -2.040651e+01
      vertex   -6.007228e+01 2.989250e+02 -2.040651e+01
    endloop
  endfacet
  facet normal -7.716020e-17 -5.920711e-17 -1.000000e+00
    outer loop
      vertex   -1.031113e+02 1.750000e+02 -2.040651e+01
      vertex   -6.007228e+01 2.989250e+02 -2.040651e+01
      vertex   -5.973061e+01 2.984797e+02 -2.040651e+01
    endloop
  endfacet
  facet normal 2.220446e-16 4.278633e-16 -1.000000e+00
    outer loop
      vertex   -2.311131e+01 3.500000e+02 -2.040651e+01
      vertex   -5.876679e+01 3.020767e+02 -2.040651e+01
      vertex   -1.031113e+02 3.500000e+02 -2.040651e+01
    endloop
  endfacet
  facet normal -6.659611e-17 1.607772e-16 -1.000000e+00
    outer loop
      vertex   -1.031113e+02 3.500000e+02 -2.040651e+01
      vertex   -5.876679e+01 3.020767e+02 -2.040651e+01
      vertex   -5.928533e+01 3.018620e+02 -2.040651e+01
    endloop
  endfacet
  facet normal -1.000194e-16 1.303479e-16 -1.000000e+00
    outer loop
      vertex   -1.031113e+02 3.500000e+02 -2.040651e+01
      vertex   -5.928533e+01 3.018620e+02 -2.040651e+01
      vertex   -5.973061e+01 3.015203e+02 -2.040651e+01
    endloop
  endfacet
  facet normal 8.606830e-16 0.000000e+00 -1.000000e+00
    outer loop
      vertex   -2.311131e+01 1.750000e+02 -2.040651e+01
      vertex   -5.613359e+01 2.994435e+02 -2.040651e+01
      vertex   -2.311131e+01 3.500000e+02 -2.040651e+01
    endloop
  endfacet
  facet normal 1.077952e-15 -1.419151e-16 -1.000000e+00
    outer loop
      vertex   -2.311131e+01 3.500000e+02 -2.040651e+01
      vertex   -5.613359e+01 2.994435e+02 -2.040651e+01
      vertex   -5.606033e+01 3.000000e+02 -2.040651e+01
    endloop
  endfacet
  facet normal 7.189610e-16 9.465302e-17 -1.000000e+00
    outer loop
      vertex   -2.311131e+01 3.500000e+02 -2.040651e+01
      vertex   -5.606033e+01 3.000000e+02 -2.040651e+01
      vertex   -5.613359e+01 3.005565e+02 -2.040651e+01
    endloop
  endfacet
  facet normal -2.160422e-16 2.844249e-17 -1.000000e+00
    outer loop
      vertex   -6.028707e+01 3.005565e+02 -2.040651e+01
      vertex   -6.036033e+01 3.000000e+02 -2.040651e+01
      vertex   -1.031113e+02 3.500000e+02 -2.040651e+01
    endloop
  endfacet
  facet normal -2.946814e-16 -3.879554e-17 -1.000000e+00
    outer loop
      vertex   -1.031113e+02 3.500000e+02 -2.040651e+01
      vertex   -6.036033e+01 3.000000e+02 -2.040651e+01
      vertex   -6.028707e+01 2.994435e+02 -2.040651e+01
    endloop
  endfacet
  facet normal -5.216840e-17 -6.798719e-17 -1.000000e+00
    outer loop
      vertex   -5.973061e+01 2.984797e+02 -2.040651e+01
      vertex   -5.928533e+01 2.981380e+02 -2.040651e+01
      vertex   -1.031113e+02 1.750000e+02 -2.040651e+01
    endloop
  endfacet
  facet normal -3.124569e-17 -7.543378e-17 -1.000000e+00
    outer loop
      vertex   -1.031113e+02 1.750000e+02 -2.040651e+01
      vertex   -5.928533e+01 2.981380e+02 -2.040651e+01
      vertex   -5.876679e+01 2.979233e+02 -2.040651e+01
    endloop
  endfacet
  facet normal 8.578700e-17 -2.071081e-16 -1.000000e+00
    outer loop
      vertex   -5.765387e+01 2.979233e+02 -2.040651e+01
      vertex   -5.713533e+01 2.981380e+02 -2.040651e+01
      vertex   -2.311131e+01 1.750000e+02 -2.040651e+01
    endloop
  endfacet
  facet normal 1.461266e-16 -1.904358e-16 -1.000000e+00
    outer loop
      vertex   -2.311131e+01 1.750000e+02 -2.040651e+01
      vertex   -5.713533e+01 2.981380e+02 -2.040651e+01
      vertex   -5.669005e+01 2.984797e+02 -2.040651e+01
    endloop
  endfacet
  facet normal 2.214770e-16 -1.699453e-16 -1.000000e+00
    outer loop
      vertex   -2.311131e+01 1.750000e+02 -2.040651e+01
      vertex   -5.669005e+01 2.984797e+02 -2.040651e+01
      vertex   -5.634837e+01 2.989250e+02 -2.040651e+01
    endloop
  endfacet
  facet normal 3.360792e-16 -1.392086e-16 -1.000000e+00
    outer loop
      vertex   -5.634837e+01 2.989250e+02 -2.040651e+01
      vertex   -5.613359e+01 2.994435e+02 -2.040651e+01
      vertex   -2.311131e+01 1.750000e+02 -2.040651e+01
    endloop
  endfacet
  facet normal 5.312225e-16 2.200396e-16 -1.000000e+00
    outer loop
      vertex   -5.613359e+01 3.005565e+02 -2.040651e+01
      vertex   -5.634837e+01 3.010750e+02 -2.040651e+01
      vertex   -2.311131e+01 3.500000e+02 -2.040651e+01
    endloop
  endfacet
  facet normal 4.015583e-16 3.081265e-16 -1.000000e+00
    outer loop
      vertex   -2.311131e+01 3.500000e+02 -2.040651e+01
      vertex   -5.634837e+01 3.010750e+02 -2.040651e+01
      vertex   -5.669005e+01 3.015203e+02 -2.040651e+01
    endloop
  endfacet
  facet normal 2.937379e-16 3.828067e-16 -1.000000e+00
    outer loop
      vertex   -2.311131e+01 3.500000e+02 -2.040651e+01
      vertex   -5.669005e+01 3.015203e+02 -2.040651e+01
      vertex   -5.713533e+01 3.018620e+02 -2.040651e+01
    endloop
  endfacet
  facet normal 1.891760e-16 4.567112e-16 -1.000000e+00
    outer loop
      vertex   -5.713533e+01 3.018620e+02 -2.040651e+01
      vertex   -5.765387e+01 3.020767e+02 -2.040651e+01
      vertex   -2.311131e+01 3.500000e+02 -2.040651e+01
    endloop
  endfacet
  facet normal 7.131174e-17 5.416664e-16 -1.000000e+00
    outer loop
      vertex   -2.311131e+01 3.500000e+02 -2.040651e+01
      vertex   -5.765387e+01 3.020767e+02 -2.040651e+01
      vertex   -5.821033e+01 3.021500e+02 -2.040651e+01
    endloop
  endfacet
  facet normal -8.655713e-17 6.574667e-16 -1.000000e+00
    outer loop
      vertex   -2.311131e+01 3.500000e+02 -2.040651e+01
      vertex   -5.821033e+01 3.021500e+02 -2.040651e+01
      vertex   -5.876679e+01 3.020767e+02 -2.040651e+01
    endloop
  endfacet
  facet normal -1.322670e-16 1.014920e-16 -1.000000e+00
    outer loop
      vertex   -5.973061e+01 3.015203e+02 -2.040651e+01
      vertex   -6.007228e+01 3.010750e+02 -2.040651e+01
      vertex   -1.031113e+02 3.500000e+02 -2.040651e+01
    endloop
  endfacet
  facet normal -1.683633e-16 6.973835e-17 -1.000000e+00
    outer loop
      vertex   -1.031113e+02 3.500000e+02 -2.040651e+01
      vertex   -6.007228e+01 3.010750e+02 -2.040651e+01
      vertex   -6.028707e+01 3.005565e+02 -2.040651e+01
    endloop
  endfacet
  facet normal 1.000000e+00 -0.000000e+00 0.000000e+00
    outer loop
      vertex   -2.311131e+01 1.750000e+02 -1.040651e+01
      vertex   -2.311131e+01 1.750000e+02 -2.040651e+01
      vertex   -2.311131e+01 3.500000e+02 -1.040651e+01
    endloop
  endfacet
  facet normal 1.000000e+00 0.000000e+00 0.000000e+00
    outer loop
      vertex   -2.311131e+01 3.500000e+02 -1.040651e+01
      vertex   -2.311131e+01 1.750000e+02 -2.040651e+01
      vertex   -2.311131e+01 3.500000e+02 -2.040651e+01
    endloop
  endfacet
  facet normal -5.318538e-16 -8.708759e-17 1.000000e+00
    outer loop
      vertex   -2.311131e+01 1.750000e+02 -1.040651e+01
      vertex   -5.669005e+01 2.984797e+02 -1.040651e+01
      vertex   -7.321033e+01 1.750000e+02 -1.040651e+01
    endloop
  endfacet
  facet normal 1.353165e-16 -1.763479e-16 1.000000e+00
    outer loop
      vertex   -7.321033e+01 1.750000e+02 -1.040651e+01
      vertex   -5.669005e+01 2.984797e+02 -1.040651e+01
      vertex   -5.713533e+01 2.981380e+02 -1.040651e+01
    endloop
  endfacet
  facet normal 6.948603e-17 -1.677541e-16 1.000000e+00
    outer loop
      vertex   -7.321033e+01 1.750000e+02 -1.040651e+01
      vertex   -5.713533e+01 2.981380e+02 -1.040651e+01
      vertex   -5.765387e+01 2.979233e+02 -1.040651e+01
    endloop
  endfacet
  facet normal -2.156492e-16 0.000000e+00 1.000000e+00
    outer loop
      vertex   -2.311131e+01 3.500000e+02 -1.040651e+01
      vertex   -5.606033e+01 3.000000e+02 -1.040651e+01
      vertex   -2.311131e+01 1.750000e+02 -1.040651e+01
    endloop
  endfacet
  facet normal -1.438183e-16 1.893404e-17 1.000000e+00
    outer loop
      vertex   -2.311131e+01 1.750000e+02 -1.040651e+01
      vertex   -5.606033e+01 3.000000e+02 -1.040651e+01
      vertex   -5.613359e+01 2.994435e+02 -1.040651e+01
    endloop
  endfacet
  facet normal -8.401981e-17 3.480214e-17 1.000000e+00
    outer loop
      vertex   -2.311131e+01 1.750000e+02 -1.040651e+01
      vertex   -5.613359e+01 2.994435e+02 -1.040651e+01
      vertex   -5.634837e+01 2.989250e+02 -1.040651e+01
    endloop
  endfacet
  facet normal -5.318538e-16 2.218155e-16 1.000000e+00
    outer loop
      vertex   -7.321033e+01 3.500000e+02 -1.040651e+01
      vertex   -5.669005e+01 3.015203e+02 -1.040651e+01
      vertex   -2.311131e+01 3.500000e+02 -1.040651e+01
    endloop
  endfacet
  facet normal -1.003896e-16 -7.703163e-17 1.000000e+00
    outer loop
      vertex   -2.311131e+01 3.500000e+02 -1.040651e+01
      vertex   -5.669005e+01 3.015203e+02 -1.040651e+01
      vertex   -5.634837e+01 3.010750e+02 -1.040651e+01
    endloop
  endfacet
  facet normal -1.328056e-16 -5.500989e-17 1.000000e+00
    outer loop
      vertex   -2.311131e+01 3.500000e+02 -1.040651e+01
      vertex   -5.634837e+01 3.010750e+02 -1.040651e+01
      vertex   -5.613359e+01 3.005565e+02 -1.040651e+01
    endloop
  endfacet
  facet normal -1.520617e-15 0.000000e+00 1.000000e+00
    outer loop
      vertex   -7.321033e+01 1.750000e+02 -1.040651e+01
      vertex   -6.036033e+01 3.000000e+02 -1.040651e+01
      vertex   -7.321033e+01 3.500000e+02 -1.040651e+01
    endloop
  endfacet
  facet normal -1.005522e-15 1.323794e-16 1.000000e+00
    outer loop
      vertex   -7.321033e+01 3.500000e+02 -1.040651e+01
      vertex   -6.036033e+01 3.000000e+02 -1.040651e+01
      vertex   -6.028707e+01 3.005565e+02 -1.040651e+01
    endloop
  endfacet
  facet normal -5.849674e-16 2.423014e-16 1.000000e+00
    outer loop
      vertex   -7.321033e+01 3.500000e+02 -1.040651e+01
      vertex   -6.028707e+01 3.005565e+02 -1.040651e+01
      vertex   -6.007228e+01 3.010750e+02 -1.040651e+01
    endloop
  endfacet
  facet normal -3.855586e-16 2.958495e-16 1.000000e+00
    outer loop
      vertex   -6.007228e+01 3.010750e+02 -1.040651e+01
      vertex   -5.973061e+01 3.015203e+02 -1.040651e+01
      vertex   -7.321033e+01 3.500000e+02 -1.040651e+01
    endloop
  endfacet
  facet normal -2.548917e-16 3.321813e-16 1.000000e+00
    outer loop
      vertex   -7.321033e+01 3.500000e+02 -1.040651e+01
      vertex   -5.973061e+01 3.015203e+02 -1.040651e+01
      vertex   -5.928533e+01 3.018620e+02 -1.040651e+01
    endloop
  endfacet
  facet normal -1.501448e-16 3.624817e-16 1.000000e+00
    outer loop
      vertex   -7.321033e+01 3.500000e+02 -1.040651e+01
      vertex   -5.928533e+01 3.018620e+02 -1.040651e+01
      vertex   -5.876679e+01 3.020767e+02 -1.040651e+01
    endloop
  endfacet
  facet normal -5.163053e-17 3.921728e-16 1.000000e+00
    outer loop
      vertex   -5.876679e+01 3.020767e+02 -1.040651e+01
      vertex   -5.821033e+01 3.021500e+02 -1.040651e+01
      vertex   -7.321033e+01 3.500000e+02 -1.040651e+01
    endloop
  endfacet
  facet normal 5.607560e-17 4.259365e-16 1.000000e+00
    outer loop
      vertex   -7.321033e+01 3.500000e+02 -1.040651e+01
      vertex   -5.821033e+01 3.021500e+02 -1.040651e+01
      vertex   -5.765387e+01 3.020767e+02 -1.040651e+01
    endloop
  endfacet
  facet normal 1.951251e-16 4.710736e-16 1.000000e+00
    outer loop
      vertex   -7.321033e+01 3.500000e+02 -1.040651e+01
      vertex   -5.765387e+01 3.020767e+02 -1.040651e+01
      vertex   -5.713533e+01 3.018620e+02 -1.040651e+01
    endloop
  endfacet
  facet normal 4.187750e-16 5.457582e-16 1.000000e+00
    outer loop
      vertex   -5.713533e+01 3.018620e+02 -1.040651e+01
      vertex   -5.669005e+01 3.015203e+02 -1.040651e+01
      vertex   -7.321033e+01 3.500000e+02 -1.040651e+01
    endloop
  endfacet
  facet normal -1.797403e-16 -2.366325e-17 1.000000e+00
    outer loop
      vertex   -5.613359e+01 3.005565e+02 -1.040651e+01
      vertex   -5.606033e+01 3.000000e+02 -1.040651e+01
      vertex   -2.311131e+01 3.500000e+02 -1.040651e+01
    endloop
  endfacet
  facet normal -5.536924e-17 4.248631e-17 1.000000e+00
    outer loop
      vertex   -5.634837e+01 2.989250e+02 -1.040651e+01
      vertex   -5.669005e+01 2.984797e+02 -1.040651e+01
      vertex   -2.311131e+01 1.750000e+02 -1.040651e+01
    endloop
  endfacet
  facet normal 2.128211e-17 -1.616537e-16 1.000000e+00
    outer loop
      vertex   -5.765387e+01 2.979233e+02 -1.040651e+01
      vertex   -5.821033e+01 2.978500e+02 -1.040651e+01
      vertex   -7.321033e+01 1.750000e+02 -1.040651e+01
    endloop
  endfacet
  facet normal -2.060873e-17 -1.565388e-16 1.000000e+00
    outer loop
      vertex   -7.321033e+01 1.750000e+02 -1.040651e+01
      vertex   -5.821033e+01 2.978500e+02 -1.040651e+01
      vertex   -5.876679e+01 2.979233e+02 -1.040651e+01
    endloop
  endfacet
  facet normal -6.278764e-17 -1.515828e-16 1.000000e+00
    outer loop
      vertex   -7.321033e+01 1.750000e+02 -1.040651e+01
      vertex   -5.876679e+01 2.979233e+02 -1.040651e+01
      vertex   -5.928533e+01 2.981380e+02 -1.040651e+01
    endloop
  endfacet
  facet normal -1.120398e-16 -1.460131e-16 1.000000e+00
    outer loop
      vertex   -5.928533e+01 2.981380e+02 -1.040651e+01
      vertex   -5.973061e+01 2.984797e+02 -1.040651e+01
      vertex   -7.321033e+01 1.750000e+02 -1.040651e+01
    endloop
  endfacet
  facet normal -1.805423e-16 -1.385350e-16 1.000000e+00
    outer loop
      vertex   -7.321033e+01 1.750000e+02 -1.040651e+01
      vertex   -5.973061e+01 2.984797e+02 -1.040651e+01
      vertex   -6.007228e+01 2.989250e+02 -1.040651e+01
    endloop
  endfacet
  facet normal -3.030881e-16 -1.255432e-16 1.000000e+00
    outer loop
      vertex   -7.321033e+01 1.750000e+02 -1.040651e+01
      vertex   -6.007228e+01 2.989250e+02 -1.040651e+01
      vertex   -6.028707e+01 2.994435e+02 -1.040651e+01
    endloop
  endfacet
  facet normal -6.667423e-16 -8.777829e-17 1.000000e+00
    outer loop
      vertex   -6.028707e+01 2.994435e+02 -1.040651e+01
      vertex   -6.036033e+01 3.000000e+02 -1.040651e+01
      vertex   -7.321033e+01 1.750000e+02 -1.040651e+01
    endloop
  endfacet
  facet normal 1.000000e+00 -0.000000e+00 0.000000e+00
    outer loop
      vertex   -7.321033e+01 1.750000e+02 -2.519094e+00
      vertex   -7.321033e+01 1.750000e+02 -1.040651e+01
      vertex   -7.321033e+01 3.500000e+02 -2.519094e+00
    endloop
  endfacet
  facet normal 1.000000e+00 0.000000e+00 0.000000e+00
    outer loop
      vertex   -7.321033e+01 3.500000e+02 -2.519094e+00
      vertex   -7.321033e+01 1.750000e+02 -1.040651e+01
      vertex   -7.321033e+01 3.500000e+02 -1.040651e+01
    endloop
  endfacet
  facet normal 0.000000e+00 -1.000000e+00 0.000000e+00
    outer loop
      vertex   -1.667509e+02 1.750000e+02 -6.990399e+01
      vertex   -1.596799e+02 1.750000e+02 -7.697505e+01
      vertex   -1.313256e+02 1.750000e+02 -3.447863e+01
    endloop
  endfacet
  facet normal 0.000000e+00 -1.000000e+00 -0.000000e+00
    outer loop
      vertex   -1.313256e+02 1.750000e+02 -3.447863e+01
      vertex   -1.596799e+02 1.750000e+02 -7.697505e+01
      vertex   -1.031113e+02 1.750000e+02 -2.040651e+01
    endloop
  endfacet
  facet normal 0.000000e+00 -1.000000e+00 0.000000e+00
    outer loop
      vertex   -1.313256e+02 1.750000e+02 -3.447863e+01
      vertex   -1.031113e+02 1.750000e+02 -2.040651e+01
      vertex   -1.354372e+02 1.750000e+02 -2.554175e+01
    endloop
  endfacet
  facet normal 0.000000e+00 -1.000000e+00 0.000000e+00
    outer loop
      vertex   -1.354372e+02 1.750000e+02 -2.554175e+01
      vertex   -1.031113e+02 1.750000e+02 -2.040651e+01
      vertex   -1.337186e+02 1.750000e+02 -2.230425e+01
    endloop
  endfacet
  facet normal 0.000000e+00 -1.000000e+00 0.000000e+00
    outer loop
      vertex   -1.337186e+02 1.750000e+02 -2.230425e+01
      vertex   -1.031113e+02 1.750000e+02 -2.040651e+01
      vertex   -1.317570e+02 1.750000e+02 -1.920791e+01
    endloop
  endfacet
  facet normal 0.000000e+00 -1.000000e+00 0.000000e+00
    outer loop
      vertex   -1.317570e+02 1.750000e+02 -1.920791e+01
      vertex   -1.031113e+02 1.750000e+02 -2.040651e+01
      vertex   -1.295640e+02 1.750000e+02 -1.627092e+01
    endloop
  endfacet
  facet normal 0.000000e+00 -1.000000e+00 0.000000e+00
    outer loop
      vertex   -1.295640e+02 1.750000e+02 -1.627092e+01
      vertex   -1.031113e+02 1.750000e+02 -2.040651e+01
      vertex   -1.271525e+02 1.750000e+02 -1.351054e+01
    endloop
  endfacet
  facet normal 0.000000e+00 -1.000000e+00 0.000000e+00
    outer loop
      vertex   -1.271525e+02 1.750000e+02 -1.351054e+01
      vertex   -1.031113e+02 1.750000e+02 -2.040651e+01
      vertex   -1.245366e+02 1.750000e+02 -1.094300e+01
    endloop
  endfacet
  facet normal 0.000000e+00 -1.000000e+00 0.000000e+00
    outer loop
      vertex   -1.245366e+02 1.750000e+02 -1.094300e+01
      vertex   -1.031113e+02 1.750000e+02 -2.040651e+01
      vertex   -1.217318e+02 1.750000e+02 -8.583375e+00
    endloop
  endfacet
  facet normal 0.000000e+00 -1.000000e+00 0.000000e+00
    outer loop
      vertex   -1.217318e+02 1.750000e+02 -8.583375e+00
      vertex   -1.031113e+02 1.750000e+02 -2.040651e+01
      vertex   -1.187544e+02 1.750000e+02 -6.445535e+00
    endloop
  endfacet
  facet normal 0.000000e+00 -1.000000e+00 0.000000e+00
    outer loop
      vertex   -1.187544e+02 1.750000e+02 -6.445535e+00
      vertex   -1.031113e+02 1.750000e+02 -2.040651e+01
      vertex   -1.156220e+02 1.750000e+02 -4.542042e+00
    endloop
  endfacet
  facet normal 0.000000e+00 -1.000000e+00 0.000000e+00
    outer loop
      vertex   -1.156220e+02 1.750000e+02 -4.542042e+00
      vertex   -1.031113e+02 1.750000e+02 -2.040651e+01
      vertex   -1.123530e+02 1.750000e+02 -2.884082e+00
    endloop
  endfacet
  facet normal 0.000000e+00 -1.000000e+00 0.000000e+00
    outer loop
      vertex   -1.123530e+02 1.750000e+02 -2.884082e+00
      vertex   -1.031113e+02 1.750000e+02 -2.040651e+01
      vertex   -1.089667e+02 1.750000e+02 -1.481398e+00
    endloop
  endfacet
  facet normal 0.000000e+00 -1.000000e+00 0.000000e+00
    outer loop
      vertex   -1.089667e+02 1.750000e+02 -1.481398e+00
      vertex   -1.031113e+02 1.750000e+02 -2.040651e+01
      vertex   -1.054828e+02 1.750000e+02 -3.422303e-01
    endloop
  endfacet
  facet normal 0.000000e+00 -1.000000e+00 0.000000e+00
    outer loop
      vertex   -1.054828e+02 1.750000e+02 -3.422303e-01
      vertex   -1.031113e+02 1.750000e+02 -2.040651e+01
      vertex   -1.019219e+02 1.750000e+02 5.267256e-01
    endloop
  endfacet
  facet normal 0.000000e+00 -1.000000e+00 -0.000000e+00
    outer loop
      vertex   -1.019219e+02 1.750000e+02 5.267256e-01
      vertex   -1.031113e+02 1.750000e+02 -2.040651e+01
      vertex   -9.830488e+01 1.750000e+02 1.120364e+00
    endloop
  endfacet
  facet normal 0.000000e+00 -1.000000e+00 -0.000000e+00
    outer loop
      vertex   -9.830488e+01 1.750000e+02 1.120364e+00
      vertex   -1.031113e+02 1.750000e+02 -2.040651e+01
      vertex   -7.321033e+01 1.750000e+02 -1.040651e+01
    endloop
  endfacet
  facet normal 0.000000e+00 -1.000000e+00 0.000000e+00
    outer loop
      vertex   -9.830488e+01 1.750000e+02 1.120364e+00
      vertex   -7.321033e+01 1.750000e+02 -1.040651e+01
      vertex   -9.465303e+01 1.750000e+02 1.435197e+00
    endloop
  endfacet
  facet normal 0.000000e+00 -1.000000e+00 0.000000e+00
    outer loop
      vertex   -9.465303e+01 1.750000e+02 1.435197e+00
      vertex   -7.321033e+01 1.750000e+02 -1.040651e+01
      vertex   -9.098780e+01 1.750000e+02 1.469373e+00
    endloop
  endfacet
  facet normal 0.000000e+00 -1.000000e+00 0.000000e+00
    outer loop
      vertex   -9.098780e+01 1.750000e+02 1.469373e+00
      vertex   -7.321033e+01 1.750000e+02 -1.040651e+01
      vertex   -8.733072e+01 1.750000e+02 1.222693e+00
    endloop
  endfacet
  facet normal 0.000000e+00 -1.000000e+00 0.000000e+00
    outer loop
      vertex   -8.733072e+01 1.750000e+02 1.222693e+00
      vertex   -7.321033e+01 1.750000e+02 -1.040651e+01
      vertex   -8.370328e+01 1.750000e+02 6.966060e-01
    endloop
  endfacet
  facet normal 0.000000e+00 -1.000000e+00 0.000000e+00
    outer loop
      vertex   -8.370328e+01 1.750000e+02 6.966060e-01
      vertex   -7.321033e+01 1.750000e+02 -1.040651e+01
      vertex   -8.012679e+01 1.750000e+02 -1.057969e-01
    endloop
  endfacet
  facet normal 0.000000e+00 -1.000000e+00 0.000000e+00
    outer loop
      vertex   -8.012679e+01 1.750000e+02 -1.057969e-01
      vertex   -7.321033e+01 1.750000e+02 -1.040651e+01
      vertex   -7.662228e+01 1.750000e+02 -1.179801e+00
    endloop
  endfacet
  facet normal 0.000000e+00 -1.000000e+00 0.000000e+00
    outer loop
      vertex   -7.662228e+01 1.750000e+02 -1.179801e+00
      vertex   -7.321033e+01 1.750000e+02 -1.040651e+01
      vertex   -7.321033e+01 1.750000e+02 -2.519094e+00
    endloop
  endfacet
  facet normal 0.000000e+00 -1.000000e+00 0.000000e+00
    outer loop
      vertex   -1.031113e+02 1.750000e+02 -2.040651e+01
      vertex   -2.311131e+01 1.750000e+02 -2.040651e+01
      vertex   -7.321033e+01 1.750000e+02 -1.040651e+01
    endloop
  endfacet
  facet normal 0.000000e+00 -1.000000e+00 0.000000e+00
    outer loop
      vertex   -7.321033e+01 1.750000e+02 -1.040651e+01
      vertex   -2.311131e+01 1.750000e+02 -2.040651e+01
      vertex   -2.311131e+01 1.750000e+02 -1.040651e+01
    endloop
  endfacet
  facet normal 0.000000e+00 -1.000000e+00 -0.000000e+00
    outer loop
      vertex   -1.354372e+02 1.750000e+02 -2.554175e+01
      vertex   -1.369028e+02 1.750000e+02 -2.890139e+01
      vertex   -1.313256e+02 1.750000e+02 -3.447863e+01
    endloop
  endfacet
endsolid
