ISO-10303-21;
HEADER;
/* Generated by software containing ST-Developer
 * from STEP Tools, Inc. (www.steptools.com) 
 */

FILE_DESCRIPTION(
/* description */ (''),
/* implementation_level */ '2;1');

FILE_NAME(
/* name */ '25eaf10d-8b51-486f-a52a-da1e71d456e4.stp',
/* time_stamp */ '2026-08-07T12:49:20Z',
/* author */ (''),
/* organization */ (''),
/* preprocessor_version */ 'ST-DEVELOPER v20.2',
/* originating_system */ 'Autodesk Translation Framework v15.15.0.0',
/* authorisation */ '');

FILE_SCHEMA (('AUTOMOTIVE_DESIGN { 1 0 10303 214 3 1 1 }'));
ENDSEC;

DATA;
#10=MECHANICAL_DESIGN_GEOMETRIC_PRESENTATION_REPRESENTATION('',(#13),#2223);
#11=SHAPE_REPRESENTATION_RELATIONSHIP('SRR','None',#2230,#12);
#12=ADVANCED_BREP_SHAPE_REPRESENTATION('',(#14),#2222);
#13=STYLED_ITEM('',(#2239),#14);
#14=MANIFOLD_SOLID_BREP('Body14',#1345);
#15=ELLIPSE('',#1365,5.90528515636443,5.);
#16=ELLIPSE('',#1369,5.90528515636443,5.);
#17=ELLIPSE('',#1371,5.90528515636443,5.);
#18=ELLIPSE('',#1372,9.39722586390854,5.);
#19=ELLIPSE('',#1373,5.90528515636443,5.);
#20=ELLIPSE('',#1376,5.90528515636442,5.);
#21=ELLIPSE('',#1377,9.39722586390853,5.);
#22=ELLIPSE('',#1378,5.90528515636442,5.);
#23=ELLIPSE('',#1400,4.08055583730219,3.455003212592);
#24=ELLIPSE('',#1407,4.07202303822763,3.44777849875633);
#25=ELLIPSE('',#1409,9.39722586390854,5.);
#26=ELLIPSE('',#1417,5.90528515636443,5.);
#27=ELLIPSE('',#1419,5.90528515636443,5.);
#28=ELLIPSE('',#1423,5.90528515636443,5.);
#29=ELLIPSE('',#1425,5.90528515636443,5.);
#30=ELLIPSE('',#1428,5.90528515636442,5.);
#31=ELLIPSE('',#1430,5.90528515636442,5.);
#32=ELLIPSE('',#1431,9.39722586390853,5.);
#33=ELLIPSE('',#1453,4.08055583730219,3.455003212592);
#34=ELLIPSE('',#1460,4.07202303822763,3.44777849875633);
#35=CYLINDRICAL_SURFACE('',#1364,5.);
#36=CYLINDRICAL_SURFACE('',#1368,5.00000000000001);
#37=CYLINDRICAL_SURFACE('',#1375,5.);
#38=CYLINDRICAL_SURFACE('',#1398,1.49999999999999);
#39=CYLINDRICAL_SURFACE('',#1399,3.455003212592);
#40=CYLINDRICAL_SURFACE('',#1405,1.5);
#41=CYLINDRICAL_SURFACE('',#1406,3.44777849875633);
#42=CYLINDRICAL_SURFACE('',#1418,5.);
#43=CYLINDRICAL_SURFACE('',#1422,5.00000000000001);
#44=CYLINDRICAL_SURFACE('',#1427,5.);
#45=CYLINDRICAL_SURFACE('',#1451,1.49999999999999);
#46=CYLINDRICAL_SURFACE('',#1452,3.455003212592);
#47=CYLINDRICAL_SURFACE('',#1458,1.5);
#48=CYLINDRICAL_SURFACE('',#1459,3.44777849875633);
#49=FACE_BOUND('',#122,.T.);
#50=FACE_BOUND('',#123,.T.);
#51=FACE_BOUND('',#144,.T.);
#52=FACE_BOUND('',#149,.T.);
#53=FACE_BOUND('',#156,.T.);
#54=FACE_BOUND('',#157,.T.);
#55=FACE_BOUND('',#180,.T.);
#56=FACE_BOUND('',#185,.T.);
#57=FACE_OUTER_BOUND('',#121,.T.);
#58=FACE_OUTER_BOUND('',#124,.T.);
#59=FACE_OUTER_BOUND('',#125,.T.);
#60=FACE_OUTER_BOUND('',#126,.T.);
#61=FACE_OUTER_BOUND('',#127,.T.);
#62=FACE_OUTER_BOUND('',#128,.T.);
#63=FACE_OUTER_BOUND('',#129,.T.);
#64=FACE_OUTER_BOUND('',#130,.T.);
#65=FACE_OUTER_BOUND('',#131,.T.);
#66=FACE_OUTER_BOUND('',#132,.T.);
#67=FACE_OUTER_BOUND('',#133,.T.);
#68=FACE_OUTER_BOUND('',#134,.T.);
#69=FACE_OUTER_BOUND('',#135,.T.);
#70=FACE_OUTER_BOUND('',#136,.T.);
#71=FACE_OUTER_BOUND('',#137,.T.);
#72=FACE_OUTER_BOUND('',#138,.T.);
#73=FACE_OUTER_BOUND('',#139,.T.);
#74=FACE_OUTER_BOUND('',#140,.T.);
#75=FACE_OUTER_BOUND('',#141,.T.);
#76=FACE_OUTER_BOUND('',#142,.T.);
#77=FACE_OUTER_BOUND('',#143,.T.);
#78=FACE_OUTER_BOUND('',#145,.T.);
#79=FACE_OUTER_BOUND('',#146,.T.);
#80=FACE_OUTER_BOUND('',#147,.T.);
#81=FACE_OUTER_BOUND('',#148,.T.);
#82=FACE_OUTER_BOUND('',#150,.T.);
#83=FACE_OUTER_BOUND('',#151,.T.);
#84=FACE_OUTER_BOUND('',#152,.T.);
#85=FACE_OUTER_BOUND('',#153,.T.);
#86=FACE_OUTER_BOUND('',#154,.T.);
#87=FACE_OUTER_BOUND('',#155,.T.);
#88=FACE_OUTER_BOUND('',#158,.T.);
#89=FACE_OUTER_BOUND('',#159,.T.);
#90=FACE_OUTER_BOUND('',#160,.T.);
#91=FACE_OUTER_BOUND('',#161,.T.);
#92=FACE_OUTER_BOUND('',#162,.T.);
#93=FACE_OUTER_BOUND('',#163,.T.);
#94=FACE_OUTER_BOUND('',#164,.T.);
#95=FACE_OUTER_BOUND('',#165,.T.);
#96=FACE_OUTER_BOUND('',#166,.T.);
#97=FACE_OUTER_BOUND('',#167,.T.);
#98=FACE_OUTER_BOUND('',#168,.T.);
#99=FACE_OUTER_BOUND('',#169,.T.);
#100=FACE_OUTER_BOUND('',#170,.T.);
#101=FACE_OUTER_BOUND('',#171,.T.);
#102=FACE_OUTER_BOUND('',#172,.T.);
#103=FACE_OUTER_BOUND('',#173,.T.);
#104=FACE_OUTER_BOUND('',#174,.T.);
#105=FACE_OUTER_BOUND('',#175,.T.);
#106=FACE_OUTER_BOUND('',#176,.T.);
#107=FACE_OUTER_BOUND('',#177,.T.);
#108=FACE_OUTER_BOUND('',#178,.T.);
#109=FACE_OUTER_BOUND('',#179,.T.);
#110=FACE_OUTER_BOUND('',#181,.T.);
#111=FACE_OUTER_BOUND('',#182,.T.);
#112=FACE_OUTER_BOUND('',#183,.T.);
#113=FACE_OUTER_BOUND('',#184,.T.);
#114=FACE_OUTER_BOUND('',#186,.T.);
#115=FACE_OUTER_BOUND('',#187,.T.);
#116=FACE_OUTER_BOUND('',#188,.T.);
#117=FACE_OUTER_BOUND('',#189,.T.);
#118=FACE_OUTER_BOUND('',#190,.T.);
#119=FACE_OUTER_BOUND('',#191,.T.);
#120=FACE_OUTER_BOUND('',#192,.T.);
#121=EDGE_LOOP('',(#843,#844,#845,#846,#847,#848,#849));
#122=EDGE_LOOP('',(#850));
#123=EDGE_LOOP('',(#851));
#124=EDGE_LOOP('',(#852,#853,#854));
#125=EDGE_LOOP('',(#855,#856,#857,#858));
#126=EDGE_LOOP('',(#859,#860,#861,#862,#863,#864,#865,#866));
#127=EDGE_LOOP('',(#867,#868,#869,#870));
#128=EDGE_LOOP('',(#871,#872,#873,#874,#875,#876,#877,#878,#879));
#129=EDGE_LOOP('',(#880,#881,#882,#883,#884));
#130=EDGE_LOOP('',(#885,#886,#887,#888,#889,#890,#891,#892,#893,#894));
#131=EDGE_LOOP('',(#895,#896,#897));
#132=EDGE_LOOP('',(#898,#899,#900,#901));
#133=EDGE_LOOP('',(#902,#903,#904,#905));
#134=EDGE_LOOP('',(#906,#907,#908,#909));
#135=EDGE_LOOP('',(#910,#911,#912,#913));
#136=EDGE_LOOP('',(#914,#915,#916,#917));
#137=EDGE_LOOP('',(#918,#919,#920,#921,#922,#923,#924,#925,#926,#927));
#138=EDGE_LOOP('',(#928,#929,#930,#931));
#139=EDGE_LOOP('',(#932,#933,#934,#935));
#140=EDGE_LOOP('',(#936,#937,#938,#939));
#141=EDGE_LOOP('',(#940,#941,#942,#943));
#142=EDGE_LOOP('',(#944,#945,#946,#947));
#143=EDGE_LOOP('',(#948,#949,#950,#951));
#144=EDGE_LOOP('',(#952));
#145=EDGE_LOOP('',(#953,#954,#955,#956));
#146=EDGE_LOOP('',(#957,#958,#959,#960));
#147=EDGE_LOOP('',(#961,#962,#963,#964));
#148=EDGE_LOOP('',(#965,#966,#967,#968,#969,#970));
#149=EDGE_LOOP('',(#971));
#150=EDGE_LOOP('',(#972,#973,#974,#975));
#151=EDGE_LOOP('',(#976,#977,#978,#979));
#152=EDGE_LOOP('',(#980,#981,#982,#983));
#153=EDGE_LOOP('',(#984,#985,#986,#987));
#154=EDGE_LOOP('',(#988,#989,#990,#991));
#155=EDGE_LOOP('',(#992,#993,#994,#995,#996,#997,#998));
#156=EDGE_LOOP('',(#999));
#157=EDGE_LOOP('',(#1000));
#158=EDGE_LOOP('',(#1001,#1002,#1003,#1004,#1005,#1006,#1007,#1008,#1009,
#1010,#1011,#1012,#1013,#1014,#1015,#1016));
#159=EDGE_LOOP('',(#1017,#1018,#1019));
#160=EDGE_LOOP('',(#1020,#1021,#1022,#1023));
#161=EDGE_LOOP('',(#1024,#1025,#1026,#1027,#1028,#1029,#1030,#1031));
#162=EDGE_LOOP('',(#1032,#1033,#1034,#1035));
#163=EDGE_LOOP('',(#1036,#1037,#1038,#1039,#1040,#1041,#1042,#1043,#1044));
#164=EDGE_LOOP('',(#1045,#1046,#1047,#1048,#1049));
#165=EDGE_LOOP('',(#1050,#1051,#1052,#1053,#1054,#1055,#1056,#1057,#1058,
#1059));
#166=EDGE_LOOP('',(#1060,#1061,#1062));
#167=EDGE_LOOP('',(#1063,#1064,#1065,#1066));
#168=EDGE_LOOP('',(#1067,#1068,#1069,#1070));
#169=EDGE_LOOP('',(#1071,#1072,#1073,#1074));
#170=EDGE_LOOP('',(#1075,#1076,#1077,#1078));
#171=EDGE_LOOP('',(#1079,#1080,#1081,#1082));
#172=EDGE_LOOP('',(#1083,#1084,#1085,#1086,#1087,#1088,#1089,#1090,#1091,
#1092));
#173=EDGE_LOOP('',(#1093,#1094,#1095,#1096));
#174=EDGE_LOOP('',(#1097,#1098,#1099,#1100));
#175=EDGE_LOOP('',(#1101,#1102,#1103,#1104));
#176=EDGE_LOOP('',(#1105,#1106,#1107,#1108));
#177=EDGE_LOOP('',(#1109,#1110,#1111,#1112,#1113,#1114,#1115,#1116,#1117,
#1118,#1119,#1120,#1121,#1122,#1123,#1124));
#178=EDGE_LOOP('',(#1125,#1126,#1127,#1128));
#179=EDGE_LOOP('',(#1129,#1130,#1131,#1132));
#180=EDGE_LOOP('',(#1133));
#181=EDGE_LOOP('',(#1134,#1135,#1136,#1137));
#182=EDGE_LOOP('',(#1138,#1139,#1140,#1141));
#183=EDGE_LOOP('',(#1142,#1143,#1144,#1145));
#184=EDGE_LOOP('',(#1146,#1147,#1148,#1149,#1150,#1151));
#185=EDGE_LOOP('',(#1152));
#186=EDGE_LOOP('',(#1153,#1154,#1155,#1156));
#187=EDGE_LOOP('',(#1157,#1158,#1159,#1160));
#188=EDGE_LOOP('',(#1161,#1162,#1163,#1164));
#189=EDGE_LOOP('',(#1165,#1166,#1167,#1168));
#190=EDGE_LOOP('',(#1169,#1170,#1171,#1172,#1173,#1174,#1175,#1176,#1177,
#1178,#1179,#1180,#1181,#1182,#1183,#1184,#1185,#1186,#1187,#1188,#1189,
#1190,#1191,#1192,#1193,#1194,#1195,#1196,#1197,#1198));
#191=EDGE_LOOP('',(#1199,#1200,#1201,#1202));
#192=EDGE_LOOP('',(#1203,#1204,#1205,#1206,#1207,#1208,#1209,#1210,#1211,
#1212,#1213,#1214,#1215,#1216,#1217,#1218,#1219,#1220,#1221,#1222,#1223,
#1224,#1225,#1226,#1227,#1228,#1229,#1230));
#193=LINE('',#1837,#345);
#194=LINE('',#1839,#346);
#195=LINE('',#1841,#347);
#196=LINE('',#1845,#348);
#197=LINE('',#1846,#349);
#198=LINE('',#1857,#350);
#199=LINE('',#1861,#351);
#200=LINE('',#1863,#352);
#201=LINE('',#1865,#353);
#202=LINE('',#1866,#354);
#203=LINE('',#1869,#355);
#204=LINE('',#1881,#356);
#205=LINE('',#1883,#357);
#206=LINE('',#1885,#358);
#207=LINE('',#1886,#359);
#208=LINE('',#1891,#360);
#209=LINE('',#1895,#361);
#210=LINE('',#1899,#362);
#211=LINE('',#1902,#363);
#212=LINE('',#1904,#364);
#213=LINE('',#1905,#365);
#214=LINE('',#1908,#366);
#215=LINE('',#1910,#367);
#216=LINE('',#1912,#368);
#217=LINE('',#1914,#369);
#218=LINE('',#1916,#370);
#219=LINE('',#1917,#371);
#220=LINE('',#1919,#372);
#221=LINE('',#1923,#373);
#222=LINE('',#1924,#374);
#223=LINE('',#1925,#375);
#224=LINE('',#1928,#376);
#225=LINE('',#1929,#377);
#226=LINE('',#1933,#378);
#227=LINE('',#1935,#379);
#228=LINE('',#1937,#380);
#229=LINE('',#1938,#381);
#230=LINE('',#1942,#382);
#231=LINE('',#1943,#383);
#232=LINE('',#1944,#384);
#233=LINE('',#1948,#385);
#234=LINE('',#1949,#386);
#235=LINE('',#1950,#387);
#236=LINE('',#1953,#388);
#237=LINE('',#1955,#389);
#238=LINE('',#1956,#390);
#239=LINE('',#1957,#391);
#240=LINE('',#1958,#392);
#241=LINE('',#1962,#393);
#242=LINE('',#1964,#394);
#243=LINE('',#1966,#395);
#244=LINE('',#1967,#396);
#245=LINE('',#1971,#397);
#246=LINE('',#1973,#398);
#247=LINE('',#1975,#399);
#248=LINE('',#1976,#400);
#249=LINE('',#1978,#401);
#250=LINE('',#1979,#402);
#251=LINE('',#1981,#403);
#252=LINE('',#1982,#404);
#253=LINE('',#1986,#405);
#254=LINE('',#1987,#406);
#255=LINE('',#1988,#407);
#256=LINE('',#1992,#408);
#257=LINE('',#1997,#409);
#258=LINE('',#1998,#410);
#259=LINE('',#2000,#411);
#260=LINE('',#2006,#412);
#261=LINE('',#2007,#413);
#262=LINE('',#2012,#414);
#263=LINE('',#2013,#415);
#264=LINE('',#2015,#416);
#265=LINE('',#2020,#417);
#266=LINE('',#2023,#418);
#267=LINE('',#2026,#419);
#268=LINE('',#2028,#420);
#269=LINE('',#2029,#421);
#270=LINE('',#2035,#422);
#271=LINE('',#2037,#423);
#272=LINE('',#2041,#424);
#273=LINE('',#2043,#425);
#274=LINE('',#2044,#426);
#275=LINE('',#2052,#427);
#276=LINE('',#2054,#428);
#277=LINE('',#2056,#429);
#278=LINE('',#2058,#430);
#279=LINE('',#2060,#431);
#280=LINE('',#2061,#432);
#281=LINE('',#2067,#433);
#282=LINE('',#2072,#434);
#283=LINE('',#2074,#435);
#284=LINE('',#2076,#436);
#285=LINE('',#2077,#437);
#286=LINE('',#2080,#438);
#287=LINE('',#2088,#439);
#288=LINE('',#2090,#440);
#289=LINE('',#2092,#441);
#290=LINE('',#2093,#442);
#291=LINE('',#2099,#443);
#292=LINE('',#2104,#444);
#293=LINE('',#2106,#445);
#294=LINE('',#2109,#446);
#295=LINE('',#2111,#447);
#296=LINE('',#2112,#448);
#297=LINE('',#2115,#449);
#298=LINE('',#2117,#450);
#299=LINE('',#2119,#451);
#300=LINE('',#2120,#452);
#301=LINE('',#2121,#453);
#302=LINE('',#2123,#454);
#303=LINE('',#2127,#455);
#304=LINE('',#2128,#456);
#305=LINE('',#2129,#457);
#306=LINE('',#2132,#458);
#307=LINE('',#2133,#459);
#308=LINE('',#2137,#460);
#309=LINE('',#2139,#461);
#310=LINE('',#2141,#462);
#311=LINE('',#2142,#463);
#312=LINE('',#2146,#464);
#313=LINE('',#2147,#465);
#314=LINE('',#2148,#466);
#315=LINE('',#2152,#467);
#316=LINE('',#2153,#468);
#317=LINE('',#2154,#469);
#318=LINE('',#2156,#470);
#319=LINE('',#2157,#471);
#320=LINE('',#2159,#472);
#321=LINE('',#2160,#473);
#322=LINE('',#2163,#474);
#323=LINE('',#2165,#475);
#324=LINE('',#2166,#476);
#325=LINE('',#2169,#477);
#326=LINE('',#2171,#478);
#327=LINE('',#2172,#479);
#328=LINE('',#2174,#480);
#329=LINE('',#2176,#481);
#330=LINE('',#2179,#482);
#331=LINE('',#2180,#483);
#332=LINE('',#2183,#484);
#333=LINE('',#2184,#485);
#334=LINE('',#2188,#486);
#335=LINE('',#2193,#487);
#336=LINE('',#2194,#488);
#337=LINE('',#2196,#489);
#338=LINE('',#2202,#490);
#339=LINE('',#2203,#491);
#340=LINE('',#2208,#492);
#341=LINE('',#2209,#493);
#342=LINE('',#2211,#494);
#343=LINE('',#2215,#495);
#344=LINE('',#2218,#496);
#345=VECTOR('',#1471,10.);
#346=VECTOR('',#1472,10.);
#347=VECTOR('',#1473,10.);
#348=VECTOR('',#1476,10.);
#349=VECTOR('',#1477,10.);
#350=VECTOR('',#1488,10.);
#351=VECTOR('',#1491,10.);
#352=VECTOR('',#1492,10.);
#353=VECTOR('',#1493,10.);
#354=VECTOR('',#1494,10.);
#355=VECTOR('',#1497,10.);
#356=VECTOR('',#1510,10.);
#357=VECTOR('',#1511,10.);
#358=VECTOR('',#1512,10.);
#359=VECTOR('',#1513,10.);
#360=VECTOR('',#1518,10.);
#361=VECTOR('',#1521,10.);
#362=VECTOR('',#1526,10.);
#363=VECTOR('',#1529,10.);
#364=VECTOR('',#1530,10.);
#365=VECTOR('',#1531,10.);
#366=VECTOR('',#1534,10.);
#367=VECTOR('',#1535,10.);
#368=VECTOR('',#1536,10.);
#369=VECTOR('',#1537,10.);
#370=VECTOR('',#1538,10.);
#371=VECTOR('',#1539,10.);
#372=VECTOR('',#1542,10.);
#373=VECTOR('',#1545,10.);
#374=VECTOR('',#1546,10.);
#375=VECTOR('',#1547,10.);
#376=VECTOR('',#1550,10.);
#377=VECTOR('',#1551,10.);
#378=VECTOR('',#1554,10.);
#379=VECTOR('',#1555,10.);
#380=VECTOR('',#1556,10.);
#381=VECTOR('',#1557,10.);
#382=VECTOR('',#1560,10.);
#383=VECTOR('',#1561,10.);
#384=VECTOR('',#1562,10.);
#385=VECTOR('',#1565,10.);
#386=VECTOR('',#1566,10.);
#387=VECTOR('',#1567,10.);
#388=VECTOR('',#1570,10.);
#389=VECTOR('',#1571,10.);
#390=VECTOR('',#1572,10.);
#391=VECTOR('',#1573,10.);
#392=VECTOR('',#1574,10.);
#393=VECTOR('',#1577,10.);
#394=VECTOR('',#1578,10.);
#395=VECTOR('',#1579,10.);
#396=VECTOR('',#1580,10.);
#397=VECTOR('',#1583,10.);
#398=VECTOR('',#1584,10.);
#399=VECTOR('',#1585,10.);
#400=VECTOR('',#1586,10.);
#401=VECTOR('',#1589,10.);
#402=VECTOR('',#1590,10.);
#403=VECTOR('',#1593,10.);
#404=VECTOR('',#1594,10.);
#405=VECTOR('',#1597,10.);
#406=VECTOR('',#1598,10.);
#407=VECTOR('',#1599,10.);
#408=VECTOR('',#1604,10.);
#409=VECTOR('',#1609,10.);
#410=VECTOR('',#1610,10.);
#411=VECTOR('',#1613,1.49999999999999);
#412=VECTOR('',#1622,10.);
#413=VECTOR('',#1623,10.);
#414=VECTOR('',#1628,10.);
#415=VECTOR('',#1629,10.);
#416=VECTOR('',#1632,1.5);
#417=VECTOR('',#1639,10.);
#418=VECTOR('',#1642,10.);
#419=VECTOR('',#1645,10.);
#420=VECTOR('',#1646,10.);
#421=VECTOR('',#1647,10.);
#422=VECTOR('',#1652,10.);
#423=VECTOR('',#1653,10.);
#424=VECTOR('',#1656,10.);
#425=VECTOR('',#1657,10.);
#426=VECTOR('',#1658,10.);
#427=VECTOR('',#1667,10.);
#428=VECTOR('',#1668,10.);
#429=VECTOR('',#1669,10.);
#430=VECTOR('',#1670,10.);
#431=VECTOR('',#1671,10.);
#432=VECTOR('',#1672,10.);
#433=VECTOR('',#1677,10.);
#434=VECTOR('',#1682,10.);
#435=VECTOR('',#1683,10.);
#436=VECTOR('',#1684,10.);
#437=VECTOR('',#1685,10.);
#438=VECTOR('',#1688,10.);
#439=VECTOR('',#1697,10.);
#440=VECTOR('',#1698,10.);
#441=VECTOR('',#1699,10.);
#442=VECTOR('',#1700,10.);
#443=VECTOR('',#1705,10.);
#444=VECTOR('',#1710,10.);
#445=VECTOR('',#1713,10.);
#446=VECTOR('',#1716,10.);
#447=VECTOR('',#1717,10.);
#448=VECTOR('',#1718,10.);
#449=VECTOR('',#1721,10.);
#450=VECTOR('',#1722,10.);
#451=VECTOR('',#1723,10.);
#452=VECTOR('',#1724,10.);
#453=VECTOR('',#1725,10.);
#454=VECTOR('',#1728,10.);
#455=VECTOR('',#1731,10.);
#456=VECTOR('',#1732,10.);
#457=VECTOR('',#1733,10.);
#458=VECTOR('',#1736,10.);
#459=VECTOR('',#1737,10.);
#460=VECTOR('',#1740,10.);
#461=VECTOR('',#1741,10.);
#462=VECTOR('',#1742,10.);
#463=VECTOR('',#1743,10.);
#464=VECTOR('',#1746,10.);
#465=VECTOR('',#1747,10.);
#466=VECTOR('',#1748,10.);
#467=VECTOR('',#1751,10.);
#468=VECTOR('',#1752,10.);
#469=VECTOR('',#1753,10.);
#470=VECTOR('',#1756,10.);
#471=VECTOR('',#1757,10.);
#472=VECTOR('',#1758,10.);
#473=VECTOR('',#1759,10.);
#474=VECTOR('',#1762,10.);
#475=VECTOR('',#1763,10.);
#476=VECTOR('',#1764,10.);
#477=VECTOR('',#1767,10.);
#478=VECTOR('',#1768,10.);
#479=VECTOR('',#1769,10.);
#480=VECTOR('',#1772,10.);
#481=VECTOR('',#1775,10.);
#482=VECTOR('',#1778,10.);
#483=VECTOR('',#1779,10.);
#484=VECTOR('',#1782,10.);
#485=VECTOR('',#1783,10.);
#486=VECTOR('',#1788,10.);
#487=VECTOR('',#1793,10.);
#488=VECTOR('',#1794,10.);
#489=VECTOR('',#1797,1.49999999999999);
#490=VECTOR('',#1806,10.);
#491=VECTOR('',#1807,10.);
#492=VECTOR('',#1812,10.);
#493=VECTOR('',#1813,10.);
#494=VECTOR('',#1816,1.5);
#495=VECTOR('',#1823,10.);
#496=VECTOR('',#1828,10.);
#497=CIRCLE('',#1360,5.);
#498=CIRCLE('',#1361,5.);
#499=CIRCLE('',#1362,1.5);
#500=CIRCLE('',#1363,1.49999999999999);
#501=CIRCLE('',#1366,5.);
#502=CIRCLE('',#1370,5.);
#503=CIRCLE('',#1379,5.);
#504=CIRCLE('',#1395,3.455003212592);
#505=CIRCLE('',#1396,1.49999999999999);
#506=CIRCLE('',#1402,3.44777849875633);
#507=CIRCLE('',#1403,1.5);
#508=CIRCLE('',#1412,5.);
#509=CIRCLE('',#1413,5.);
#510=CIRCLE('',#1414,1.5);
#511=CIRCLE('',#1415,1.49999999999999);
#512=CIRCLE('',#1420,5.);
#513=CIRCLE('',#1424,5.);
#514=CIRCLE('',#1429,5.);
#515=CIRCLE('',#1448,3.455003212592);
#516=CIRCLE('',#1449,1.49999999999999);
#517=CIRCLE('',#1455,3.44777849875633);
#518=CIRCLE('',#1456,1.5);
#519=VERTEX_POINT('',#1833);
#520=VERTEX_POINT('',#1834);
#521=VERTEX_POINT('',#1836);
#522=VERTEX_POINT('',#1838);
#523=VERTEX_POINT('',#1840);
#524=VERTEX_POINT('',#1842);
#525=VERTEX_POINT('',#1844);
#526=VERTEX_POINT('',#1847);
#527=VERTEX_POINT('',#1849);
#528=VERTEX_POINT('',#1852);
#529=VERTEX_POINT('',#1853);
#530=VERTEX_POINT('',#1855);
#531=VERTEX_POINT('',#1859);
#532=VERTEX_POINT('',#1860);
#533=VERTEX_POINT('',#1862);
#534=VERTEX_POINT('',#1864);
#535=VERTEX_POINT('',#1868);
#536=VERTEX_POINT('',#1871);
#537=VERTEX_POINT('',#1873);
#538=VERTEX_POINT('',#1875);
#539=VERTEX_POINT('',#1879);
#540=VERTEX_POINT('',#1880);
#541=VERTEX_POINT('',#1882);
#542=VERTEX_POINT('',#1884);
#543=VERTEX_POINT('',#1888);
#544=VERTEX_POINT('',#1889);
#545=VERTEX_POINT('',#1892);
#546=VERTEX_POINT('',#1894);
#547=VERTEX_POINT('',#1897);
#548=VERTEX_POINT('',#1901);
#549=VERTEX_POINT('',#1903);
#550=VERTEX_POINT('',#1907);
#551=VERTEX_POINT('',#1909);
#552=VERTEX_POINT('',#1911);
#553=VERTEX_POINT('',#1913);
#554=VERTEX_POINT('',#1915);
#555=VERTEX_POINT('',#1921);
#556=VERTEX_POINT('',#1922);
#557=VERTEX_POINT('',#1927);
#558=VERTEX_POINT('',#1931);
#559=VERTEX_POINT('',#1932);
#560=VERTEX_POINT('',#1934);
#561=VERTEX_POINT('',#1936);
#562=VERTEX_POINT('',#1940);
#563=VERTEX_POINT('',#1941);
#564=VERTEX_POINT('',#1946);
#565=VERTEX_POINT('',#1947);
#566=VERTEX_POINT('',#1952);
#567=VERTEX_POINT('',#1954);
#568=VERTEX_POINT('',#1960);
#569=VERTEX_POINT('',#1961);
#570=VERTEX_POINT('',#1963);
#571=VERTEX_POINT('',#1965);
#572=VERTEX_POINT('',#1969);
#573=VERTEX_POINT('',#1970);
#574=VERTEX_POINT('',#1972);
#575=VERTEX_POINT('',#1974);
#576=VERTEX_POINT('',#1984);
#577=VERTEX_POINT('',#1985);
#578=VERTEX_POINT('',#1990);
#579=VERTEX_POINT('',#1993);
#580=VERTEX_POINT('',#1996);
#581=VERTEX_POINT('',#2004);
#582=VERTEX_POINT('',#2008);
#583=VERTEX_POINT('',#2011);
#584=VERTEX_POINT('',#2019);
#585=VERTEX_POINT('',#2021);
#586=VERTEX_POINT('',#2025);
#587=VERTEX_POINT('',#2027);
#588=VERTEX_POINT('',#2031);
#589=VERTEX_POINT('',#2032);
#590=VERTEX_POINT('',#2034);
#591=VERTEX_POINT('',#2036);
#592=VERTEX_POINT('',#2038);
#593=VERTEX_POINT('',#2040);
#594=VERTEX_POINT('',#2042);
#595=VERTEX_POINT('',#2045);
#596=VERTEX_POINT('',#2047);
#597=VERTEX_POINT('',#2051);
#598=VERTEX_POINT('',#2053);
#599=VERTEX_POINT('',#2055);
#600=VERTEX_POINT('',#2057);
#601=VERTEX_POINT('',#2059);
#602=VERTEX_POINT('',#2063);
#603=VERTEX_POINT('',#2064);
#604=VERTEX_POINT('',#2066);
#605=VERTEX_POINT('',#2070);
#606=VERTEX_POINT('',#2071);
#607=VERTEX_POINT('',#2073);
#608=VERTEX_POINT('',#2075);
#609=VERTEX_POINT('',#2079);
#610=VERTEX_POINT('',#2081);
#611=VERTEX_POINT('',#2086);
#612=VERTEX_POINT('',#2087);
#613=VERTEX_POINT('',#2089);
#614=VERTEX_POINT('',#2091);
#615=VERTEX_POINT('',#2095);
#616=VERTEX_POINT('',#2096);
#617=VERTEX_POINT('',#2098);
#618=VERTEX_POINT('',#2101);
#619=VERTEX_POINT('',#2103);
#620=VERTEX_POINT('',#2108);
#621=VERTEX_POINT('',#2110);
#622=VERTEX_POINT('',#2114);
#623=VERTEX_POINT('',#2116);
#624=VERTEX_POINT('',#2118);
#625=VERTEX_POINT('',#2125);
#626=VERTEX_POINT('',#2126);
#627=VERTEX_POINT('',#2131);
#628=VERTEX_POINT('',#2135);
#629=VERTEX_POINT('',#2136);
#630=VERTEX_POINT('',#2138);
#631=VERTEX_POINT('',#2140);
#632=VERTEX_POINT('',#2144);
#633=VERTEX_POINT('',#2145);
#634=VERTEX_POINT('',#2150);
#635=VERTEX_POINT('',#2151);
#636=VERTEX_POINT('',#2158);
#637=VERTEX_POINT('',#2162);
#638=VERTEX_POINT('',#2164);
#639=VERTEX_POINT('',#2168);
#640=VERTEX_POINT('',#2170);
#641=VERTEX_POINT('',#2178);
#642=VERTEX_POINT('',#2182);
#643=VERTEX_POINT('',#2186);
#644=VERTEX_POINT('',#2189);
#645=VERTEX_POINT('',#2192);
#646=VERTEX_POINT('',#2200);
#647=VERTEX_POINT('',#2204);
#648=VERTEX_POINT('',#2207);
#649=EDGE_CURVE('',#519,#520,#497,.T.);
#650=EDGE_CURVE('',#519,#521,#193,.T.);
#651=EDGE_CURVE('',#521,#522,#194,.T.);
#652=EDGE_CURVE('',#522,#523,#195,.T.);
#653=EDGE_CURVE('',#524,#523,#498,.T.);
#654=EDGE_CURVE('',#524,#525,#196,.T.);
#655=EDGE_CURVE('',#525,#520,#197,.T.);
#656=EDGE_CURVE('',#526,#526,#499,.T.);
#657=EDGE_CURVE('',#527,#527,#500,.T.);
#658=EDGE_CURVE('',#528,#529,#15,.T.);
#659=EDGE_CURVE('',#529,#530,#501,.T.);
#660=EDGE_CURVE('',#528,#530,#198,.T.);
#661=EDGE_CURVE('',#531,#532,#199,.T.);
#662=EDGE_CURVE('',#531,#533,#200,.T.);
#663=EDGE_CURVE('',#534,#533,#201,.T.);
#664=EDGE_CURVE('',#534,#532,#202,.T.);
#665=EDGE_CURVE('',#520,#535,#203,.T.);
#666=EDGE_CURVE('',#535,#534,#16,.T.);
#667=EDGE_CURVE('',#533,#536,#502,.T.);
#668=EDGE_CURVE('',#536,#537,#17,.T.);
#669=EDGE_CURVE('',#537,#538,#18,.T.);
#670=EDGE_CURVE('',#538,#519,#19,.T.);
#671=EDGE_CURVE('',#539,#540,#204,.T.);
#672=EDGE_CURVE('',#539,#541,#205,.T.);
#673=EDGE_CURVE('',#542,#541,#206,.T.);
#674=EDGE_CURVE('',#542,#540,#207,.T.);
#675=EDGE_CURVE('',#543,#544,#20,.T.);
#676=EDGE_CURVE('',#544,#524,#208,.T.);
#677=EDGE_CURVE('',#523,#545,#21,.T.);
#678=EDGE_CURVE('',#545,#546,#209,.T.);
#679=EDGE_CURVE('',#546,#542,#22,.T.);
#680=EDGE_CURVE('',#541,#547,#503,.T.);
#681=EDGE_CURVE('',#543,#547,#210,.T.);
#682=EDGE_CURVE('',#548,#522,#211,.T.);
#683=EDGE_CURVE('',#549,#548,#212,.T.);
#684=EDGE_CURVE('',#545,#549,#213,.T.);
#685=EDGE_CURVE('',#550,#544,#214,.T.);
#686=EDGE_CURVE('',#550,#551,#215,.T.);
#687=EDGE_CURVE('',#551,#552,#216,.T.);
#688=EDGE_CURVE('',#553,#552,#217,.T.);
#689=EDGE_CURVE('',#554,#553,#218,.T.);
#690=EDGE_CURVE('',#535,#554,#219,.T.);
#691=EDGE_CURVE('',#546,#549,#220,.T.);
#692=EDGE_CURVE('',#555,#556,#221,.T.);
#693=EDGE_CURVE('',#555,#553,#222,.T.);
#694=EDGE_CURVE('',#552,#556,#223,.T.);
#695=EDGE_CURVE('',#554,#557,#224,.T.);
#696=EDGE_CURVE('',#557,#555,#225,.T.);
#697=EDGE_CURVE('',#558,#559,#226,.T.);
#698=EDGE_CURVE('',#559,#560,#227,.T.);
#699=EDGE_CURVE('',#560,#561,#228,.T.);
#700=EDGE_CURVE('',#558,#561,#229,.T.);
#701=EDGE_CURVE('',#562,#563,#230,.T.);
#702=EDGE_CURVE('',#561,#562,#231,.T.);
#703=EDGE_CURVE('',#563,#560,#232,.T.);
#704=EDGE_CURVE('',#564,#565,#233,.T.);
#705=EDGE_CURVE('',#559,#564,#234,.T.);
#706=EDGE_CURVE('',#565,#558,#235,.T.);
#707=EDGE_CURVE('',#566,#521,#236,.T.);
#708=EDGE_CURVE('',#566,#567,#237,.T.);
#709=EDGE_CURVE('',#567,#557,#238,.T.);
#710=EDGE_CURVE('',#564,#556,#239,.T.);
#711=EDGE_CURVE('',#565,#548,#240,.T.);
#712=EDGE_CURVE('',#568,#569,#241,.T.);
#713=EDGE_CURVE('',#569,#570,#242,.T.);
#714=EDGE_CURVE('',#570,#571,#243,.T.);
#715=EDGE_CURVE('',#568,#571,#244,.T.);
#716=EDGE_CURVE('',#572,#573,#245,.T.);
#717=EDGE_CURVE('',#572,#574,#246,.T.);
#718=EDGE_CURVE('',#574,#575,#247,.T.);
#719=EDGE_CURVE('',#573,#575,#248,.T.);
#720=EDGE_CURVE('',#571,#574,#249,.T.);
#721=EDGE_CURVE('',#575,#570,#250,.T.);
#722=EDGE_CURVE('',#567,#568,#251,.T.);
#723=EDGE_CURVE('',#569,#566,#252,.T.);
#724=EDGE_CURVE('',#576,#577,#253,.T.);
#725=EDGE_CURVE('',#576,#562,#254,.T.);
#726=EDGE_CURVE('',#577,#563,#255,.T.);
#727=EDGE_CURVE('',#578,#539,#504,.T.);
#728=EDGE_CURVE('',#547,#578,#256,.T.);
#729=EDGE_CURVE('',#579,#579,#505,.T.);
#730=EDGE_CURVE('',#580,#578,#257,.T.);
#731=EDGE_CURVE('',#580,#543,#258,.T.);
#732=EDGE_CURVE('',#579,#527,#259,.T.);
#733=EDGE_CURVE('',#540,#580,#23,.T.);
#734=EDGE_CURVE('',#581,#531,#506,.T.);
#735=EDGE_CURVE('',#530,#581,#260,.T.);
#736=EDGE_CURVE('',#529,#536,#261,.T.);
#737=EDGE_CURVE('',#582,#582,#507,.T.);
#738=EDGE_CURVE('',#583,#581,#262,.T.);
#739=EDGE_CURVE('',#583,#528,#263,.T.);
#740=EDGE_CURVE('',#582,#526,#264,.T.);
#741=EDGE_CURVE('',#532,#583,#24,.T.);
#742=EDGE_CURVE('',#584,#537,#265,.T.);
#743=EDGE_CURVE('',#584,#585,#25,.T.);
#744=EDGE_CURVE('',#538,#585,#266,.T.);
#745=EDGE_CURVE('',#586,#550,#267,.T.);
#746=EDGE_CURVE('',#586,#587,#268,.T.);
#747=EDGE_CURVE('',#551,#587,#269,.T.);
#748=EDGE_CURVE('',#588,#589,#508,.T.);
#749=EDGE_CURVE('',#590,#589,#270,.T.);
#750=EDGE_CURVE('',#591,#590,#271,.T.);
#751=EDGE_CURVE('',#591,#592,#509,.T.);
#752=EDGE_CURVE('',#593,#592,#272,.T.);
#753=EDGE_CURVE('',#594,#593,#273,.T.);
#754=EDGE_CURVE('',#588,#594,#274,.T.);
#755=EDGE_CURVE('',#595,#595,#510,.T.);
#756=EDGE_CURVE('',#596,#596,#511,.T.);
#757=EDGE_CURVE('',#585,#588,#26,.T.);
#758=EDGE_CURVE('',#597,#594,#275,.T.);
#759=EDGE_CURVE('',#598,#597,#276,.T.);
#760=EDGE_CURVE('',#598,#599,#277,.T.);
#761=EDGE_CURVE('',#600,#599,#278,.T.);
#762=EDGE_CURVE('',#601,#600,#279,.T.);
#763=EDGE_CURVE('',#573,#601,#280,.T.);
#764=EDGE_CURVE('',#602,#603,#27,.T.);
#765=EDGE_CURVE('',#602,#604,#281,.T.);
#766=EDGE_CURVE('',#603,#604,#512,.T.);
#767=EDGE_CURVE('',#605,#606,#282,.T.);
#768=EDGE_CURVE('',#607,#606,#283,.T.);
#769=EDGE_CURVE('',#607,#608,#284,.T.);
#770=EDGE_CURVE('',#605,#608,#285,.T.);
#771=EDGE_CURVE('',#589,#609,#286,.T.);
#772=EDGE_CURVE('',#610,#584,#28,.T.);
#773=EDGE_CURVE('',#608,#610,#513,.T.);
#774=EDGE_CURVE('',#609,#607,#29,.T.);
#775=EDGE_CURVE('',#611,#612,#287,.T.);
#776=EDGE_CURVE('',#613,#612,#288,.T.);
#777=EDGE_CURVE('',#613,#614,#289,.T.);
#778=EDGE_CURVE('',#611,#614,#290,.T.);
#779=EDGE_CURVE('',#615,#616,#30,.T.);
#780=EDGE_CURVE('',#615,#617,#291,.T.);
#781=EDGE_CURVE('',#614,#617,#514,.T.);
#782=EDGE_CURVE('',#618,#613,#31,.T.);
#783=EDGE_CURVE('',#619,#618,#292,.T.);
#784=EDGE_CURVE('',#592,#619,#32,.T.);
#785=EDGE_CURVE('',#616,#591,#293,.T.);
#786=EDGE_CURVE('',#619,#620,#294,.T.);
#787=EDGE_CURVE('',#620,#621,#295,.T.);
#788=EDGE_CURVE('',#621,#593,#296,.T.);
#789=EDGE_CURVE('',#609,#622,#297,.T.);
#790=EDGE_CURVE('',#622,#623,#298,.T.);
#791=EDGE_CURVE('',#623,#624,#299,.T.);
#792=EDGE_CURVE('',#587,#624,#300,.T.);
#793=EDGE_CURVE('',#586,#616,#301,.T.);
#794=EDGE_CURVE('',#618,#620,#302,.T.);
#795=EDGE_CURVE('',#625,#626,#303,.T.);
#796=EDGE_CURVE('',#624,#626,#304,.T.);
#797=EDGE_CURVE('',#625,#623,#305,.T.);
#798=EDGE_CURVE('',#622,#627,#306,.T.);
#799=EDGE_CURVE('',#627,#625,#307,.T.);
#800=EDGE_CURVE('',#628,#629,#308,.T.);
#801=EDGE_CURVE('',#628,#630,#309,.T.);
#802=EDGE_CURVE('',#631,#630,#310,.T.);
#803=EDGE_CURVE('',#629,#631,#311,.T.);
#804=EDGE_CURVE('',#632,#633,#312,.T.);
#805=EDGE_CURVE('',#633,#631,#313,.T.);
#806=EDGE_CURVE('',#630,#632,#314,.T.);
#807=EDGE_CURVE('',#634,#635,#315,.T.);
#808=EDGE_CURVE('',#635,#628,#316,.T.);
#809=EDGE_CURVE('',#629,#634,#317,.T.);
#810=EDGE_CURVE('',#635,#621,#318,.T.);
#811=EDGE_CURVE('',#634,#626,#319,.T.);
#812=EDGE_CURVE('',#636,#627,#320,.T.);
#813=EDGE_CURVE('',#597,#636,#321,.T.);
#814=EDGE_CURVE('',#637,#598,#322,.T.);
#815=EDGE_CURVE('',#637,#638,#323,.T.);
#816=EDGE_CURVE('',#599,#638,#324,.T.);
#817=EDGE_CURVE('',#639,#601,#325,.T.);
#818=EDGE_CURVE('',#640,#600,#326,.T.);
#819=EDGE_CURVE('',#639,#640,#327,.T.);
#820=EDGE_CURVE('',#638,#640,#328,.T.);
#821=EDGE_CURVE('',#636,#637,#329,.T.);
#822=EDGE_CURVE('',#641,#633,#330,.T.);
#823=EDGE_CURVE('',#577,#641,#331,.T.);
#824=EDGE_CURVE('',#642,#641,#332,.T.);
#825=EDGE_CURVE('',#642,#632,#333,.T.);
#826=EDGE_CURVE('',#643,#611,#515,.T.);
#827=EDGE_CURVE('',#617,#643,#334,.T.);
#828=EDGE_CURVE('',#644,#644,#516,.T.);
#829=EDGE_CURVE('',#645,#643,#335,.T.);
#830=EDGE_CURVE('',#645,#615,#336,.T.);
#831=EDGE_CURVE('',#644,#596,#337,.T.);
#832=EDGE_CURVE('',#612,#645,#33,.T.);
#833=EDGE_CURVE('',#646,#605,#517,.T.);
#834=EDGE_CURVE('',#603,#610,#338,.T.);
#835=EDGE_CURVE('',#604,#646,#339,.T.);
#836=EDGE_CURVE('',#647,#647,#518,.T.);
#837=EDGE_CURVE('',#648,#646,#340,.T.);
#838=EDGE_CURVE('',#648,#602,#341,.T.);
#839=EDGE_CURVE('',#647,#595,#342,.T.);
#840=EDGE_CURVE('',#606,#648,#34,.T.);
#841=EDGE_CURVE('',#639,#572,#343,.T.);
#842=EDGE_CURVE('',#642,#576,#344,.T.);
#843=ORIENTED_EDGE('',*,*,#649,.F.);
#844=ORIENTED_EDGE('',*,*,#650,.T.);
#845=ORIENTED_EDGE('',*,*,#651,.T.);
#846=ORIENTED_EDGE('',*,*,#652,.T.);
#847=ORIENTED_EDGE('',*,*,#653,.F.);
#848=ORIENTED_EDGE('',*,*,#654,.T.);
#849=ORIENTED_EDGE('',*,*,#655,.T.);
#850=ORIENTED_EDGE('',*,*,#656,.F.);
#851=ORIENTED_EDGE('',*,*,#657,.F.);
#852=ORIENTED_EDGE('',*,*,#658,.T.);
#853=ORIENTED_EDGE('',*,*,#659,.T.);
#854=ORIENTED_EDGE('',*,*,#660,.F.);
#855=ORIENTED_EDGE('',*,*,#661,.F.);
#856=ORIENTED_EDGE('',*,*,#662,.T.);
#857=ORIENTED_EDGE('',*,*,#663,.F.);
#858=ORIENTED_EDGE('',*,*,#664,.T.);
#859=ORIENTED_EDGE('',*,*,#665,.T.);
#860=ORIENTED_EDGE('',*,*,#666,.T.);
#861=ORIENTED_EDGE('',*,*,#663,.T.);
#862=ORIENTED_EDGE('',*,*,#667,.T.);
#863=ORIENTED_EDGE('',*,*,#668,.T.);
#864=ORIENTED_EDGE('',*,*,#669,.T.);
#865=ORIENTED_EDGE('',*,*,#670,.T.);
#866=ORIENTED_EDGE('',*,*,#649,.T.);
#867=ORIENTED_EDGE('',*,*,#671,.F.);
#868=ORIENTED_EDGE('',*,*,#672,.T.);
#869=ORIENTED_EDGE('',*,*,#673,.F.);
#870=ORIENTED_EDGE('',*,*,#674,.T.);
#871=ORIENTED_EDGE('',*,*,#675,.T.);
#872=ORIENTED_EDGE('',*,*,#676,.T.);
#873=ORIENTED_EDGE('',*,*,#653,.T.);
#874=ORIENTED_EDGE('',*,*,#677,.T.);
#875=ORIENTED_EDGE('',*,*,#678,.T.);
#876=ORIENTED_EDGE('',*,*,#679,.T.);
#877=ORIENTED_EDGE('',*,*,#673,.T.);
#878=ORIENTED_EDGE('',*,*,#680,.T.);
#879=ORIENTED_EDGE('',*,*,#681,.F.);
#880=ORIENTED_EDGE('',*,*,#677,.F.);
#881=ORIENTED_EDGE('',*,*,#652,.F.);
#882=ORIENTED_EDGE('',*,*,#682,.F.);
#883=ORIENTED_EDGE('',*,*,#683,.F.);
#884=ORIENTED_EDGE('',*,*,#684,.F.);
#885=ORIENTED_EDGE('',*,*,#665,.F.);
#886=ORIENTED_EDGE('',*,*,#655,.F.);
#887=ORIENTED_EDGE('',*,*,#654,.F.);
#888=ORIENTED_EDGE('',*,*,#676,.F.);
#889=ORIENTED_EDGE('',*,*,#685,.F.);
#890=ORIENTED_EDGE('',*,*,#686,.T.);
#891=ORIENTED_EDGE('',*,*,#687,.T.);
#892=ORIENTED_EDGE('',*,*,#688,.F.);
#893=ORIENTED_EDGE('',*,*,#689,.F.);
#894=ORIENTED_EDGE('',*,*,#690,.F.);
#895=ORIENTED_EDGE('',*,*,#678,.F.);
#896=ORIENTED_EDGE('',*,*,#684,.T.);
#897=ORIENTED_EDGE('',*,*,#691,.F.);
#898=ORIENTED_EDGE('',*,*,#692,.F.);
#899=ORIENTED_EDGE('',*,*,#693,.T.);
#900=ORIENTED_EDGE('',*,*,#688,.T.);
#901=ORIENTED_EDGE('',*,*,#694,.T.);
#902=ORIENTED_EDGE('',*,*,#695,.F.);
#903=ORIENTED_EDGE('',*,*,#689,.T.);
#904=ORIENTED_EDGE('',*,*,#693,.F.);
#905=ORIENTED_EDGE('',*,*,#696,.F.);
#906=ORIENTED_EDGE('',*,*,#697,.T.);
#907=ORIENTED_EDGE('',*,*,#698,.T.);
#908=ORIENTED_EDGE('',*,*,#699,.T.);
#909=ORIENTED_EDGE('',*,*,#700,.F.);
#910=ORIENTED_EDGE('',*,*,#701,.F.);
#911=ORIENTED_EDGE('',*,*,#702,.F.);
#912=ORIENTED_EDGE('',*,*,#699,.F.);
#913=ORIENTED_EDGE('',*,*,#703,.F.);
#914=ORIENTED_EDGE('',*,*,#704,.F.);
#915=ORIENTED_EDGE('',*,*,#705,.F.);
#916=ORIENTED_EDGE('',*,*,#697,.F.);
#917=ORIENTED_EDGE('',*,*,#706,.F.);
#918=ORIENTED_EDGE('',*,*,#651,.F.);
#919=ORIENTED_EDGE('',*,*,#707,.F.);
#920=ORIENTED_EDGE('',*,*,#708,.T.);
#921=ORIENTED_EDGE('',*,*,#709,.T.);
#922=ORIENTED_EDGE('',*,*,#696,.T.);
#923=ORIENTED_EDGE('',*,*,#692,.T.);
#924=ORIENTED_EDGE('',*,*,#710,.F.);
#925=ORIENTED_EDGE('',*,*,#704,.T.);
#926=ORIENTED_EDGE('',*,*,#711,.T.);
#927=ORIENTED_EDGE('',*,*,#682,.T.);
#928=ORIENTED_EDGE('',*,*,#712,.T.);
#929=ORIENTED_EDGE('',*,*,#713,.T.);
#930=ORIENTED_EDGE('',*,*,#714,.T.);
#931=ORIENTED_EDGE('',*,*,#715,.F.);
#932=ORIENTED_EDGE('',*,*,#716,.F.);
#933=ORIENTED_EDGE('',*,*,#717,.T.);
#934=ORIENTED_EDGE('',*,*,#718,.T.);
#935=ORIENTED_EDGE('',*,*,#719,.F.);
#936=ORIENTED_EDGE('',*,*,#720,.F.);
#937=ORIENTED_EDGE('',*,*,#714,.F.);
#938=ORIENTED_EDGE('',*,*,#721,.F.);
#939=ORIENTED_EDGE('',*,*,#718,.F.);
#940=ORIENTED_EDGE('',*,*,#712,.F.);
#941=ORIENTED_EDGE('',*,*,#722,.F.);
#942=ORIENTED_EDGE('',*,*,#708,.F.);
#943=ORIENTED_EDGE('',*,*,#723,.F.);
#944=ORIENTED_EDGE('',*,*,#724,.F.);
#945=ORIENTED_EDGE('',*,*,#725,.T.);
#946=ORIENTED_EDGE('',*,*,#701,.T.);
#947=ORIENTED_EDGE('',*,*,#726,.F.);
#948=ORIENTED_EDGE('',*,*,#727,.F.);
#949=ORIENTED_EDGE('',*,*,#728,.F.);
#950=ORIENTED_EDGE('',*,*,#680,.F.);
#951=ORIENTED_EDGE('',*,*,#672,.F.);
#952=ORIENTED_EDGE('',*,*,#729,.F.);
#953=ORIENTED_EDGE('',*,*,#730,.F.);
#954=ORIENTED_EDGE('',*,*,#731,.T.);
#955=ORIENTED_EDGE('',*,*,#681,.T.);
#956=ORIENTED_EDGE('',*,*,#728,.T.);
#957=ORIENTED_EDGE('',*,*,#729,.T.);
#958=ORIENTED_EDGE('',*,*,#732,.T.);
#959=ORIENTED_EDGE('',*,*,#657,.T.);
#960=ORIENTED_EDGE('',*,*,#732,.F.);
#961=ORIENTED_EDGE('',*,*,#730,.T.);
#962=ORIENTED_EDGE('',*,*,#727,.T.);
#963=ORIENTED_EDGE('',*,*,#671,.T.);
#964=ORIENTED_EDGE('',*,*,#733,.T.);
#965=ORIENTED_EDGE('',*,*,#734,.F.);
#966=ORIENTED_EDGE('',*,*,#735,.F.);
#967=ORIENTED_EDGE('',*,*,#659,.F.);
#968=ORIENTED_EDGE('',*,*,#736,.T.);
#969=ORIENTED_EDGE('',*,*,#667,.F.);
#970=ORIENTED_EDGE('',*,*,#662,.F.);
#971=ORIENTED_EDGE('',*,*,#737,.F.);
#972=ORIENTED_EDGE('',*,*,#738,.F.);
#973=ORIENTED_EDGE('',*,*,#739,.T.);
#974=ORIENTED_EDGE('',*,*,#660,.T.);
#975=ORIENTED_EDGE('',*,*,#735,.T.);
#976=ORIENTED_EDGE('',*,*,#737,.T.);
#977=ORIENTED_EDGE('',*,*,#740,.T.);
#978=ORIENTED_EDGE('',*,*,#656,.T.);
#979=ORIENTED_EDGE('',*,*,#740,.F.);
#980=ORIENTED_EDGE('',*,*,#738,.T.);
#981=ORIENTED_EDGE('',*,*,#734,.T.);
#982=ORIENTED_EDGE('',*,*,#661,.T.);
#983=ORIENTED_EDGE('',*,*,#741,.T.);
#984=ORIENTED_EDGE('',*,*,#742,.F.);
#985=ORIENTED_EDGE('',*,*,#743,.T.);
#986=ORIENTED_EDGE('',*,*,#744,.F.);
#987=ORIENTED_EDGE('',*,*,#669,.F.);
#988=ORIENTED_EDGE('',*,*,#745,.F.);
#989=ORIENTED_EDGE('',*,*,#746,.T.);
#990=ORIENTED_EDGE('',*,*,#747,.F.);
#991=ORIENTED_EDGE('',*,*,#686,.F.);
#992=ORIENTED_EDGE('',*,*,#748,.T.);
#993=ORIENTED_EDGE('',*,*,#749,.F.);
#994=ORIENTED_EDGE('',*,*,#750,.F.);
#995=ORIENTED_EDGE('',*,*,#751,.T.);
#996=ORIENTED_EDGE('',*,*,#752,.F.);
#997=ORIENTED_EDGE('',*,*,#753,.F.);
#998=ORIENTED_EDGE('',*,*,#754,.F.);
#999=ORIENTED_EDGE('',*,*,#755,.T.);
#1000=ORIENTED_EDGE('',*,*,#756,.T.);
#1001=ORIENTED_EDGE('',*,*,#744,.T.);
#1002=ORIENTED_EDGE('',*,*,#757,.T.);
#1003=ORIENTED_EDGE('',*,*,#754,.T.);
#1004=ORIENTED_EDGE('',*,*,#758,.F.);
#1005=ORIENTED_EDGE('',*,*,#759,.F.);
#1006=ORIENTED_EDGE('',*,*,#760,.T.);
#1007=ORIENTED_EDGE('',*,*,#761,.F.);
#1008=ORIENTED_EDGE('',*,*,#762,.F.);
#1009=ORIENTED_EDGE('',*,*,#763,.F.);
#1010=ORIENTED_EDGE('',*,*,#719,.T.);
#1011=ORIENTED_EDGE('',*,*,#721,.T.);
#1012=ORIENTED_EDGE('',*,*,#713,.F.);
#1013=ORIENTED_EDGE('',*,*,#723,.T.);
#1014=ORIENTED_EDGE('',*,*,#707,.T.);
#1015=ORIENTED_EDGE('',*,*,#650,.F.);
#1016=ORIENTED_EDGE('',*,*,#670,.F.);
#1017=ORIENTED_EDGE('',*,*,#764,.F.);
#1018=ORIENTED_EDGE('',*,*,#765,.T.);
#1019=ORIENTED_EDGE('',*,*,#766,.F.);
#1020=ORIENTED_EDGE('',*,*,#767,.T.);
#1021=ORIENTED_EDGE('',*,*,#768,.F.);
#1022=ORIENTED_EDGE('',*,*,#769,.T.);
#1023=ORIENTED_EDGE('',*,*,#770,.F.);
#1024=ORIENTED_EDGE('',*,*,#771,.F.);
#1025=ORIENTED_EDGE('',*,*,#748,.F.);
#1026=ORIENTED_EDGE('',*,*,#757,.F.);
#1027=ORIENTED_EDGE('',*,*,#743,.F.);
#1028=ORIENTED_EDGE('',*,*,#772,.F.);
#1029=ORIENTED_EDGE('',*,*,#773,.F.);
#1030=ORIENTED_EDGE('',*,*,#769,.F.);
#1031=ORIENTED_EDGE('',*,*,#774,.F.);
#1032=ORIENTED_EDGE('',*,*,#775,.T.);
#1033=ORIENTED_EDGE('',*,*,#776,.F.);
#1034=ORIENTED_EDGE('',*,*,#777,.T.);
#1035=ORIENTED_EDGE('',*,*,#778,.F.);
#1036=ORIENTED_EDGE('',*,*,#779,.F.);
#1037=ORIENTED_EDGE('',*,*,#780,.T.);
#1038=ORIENTED_EDGE('',*,*,#781,.F.);
#1039=ORIENTED_EDGE('',*,*,#777,.F.);
#1040=ORIENTED_EDGE('',*,*,#782,.F.);
#1041=ORIENTED_EDGE('',*,*,#783,.F.);
#1042=ORIENTED_EDGE('',*,*,#784,.F.);
#1043=ORIENTED_EDGE('',*,*,#751,.F.);
#1044=ORIENTED_EDGE('',*,*,#785,.F.);
#1045=ORIENTED_EDGE('',*,*,#784,.T.);
#1046=ORIENTED_EDGE('',*,*,#786,.T.);
#1047=ORIENTED_EDGE('',*,*,#787,.T.);
#1048=ORIENTED_EDGE('',*,*,#788,.T.);
#1049=ORIENTED_EDGE('',*,*,#752,.T.);
#1050=ORIENTED_EDGE('',*,*,#771,.T.);
#1051=ORIENTED_EDGE('',*,*,#789,.T.);
#1052=ORIENTED_EDGE('',*,*,#790,.T.);
#1053=ORIENTED_EDGE('',*,*,#791,.T.);
#1054=ORIENTED_EDGE('',*,*,#792,.F.);
#1055=ORIENTED_EDGE('',*,*,#746,.F.);
#1056=ORIENTED_EDGE('',*,*,#793,.T.);
#1057=ORIENTED_EDGE('',*,*,#785,.T.);
#1058=ORIENTED_EDGE('',*,*,#750,.T.);
#1059=ORIENTED_EDGE('',*,*,#749,.T.);
#1060=ORIENTED_EDGE('',*,*,#783,.T.);
#1061=ORIENTED_EDGE('',*,*,#794,.T.);
#1062=ORIENTED_EDGE('',*,*,#786,.F.);
#1063=ORIENTED_EDGE('',*,*,#795,.T.);
#1064=ORIENTED_EDGE('',*,*,#796,.F.);
#1065=ORIENTED_EDGE('',*,*,#791,.F.);
#1066=ORIENTED_EDGE('',*,*,#797,.F.);
#1067=ORIENTED_EDGE('',*,*,#798,.T.);
#1068=ORIENTED_EDGE('',*,*,#799,.T.);
#1069=ORIENTED_EDGE('',*,*,#797,.T.);
#1070=ORIENTED_EDGE('',*,*,#790,.F.);
#1071=ORIENTED_EDGE('',*,*,#800,.F.);
#1072=ORIENTED_EDGE('',*,*,#801,.T.);
#1073=ORIENTED_EDGE('',*,*,#802,.F.);
#1074=ORIENTED_EDGE('',*,*,#803,.F.);
#1075=ORIENTED_EDGE('',*,*,#804,.T.);
#1076=ORIENTED_EDGE('',*,*,#805,.T.);
#1077=ORIENTED_EDGE('',*,*,#802,.T.);
#1078=ORIENTED_EDGE('',*,*,#806,.T.);
#1079=ORIENTED_EDGE('',*,*,#807,.T.);
#1080=ORIENTED_EDGE('',*,*,#808,.T.);
#1081=ORIENTED_EDGE('',*,*,#800,.T.);
#1082=ORIENTED_EDGE('',*,*,#809,.T.);
#1083=ORIENTED_EDGE('',*,*,#753,.T.);
#1084=ORIENTED_EDGE('',*,*,#788,.F.);
#1085=ORIENTED_EDGE('',*,*,#810,.F.);
#1086=ORIENTED_EDGE('',*,*,#807,.F.);
#1087=ORIENTED_EDGE('',*,*,#811,.T.);
#1088=ORIENTED_EDGE('',*,*,#795,.F.);
#1089=ORIENTED_EDGE('',*,*,#799,.F.);
#1090=ORIENTED_EDGE('',*,*,#812,.F.);
#1091=ORIENTED_EDGE('',*,*,#813,.F.);
#1092=ORIENTED_EDGE('',*,*,#758,.T.);
#1093=ORIENTED_EDGE('',*,*,#814,.F.);
#1094=ORIENTED_EDGE('',*,*,#815,.T.);
#1095=ORIENTED_EDGE('',*,*,#816,.F.);
#1096=ORIENTED_EDGE('',*,*,#760,.F.);
#1097=ORIENTED_EDGE('',*,*,#817,.T.);
#1098=ORIENTED_EDGE('',*,*,#762,.T.);
#1099=ORIENTED_EDGE('',*,*,#818,.F.);
#1100=ORIENTED_EDGE('',*,*,#819,.F.);
#1101=ORIENTED_EDGE('',*,*,#820,.T.);
#1102=ORIENTED_EDGE('',*,*,#818,.T.);
#1103=ORIENTED_EDGE('',*,*,#761,.T.);
#1104=ORIENTED_EDGE('',*,*,#816,.T.);
#1105=ORIENTED_EDGE('',*,*,#814,.T.);
#1106=ORIENTED_EDGE('',*,*,#759,.T.);
#1107=ORIENTED_EDGE('',*,*,#813,.T.);
#1108=ORIENTED_EDGE('',*,*,#821,.T.);
#1109=ORIENTED_EDGE('',*,*,#747,.T.);
#1110=ORIENTED_EDGE('',*,*,#792,.T.);
#1111=ORIENTED_EDGE('',*,*,#796,.T.);
#1112=ORIENTED_EDGE('',*,*,#811,.F.);
#1113=ORIENTED_EDGE('',*,*,#809,.F.);
#1114=ORIENTED_EDGE('',*,*,#803,.T.);
#1115=ORIENTED_EDGE('',*,*,#805,.F.);
#1116=ORIENTED_EDGE('',*,*,#822,.F.);
#1117=ORIENTED_EDGE('',*,*,#823,.F.);
#1118=ORIENTED_EDGE('',*,*,#726,.T.);
#1119=ORIENTED_EDGE('',*,*,#703,.T.);
#1120=ORIENTED_EDGE('',*,*,#698,.F.);
#1121=ORIENTED_EDGE('',*,*,#705,.T.);
#1122=ORIENTED_EDGE('',*,*,#710,.T.);
#1123=ORIENTED_EDGE('',*,*,#694,.F.);
#1124=ORIENTED_EDGE('',*,*,#687,.F.);
#1125=ORIENTED_EDGE('',*,*,#824,.T.);
#1126=ORIENTED_EDGE('',*,*,#822,.T.);
#1127=ORIENTED_EDGE('',*,*,#804,.F.);
#1128=ORIENTED_EDGE('',*,*,#825,.F.);
#1129=ORIENTED_EDGE('',*,*,#826,.T.);
#1130=ORIENTED_EDGE('',*,*,#778,.T.);
#1131=ORIENTED_EDGE('',*,*,#781,.T.);
#1132=ORIENTED_EDGE('',*,*,#827,.T.);
#1133=ORIENTED_EDGE('',*,*,#828,.T.);
#1134=ORIENTED_EDGE('',*,*,#829,.T.);
#1135=ORIENTED_EDGE('',*,*,#827,.F.);
#1136=ORIENTED_EDGE('',*,*,#780,.F.);
#1137=ORIENTED_EDGE('',*,*,#830,.F.);
#1138=ORIENTED_EDGE('',*,*,#828,.F.);
#1139=ORIENTED_EDGE('',*,*,#831,.T.);
#1140=ORIENTED_EDGE('',*,*,#756,.F.);
#1141=ORIENTED_EDGE('',*,*,#831,.F.);
#1142=ORIENTED_EDGE('',*,*,#829,.F.);
#1143=ORIENTED_EDGE('',*,*,#832,.F.);
#1144=ORIENTED_EDGE('',*,*,#775,.F.);
#1145=ORIENTED_EDGE('',*,*,#826,.F.);
#1146=ORIENTED_EDGE('',*,*,#833,.T.);
#1147=ORIENTED_EDGE('',*,*,#770,.T.);
#1148=ORIENTED_EDGE('',*,*,#773,.T.);
#1149=ORIENTED_EDGE('',*,*,#834,.F.);
#1150=ORIENTED_EDGE('',*,*,#766,.T.);
#1151=ORIENTED_EDGE('',*,*,#835,.T.);
#1152=ORIENTED_EDGE('',*,*,#836,.T.);
#1153=ORIENTED_EDGE('',*,*,#837,.T.);
#1154=ORIENTED_EDGE('',*,*,#835,.F.);
#1155=ORIENTED_EDGE('',*,*,#765,.F.);
#1156=ORIENTED_EDGE('',*,*,#838,.F.);
#1157=ORIENTED_EDGE('',*,*,#836,.F.);
#1158=ORIENTED_EDGE('',*,*,#839,.T.);
#1159=ORIENTED_EDGE('',*,*,#755,.F.);
#1160=ORIENTED_EDGE('',*,*,#839,.F.);
#1161=ORIENTED_EDGE('',*,*,#837,.F.);
#1162=ORIENTED_EDGE('',*,*,#840,.F.);
#1163=ORIENTED_EDGE('',*,*,#767,.F.);
#1164=ORIENTED_EDGE('',*,*,#833,.F.);
#1165=ORIENTED_EDGE('',*,*,#763,.T.);
#1166=ORIENTED_EDGE('',*,*,#817,.F.);
#1167=ORIENTED_EDGE('',*,*,#841,.T.);
#1168=ORIENTED_EDGE('',*,*,#716,.T.);
#1169=ORIENTED_EDGE('',*,*,#841,.F.);
#1170=ORIENTED_EDGE('',*,*,#819,.T.);
#1171=ORIENTED_EDGE('',*,*,#820,.F.);
#1172=ORIENTED_EDGE('',*,*,#815,.F.);
#1173=ORIENTED_EDGE('',*,*,#821,.F.);
#1174=ORIENTED_EDGE('',*,*,#812,.T.);
#1175=ORIENTED_EDGE('',*,*,#798,.F.);
#1176=ORIENTED_EDGE('',*,*,#789,.F.);
#1177=ORIENTED_EDGE('',*,*,#774,.T.);
#1178=ORIENTED_EDGE('',*,*,#768,.T.);
#1179=ORIENTED_EDGE('',*,*,#840,.T.);
#1180=ORIENTED_EDGE('',*,*,#838,.T.);
#1181=ORIENTED_EDGE('',*,*,#764,.T.);
#1182=ORIENTED_EDGE('',*,*,#834,.T.);
#1183=ORIENTED_EDGE('',*,*,#772,.T.);
#1184=ORIENTED_EDGE('',*,*,#742,.T.);
#1185=ORIENTED_EDGE('',*,*,#668,.F.);
#1186=ORIENTED_EDGE('',*,*,#736,.F.);
#1187=ORIENTED_EDGE('',*,*,#658,.F.);
#1188=ORIENTED_EDGE('',*,*,#739,.F.);
#1189=ORIENTED_EDGE('',*,*,#741,.F.);
#1190=ORIENTED_EDGE('',*,*,#664,.F.);
#1191=ORIENTED_EDGE('',*,*,#666,.F.);
#1192=ORIENTED_EDGE('',*,*,#690,.T.);
#1193=ORIENTED_EDGE('',*,*,#695,.T.);
#1194=ORIENTED_EDGE('',*,*,#709,.F.);
#1195=ORIENTED_EDGE('',*,*,#722,.T.);
#1196=ORIENTED_EDGE('',*,*,#715,.T.);
#1197=ORIENTED_EDGE('',*,*,#720,.T.);
#1198=ORIENTED_EDGE('',*,*,#717,.F.);
#1199=ORIENTED_EDGE('',*,*,#823,.T.);
#1200=ORIENTED_EDGE('',*,*,#824,.F.);
#1201=ORIENTED_EDGE('',*,*,#842,.T.);
#1202=ORIENTED_EDGE('',*,*,#724,.T.);
#1203=ORIENTED_EDGE('',*,*,#842,.F.);
#1204=ORIENTED_EDGE('',*,*,#825,.T.);
#1205=ORIENTED_EDGE('',*,*,#806,.F.);
#1206=ORIENTED_EDGE('',*,*,#801,.F.);
#1207=ORIENTED_EDGE('',*,*,#808,.F.);
#1208=ORIENTED_EDGE('',*,*,#810,.T.);
#1209=ORIENTED_EDGE('',*,*,#787,.F.);
#1210=ORIENTED_EDGE('',*,*,#794,.F.);
#1211=ORIENTED_EDGE('',*,*,#782,.T.);
#1212=ORIENTED_EDGE('',*,*,#776,.T.);
#1213=ORIENTED_EDGE('',*,*,#832,.T.);
#1214=ORIENTED_EDGE('',*,*,#830,.T.);
#1215=ORIENTED_EDGE('',*,*,#779,.T.);
#1216=ORIENTED_EDGE('',*,*,#793,.F.);
#1217=ORIENTED_EDGE('',*,*,#745,.T.);
#1218=ORIENTED_EDGE('',*,*,#685,.T.);
#1219=ORIENTED_EDGE('',*,*,#675,.F.);
#1220=ORIENTED_EDGE('',*,*,#731,.F.);
#1221=ORIENTED_EDGE('',*,*,#733,.F.);
#1222=ORIENTED_EDGE('',*,*,#674,.F.);
#1223=ORIENTED_EDGE('',*,*,#679,.F.);
#1224=ORIENTED_EDGE('',*,*,#691,.T.);
#1225=ORIENTED_EDGE('',*,*,#683,.T.);
#1226=ORIENTED_EDGE('',*,*,#711,.F.);
#1227=ORIENTED_EDGE('',*,*,#706,.T.);
#1228=ORIENTED_EDGE('',*,*,#700,.T.);
#1229=ORIENTED_EDGE('',*,*,#702,.T.);
#1230=ORIENTED_EDGE('',*,*,#725,.F.);
#1231=PLANE('',#1359);
#1232=PLANE('',#1367);
#1233=PLANE('',#1374);
#1234=PLANE('',#1380);
#1235=PLANE('',#1381);
#1236=PLANE('',#1382);
#1237=PLANE('',#1383);
#1238=PLANE('',#1384);
#1239=PLANE('',#1385);
#1240=PLANE('',#1386);
#1241=PLANE('',#1387);
#1242=PLANE('',#1388);
#1243=PLANE('',#1389);
#1244=PLANE('',#1390);
#1245=PLANE('',#1391);
#1246=PLANE('',#1392);
#1247=PLANE('',#1393);
#1248=PLANE('',#1394);
#1249=PLANE('',#1397);
#1250=PLANE('',#1401);
#1251=PLANE('',#1404);
#1252=PLANE('',#1408);
#1253=PLANE('',#1410);
#1254=PLANE('',#1411);
#1255=PLANE('',#1416);
#1256=PLANE('',#1421);
#1257=PLANE('',#1426);
#1258=PLANE('',#1432);
#1259=PLANE('',#1433);
#1260=PLANE('',#1434);
#1261=PLANE('',#1435);
#1262=PLANE('',#1436);
#1263=PLANE('',#1437);
#1264=PLANE('',#1438);
#1265=PLANE('',#1439);
#1266=PLANE('',#1440);
#1267=PLANE('',#1441);
#1268=PLANE('',#1442);
#1269=PLANE('',#1443);
#1270=PLANE('',#1444);
#1271=PLANE('',#1445);
#1272=PLANE('',#1446);
#1273=PLANE('',#1447);
#1274=PLANE('',#1450);
#1275=PLANE('',#1454);
#1276=PLANE('',#1457);
#1277=PLANE('',#1461);
#1278=PLANE('',#1462);
#1279=PLANE('',#1463);
#1280=PLANE('',#1464);
#1281=ADVANCED_FACE('',(#57,#49,#50),#1231,.F.);
#1282=ADVANCED_FACE('',(#58),#35,.T.);
#1283=ADVANCED_FACE('',(#59),#1232,.F.);
#1284=ADVANCED_FACE('',(#60),#36,.T.);
#1285=ADVANCED_FACE('',(#61),#1233,.F.);
#1286=ADVANCED_FACE('',(#62),#37,.T.);
#1287=ADVANCED_FACE('',(#63),#1234,.F.);
#1288=ADVANCED_FACE('',(#64),#1235,.F.);
#1289=ADVANCED_FACE('',(#65),#1236,.F.);
#1290=ADVANCED_FACE('',(#66),#1237,.F.);
#1291=ADVANCED_FACE('',(#67),#1238,.F.);
#1292=ADVANCED_FACE('',(#68),#1239,.F.);
#1293=ADVANCED_FACE('',(#69),#1240,.F.);
#1294=ADVANCED_FACE('',(#70),#1241,.F.);
#1295=ADVANCED_FACE('',(#71),#1242,.F.);
#1296=ADVANCED_FACE('',(#72),#1243,.F.);
#1297=ADVANCED_FACE('',(#73),#1244,.F.);
#1298=ADVANCED_FACE('',(#74),#1245,.F.);
#1299=ADVANCED_FACE('',(#75),#1246,.F.);
#1300=ADVANCED_FACE('',(#76),#1247,.F.);
#1301=ADVANCED_FACE('',(#77,#51),#1248,.T.);
#1302=ADVANCED_FACE('',(#78),#1249,.F.);
#1303=ADVANCED_FACE('',(#79),#38,.F.);
#1304=ADVANCED_FACE('',(#80),#39,.T.);
#1305=ADVANCED_FACE('',(#81,#52),#1250,.T.);
#1306=ADVANCED_FACE('',(#82),#1251,.F.);
#1307=ADVANCED_FACE('',(#83),#40,.F.);
#1308=ADVANCED_FACE('',(#84),#41,.T.);
#1309=ADVANCED_FACE('',(#85),#1252,.T.);
#1310=ADVANCED_FACE('',(#86),#1253,.T.);
#1311=ADVANCED_FACE('',(#87,#53,#54),#1254,.T.);
#1312=ADVANCED_FACE('',(#88),#1255,.T.);
#1313=ADVANCED_FACE('',(#89),#42,.T.);
#1314=ADVANCED_FACE('',(#90),#1256,.T.);
#1315=ADVANCED_FACE('',(#91),#43,.T.);
#1316=ADVANCED_FACE('',(#92),#1257,.T.);
#1317=ADVANCED_FACE('',(#93),#44,.T.);
#1318=ADVANCED_FACE('',(#94),#1258,.T.);
#1319=ADVANCED_FACE('',(#95),#1259,.T.);
#1320=ADVANCED_FACE('',(#96),#1260,.T.);
#1321=ADVANCED_FACE('',(#97),#1261,.T.);
#1322=ADVANCED_FACE('',(#98),#1262,.T.);
#1323=ADVANCED_FACE('',(#99),#1263,.T.);
#1324=ADVANCED_FACE('',(#100),#1264,.T.);
#1325=ADVANCED_FACE('',(#101),#1265,.T.);
#1326=ADVANCED_FACE('',(#102),#1266,.T.);
#1327=ADVANCED_FACE('',(#103),#1267,.T.);
#1328=ADVANCED_FACE('',(#104),#1268,.T.);
#1329=ADVANCED_FACE('',(#105),#1269,.T.);
#1330=ADVANCED_FACE('',(#106),#1270,.T.);
#1331=ADVANCED_FACE('',(#107),#1271,.T.);
#1332=ADVANCED_FACE('',(#108),#1272,.T.);
#1333=ADVANCED_FACE('',(#109,#55),#1273,.F.);
#1334=ADVANCED_FACE('',(#110),#1274,.T.);
#1335=ADVANCED_FACE('',(#111),#45,.F.);
#1336=ADVANCED_FACE('',(#112),#46,.T.);
#1337=ADVANCED_FACE('',(#113,#56),#1275,.F.);
#1338=ADVANCED_FACE('',(#114),#1276,.T.);
#1339=ADVANCED_FACE('',(#115),#47,.F.);
#1340=ADVANCED_FACE('',(#116),#48,.T.);
#1341=ADVANCED_FACE('',(#117),#1277,.F.);
#1342=ADVANCED_FACE('',(#118),#1278,.T.);
#1343=ADVANCED_FACE('',(#119),#1279,.F.);
#1344=ADVANCED_FACE('',(#120),#1280,.T.);
#1345=CLOSED_SHELL('',(#1281,#1282,#1283,#1284,#1285,#1286,#1287,#1288,
#1289,#1290,#1291,#1292,#1293,#1294,#1295,#1296,#1297,#1298,#1299,#1300,
#1301,#1302,#1303,#1304,#1305,#1306,#1307,#1308,#1309,#1310,#1311,#1312,
#1313,#1314,#1315,#1316,#1317,#1318,#1319,#1320,#1321,#1322,#1323,#1324,
#1325,#1326,#1327,#1328,#1329,#1330,#1331,#1332,#1333,#1334,#1335,#1336,
#1337,#1338,#1339,#1340,#1341,#1342,#1343,#1344));
#1346=DERIVED_UNIT_ELEMENT(#1348,1.);
#1347=DERIVED_UNIT_ELEMENT(#2225,-3.);
#1348=(
MASS_UNIT()
NAMED_UNIT(*)
SI_UNIT(.KILO.,.GRAM.)
);
#1349=DERIVED_UNIT((#1346,#1347));
#1350=MEASURE_REPRESENTATION_ITEM('density measure',
POSITIVE_RATIO_MEASURE(7850.),#1349);
#1351=PROPERTY_DEFINITION_REPRESENTATION(#1356,#1353);
#1352=PROPERTY_DEFINITION_REPRESENTATION(#1357,#1354);
#1353=REPRESENTATION('material name',(#1355),#2222);
#1354=REPRESENTATION('density',(#1350),#2222);
#1355=DESCRIPTIVE_REPRESENTATION_ITEM('Steel','Steel');
#1356=PROPERTY_DEFINITION('material property','material name',#2232);
#1357=PROPERTY_DEFINITION('material property','density of part',#2232);
#1358=AXIS2_PLACEMENT_3D('',#1831,#1465,#1466);
#1359=AXIS2_PLACEMENT_3D('',#1832,#1467,#1468);
#1360=AXIS2_PLACEMENT_3D('',#1835,#1469,#1470);
#1361=AXIS2_PLACEMENT_3D('',#1843,#1474,#1475);
#1362=AXIS2_PLACEMENT_3D('',#1848,#1478,#1479);
#1363=AXIS2_PLACEMENT_3D('',#1850,#1480,#1481);
#1364=AXIS2_PLACEMENT_3D('',#1851,#1482,#1483);
#1365=AXIS2_PLACEMENT_3D('',#1854,#1484,#1485);
#1366=AXIS2_PLACEMENT_3D('',#1856,#1486,#1487);
#1367=AXIS2_PLACEMENT_3D('',#1858,#1489,#1490);
#1368=AXIS2_PLACEMENT_3D('',#1867,#1495,#1496);
#1369=AXIS2_PLACEMENT_3D('',#1870,#1498,#1499);
#1370=AXIS2_PLACEMENT_3D('',#1872,#1500,#1501);
#1371=AXIS2_PLACEMENT_3D('',#1874,#1502,#1503);
#1372=AXIS2_PLACEMENT_3D('',#1876,#1504,#1505);
#1373=AXIS2_PLACEMENT_3D('',#1877,#1506,#1507);
#1374=AXIS2_PLACEMENT_3D('',#1878,#1508,#1509);
#1375=AXIS2_PLACEMENT_3D('',#1887,#1514,#1515);
#1376=AXIS2_PLACEMENT_3D('',#1890,#1516,#1517);
#1377=AXIS2_PLACEMENT_3D('',#1893,#1519,#1520);
#1378=AXIS2_PLACEMENT_3D('',#1896,#1522,#1523);
#1379=AXIS2_PLACEMENT_3D('',#1898,#1524,#1525);
#1380=AXIS2_PLACEMENT_3D('',#1900,#1527,#1528);
#1381=AXIS2_PLACEMENT_3D('',#1906,#1532,#1533);
#1382=AXIS2_PLACEMENT_3D('',#1918,#1540,#1541);
#1383=AXIS2_PLACEMENT_3D('',#1920,#1543,#1544);
#1384=AXIS2_PLACEMENT_3D('',#1926,#1548,#1549);
#1385=AXIS2_PLACEMENT_3D('',#1930,#1552,#1553);
#1386=AXIS2_PLACEMENT_3D('',#1939,#1558,#1559);
#1387=AXIS2_PLACEMENT_3D('',#1945,#1563,#1564);
#1388=AXIS2_PLACEMENT_3D('',#1951,#1568,#1569);
#1389=AXIS2_PLACEMENT_3D('',#1959,#1575,#1576);
#1390=AXIS2_PLACEMENT_3D('',#1968,#1581,#1582);
#1391=AXIS2_PLACEMENT_3D('',#1977,#1587,#1588);
#1392=AXIS2_PLACEMENT_3D('',#1980,#1591,#1592);
#1393=AXIS2_PLACEMENT_3D('',#1983,#1595,#1596);
#1394=AXIS2_PLACEMENT_3D('',#1989,#1600,#1601);
#1395=AXIS2_PLACEMENT_3D('',#1991,#1602,#1603);
#1396=AXIS2_PLACEMENT_3D('',#1994,#1605,#1606);
#1397=AXIS2_PLACEMENT_3D('',#1995,#1607,#1608);
#1398=AXIS2_PLACEMENT_3D('',#1999,#1611,#1612);
#1399=AXIS2_PLACEMENT_3D('',#2001,#1614,#1615);
#1400=AXIS2_PLACEMENT_3D('',#2002,#1616,#1617);
#1401=AXIS2_PLACEMENT_3D('',#2003,#1618,#1619);
#1402=AXIS2_PLACEMENT_3D('',#2005,#1620,#1621);
#1403=AXIS2_PLACEMENT_3D('',#2009,#1624,#1625);
#1404=AXIS2_PLACEMENT_3D('',#2010,#1626,#1627);
#1405=AXIS2_PLACEMENT_3D('',#2014,#1630,#1631);
#1406=AXIS2_PLACEMENT_3D('',#2016,#1633,#1634);
#1407=AXIS2_PLACEMENT_3D('',#2017,#1635,#1636);
#1408=AXIS2_PLACEMENT_3D('',#2018,#1637,#1638);
#1409=AXIS2_PLACEMENT_3D('',#2022,#1640,#1641);
#1410=AXIS2_PLACEMENT_3D('',#2024,#1643,#1644);
#1411=AXIS2_PLACEMENT_3D('',#2030,#1648,#1649);
#1412=AXIS2_PLACEMENT_3D('',#2033,#1650,#1651);
#1413=AXIS2_PLACEMENT_3D('',#2039,#1654,#1655);
#1414=AXIS2_PLACEMENT_3D('',#2046,#1659,#1660);
#1415=AXIS2_PLACEMENT_3D('',#2048,#1661,#1662);
#1416=AXIS2_PLACEMENT_3D('',#2049,#1663,#1664);
#1417=AXIS2_PLACEMENT_3D('',#2050,#1665,#1666);
#1418=AXIS2_PLACEMENT_3D('',#2062,#1673,#1674);
#1419=AXIS2_PLACEMENT_3D('',#2065,#1675,#1676);
#1420=AXIS2_PLACEMENT_3D('',#2068,#1678,#1679);
#1421=AXIS2_PLACEMENT_3D('',#2069,#1680,#1681);
#1422=AXIS2_PLACEMENT_3D('',#2078,#1686,#1687);
#1423=AXIS2_PLACEMENT_3D('',#2082,#1689,#1690);
#1424=AXIS2_PLACEMENT_3D('',#2083,#1691,#1692);
#1425=AXIS2_PLACEMENT_3D('',#2084,#1693,#1694);
#1426=AXIS2_PLACEMENT_3D('',#2085,#1695,#1696);
#1427=AXIS2_PLACEMENT_3D('',#2094,#1701,#1702);
#1428=AXIS2_PLACEMENT_3D('',#2097,#1703,#1704);
#1429=AXIS2_PLACEMENT_3D('',#2100,#1706,#1707);
#1430=AXIS2_PLACEMENT_3D('',#2102,#1708,#1709);
#1431=AXIS2_PLACEMENT_3D('',#2105,#1711,#1712);
#1432=AXIS2_PLACEMENT_3D('',#2107,#1714,#1715);
#1433=AXIS2_PLACEMENT_3D('',#2113,#1719,#1720);
#1434=AXIS2_PLACEMENT_3D('',#2122,#1726,#1727);
#1435=AXIS2_PLACEMENT_3D('',#2124,#1729,#1730);
#1436=AXIS2_PLACEMENT_3D('',#2130,#1734,#1735);
#1437=AXIS2_PLACEMENT_3D('',#2134,#1738,#1739);
#1438=AXIS2_PLACEMENT_3D('',#2143,#1744,#1745);
#1439=AXIS2_PLACEMENT_3D('',#2149,#1749,#1750);
#1440=AXIS2_PLACEMENT_3D('',#2155,#1754,#1755);
#1441=AXIS2_PLACEMENT_3D('',#2161,#1760,#1761);
#1442=AXIS2_PLACEMENT_3D('',#2167,#1765,#1766);
#1443=AXIS2_PLACEMENT_3D('',#2173,#1770,#1771);
#1444=AXIS2_PLACEMENT_3D('',#2175,#1773,#1774);
#1445=AXIS2_PLACEMENT_3D('',#2177,#1776,#1777);
#1446=AXIS2_PLACEMENT_3D('',#2181,#1780,#1781);
#1447=AXIS2_PLACEMENT_3D('',#2185,#1784,#1785);
#1448=AXIS2_PLACEMENT_3D('',#2187,#1786,#1787);
#1449=AXIS2_PLACEMENT_3D('',#2190,#1789,#1790);
#1450=AXIS2_PLACEMENT_3D('',#2191,#1791,#1792);
#1451=AXIS2_PLACEMENT_3D('',#2195,#1795,#1796);
#1452=AXIS2_PLACEMENT_3D('',#2197,#1798,#1799);
#1453=AXIS2_PLACEMENT_3D('',#2198,#1800,#1801);
#1454=AXIS2_PLACEMENT_3D('',#2199,#1802,#1803);
#1455=AXIS2_PLACEMENT_3D('',#2201,#1804,#1805);
#1456=AXIS2_PLACEMENT_3D('',#2205,#1808,#1809);
#1457=AXIS2_PLACEMENT_3D('',#2206,#1810,#1811);
#1458=AXIS2_PLACEMENT_3D('',#2210,#1814,#1815);
#1459=AXIS2_PLACEMENT_3D('',#2212,#1817,#1818);
#1460=AXIS2_PLACEMENT_3D('',#2213,#1819,#1820);
#1461=AXIS2_PLACEMENT_3D('',#2214,#1821,#1822);
#1462=AXIS2_PLACEMENT_3D('',#2216,#1824,#1825);
#1463=AXIS2_PLACEMENT_3D('',#2217,#1826,#1827);
#1464=AXIS2_PLACEMENT_3D('',#2219,#1829,#1830);
#1465=DIRECTION('axis',(0.,0.,1.));
#1466=DIRECTION('refdir',(1.,0.,0.));
#1467=DIRECTION('center_axis',(0.846699163140538,-0.532071919139802,0.));
#1468=DIRECTION('ref_axis',(-0.532071919139802,-0.846699163140538,0.));
#1469=DIRECTION('center_axis',(0.846699163140538,-0.532071919139802,0.));
#1470=DIRECTION('ref_axis',(0.,0.,-1.));
#1471=DIRECTION('',(0.,0.,1.));
#1472=DIRECTION('',(0.532071919139801,0.846699163140539,0.));
#1473=DIRECTION('',(0.,0.,-1.));
#1474=DIRECTION('center_axis',(0.846699163140538,-0.532071919139802,0.));
#1475=DIRECTION('ref_axis',(0.,0.,-1.));
#1476=DIRECTION('',(-0.532071919139802,-0.846699163140538,0.));
#1477=DIRECTION('',(-0.532071919139802,-0.846699163140538,0.));
#1478=DIRECTION('center_axis',(-0.846699163140538,0.532071919139802,0.));
#1479=DIRECTION('ref_axis',(0.,0.,-1.));
#1480=DIRECTION('center_axis',(-0.846699163140538,0.532071919139802,0.));
#1481=DIRECTION('ref_axis',(0.,0.,-1.));
#1482=DIRECTION('center_axis',(-0.846699163140538,0.532071919139803,0.));
#1483=DIRECTION('ref_axis',(0.0668524146457508,0.106383895669579,0.992075209547238));
#1484=DIRECTION('center_axis',(1.,0.,0.));
#1485=DIRECTION('ref_axis',(0.,-1.,0.));
#1486=DIRECTION('center_axis',(-0.846699163140538,0.532071919139802,0.));
#1487=DIRECTION('ref_axis',(0.,0.,-1.));
#1488=DIRECTION('',(0.846699163140538,-0.532071919139802,0.));
#1489=DIRECTION('center_axis',(-3.34566227474979E-16,-5.32403486498824E-16,
-1.));
#1490=DIRECTION('ref_axis',(0.532071919139802,0.846699163140538,-6.28798881203635E-16));
#1491=DIRECTION('',(-0.846699163140538,0.532071919139803,0.));
#1492=DIRECTION('',(0.532071919139802,0.846699163140538,-6.28798881203635E-16));
#1493=DIRECTION('',(0.846699163140538,-0.532071919139802,0.));
#1494=DIRECTION('',(0.,-1.,5.32403486498824E-16));
#1495=DIRECTION('center_axis',(-0.846699163140538,0.532071919139803,0.));
#1496=DIRECTION('ref_axis',(-0.384908697458344,-0.612514700175077,-0.690413670700658));
#1497=DIRECTION('',(0.846699163140538,-0.532071919139803,0.));
#1498=DIRECTION('center_axis',(1.,0.,0.));
#1499=DIRECTION('ref_axis',(0.,-1.,0.));
#1500=DIRECTION('center_axis',(-0.846699163140538,0.532071919139802,0.));
#1501=DIRECTION('ref_axis',(0.,0.,-1.));
#1502=DIRECTION('center_axis',(1.,0.,0.));
#1503=DIRECTION('ref_axis',(0.,-1.,0.));
#1504=DIRECTION('center_axis',(0.,1.,0.));
#1505=DIRECTION('ref_axis',(-1.,0.,0.));
#1506=DIRECTION('center_axis',(-1.,0.,0.));
#1507=DIRECTION('ref_axis',(0.,-1.,0.));
#1508=DIRECTION('center_axis',(0.,0.,1.));
#1509=DIRECTION('ref_axis',(-0.532071919139802,-0.846699163140538,0.));
#1510=DIRECTION('',(-0.846699163140538,0.532071919139802,0.));
#1511=DIRECTION('',(-0.532071919139802,-0.846699163140538,0.));
#1512=DIRECTION('',(0.846699163140538,-0.532071919139802,0.));
#1513=DIRECTION('',(0.,1.,0.));
#1514=DIRECTION('center_axis',(-0.846699163140538,0.532071919139802,0.));
#1515=DIRECTION('ref_axis',(0.5320719191392,0.84669916313958,-1.50438817409464E-6));
#1516=DIRECTION('center_axis',(1.,0.,0.));
#1517=DIRECTION('ref_axis',(0.,-1.,0.));
#1518=DIRECTION('',(-0.846699163140538,0.532071919139802,0.));
#1519=DIRECTION('center_axis',(0.,1.,0.));
#1520=DIRECTION('ref_axis',(-1.,0.,0.));
#1521=DIRECTION('',(0.846699163140538,-0.532071919139802,0.));
#1522=DIRECTION('center_axis',(1.,0.,0.));
#1523=DIRECTION('ref_axis',(0.,-1.,0.));
#1524=DIRECTION('center_axis',(-0.846699163140538,0.532071919139802,0.));
#1525=DIRECTION('ref_axis',(0.,0.,-1.));
#1526=DIRECTION('',(0.846699163140538,-0.532071919139802,0.));
#1527=DIRECTION('center_axis',(0.,-1.,0.));
#1528=DIRECTION('ref_axis',(0.,0.,-1.));
#1529=DIRECTION('',(-1.,0.,0.));
#1530=DIRECTION('',(0.,0.,1.));
#1531=DIRECTION('',(1.,0.,0.));
#1532=DIRECTION('center_axis',(0.,0.,1.));
#1533=DIRECTION('ref_axis',(1.,0.,0.));
#1534=DIRECTION('',(0.,1.,0.));
#1535=DIRECTION('',(-1.,0.,0.));
#1536=DIRECTION('',(0.,1.,0.));
#1537=DIRECTION('',(0.532071919139802,0.846699163140538,0.));
#1538=DIRECTION('',(1.,0.,0.));
#1539=DIRECTION('',(0.,1.,0.));
#1540=DIRECTION('center_axis',(0.,0.,1.));
#1541=DIRECTION('ref_axis',(1.,0.,0.));
#1542=DIRECTION('',(0.,1.,0.));
#1543=DIRECTION('center_axis',(-0.846699163140539,0.532071919139802,0.));
#1544=DIRECTION('ref_axis',(0.532071919139802,0.846699163140538,0.));
#1545=DIRECTION('',(0.532071919139802,0.846699163140538,0.));
#1546=DIRECTION('',(0.,0.,-1.));
#1547=DIRECTION('',(0.,0.,1.));
#1548=DIRECTION('center_axis',(0.,1.,0.));
#1549=DIRECTION('ref_axis',(1.,0.,0.));
#1550=DIRECTION('',(0.,0.,1.));
#1551=DIRECTION('',(1.,0.,0.));
#1552=DIRECTION('center_axis',(0.,0.,1.));
#1553=DIRECTION('ref_axis',(1.,0.,0.));
#1554=DIRECTION('',(-1.,0.,0.));
#1555=DIRECTION('',(0.,1.,0.));
#1556=DIRECTION('',(1.,0.,0.));
#1557=DIRECTION('',(0.,1.,0.));
#1558=DIRECTION('center_axis',(0.,-1.,0.));
#1559=DIRECTION('ref_axis',(0.,0.,-1.));
#1560=DIRECTION('',(-1.,0.,0.));
#1561=DIRECTION('',(0.,0.,1.));
#1562=DIRECTION('',(0.,0.,-1.));
#1563=DIRECTION('center_axis',(0.,-1.,0.));
#1564=DIRECTION('ref_axis',(0.,0.,-1.));
#1565=DIRECTION('',(1.,0.,0.));
#1566=DIRECTION('',(0.,0.,-1.));
#1567=DIRECTION('',(0.,0.,1.));
#1568=DIRECTION('center_axis',(0.,0.,-1.));
#1569=DIRECTION('ref_axis',(-1.,0.,0.));
#1570=DIRECTION('',(0.,1.,0.));
#1571=DIRECTION('',(1.,0.,0.));
#1572=DIRECTION('',(0.,1.,0.));
#1573=DIRECTION('',(0.,1.,0.));
#1574=DIRECTION('',(0.,1.,0.));
#1575=DIRECTION('center_axis',(0.,0.,1.));
#1576=DIRECTION('ref_axis',(1.,0.,0.));
#1577=DIRECTION('',(-1.,0.,0.));
#1578=DIRECTION('',(0.,1.,0.));
#1579=DIRECTION('',(1.,0.,0.));
#1580=DIRECTION('',(0.,1.,0.));
#1581=DIRECTION('center_axis',(0.,0.,-1.));
#1582=DIRECTION('ref_axis',(-1.,0.,0.));
#1583=DIRECTION('',(-1.,0.,0.));
#1584=DIRECTION('',(0.,1.,0.));
#1585=DIRECTION('',(-1.,0.,0.));
#1586=DIRECTION('',(0.,1.,0.));
#1587=DIRECTION('center_axis',(0.,-1.,0.));
#1588=DIRECTION('ref_axis',(0.,0.,-1.));
#1589=DIRECTION('',(0.,0.,1.));
#1590=DIRECTION('',(0.,0.,-1.));
#1591=DIRECTION('center_axis',(0.,-1.,0.));
#1592=DIRECTION('ref_axis',(0.,0.,-1.));
#1593=DIRECTION('',(0.,0.,1.));
#1594=DIRECTION('',(0.,0.,-1.));
#1595=DIRECTION('center_axis',(0.,0.,-1.));
#1596=DIRECTION('ref_axis',(-1.,0.,0.));
#1597=DIRECTION('',(-1.,0.,0.));
#1598=DIRECTION('',(0.,1.,0.));
#1599=DIRECTION('',(0.,1.,0.));
#1600=DIRECTION('center_axis',(0.846699163140538,-0.532071919139802,0.));
#1601=DIRECTION('ref_axis',(0.,0.,-1.));
#1602=DIRECTION('center_axis',(-0.846699163140538,0.532071919139802,0.));
#1603=DIRECTION('ref_axis',(0.,0.,-1.));
#1604=DIRECTION('',(0.532071919139802,0.846699163140538,-6.28798881203635E-16));
#1605=DIRECTION('center_axis',(0.846699163140538,-0.532071919139802,0.));
#1606=DIRECTION('ref_axis',(0.,0.,-1.));
#1607=DIRECTION('center_axis',(-3.34566227474979E-16,-5.32403486498824E-16,
-1.));
#1608=DIRECTION('ref_axis',(0.532071919139802,0.846699163140538,-6.28798881203635E-16));
#1609=DIRECTION('',(0.846699163140538,-0.532071919139802,0.));
#1610=DIRECTION('',(0.,-1.,5.32403486498824E-16));
#1611=DIRECTION('center_axis',(-0.846699163140538,0.532071919139802,0.));
#1612=DIRECTION('ref_axis',(0.,0.,-1.));
#1613=DIRECTION('',(-0.846699163140538,0.532071919139802,0.));
#1614=DIRECTION('center_axis',(-0.846699163140538,0.532071919139802,0.));
#1615=DIRECTION('ref_axis',(0.,0.,-1.));
#1616=DIRECTION('center_axis',(1.,0.,0.));
#1617=DIRECTION('ref_axis',(0.,-1.,0.));
#1618=DIRECTION('center_axis',(0.846699163140538,-0.532071919139802,0.));
#1619=DIRECTION('ref_axis',(0.,0.,-1.));
#1620=DIRECTION('center_axis',(-0.846699163140538,0.532071919139802,0.));
#1621=DIRECTION('ref_axis',(0.,0.,-1.));
#1622=DIRECTION('',(-0.532071919139802,-0.846699163140538,0.));
#1623=DIRECTION('',(0.,0.,-1.));
#1624=DIRECTION('center_axis',(0.846699163140538,-0.532071919139802,0.));
#1625=DIRECTION('ref_axis',(0.,0.,-1.));
#1626=DIRECTION('center_axis',(0.,0.,1.));
#1627=DIRECTION('ref_axis',(-0.532071919139802,-0.846699163140538,0.));
#1628=DIRECTION('',(0.846699163140538,-0.532071919139803,0.));
#1629=DIRECTION('',(0.,1.,0.));
#1630=DIRECTION('center_axis',(-0.846699163140538,0.532071919139803,0.));
#1631=DIRECTION('ref_axis',(0.,0.,-1.));
#1632=DIRECTION('',(-0.846699163140538,0.532071919139803,0.));
#1633=DIRECTION('center_axis',(-0.846699163140538,0.532071919139803,0.));
#1634=DIRECTION('ref_axis',(0.,0.,-1.));
#1635=DIRECTION('center_axis',(1.,0.,0.));
#1636=DIRECTION('ref_axis',(0.,-1.,0.));
#1637=DIRECTION('center_axis',(0.,1.,0.));
#1638=DIRECTION('ref_axis',(0.,0.,1.));
#1639=DIRECTION('',(0.,0.,1.));
#1640=DIRECTION('center_axis',(0.,-1.,0.));
#1641=DIRECTION('ref_axis',(-1.,0.,0.));
#1642=DIRECTION('',(0.,0.,-1.));
#1643=DIRECTION('center_axis',(0.,1.,0.));
#1644=DIRECTION('ref_axis',(0.,0.,1.));
#1645=DIRECTION('',(0.,0.,1.));
#1646=DIRECTION('',(-1.,0.,0.));
#1647=DIRECTION('',(0.,0.,-1.));
#1648=DIRECTION('center_axis',(-0.846699163140538,0.532071919139802,0.));
#1649=DIRECTION('ref_axis',(-0.532071919139802,-0.846699163140538,0.));
#1650=DIRECTION('center_axis',(-0.846699163140538,0.532071919139802,0.));
#1651=DIRECTION('ref_axis',(0.,0.,1.));
#1652=DIRECTION('',(-0.532071919139802,-0.846699163140538,0.));
#1653=DIRECTION('',(-0.532071919139802,-0.846699163140538,0.));
#1654=DIRECTION('center_axis',(-0.846699163140538,0.532071919139802,0.));
#1655=DIRECTION('ref_axis',(0.,0.,1.));
#1656=DIRECTION('',(0.,0.,1.));
#1657=DIRECTION('',(0.532071919139801,0.846699163140539,0.));
#1658=DIRECTION('',(0.,0.,-1.));
#1659=DIRECTION('center_axis',(0.846699163140538,-0.532071919139802,0.));
#1660=DIRECTION('ref_axis',(0.,0.,1.));
#1661=DIRECTION('center_axis',(0.846699163140538,-0.532071919139802,0.));
#1662=DIRECTION('ref_axis',(0.,0.,1.));
#1663=DIRECTION('center_axis',(-1.,0.,0.));
#1664=DIRECTION('ref_axis',(0.,0.,1.));
#1665=DIRECTION('center_axis',(1.,0.,0.));
#1666=DIRECTION('ref_axis',(0.,-1.,0.));
#1667=DIRECTION('',(0.,1.,0.));
#1668=DIRECTION('',(0.,0.,1.));
#1669=DIRECTION('',(0.,1.,0.));
#1670=DIRECTION('',(0.,0.,1.));
#1671=DIRECTION('',(0.,1.,0.));
#1672=DIRECTION('',(0.,0.,-1.));
#1673=DIRECTION('center_axis',(0.846699163140538,-0.532071919139803,0.));
#1674=DIRECTION('ref_axis',(0.0668524146457506,0.106383895669579,-0.992075209547238));
#1675=DIRECTION('center_axis',(-1.,0.,0.));
#1676=DIRECTION('ref_axis',(0.,-1.,0.));
#1677=DIRECTION('',(0.846699163140538,-0.532071919139802,0.));
#1678=DIRECTION('center_axis',(0.846699163140538,-0.532071919139802,0.));
#1679=DIRECTION('ref_axis',(0.,0.,1.));
#1680=DIRECTION('center_axis',(3.34566227474979E-16,5.32403486498824E-16,
-1.));
#1681=DIRECTION('ref_axis',(0.532071919139802,0.846699163140538,6.28798881203635E-16));
#1682=DIRECTION('',(-0.846699163140538,0.532071919139803,0.));
#1683=DIRECTION('',(0.,-1.,-5.32403486498824E-16));
#1684=DIRECTION('',(0.846699163140538,-0.532071919139802,0.));
#1685=DIRECTION('',(0.532071919139802,0.846699163140538,6.28798881203635E-16));
#1686=DIRECTION('center_axis',(0.846699163140538,-0.532071919139803,0.));
#1687=DIRECTION('ref_axis',(-0.384908697458344,-0.612514700175077,0.690413670700658));
#1688=DIRECTION('',(0.846699163140538,-0.532071919139803,0.));
#1689=DIRECTION('center_axis',(-1.,0.,0.));
#1690=DIRECTION('ref_axis',(0.,-1.,0.));
#1691=DIRECTION('center_axis',(0.846699163140538,-0.532071919139802,0.));
#1692=DIRECTION('ref_axis',(0.,0.,1.));
#1693=DIRECTION('center_axis',(-1.,0.,0.));
#1694=DIRECTION('ref_axis',(0.,-1.,0.));
#1695=DIRECTION('center_axis',(0.,0.,1.));
#1696=DIRECTION('ref_axis',(-0.532071919139802,-0.846699163140538,0.));
#1697=DIRECTION('',(-0.846699163140538,0.532071919139802,0.));
#1698=DIRECTION('',(0.,1.,0.));
#1699=DIRECTION('',(0.846699163140538,-0.532071919139802,0.));
#1700=DIRECTION('',(-0.532071919139802,-0.846699163140538,0.));
#1701=DIRECTION('center_axis',(0.846699163140538,-0.532071919139802,0.));
#1702=DIRECTION('ref_axis',(0.5320719191392,0.84669916313958,1.50438817409464E-6));
#1703=DIRECTION('center_axis',(-1.,0.,0.));
#1704=DIRECTION('ref_axis',(0.,-1.,0.));
#1705=DIRECTION('',(0.846699163140538,-0.532071919139802,0.));
#1706=DIRECTION('center_axis',(0.846699163140538,-0.532071919139802,0.));
#1707=DIRECTION('ref_axis',(0.,0.,1.));
#1708=DIRECTION('center_axis',(-1.,0.,0.));
#1709=DIRECTION('ref_axis',(0.,-1.,0.));
#1710=DIRECTION('',(0.846699163140538,-0.532071919139802,0.));
#1711=DIRECTION('center_axis',(0.,-1.,0.));
#1712=DIRECTION('ref_axis',(-1.,0.,0.));
#1713=DIRECTION('',(-0.846699163140538,0.532071919139802,0.));
#1714=DIRECTION('center_axis',(0.,1.,0.));
#1715=DIRECTION('ref_axis',(0.,0.,1.));
#1716=DIRECTION('',(1.,0.,0.));
#1717=DIRECTION('',(0.,0.,-1.));
#1718=DIRECTION('',(-1.,0.,0.));
#1719=DIRECTION('center_axis',(0.,0.,1.));
#1720=DIRECTION('ref_axis',(1.,0.,0.));
#1721=DIRECTION('',(0.,1.,0.));
#1722=DIRECTION('',(1.,0.,0.));
#1723=DIRECTION('',(0.532071919139802,0.846699163140538,0.));
#1724=DIRECTION('',(0.,1.,0.));
#1725=DIRECTION('',(0.,1.,0.));
#1726=DIRECTION('center_axis',(0.,0.,1.));
#1727=DIRECTION('ref_axis',(1.,0.,0.));
#1728=DIRECTION('',(0.,1.,0.));
#1729=DIRECTION('center_axis',(0.846699163140539,-0.532071919139802,0.));
#1730=DIRECTION('ref_axis',(0.532071919139802,0.846699163140538,0.));
#1731=DIRECTION('',(0.532071919139802,0.846699163140538,0.));
#1732=DIRECTION('',(0.,0.,-1.));
#1733=DIRECTION('',(0.,0.,1.));
#1734=DIRECTION('center_axis',(0.,-1.,0.));
#1735=DIRECTION('ref_axis',(1.,0.,0.));
#1736=DIRECTION('',(0.,0.,-1.));
#1737=DIRECTION('',(1.,0.,0.));
#1738=DIRECTION('center_axis',(0.,0.,1.));
#1739=DIRECTION('ref_axis',(1.,0.,0.));
#1740=DIRECTION('',(-1.,0.,0.));
#1741=DIRECTION('',(0.,1.,0.));
#1742=DIRECTION('',(1.,0.,0.));
#1743=DIRECTION('',(0.,1.,0.));
#1744=DIRECTION('center_axis',(0.,1.,0.));
#1745=DIRECTION('ref_axis',(0.,0.,1.));
#1746=DIRECTION('',(-1.,0.,0.));
#1747=DIRECTION('',(0.,0.,1.));
#1748=DIRECTION('',(0.,0.,-1.));
#1749=DIRECTION('center_axis',(0.,1.,0.));
#1750=DIRECTION('ref_axis',(0.,0.,1.));
#1751=DIRECTION('',(1.,0.,0.));
#1752=DIRECTION('',(0.,0.,-1.));
#1753=DIRECTION('',(0.,0.,1.));
#1754=DIRECTION('center_axis',(0.,0.,-1.));
#1755=DIRECTION('ref_axis',(-1.,0.,0.));
#1756=DIRECTION('',(0.,1.,0.));
#1757=DIRECTION('',(0.,1.,0.));
#1758=DIRECTION('',(0.,1.,0.));
#1759=DIRECTION('',(1.,0.,0.));
#1760=DIRECTION('center_axis',(0.,0.,1.));
#1761=DIRECTION('ref_axis',(1.,0.,0.));
#1762=DIRECTION('',(-1.,0.,0.));
#1763=DIRECTION('',(0.,1.,0.));
#1764=DIRECTION('',(1.,0.,0.));
#1765=DIRECTION('center_axis',(0.,0.,-1.));
#1766=DIRECTION('ref_axis',(-1.,0.,0.));
#1767=DIRECTION('',(-1.,0.,0.));
#1768=DIRECTION('',(-1.,0.,0.));
#1769=DIRECTION('',(0.,1.,0.));
#1770=DIRECTION('center_axis',(0.,1.,0.));
#1771=DIRECTION('ref_axis',(0.,0.,1.));
#1772=DIRECTION('',(0.,0.,-1.));
#1773=DIRECTION('center_axis',(0.,1.,0.));
#1774=DIRECTION('ref_axis',(0.,0.,1.));
#1775=DIRECTION('',(0.,0.,-1.));
#1776=DIRECTION('center_axis',(-1.,0.,0.));
#1777=DIRECTION('ref_axis',(0.,0.,1.));
#1778=DIRECTION('',(0.,1.,0.));
#1779=DIRECTION('',(0.,0.,-1.));
#1780=DIRECTION('center_axis',(0.,0.,-1.));
#1781=DIRECTION('ref_axis',(-1.,0.,0.));
#1782=DIRECTION('',(-1.,0.,0.));
#1783=DIRECTION('',(0.,1.,0.));
#1784=DIRECTION('center_axis',(-0.846699163140538,0.532071919139802,0.));
#1785=DIRECTION('ref_axis',(0.,0.,1.));
#1786=DIRECTION('center_axis',(0.846699163140538,-0.532071919139802,0.));
#1787=DIRECTION('ref_axis',(0.,0.,1.));
#1788=DIRECTION('',(0.532071919139802,0.846699163140538,6.28798881203635E-16));
#1789=DIRECTION('center_axis',(-0.846699163140538,0.532071919139802,0.));
#1790=DIRECTION('ref_axis',(0.,0.,1.));
#1791=DIRECTION('center_axis',(3.34566227474979E-16,5.32403486498824E-16,
-1.));
#1792=DIRECTION('ref_axis',(0.532071919139802,0.846699163140538,6.28798881203635E-16));
#1793=DIRECTION('',(0.846699163140538,-0.532071919139802,0.));
#1794=DIRECTION('',(0.,-1.,-5.32403486498824E-16));
#1795=DIRECTION('center_axis',(0.846699163140538,-0.532071919139802,0.));
#1796=DIRECTION('ref_axis',(0.,0.,1.));
#1797=DIRECTION('',(-0.846699163140538,0.532071919139802,0.));
#1798=DIRECTION('center_axis',(0.846699163140538,-0.532071919139802,0.));
#1799=DIRECTION('ref_axis',(0.,0.,1.));
#1800=DIRECTION('center_axis',(-1.,0.,0.));
#1801=DIRECTION('ref_axis',(0.,-1.,0.));
#1802=DIRECTION('center_axis',(-0.846699163140538,0.532071919139802,0.));
#1803=DIRECTION('ref_axis',(0.,0.,1.));
#1804=DIRECTION('center_axis',(0.846699163140538,-0.532071919139802,0.));
#1805=DIRECTION('ref_axis',(0.,0.,1.));
#1806=DIRECTION('',(0.,0.,1.));
#1807=DIRECTION('',(-0.532071919139802,-0.846699163140538,0.));
#1808=DIRECTION('center_axis',(-0.846699163140538,0.532071919139802,0.));
#1809=DIRECTION('ref_axis',(0.,0.,1.));
#1810=DIRECTION('center_axis',(0.,0.,1.));
#1811=DIRECTION('ref_axis',(-0.532071919139802,-0.846699163140538,0.));
#1812=DIRECTION('',(0.846699163140538,-0.532071919139803,0.));
#1813=DIRECTION('',(0.,1.,0.));
#1814=DIRECTION('center_axis',(0.846699163140538,-0.532071919139803,0.));
#1815=DIRECTION('ref_axis',(0.,0.,1.));
#1816=DIRECTION('',(-0.846699163140538,0.532071919139803,0.));
#1817=DIRECTION('center_axis',(0.846699163140538,-0.532071919139803,0.));
#1818=DIRECTION('ref_axis',(0.,0.,1.));
#1819=DIRECTION('center_axis',(-1.,0.,0.));
#1820=DIRECTION('ref_axis',(0.,-1.,0.));
#1821=DIRECTION('center_axis',(0.,1.,0.));
#1822=DIRECTION('ref_axis',(-1.,0.,0.));
#1823=DIRECTION('',(0.,0.,1.));
#1824=DIRECTION('center_axis',(1.,0.,0.));
#1825=DIRECTION('ref_axis',(0.,0.,-1.));
#1826=DIRECTION('center_axis',(0.,1.,0.));
#1827=DIRECTION('ref_axis',(-1.,0.,0.));
#1828=DIRECTION('',(0.,0.,1.));
#1829=DIRECTION('center_axis',(1.,0.,0.));
#1830=DIRECTION('ref_axis',(0.,0.,-1.));
#1831=CARTESIAN_POINT('',(0.,0.,0.));
#1832=CARTESIAN_POINT('Origin',(309.698691718077,120.,71.5549469518632));
#1833=CARTESIAN_POINT('',(249.698691718077,24.5205207022323,47.4934865374845));
#1834=CARTESIAN_POINT('',(252.234919146252,28.5564819392789,42.4889469518632));
#1835=CARTESIAN_POINT('Origin',(249.57456485528,24.3229945651202,42.4989319079815));
#1836=CARTESIAN_POINT('',(249.698691718077,24.5205207022322,71.5549469518632));
#1837=CARTESIAN_POINT('',(249.698691718077,24.5205207022323,-14.5430075219408));
#1838=CARTESIAN_POINT('',(309.698691718077,120.,71.5549469518632));
#1839=CARTESIAN_POINT('',(247.846400454576,21.5729239464504,71.5549469518632));
#1840=CARTESIAN_POINT('',(309.698691718077,120.,47.4989319079815));
#1841=CARTESIAN_POINT('',(309.698691718077,120.,42.4889319079815));
#1842=CARTESIAN_POINT('',(307.038337427106,115.766512625841,42.4889469518632));
#1843=CARTESIAN_POINT('Origin',(309.698691718077,120.,42.4989319079815));
#1844=CARTESIAN_POINT('',(254.209717387881,31.6990270697599,42.4889319079815));
#1845=CARTESIAN_POINT('',(309.698691718077,120.,42.4889469518632));
#1846=CARTESIAN_POINT('',(309.698691718077,120.,42.4889469518632));
#1847=CARTESIAN_POINT('',(249.574564851814,24.3229945596036,43.9889319079756));
#1848=CARTESIAN_POINT('Origin',(249.574564851814,24.3229945596036,42.4889319079756));
#1849=CARTESIAN_POINT('',(309.698691718077,120.,43.9889319079815));
#1850=CARTESIAN_POINT('Origin',(309.698691718077,120.,42.4889319079815));
#1851=CARTESIAN_POINT('Origin',(249.57456485528,24.3229945651202,42.4989319079815));
#1852=CARTESIAN_POINT('',(259.698691718077,23.8662046846492,42.4989469518632));
#1853=CARTESIAN_POINT('',(259.698691718077,12.2420896601347,43.7454438183493));
#1854=CARTESIAN_POINT('Origin',(259.698691718077,17.9609195283115,42.4989319079815));
#1855=CARTESIAN_POINT('',(264.935411898075,20.5754115937067,42.4989469518632));
#1856=CARTESIAN_POINT('Origin',(262.275052302388,16.3419157780232,42.4989319079815));
#1857=CARTESIAN_POINT('',(252.234924450967,28.5564903808037,42.4989469518632));
#1858=CARTESIAN_POINT('Origin',(250.90474465313,26.4397424729716,42.4989319079815));
#1859=CARTESIAN_POINT('',(264.109510705352,19.2611346631628,42.4989319079815));
#1860=CARTESIAN_POINT('',(259.698691718077,22.0329254310107,42.4989319079816));
#1861=CARTESIAN_POINT('',(251.409023258244,27.2422134502598,42.4989319079815));
#1862=CARTESIAN_POINT('',(264.935411898088,20.5754115937259,42.4989319079815));
#1863=CARTESIAN_POINT('',(322.399179165186,112.018921212903,42.4989319079815));
#1864=CARTESIAN_POINT('',(259.698691718077,23.8662046846759,42.4989319079815));
#1865=CARTESIAN_POINT('',(252.234924450979,28.5564903808229,42.4989319079815));
#1866=CARTESIAN_POINT('',(259.698691718077,13.2198712364858,42.4989319079816));
#1867=CARTESIAN_POINT('Origin',(249.57456485528,24.3229945651202,42.4989319079815));
#1868=CARTESIAN_POINT('',(259.698691718077,23.8661928740938,42.4889319079815));
#1869=CARTESIAN_POINT('',(252.234919130255,28.5564819138228,42.4889319079815));
#1870=CARTESIAN_POINT('Origin',(259.698691718077,17.9609195283115,42.4989319079815));
#1871=CARTESIAN_POINT('',(259.698691718077,12.2420896601347,41.2524199976138));
#1872=CARTESIAN_POINT('Origin',(262.275052302388,16.3419157780232,42.4989319079815));
#1873=CARTESIAN_POINT('',(259.698691718077,20.,37.8064655925171));
#1874=CARTESIAN_POINT('Origin',(259.698691718077,17.9609195283115,42.4989319079815));
#1875=CARTESIAN_POINT('',(249.698691718077,20.,39.0230866590696));
#1876=CARTESIAN_POINT('Origin',(256.453852690026,20.,42.4989319079815));
#1877=CARTESIAN_POINT('Origin',(249.698691718077,24.2449923407407,42.4989319079815));
#1878=CARTESIAN_POINT('Origin',(308.368511920252,117.883252092187,42.4989469518632));
#1879=CARTESIAN_POINT('',(320.560868975245,109.093572884181,42.4989469518632));
#1880=CARTESIAN_POINT('',(319.698691718077,109.635371350307,42.4989469518632));
#1881=CARTESIAN_POINT('',(307.860381528137,117.074651671278,42.4989469518632));
#1882=CARTESIAN_POINT('',(319.738819569499,107.78542539722,42.4989469518632));
#1883=CARTESIAN_POINT('',(262.700487447108,17.018921212903,42.4989469518632));
#1884=CARTESIAN_POINT('',(319.698691718077,107.810642031233,42.4989469518632));
#1885=CARTESIAN_POINT('',(307.03833212239,115.766504184317,42.4989469518632));
#1886=CARTESIAN_POINT('',(319.698691718077,58.9416260460935,42.4989469518632));
#1887=CARTESIAN_POINT('Origin',(309.698691718077,120.,42.4989319079815));
#1888=CARTESIAN_POINT('',(319.698691718077,107.810642031206,42.4989319079815));
#1889=CARTESIAN_POINT('',(319.698691718077,107.810653841789,42.4889319079815));
#1890=CARTESIAN_POINT('Origin',(319.698691718077,113.715927187571,42.4989319079815));
#1891=CARTESIAN_POINT('',(307.038337443103,115.766512651297,42.4889319079815));
#1892=CARTESIAN_POINT('',(319.095898787516,120.,42.4889319079815));
#1893=CARTESIAN_POINT('Origin',(309.698691718078,120.,42.4989319079815));
#1894=CARTESIAN_POINT('',(319.698691718077,119.621200533353,42.4889319079815));
#1895=CARTESIAN_POINT('',(312.359045993052,124.233487348703,42.4889319079815));
#1896=CARTESIAN_POINT('Origin',(319.698691718077,113.715927187571,42.4989319079815));
#1897=CARTESIAN_POINT('',(319.738819569487,107.7854253972,42.4989319079815));
#1898=CARTESIAN_POINT('Origin',(322.399179165186,112.018921212903,42.4989319079815));
#1899=CARTESIAN_POINT('',(307.038332122378,115.766504184297,42.4989319079815));
#1900=CARTESIAN_POINT('Origin',(314.698691718077,120.,57.0219394299223));
#1901=CARTESIAN_POINT('',(319.698691718077,120.,71.5549469518632));
#1902=CARTESIAN_POINT('',(67.,120.,71.5549469518632));
#1903=CARTESIAN_POINT('',(319.698691718077,120.,42.4889319079815));
#1904=CARTESIAN_POINT('',(319.698691718077,120.,92.4889319079815));
#1905=CARTESIAN_POINT('',(319.698691718077,120.,42.4889319079815));
#1906=CARTESIAN_POINT('Origin',(249.698691718077,0.,42.4889319079815));
#1907=CARTESIAN_POINT('',(319.698691718077,20.,42.4889319079815));
#1908=CARTESIAN_POINT('',(319.698691718077,0.,42.4889319079815));
#1909=CARTESIAN_POINT('',(309.698691718077,20.,42.4889319079815));
#1910=CARTESIAN_POINT('',(319.698691718077,20.,42.4889319079815));
#1911=CARTESIAN_POINT('',(309.698691718077,104.086753450372,42.4889469518632));
#1912=CARTESIAN_POINT('',(309.698691718077,0.,42.4889319079815));
#1913=CARTESIAN_POINT('',(260.,25.,42.4889469518632));
#1914=CARTESIAN_POINT('',(260.,25.,42.4889469518632));
#1915=CARTESIAN_POINT('',(259.698691718077,25.,42.4889319079815));
#1916=CARTESIAN_POINT('',(250.,25.,42.4889469518632));
#1917=CARTESIAN_POINT('',(259.698691718077,0.,42.4889319079815));
#1918=CARTESIAN_POINT('Origin',(249.698691718077,0.,42.4889319079815));
#1919=CARTESIAN_POINT('',(319.698691718077,0.,42.4889319079815));
#1920=CARTESIAN_POINT('Origin',(260.,25.,71.5549469518632));
#1921=CARTESIAN_POINT('',(260.,25.,71.5549469518632));
#1922=CARTESIAN_POINT('',(309.698691718077,104.086753450372,71.5549469518632));
#1923=CARTESIAN_POINT('',(260.,25.,71.5549469518632));
#1924=CARTESIAN_POINT('',(260.,25.,71.5549469518632));
#1925=CARTESIAN_POINT('',(309.698691718077,104.086753450372,-0.00999999999996781));
#1926=CARTESIAN_POINT('Origin',(250.,25.,71.5549469518632));
#1927=CARTESIAN_POINT('',(259.698691718077,25.,71.5549469518632));
#1928=CARTESIAN_POINT('',(259.698691718077,25.,92.4889319079815));
#1929=CARTESIAN_POINT('',(250.,25.,71.5549469518632));
#1930=CARTESIAN_POINT('Origin',(309.698691718077,0.,79.5549469518632));
#1931=CARTESIAN_POINT('',(319.698691718077,20.,79.5549469518632));
#1932=CARTESIAN_POINT('',(309.698691718077,20.,79.5549469518632));
#1933=CARTESIAN_POINT('',(397.,20.,79.5549469518632));
#1934=CARTESIAN_POINT('',(309.698691718077,30.,79.5549469518632));
#1935=CARTESIAN_POINT('',(309.698691718077,0.,79.5549469518632));
#1936=CARTESIAN_POINT('',(319.698691718077,30.,79.5549469518632));
#1937=CARTESIAN_POINT('',(397.,30.,79.5549469518632));
#1938=CARTESIAN_POINT('',(319.698691718077,0.,79.5549469518632));
#1939=CARTESIAN_POINT('Origin',(314.698691718077,30.,86.0219394299224));
#1940=CARTESIAN_POINT('',(319.698691718077,30.,92.4889319079815));
#1941=CARTESIAN_POINT('',(309.698691718077,30.,92.4889319079815));
#1942=CARTESIAN_POINT('',(309.698691718077,30.,92.4889319079815));
#1943=CARTESIAN_POINT('',(319.698691718077,30.,92.4889319079815));
#1944=CARTESIAN_POINT('',(309.698691718077,30.,42.4889319079815));
#1945=CARTESIAN_POINT('Origin',(314.698691718077,20.,75.5549469518632));
#1946=CARTESIAN_POINT('',(309.698691718077,20.,71.5549469518632));
#1947=CARTESIAN_POINT('',(319.698691718077,20.,71.5549469518632));
#1948=CARTESIAN_POINT('',(67.,20.,71.5549469518632));
#1949=CARTESIAN_POINT('',(309.698691718077,20.,42.4889319079815));
#1950=CARTESIAN_POINT('',(319.698691718077,20.,92.4889319079815));
#1951=CARTESIAN_POINT('Origin',(259.698691718077,0.,71.5549469518632));
#1952=CARTESIAN_POINT('',(249.698691718077,20.,71.5549469518632));
#1953=CARTESIAN_POINT('',(249.698691718077,0.,71.5549469518632));
#1954=CARTESIAN_POINT('',(259.698691718077,20.,71.5549469518632));
#1955=CARTESIAN_POINT('',(67.,20.,71.5549469518632));
#1956=CARTESIAN_POINT('',(259.698691718077,0.,71.5549469518632));
#1957=CARTESIAN_POINT('',(309.698691718077,0.,71.5549469518632));
#1958=CARTESIAN_POINT('',(319.698691718077,0.,71.5549469518632));
#1959=CARTESIAN_POINT('Origin',(249.698691718077,0.,79.5549469518632));
#1960=CARTESIAN_POINT('',(259.698691718077,20.,79.5549469518632));
#1961=CARTESIAN_POINT('',(249.698691718077,20.,79.5549469518632));
#1962=CARTESIAN_POINT('',(397.,20.,79.5549469518632));
#1963=CARTESIAN_POINT('',(249.698691718077,30.,79.5549469518632));
#1964=CARTESIAN_POINT('',(249.698691718077,0.,79.5549469518632));
#1965=CARTESIAN_POINT('',(259.698691718077,30.,79.5549469518632));
#1966=CARTESIAN_POINT('',(397.,30.,79.5549469518632));
#1967=CARTESIAN_POINT('',(259.698691718077,0.,79.5549469518632));
#1968=CARTESIAN_POINT('Origin',(259.698691718077,0.,92.4889319079815));
#1969=CARTESIAN_POINT('',(259.698691718077,12.,92.4889319079815));
#1970=CARTESIAN_POINT('',(249.698691718077,12.,92.4889319079815));
#1971=CARTESIAN_POINT('',(313.598402375451,12.,92.4889319079815));
#1972=CARTESIAN_POINT('',(259.698691718077,30.,92.4889319079815));
#1973=CARTESIAN_POINT('',(259.698691718077,0.,92.4889319079815));
#1974=CARTESIAN_POINT('',(249.698691718077,30.,92.4889319079815));
#1975=CARTESIAN_POINT('',(249.698691718077,30.,92.4889319079815));
#1976=CARTESIAN_POINT('',(249.698691718077,0.,92.4889319079815));
#1977=CARTESIAN_POINT('Origin',(254.698691718077,30.,86.0219394299224));
#1978=CARTESIAN_POINT('',(259.698691718077,30.,92.4889319079815));
#1979=CARTESIAN_POINT('',(249.698691718077,30.,42.4889319079815));
#1980=CARTESIAN_POINT('Origin',(254.698691718077,20.,75.5549469518632));
#1981=CARTESIAN_POINT('',(259.698691718077,20.,92.4889319079815));
#1982=CARTESIAN_POINT('',(249.698691718077,20.,42.4889319079815));
#1983=CARTESIAN_POINT('Origin',(319.698691718077,0.,92.4889319079815));
#1984=CARTESIAN_POINT('',(319.698691718077,12.,92.4889319079815));
#1985=CARTESIAN_POINT('',(309.698691718077,12.,92.4889319079815));
#1986=CARTESIAN_POINT('',(343.598402375451,12.,92.4889319079815));
#1987=CARTESIAN_POINT('',(319.698691718077,0.,92.4889319079815));
#1988=CARTESIAN_POINT('',(309.698691718077,0.,92.4889319079815));
#1989=CARTESIAN_POINT('Origin',(322.399179165186,112.018921212903,42.4989319079815));
#1990=CARTESIAN_POINT('',(320.560868975228,109.093572884154,42.4989319079815));
#1991=CARTESIAN_POINT('Origin',(322.399179165186,112.018921212903,42.4989319079815));
#1992=CARTESIAN_POINT('',(322.399179165186,112.018921212903,42.4989319079815));
#1993=CARTESIAN_POINT('',(322.399179165186,112.018921212903,43.9889319079815));
#1994=CARTESIAN_POINT('Origin',(322.399179165186,112.018921212903,42.4889319079815));
#1995=CARTESIAN_POINT('Origin',(307.038332122378,115.766504184297,42.4989319079815));
#1996=CARTESIAN_POINT('',(319.698691718077,109.635371350269,42.4989319079815));
#1997=CARTESIAN_POINT('',(307.860381528119,117.074651671251,42.4989319079815));
#1998=CARTESIAN_POINT('',(319.698691718077,57.8832520921487,42.4989319079815));
#1999=CARTESIAN_POINT('Origin',(309.698691718077,120.,42.4889319079815));
#2000=CARTESIAN_POINT('',(309.698691718077,120.,43.9889319079815));
#2001=CARTESIAN_POINT('Origin',(309.698691718077,120.,42.4989319079815));
#2002=CARTESIAN_POINT('Origin',(319.698691718077,113.715927187571,42.4989319079815));
#2003=CARTESIAN_POINT('Origin',(262.275052302388,16.3419157780232,42.4989319079815));
#2004=CARTESIAN_POINT('',(264.109510682118,19.2611346261904,42.4989469518632));
#2005=CARTESIAN_POINT('Origin',(262.275052298922,16.3419157725066,42.4889319079756));
#2006=CARTESIAN_POINT('',(262.700487447108,17.018921212903,42.4989469518632));
#2007=CARTESIAN_POINT('',(259.698691718077,12.2420896601347,-18.5380075219408));
#2008=CARTESIAN_POINT('',(262.275052298922,16.3419157725066,43.9889319079756));
#2009=CARTESIAN_POINT('Origin',(262.275052298922,16.3419157725066,42.4889319079756));
#2010=CARTESIAN_POINT('Origin',(252.234924450967,28.5564903808037,42.4989469518632));
#2011=CARTESIAN_POINT('',(259.698691718077,22.032925379438,42.4989469518632));
#2012=CARTESIAN_POINT('',(251.40902323501,27.2422134132874,42.4989469518632));
#2013=CARTESIAN_POINT('',(259.698691718077,14.2782451904019,42.4989469518632));
#2014=CARTESIAN_POINT('Origin',(249.574564851814,24.3229945596036,42.4889319079756));
#2015=CARTESIAN_POINT('',(249.574564851814,24.3229945596036,43.9889319079756));
#2016=CARTESIAN_POINT('Origin',(249.574564851814,24.3229945596036,42.4889319079756));
#2017=CARTESIAN_POINT('Origin',(259.698691718077,17.9609195206165,42.4889319079756));
#2018=CARTESIAN_POINT('Origin',(254.698691718077,20.,0.00999999999999446));
#2019=CARTESIAN_POINT('',(259.698691718077,20.,-37.8064655925171));
#2020=CARTESIAN_POINT('',(259.698691718077,20.,42.4889319079815));
#2021=CARTESIAN_POINT('',(249.698691718077,20.,-39.0230866590696));
#2022=CARTESIAN_POINT('Origin',(256.453852690026,20.,-42.4989319079815));
#2023=CARTESIAN_POINT('',(249.698691718077,20.,-42.5089319079815));
#2024=CARTESIAN_POINT('Origin',(314.698691718077,20.,0.00999999999999446));
#2025=CARTESIAN_POINT('',(319.698691718077,20.,-42.4889319079815));
#2026=CARTESIAN_POINT('',(319.698691718077,20.,-42.5089319079815));
#2027=CARTESIAN_POINT('',(309.698691718077,20.,-42.4889319079815));
#2028=CARTESIAN_POINT('',(319.698691718077,20.,-42.4889319079815));
#2029=CARTESIAN_POINT('',(309.698691718077,20.,42.4889319079815));
#2030=CARTESIAN_POINT('Origin',(309.698691718077,120.,-71.5549469518632));
#2031=CARTESIAN_POINT('',(249.698691718077,24.5205207022323,-47.4934865374845));
#2032=CARTESIAN_POINT('',(252.234919146252,28.5564819392789,-42.4889469518632));
#2033=CARTESIAN_POINT('Origin',(249.57456485528,24.3229945651202,-42.4989319079815));
#2034=CARTESIAN_POINT('',(254.209717387881,31.6990270697599,-42.4889319079815));
#2035=CARTESIAN_POINT('',(309.698691718077,120.,-42.4889469518632));
#2036=CARTESIAN_POINT('',(307.038337427106,115.766512625841,-42.4889469518632));
#2037=CARTESIAN_POINT('',(309.698691718077,120.,-42.4889469518632));
#2038=CARTESIAN_POINT('',(309.698691718077,120.,-47.4989319079815));
#2039=CARTESIAN_POINT('Origin',(309.698691718077,120.,-42.4989319079815));
#2040=CARTESIAN_POINT('',(309.698691718077,120.,-71.5549469518632));
#2041=CARTESIAN_POINT('',(309.698691718077,120.,-42.4889319079815));
#2042=CARTESIAN_POINT('',(249.698691718077,24.5205207022322,-71.5549469518632));
#2043=CARTESIAN_POINT('',(247.846400454576,21.5729239464504,-71.5549469518632));
#2044=CARTESIAN_POINT('',(249.698691718077,24.5205207022323,14.5430075219408));
#2045=CARTESIAN_POINT('',(249.574564851814,24.3229945596036,-43.9889319079756));
#2046=CARTESIAN_POINT('Origin',(249.574564851814,24.3229945596036,-42.4889319079756));
#2047=CARTESIAN_POINT('',(309.698691718077,120.,-43.9889319079815));
#2048=CARTESIAN_POINT('Origin',(309.698691718077,120.,-42.4889319079815));
#2049=CARTESIAN_POINT('Origin',(249.698691718077,0.,71.5749469518632));
#2050=CARTESIAN_POINT('Origin',(249.698691718077,24.2449923407407,-42.4989319079815));
#2051=CARTESIAN_POINT('',(249.698691718077,20.,-71.5549469518632));
#2052=CARTESIAN_POINT('',(249.698691718077,0.,-71.5549469518632));
#2053=CARTESIAN_POINT('',(249.698691718077,20.,-79.5549469518632));
#2054=CARTESIAN_POINT('',(249.698691718077,20.,-42.4889319079815));
#2055=CARTESIAN_POINT('',(249.698691718077,30.,-79.5549469518632));
#2056=CARTESIAN_POINT('',(249.698691718077,0.,-79.5549469518632));
#2057=CARTESIAN_POINT('',(249.698691718077,30.,-92.4889319079815));
#2058=CARTESIAN_POINT('',(249.698691718077,30.,-42.4889319079815));
#2059=CARTESIAN_POINT('',(249.698691718077,12.,-92.4889319079815));
#2060=CARTESIAN_POINT('',(249.698691718077,0.,-92.4889319079815));
#2061=CARTESIAN_POINT('',(249.698691718077,12.,-35.7874734759316));
#2062=CARTESIAN_POINT('Origin',(249.57456485528,24.3229945651202,-42.4989319079815));
#2063=CARTESIAN_POINT('',(259.698691718077,23.8662046846492,-42.4989469518632));
#2064=CARTESIAN_POINT('',(259.698691718077,12.2420896601347,-43.7454438183493));
#2065=CARTESIAN_POINT('Origin',(259.698691718077,17.9609195283115,-42.4989319079815));
#2066=CARTESIAN_POINT('',(264.935411898075,20.5754115937067,-42.4989469518632));
#2067=CARTESIAN_POINT('',(252.234924450967,28.5564903808037,-42.4989469518632));
#2068=CARTESIAN_POINT('Origin',(262.275052302388,16.3419157780232,-42.4989319079815));
#2069=CARTESIAN_POINT('Origin',(250.90474465313,26.4397424729716,-42.4989319079815));
#2070=CARTESIAN_POINT('',(264.109510705352,19.2611346631628,-42.4989319079815));
#2071=CARTESIAN_POINT('',(259.698691718077,22.0329254310107,-42.4989319079816));
#2072=CARTESIAN_POINT('',(251.409023258244,27.2422134502598,-42.4989319079815));
#2073=CARTESIAN_POINT('',(259.698691718077,23.8662046846759,-42.4989319079815));
#2074=CARTESIAN_POINT('',(259.698691718077,13.2198712364858,-42.4989319079816));
#2075=CARTESIAN_POINT('',(264.935411898088,20.5754115937259,-42.4989319079815));
#2076=CARTESIAN_POINT('',(252.234924450979,28.5564903808229,-42.4989319079815));
#2077=CARTESIAN_POINT('',(322.399179165186,112.018921212903,-42.4989319079815));
#2078=CARTESIAN_POINT('Origin',(249.57456485528,24.3229945651202,-42.4989319079815));
#2079=CARTESIAN_POINT('',(259.698691718077,23.8661928740938,-42.4889319079815));
#2080=CARTESIAN_POINT('',(252.234919130255,28.5564819138228,-42.4889319079815));
#2081=CARTESIAN_POINT('',(259.698691718077,12.2420896601347,-41.2524199976138));
#2082=CARTESIAN_POINT('Origin',(259.698691718077,17.9609195283115,-42.4989319079815));
#2083=CARTESIAN_POINT('Origin',(262.275052302388,16.3419157780232,-42.4989319079815));
#2084=CARTESIAN_POINT('Origin',(259.698691718077,17.9609195283115,-42.4989319079815));
#2085=CARTESIAN_POINT('Origin',(308.368511920252,117.883252092187,-42.4989469518632));
#2086=CARTESIAN_POINT('',(320.560868975245,109.093572884181,-42.4989469518632));
#2087=CARTESIAN_POINT('',(319.698691718077,109.635371350307,-42.4989469518632));
#2088=CARTESIAN_POINT('',(307.860381528137,117.074651671278,-42.4989469518632));
#2089=CARTESIAN_POINT('',(319.698691718077,107.810642031233,-42.4989469518632));
#2090=CARTESIAN_POINT('',(319.698691718077,58.9416260460935,-42.4989469518632));
#2091=CARTESIAN_POINT('',(319.738819569499,107.78542539722,-42.4989469518632));
#2092=CARTESIAN_POINT('',(307.03833212239,115.766504184317,-42.4989469518632));
#2093=CARTESIAN_POINT('',(262.700487447108,17.018921212903,-42.4989469518632));
#2094=CARTESIAN_POINT('Origin',(309.698691718077,120.,-42.4989319079815));
#2095=CARTESIAN_POINT('',(319.698691718077,107.810642031206,-42.4989319079815));
#2096=CARTESIAN_POINT('',(319.698691718077,107.810653841789,-42.4889319079815));
#2097=CARTESIAN_POINT('Origin',(319.698691718077,113.715927187571,-42.4989319079815));
#2098=CARTESIAN_POINT('',(319.738819569487,107.7854253972,-42.4989319079815));
#2099=CARTESIAN_POINT('',(307.038332122378,115.766504184297,-42.4989319079815));
#2100=CARTESIAN_POINT('Origin',(322.399179165186,112.018921212903,-42.4989319079815));
#2101=CARTESIAN_POINT('',(319.698691718077,119.621200533353,-42.4889319079815));
#2102=CARTESIAN_POINT('Origin',(319.698691718077,113.715927187571,-42.4989319079815));
#2103=CARTESIAN_POINT('',(319.095898787516,120.,-42.4889319079815));
#2104=CARTESIAN_POINT('',(312.359045993052,124.233487348703,-42.4889319079815));
#2105=CARTESIAN_POINT('Origin',(309.698691718078,120.,-42.4989319079815));
#2106=CARTESIAN_POINT('',(307.038337443103,115.766512651297,-42.4889319079815));
#2107=CARTESIAN_POINT('Origin',(314.698691718077,120.,-57.0219394299223));
#2108=CARTESIAN_POINT('',(319.698691718077,120.,-42.4889319079815));
#2109=CARTESIAN_POINT('',(319.698691718077,120.,-42.4889319079815));
#2110=CARTESIAN_POINT('',(319.698691718077,120.,-71.5549469518632));
#2111=CARTESIAN_POINT('',(319.698691718077,120.,-92.4889319079815));
#2112=CARTESIAN_POINT('',(67.,120.,-71.5549469518632));
#2113=CARTESIAN_POINT('Origin',(249.698691718077,0.,-42.4889319079815));
#2114=CARTESIAN_POINT('',(259.698691718077,25.,-42.4889319079815));
#2115=CARTESIAN_POINT('',(259.698691718077,0.,-42.4889319079815));
#2116=CARTESIAN_POINT('',(260.,25.,-42.4889469518632));
#2117=CARTESIAN_POINT('',(250.,25.,-42.4889469518632));
#2118=CARTESIAN_POINT('',(309.698691718077,104.086753450372,-42.4889469518632));
#2119=CARTESIAN_POINT('',(260.,25.,-42.4889469518632));
#2120=CARTESIAN_POINT('',(309.698691718077,0.,-42.4889319079815));
#2121=CARTESIAN_POINT('',(319.698691718077,0.,-42.4889319079815));
#2122=CARTESIAN_POINT('Origin',(249.698691718077,0.,-42.4889319079815));
#2123=CARTESIAN_POINT('',(319.698691718077,0.,-42.4889319079815));
#2124=CARTESIAN_POINT('Origin',(260.,25.,-71.5549469518632));
#2125=CARTESIAN_POINT('',(260.,25.,-71.5549469518632));
#2126=CARTESIAN_POINT('',(309.698691718077,104.086753450372,-71.5549469518632));
#2127=CARTESIAN_POINT('',(260.,25.,-71.5549469518632));
#2128=CARTESIAN_POINT('',(309.698691718077,104.086753450372,0.00999999999996781));
#2129=CARTESIAN_POINT('',(260.,25.,-71.5549469518632));
#2130=CARTESIAN_POINT('Origin',(250.,25.,-71.5549469518632));
#2131=CARTESIAN_POINT('',(259.698691718077,25.,-71.5549469518632));
#2132=CARTESIAN_POINT('',(259.698691718077,25.,-92.4889319079815));
#2133=CARTESIAN_POINT('',(250.,25.,-71.5549469518632));
#2134=CARTESIAN_POINT('Origin',(309.698691718077,0.,-79.5549469518632));
#2135=CARTESIAN_POINT('',(319.698691718077,20.,-79.5549469518632));
#2136=CARTESIAN_POINT('',(309.698691718077,20.,-79.5549469518632));
#2137=CARTESIAN_POINT('',(397.,20.,-79.5549469518632));
#2138=CARTESIAN_POINT('',(319.698691718077,30.,-79.5549469518632));
#2139=CARTESIAN_POINT('',(319.698691718077,0.,-79.5549469518632));
#2140=CARTESIAN_POINT('',(309.698691718077,30.,-79.5549469518632));
#2141=CARTESIAN_POINT('',(397.,30.,-79.5549469518632));
#2142=CARTESIAN_POINT('',(309.698691718077,0.,-79.5549469518632));
#2143=CARTESIAN_POINT('Origin',(314.698691718077,30.,-86.0219394299224));
#2144=CARTESIAN_POINT('',(319.698691718077,30.,-92.4889319079815));
#2145=CARTESIAN_POINT('',(309.698691718077,30.,-92.4889319079815));
#2146=CARTESIAN_POINT('',(309.698691718077,30.,-92.4889319079815));
#2147=CARTESIAN_POINT('',(309.698691718077,30.,-42.4889319079815));
#2148=CARTESIAN_POINT('',(319.698691718077,30.,-92.4889319079815));
#2149=CARTESIAN_POINT('Origin',(314.698691718077,20.,-75.5549469518632));
#2150=CARTESIAN_POINT('',(309.698691718077,20.,-71.5549469518632));
#2151=CARTESIAN_POINT('',(319.698691718077,20.,-71.5549469518632));
#2152=CARTESIAN_POINT('',(67.,20.,-71.5549469518632));
#2153=CARTESIAN_POINT('',(319.698691718077,20.,-92.4889319079815));
#2154=CARTESIAN_POINT('',(309.698691718077,20.,-42.4889319079815));
#2155=CARTESIAN_POINT('Origin',(259.698691718077,0.,-71.5549469518632));
#2156=CARTESIAN_POINT('',(319.698691718077,0.,-71.5549469518632));
#2157=CARTESIAN_POINT('',(309.698691718077,0.,-71.5549469518632));
#2158=CARTESIAN_POINT('',(259.698691718077,20.,-71.5549469518632));
#2159=CARTESIAN_POINT('',(259.698691718077,0.,-71.5549469518632));
#2160=CARTESIAN_POINT('',(67.,20.,-71.5549469518632));
#2161=CARTESIAN_POINT('Origin',(249.698691718077,0.,-79.5549469518632));
#2162=CARTESIAN_POINT('',(259.698691718077,20.,-79.5549469518632));
#2163=CARTESIAN_POINT('',(397.,20.,-79.5549469518632));
#2164=CARTESIAN_POINT('',(259.698691718077,30.,-79.5549469518632));
#2165=CARTESIAN_POINT('',(259.698691718077,0.,-79.5549469518632));
#2166=CARTESIAN_POINT('',(397.,30.,-79.5549469518632));
#2167=CARTESIAN_POINT('Origin',(259.698691718077,0.,-92.4889319079815));
#2168=CARTESIAN_POINT('',(259.698691718077,12.,-92.4889319079815));
#2169=CARTESIAN_POINT('',(313.598402375451,12.,-92.4889319079815));
#2170=CARTESIAN_POINT('',(259.698691718077,30.,-92.4889319079815));
#2171=CARTESIAN_POINT('',(249.698691718077,30.,-92.4889319079815));
#2172=CARTESIAN_POINT('',(259.698691718077,0.,-92.4889319079815));
#2173=CARTESIAN_POINT('Origin',(254.698691718077,30.,-86.0219394299224));
#2174=CARTESIAN_POINT('',(259.698691718077,30.,-92.4889319079815));
#2175=CARTESIAN_POINT('Origin',(254.698691718077,20.,-75.5549469518632));
#2176=CARTESIAN_POINT('',(259.698691718077,20.,-92.4889319079815));
#2177=CARTESIAN_POINT('Origin',(309.698691718077,0.,71.5749469518632));
#2178=CARTESIAN_POINT('',(309.698691718077,12.,-92.4889319079815));
#2179=CARTESIAN_POINT('',(309.698691718077,0.,-92.4889319079815));
#2180=CARTESIAN_POINT('',(309.698691718077,12.,-35.7874734759316));
#2181=CARTESIAN_POINT('Origin',(319.698691718077,0.,-92.4889319079815));
#2182=CARTESIAN_POINT('',(319.698691718077,12.,-92.4889319079815));
#2183=CARTESIAN_POINT('',(343.598402375451,12.,-92.4889319079815));
#2184=CARTESIAN_POINT('',(319.698691718077,0.,-92.4889319079815));
#2185=CARTESIAN_POINT('Origin',(322.399179165186,112.018921212903,-42.4989319079815));
#2186=CARTESIAN_POINT('',(320.560868975228,109.093572884154,-42.4989319079815));
#2187=CARTESIAN_POINT('Origin',(322.399179165186,112.018921212903,-42.4989319079815));
#2188=CARTESIAN_POINT('',(322.399179165186,112.018921212903,-42.4989319079815));
#2189=CARTESIAN_POINT('',(322.399179165186,112.018921212903,-43.9889319079815));
#2190=CARTESIAN_POINT('Origin',(322.399179165186,112.018921212903,-42.4889319079815));
#2191=CARTESIAN_POINT('Origin',(307.038332122378,115.766504184297,-42.4989319079815));
#2192=CARTESIAN_POINT('',(319.698691718077,109.635371350269,-42.4989319079815));
#2193=CARTESIAN_POINT('',(307.860381528119,117.074651671251,-42.4989319079815));
#2194=CARTESIAN_POINT('',(319.698691718077,57.8832520921487,-42.4989319079815));
#2195=CARTESIAN_POINT('Origin',(309.698691718077,120.,-42.4889319079815));
#2196=CARTESIAN_POINT('',(309.698691718077,120.,-43.9889319079815));
#2197=CARTESIAN_POINT('Origin',(309.698691718077,120.,-42.4989319079815));
#2198=CARTESIAN_POINT('Origin',(319.698691718077,113.715927187571,-42.4989319079815));
#2199=CARTESIAN_POINT('Origin',(262.275052302388,16.3419157780232,-42.4989319079815));
#2200=CARTESIAN_POINT('',(264.109510682118,19.2611346261904,-42.4989469518632));
#2201=CARTESIAN_POINT('Origin',(262.275052298922,16.3419157725066,-42.4889319079756));
#2202=CARTESIAN_POINT('',(259.698691718077,12.2420896601347,18.5380075219408));
#2203=CARTESIAN_POINT('',(262.700487447108,17.018921212903,-42.4989469518632));
#2204=CARTESIAN_POINT('',(262.275052298922,16.3419157725066,-43.9889319079756));
#2205=CARTESIAN_POINT('Origin',(262.275052298922,16.3419157725066,-42.4889319079756));
#2206=CARTESIAN_POINT('Origin',(252.234924450967,28.5564903808037,-42.4989469518632));
#2207=CARTESIAN_POINT('',(259.698691718077,22.032925379438,-42.4989469518632));
#2208=CARTESIAN_POINT('',(251.40902323501,27.2422134132874,-42.4989469518632));
#2209=CARTESIAN_POINT('',(259.698691718077,14.2782451904019,-42.4989469518632));
#2210=CARTESIAN_POINT('Origin',(249.574564851814,24.3229945596036,-42.4889319079756));
#2211=CARTESIAN_POINT('',(249.574564851814,24.3229945596036,-43.9889319079756));
#2212=CARTESIAN_POINT('Origin',(249.574564851814,24.3229945596036,-42.4889319079756));
#2213=CARTESIAN_POINT('Origin',(259.698691718077,17.9609195206165,-42.4889319079756));
#2214=CARTESIAN_POINT('Origin',(367.498113032825,12.,0.));
#2215=CARTESIAN_POINT('',(259.698691718077,12.,-39.7874734759316));
#2216=CARTESIAN_POINT('Origin',(259.698691718077,0.,79.5749469518632));
#2217=CARTESIAN_POINT('Origin',(367.498113032825,12.,0.));
#2218=CARTESIAN_POINT('',(319.698691718077,12.,-39.7874734759316));
#2219=CARTESIAN_POINT('Origin',(319.698691718077,0.,79.5749469518632));
#2220=UNCERTAINTY_MEASURE_WITH_UNIT(LENGTH_MEASURE(0.01),#2224,
'DISTANCE_ACCURACY_VALUE',
'Maximum model space distance between geometric entities at asserted c
onnectivities');
#2221=UNCERTAINTY_MEASURE_WITH_UNIT(LENGTH_MEASURE(0.01),#2224,
'DISTANCE_ACCURACY_VALUE',
'Maximum model space distance between geometric entities at asserted c
onnectivities');
#2222=(
GEOMETRIC_REPRESENTATION_CONTEXT(3)
GLOBAL_UNCERTAINTY_ASSIGNED_CONTEXT((#2220))
GLOBAL_UNIT_ASSIGNED_CONTEXT((#2224,#2226,#2227))
REPRESENTATION_CONTEXT('','3D')
);
#2223=(
GEOMETRIC_REPRESENTATION_CONTEXT(3)
GLOBAL_UNCERTAINTY_ASSIGNED_CONTEXT((#2221))
GLOBAL_UNIT_ASSIGNED_CONTEXT((#2224,#2226,#2227))
REPRESENTATION_CONTEXT('','3D')
);
#2224=(
LENGTH_UNIT()
NAMED_UNIT(*)
SI_UNIT(.MILLI.,.METRE.)
);
#2225=(
LENGTH_UNIT()
NAMED_UNIT(*)
SI_UNIT($,.METRE.)
);
#2226=(
NAMED_UNIT(*)
PLANE_ANGLE_UNIT()
SI_UNIT($,.RADIAN.)
);
#2227=(
NAMED_UNIT(*)
SI_UNIT($,.STERADIAN.)
SOLID_ANGLE_UNIT()
);
#2228=SHAPE_DEFINITION_REPRESENTATION(#2229,#2230);
#2229=PRODUCT_DEFINITION_SHAPE('',$,#2232);
#2230=SHAPE_REPRESENTATION('',(#1358),#2222);
#2231=PRODUCT_DEFINITION_CONTEXT('part definition',#2236,'design');
#2232=PRODUCT_DEFINITION('YMaze_ScreenHolder','YMaze_ScreenHolder v4',#2233,
#2231);
#2233=PRODUCT_DEFINITION_FORMATION('',$,#2238);
#2234=PRODUCT_RELATED_PRODUCT_CATEGORY('YMaze_ScreenHolder v4',
'YMaze_ScreenHolder v4',(#2238));
#2235=APPLICATION_PROTOCOL_DEFINITION('international standard',
'automotive_design',2009,#2236);
#2236=APPLICATION_CONTEXT(
'Core Data for Automotive Mechanical Design Process');
#2237=PRODUCT_CONTEXT('part definition',#2236,'mechanical');
#2238=PRODUCT('YMaze_ScreenHolder','YMaze_ScreenHolder v4',$,(#2237));
#2239=PRESENTATION_STYLE_ASSIGNMENT((#2240));
#2240=SURFACE_STYLE_USAGE(.BOTH.,#2241);
#2241=SURFACE_SIDE_STYLE('',(#2242));
#2242=SURFACE_STYLE_FILL_AREA(#2243);
#2243=FILL_AREA_STYLE('Steel - Satin',(#2244));
#2244=FILL_AREA_STYLE_COLOUR('Steel - Satin',#2245);
#2245=COLOUR_RGB('Steel - Satin',0.627450980392157,0.627450980392157,0.627450980392157);
ENDSEC;
END-ISO-10303-21;
